/**
 * generated by fontconvert.py
 * name: inter_ui_10_regular
 * size: 10
 * mode: 1-bit
 * Command used: fontconvert.py inter_ui_10_regular 10 ../builtinFonts/source/Inter/Inter-Regular.ttf --additional-intervals 0x0000,0x007F --additional-intervals 0x0080,0x00FF --additional-intervals 0x0100,0x017F --additional-intervals 0x01A0,0x01A1 --additional-intervals 0x01AF,0x01B0 --additional-intervals 0x01C4,0x021F --additional-intervals 0x0300,0x036F --additional-intervals 0x0400,0x04FF --additional-intervals 0x1EA0,0x1EF9 --additional-intervals 0x2010,0x206F --additional-intervals 0x20A0,0x20CF --additional-intervals 0xFB00,0xFB06 --additional-intervals 0xFFFD,0xFFFD
 */
#pragma once
#include "EpdFontData.h"

static const uint8_t inter_ui_10_regularBitmaps[20516] = {
    0x00, 0x00, 0xFF, 0xFF, 0xF0, 0xFC, 0xCF, 0x2C, 0xB2, 0xCB, 0x20, 0x0C, 0x20, 0x63, 0x03, 0x18,
    0x10, 0xC7, 0xFF, 0xBF, 0xFC, 0x61, 0x03, 0x18, 0x18, 0xC3, 0xFF, 0xBF, 0xFC, 0x61, 0x03, 0x08,
    0x18, 0xC0, 0xC6, 0x00, 0x04, 0x00, 0x80, 0x7E, 0x3E, 0xE6, 0x46, 0xC8, 0xD9, 0x03, 0x20, 0x3C,
    0x03, 0xF0, 0x17, 0x02, 0x30, 0x47, 0x88, 0xD9, 0x1B, 0xFE, 0x3F, 0x80, 0x80, 0x10, 0x00, 0x7C,
    0x0C, 0x4C, 0x18, 0xC4, 0x10, 0xC4, 0x30, 0xC4, 0x60, 0x7C, 0x40, 0x10, 0xC0, 0x01, 0x80, 0x01,
    0x0C, 0x03, 0x1F, 0x06, 0x33, 0x04, 0x31, 0x0C, 0x31, 0x18, 0x33, 0x30, 0x1E, 0x3E, 0x03, 0x30,
    0x61, 0x86, 0x18, 0x33, 0x03, 0x70, 0x1C, 0x03, 0xC0, 0x7E, 0x6E, 0x76, 0xC3, 0x6C, 0x1E, 0xC0,
    0xC7, 0x3E, 0x3F, 0x70, 0xFF, 0xF0, 0x19, 0x8C, 0xC6, 0x31, 0x18, 0xC6, 0x31, 0x8C, 0x31, 0x8C,
    0x31, 0x86, 0xC6, 0x66, 0x33, 0x33, 0x31, 0x33, 0x33, 0x36, 0x64, 0xC0, 0x18, 0x89, 0xEB, 0x3E,
    0x3C, 0xEF, 0x49, 0x18, 0x0C, 0x03, 0x00, 0xC0, 0x30, 0xFF, 0xFF, 0xF0, 0xC0, 0x30, 0x0C, 0x03,
    0x00, 0x6D, 0xAD, 0x80, 0xFE, 0xFC, 0x06, 0x0C, 0x10, 0x60, 0xC1, 0x82, 0x0C, 0x18, 0x30, 0x41,
    0x83, 0x04, 0x18, 0x30, 0x61, 0x80, 0x1F, 0x07, 0x31, 0x83, 0x30, 0x64, 0x07, 0x80, 0xF0, 0x1E,
    0x03, 0xC0, 0x78, 0x0D, 0x01, 0xB0, 0x66, 0x0C, 0x77, 0x07, 0xC0, 0x3D, 0xFC, 0xE3, 0x0C, 0x30,
    0xC3, 0x0C, 0x30, 0xC3, 0x0C, 0x30, 0xC0, 0x7E, 0x73, 0xB0, 0x78, 0x30, 0x18, 0x0C, 0x0C, 0x0C,
    0x0E, 0x0E, 0x0E, 0x06, 0x06, 0x07, 0xFF, 0xFE, 0x3F, 0x0E, 0x31, 0x83, 0x20, 0x60, 0x0C, 0x01,
    0x83, 0xE0, 0x78, 0x01, 0xC0, 0x18, 0x01, 0xE0, 0x36, 0x0C, 0xFF, 0x8F, 0xC0, 0x03, 0x80, 0x70,
    0x1E, 0x02, 0xC0, 0xD8, 0x33, 0x06, 0x61, 0x8C, 0x61, 0x8C, 0x33, 0xFF, 0xFF, 0xF0, 0x18, 0x03,
    0x00, 0x60, 0x7F, 0x9F, 0xE6, 0x01, 0x80, 0x60, 0x1F, 0x87, 0xF8, 0x86, 0x00, 0xC0, 0x30, 0x0F,
    0x03, 0x61, 0xDF, 0xE3, 0xF0, 0x1F, 0x87, 0x39, 0x83, 0x30, 0x34, 0x01, 0x9E, 0x37, 0xE7, 0x86,
    0xE0, 0xD8, 0x0F, 0x01, 0xB0, 0x36, 0x0C, 0x7F, 0x07, 0xC0, 0xFF, 0xFF, 0xF0, 0x18, 0x06, 0x03,
    0x00, 0xC0, 0x60, 0x18, 0x0C, 0x03, 0x01, 0x80, 0x60, 0x30, 0x0C, 0x06, 0x00, 0x3F, 0x0E, 0x31,
    0x83, 0x30, 0x66, 0x0C, 0xC1, 0x8F, 0xE1, 0xFC, 0x61, 0xD8, 0x1B, 0x01, 0xE0, 0x36, 0x0C, 0xF7,
    0x8F, 0xC0, 0x3F, 0x0E, 0x71, 0x83, 0x60, 0x6C, 0x05, 0x81, 0xD8, 0x3B, 0x8F, 0x3F, 0x61, 0x88,
    0x01, 0x60, 0x66, 0x1C, 0xFF, 0x0F, 0xC0, 0xFC, 0x00, 0xFC, 0x27, 0x60, 0x00, 0x00, 0x06, 0x66,
    0x4C, 0xC0, 0x00, 0x81, 0xC3, 0x87, 0x0E, 0x07, 0x01, 0xE0, 0x3C, 0x07, 0x80, 0xC0, 0x20, 0xFF,
    0xFF, 0xC0, 0x00, 0x0F, 0xFF, 0xFC, 0xC0, 0x3C, 0x03, 0xC0, 0x3C, 0x01, 0xC0, 0x70, 0x70, 0x70,
    0x70, 0x30, 0x08, 0x00, 0x7E, 0x73, 0xB0, 0xD8, 0x30, 0x18, 0x18, 0x18, 0x38, 0x18, 0x0C, 0x00,
    0x00, 0x01, 0x01, 0xC0, 0x60, 0x00, 0xE0, 0x03, 0xFF, 0x01, 0xC0, 0x60, 0xC0, 0x0C, 0x60, 0x01,
    0x98, 0x7E, 0x24, 0x33, 0x8F, 0x18, 0x63, 0xC4, 0x18, 0xF1, 0x02, 0x3C, 0x41, 0x8F, 0x18, 0x63,
    0x46, 0x18, 0x98, 0xFB, 0xE6, 0x0C, 0x70, 0xC0, 0x00, 0x18, 0x00, 0x03, 0xE7, 0x00, 0x3F, 0x80,
    0x07, 0x00, 0x78, 0x03, 0xC0, 0x1B, 0x01, 0x98, 0x0C, 0xC0, 0x63, 0x06, 0x18, 0x30, 0xC1, 0xFF,
    0x1F, 0xF8, 0xC0, 0x6C, 0x03, 0x60, 0x1B, 0x00, 0x60, 0xFF, 0x3F, 0xEC, 0x0F, 0x03, 0xC0, 0xF0,
    0x7F, 0xFB, 0xFC, 0xC1, 0xF0, 0x3C, 0x07, 0x01, 0xC0, 0xFF, 0xFF, 0xF0, 0x0F, 0xC1, 0xE7, 0x8C,
    0x0C, 0xC0, 0x36, 0x01, 0xE0, 0x03, 0x00, 0x18, 0x00, 0xC0, 0x06, 0x00, 0x18, 0x06, 0xC0, 0x33,
    0x03, 0x0F, 0xF0, 0x3F, 0x00, 0xFF, 0x0F, 0xFC, 0xC0, 0xCC, 0x06, 0xC0, 0x6C, 0x03, 0xC0, 0x3C,
    0x03, 0xC0, 0x3C, 0x03, 0xC0, 0x6C, 0x06, 0xC0, 0xCF, 0xF8, 0xFF, 0x00, 0xFF, 0xFF, 0xF0, 0x18,
    0x0C, 0x06, 0x03, 0xFF, 0xFF, 0xC0, 0x60, 0x30, 0x18, 0x0C, 0x07, 0xFF, 0xFE, 0xFF, 0xFF, 0xF0,
    0x18, 0x0C, 0x06, 0x03, 0x01, 0xFE, 0xC0, 0x60, 0x30, 0x18, 0x0C, 0x06, 0x03, 0x00, 0x0F, 0xC1,
    0xE7, 0x8C, 0x0C, 0xC0, 0x36, 0x01, 0xE0, 0x03, 0x00, 0x18, 0x3F, 0xC1, 0xFE, 0x00, 0xD8, 0x06,
    0xC0, 0x33, 0x03, 0x1F, 0xF8, 0x3F, 0x00, 0xC0, 0x3C, 0x03, 0xC0, 0x3C, 0x03, 0xC0, 0x3C, 0x03,
    0xFF, 0xFF, 0xFF, 0xC0, 0x3C, 0x03, 0xC0, 0x3C, 0x03, 0xC0, 0x3C, 0x03, 0xC0, 0x30, 0xFF, 0xFF,
    0xFF, 0xFC, 0x01, 0x80, 0xC0, 0x60, 0x30, 0x18, 0x0C, 0x06, 0x03, 0x01, 0x80, 0xF0, 0x78, 0x3C,
    0x1B, 0xF8, 0xF8, 0xC0, 0xF8, 0x3B, 0x0E, 0x63, 0x8C, 0x61, 0x98, 0x36, 0x07, 0xE0, 0xEE, 0x18,
    0xC3, 0x0C, 0x60, 0xCC, 0x1D, 0x81, 0xB0, 0x18, 0xC0, 0x60, 0x30, 0x18, 0x0C, 0x06, 0x03, 0x01,
    0x80, 0xC0, 0x60, 0x30, 0x18, 0x0C, 0x07, 0xFF, 0xFE, 0xE0, 0x0F, 0xC0, 0x1F, 0xC0, 0x7F, 0x80,
    0xFF, 0x03, 0x7B, 0x06, 0xF6, 0x0D, 0xE6, 0x33, 0xCC, 0x67, 0x98, 0x8F, 0x1B, 0x1E, 0x36, 0x3C,
    0x28, 0x78, 0x70, 0xF0, 0xC1, 0x80, 0xE0, 0x3E, 0x03, 0xF0, 0x3F, 0x03, 0xD8, 0x3C, 0xC3, 0xCC,
    0x3C, 0x63, 0xC7, 0x3C, 0x33, 0xC1, 0xBC, 0x1B, 0xC0, 0xFC, 0x07, 0xC0, 0x70, 0x0F, 0xC0, 0xF3,
    0xC3, 0x03, 0x18, 0x06, 0x60, 0x1B, 0x00, 0x3C, 0x00, 0xF0, 0x03, 0xC0, 0x0F, 0x00, 0x36, 0x01,
    0x98, 0x06, 0x30, 0x30, 0x7F, 0x80, 0xFC, 0x00, 0xFF, 0x3F, 0xEC, 0x0F, 0x03, 0xC0, 0xF0, 0x3C,
    0x0F, 0x06, 0xFF, 0x3E, 0x0C, 0x03, 0x00, 0xC0, 0x30, 0x0C, 0x00, 0x0F, 0xC0, 0xF3, 0xC3, 0x03,
    0x18, 0x06, 0x60, 0x1B, 0x00, 0x3C, 0x00, 0xF0, 0x03, 0xC0, 0x0F, 0x00, 0x36, 0x39, 0x98, 0x66,
    0x30, 0xF0, 0x7F, 0x80, 0xFF, 0x00, 0x0E, 0xFF, 0x1F, 0xF3, 0x03, 0x60, 0x6C, 0x0D, 0x81, 0xB0,
    0x37, 0xFC, 0xFF, 0x18, 0x63, 0x0C, 0x60, 0xCC, 0x19, 0x81, 0xB0, 0x38, 0x1F, 0x8F, 0x39, 0x81,
    0xB0, 0x36, 0x00, 0xC0, 0x0F, 0x00, 0xFC, 0x01, 0xC0, 0x0C, 0x01, 0xE0, 0x36, 0x06, 0xF7, 0x8F,
    0xE0, 0xFF, 0xFF, 0xFC, 0x18, 0x03, 0x00, 0x60, 0x0C, 0x01, 0x80, 0x30, 0x06, 0x00, 0xC0, 0x18,
    0x03, 0x00, 0x60, 0x0C, 0x01, 0x80, 0xC0, 0x3C, 0x03, 0xC0, 0x3C, 0x03, 0xC0, 0x3C, 0x03, 0xC0,
    0x3C, 0x03, 0xC0, 0x3C, 0x03, 0xC0, 0x3C, 0x06, 0xE0, 0x67, 0xFC, 0x1F, 0x80, 0xC0, 0x1E, 0x01,
    0x98, 0x0C, 0xC0, 0x66, 0x06, 0x18, 0x30, 0xC3, 0x06, 0x18, 0x18, 0xC0, 0xCC, 0x06, 0x60, 0x1B,
    0x00, 0xF0, 0x03, 0x80, 0x1C, 0x00, 0xC0, 0xE0, 0x78, 0x1C, 0x0F, 0x07, 0x83, 0x20, 0xD0, 0x66,
    0x1B, 0x0C, 0xC2, 0x61, 0x18, 0xCC, 0x61, 0x18, 0x8C, 0x33, 0x19, 0x86, 0x43, 0x20, 0xD8, 0x6C,
    0x0B, 0x05, 0x81, 0xE0, 0xF0, 0x38, 0x1C, 0x03, 0x03, 0x80, 0xE0, 0x33, 0x03, 0x0C, 0x30, 0x71,
    0x81, 0x98, 0x07, 0x80, 0x1C, 0x00, 0xC0, 0x0F, 0x00, 0xEC, 0x06, 0x70, 0x61, 0x87, 0x06, 0x30,
    0x3B, 0x00, 0xE0, 0xC0, 0x3B, 0x03, 0x98, 0x18, 0x61, 0x83, 0x8C, 0x0C, 0xC0, 0x3C, 0x01, 0xE0,
    0x06, 0x00, 0x30, 0x01, 0x80, 0x0C, 0x00, 0x60, 0x03, 0x00, 0x18, 0x00, 0xFF, 0xFF, 0xFC, 0x03,
    0x00, 0xC0, 0x38, 0x06, 0x01, 0x80, 0x70, 0x0C, 0x03, 0x00, 0xE0, 0x18, 0x06, 0x01, 0xFF, 0xFF,
    0xF8, 0xFC, 0xCC, 0xCC, 0xCC, 0xCC, 0xCC, 0xCC, 0xCC, 0xCF, 0xF0, 0xC0, 0xC1, 0x83, 0x02, 0x06,
    0x0C, 0x18, 0x10, 0x30, 0x60, 0x40, 0x81, 0x83, 0x02, 0x06, 0x0C, 0xF1, 0x11, 0x11, 0x11, 0x11,
    0x11, 0x11, 0x11, 0x1F, 0xF0, 0x18, 0x38, 0x3C, 0x64, 0x66, 0xC2, 0xC3, 0xFF, 0xFF, 0xF0, 0xD9,
    0x80, 0x08, 0x3F, 0xB8, 0xE8, 0x30, 0x18, 0x7D, 0xFF, 0x83, 0xC1, 0xE0, 0xF9, 0xEF, 0xB0, 0x80,
    0x20, 0x08, 0x02, 0x20, 0xBF, 0x38, 0xEC, 0x1B, 0x03, 0x80, 0xE0, 0x3C, 0x0F, 0x06, 0xC1, 0xAD,
    0xC9, 0xE0, 0x04, 0x0F, 0xC7, 0x19, 0x83, 0xC0, 0x30, 0x0C, 0x03, 0x00, 0xC0, 0x18, 0x37, 0x38,
    0xFC, 0x00, 0xC0, 0x30, 0x0C, 0x23, 0x3E, 0xDC, 0x76, 0x0F, 0x03, 0xC0, 0xF0, 0x3C, 0x0F, 0x03,
    0x61, 0xDC, 0xF3, 0xEC, 0x04, 0x0F, 0xC7, 0x19, 0x83, 0xC0, 0xFF, 0xFF, 0xFF, 0x00, 0xC0, 0x18,
    0x37, 0x38, 0x7C, 0x0E, 0x3C, 0xC1, 0x83, 0x1F, 0xCC, 0x18, 0x30, 0x60, 0xC1, 0x83, 0x06, 0x0C,
    0x18, 0x08, 0x0F, 0xF7, 0x1D, 0x83, 0xC0, 0xF0, 0x3C, 0x0F, 0x03, 0xC0, 0xD8, 0x73, 0xFC, 0x7B,
    0x00, 0xD0, 0x36, 0x1C, 0xFE, 0x04, 0x00, 0x80, 0x40, 0x20, 0x11, 0x0B, 0xF7, 0x1B, 0x07, 0x03,
    0x81, 0xC0, 0xE0, 0x70, 0x38, 0x1C, 0x0E, 0x06, 0x5D, 0x00, 0x92, 0x49, 0x24, 0x92, 0x27, 0x20,
    0x02, 0x22, 0x22, 0x22, 0x22, 0x22, 0x22, 0x6C, 0x80, 0x40, 0x20, 0x10, 0x18, 0x34, 0x32, 0x31,
    0x30, 0xB0, 0x7C, 0x37, 0x11, 0x88, 0x64, 0x1A, 0x0E, 0xFF, 0xFE, 0x08, 0x31, 0x7D, 0xFB, 0x9A,
    0x36, 0x18, 0x38, 0x30, 0x70, 0x60, 0xE0, 0xC1, 0xC1, 0x83, 0x83, 0x07, 0x06, 0x0E, 0x0C, 0x1C,
    0x18, 0x30, 0x08, 0x5F, 0xB8, 0xD8, 0x38, 0x1C, 0x0E, 0x07, 0x03, 0x81, 0xC0, 0xE0, 0x70, 0x30,
    0x04, 0x0F, 0xC7, 0x19, 0x83, 0xC0, 0xF0, 0x1C, 0x07, 0x03, 0xC0, 0xD8, 0x37, 0x38, 0xFC, 0x08,
    0x2F, 0xCE, 0x3B, 0x06, 0xC0, 0xE0, 0x38, 0x0F, 0x03, 0xC1, 0xB0, 0x6B, 0x72, 0x78, 0x80, 0x20,
    0x08, 0x02, 0x00, 0x08, 0x0F, 0xB7, 0x1D, 0x83, 0xC0, 0xF0, 0x3C, 0x0F, 0x03, 0xC0, 0xD8, 0x77,
    0x3C, 0xFB, 0x00, 0xC0, 0x30, 0x0C, 0x03, 0x0D, 0xF9, 0x88, 0x42, 0x10, 0x84, 0x21, 0x00, 0x08,
    0x1F, 0x98, 0xF8, 0x26, 0x03, 0xC0, 0xFC, 0x07, 0x01, 0xE0, 0xD8, 0xC7, 0xC0, 0x30, 0xC3, 0x3F,
    0x30, 0xC3, 0x0C, 0x30, 0xC3, 0x0C, 0x3C, 0x70, 0x81, 0xC0, 0xE0, 0x70, 0x38, 0x1C, 0x0E, 0x07,
    0x83, 0xC3, 0xFF, 0xDF, 0x60, 0xC0, 0xF0, 0x66, 0x19, 0x86, 0x63, 0x0C, 0xC3, 0x30, 0x58, 0x1E,
    0x07, 0x00, 0xC0, 0xC3, 0x87, 0x87, 0x0D, 0x0A, 0x13, 0x16, 0x66, 0x6C, 0xCC, 0xD9, 0x8D, 0x12,
    0x1E, 0x3C, 0x3C, 0x78, 0x30, 0x60, 0x60, 0xC0, 0xE1, 0xD8, 0xC3, 0x30, 0x58, 0x1C, 0x07, 0x01,
    0xE0, 0xD8, 0x63, 0x18, 0x6C, 0x1C, 0xC0, 0xF0, 0x66, 0x19, 0x86, 0x63, 0x0C, 0xC3, 0x30, 0x58,
    0x1E, 0x07, 0x00, 0xC0, 0x30, 0x18, 0x06, 0x0F, 0x00, 0xFF, 0x80, 0xC0, 0xC0, 0xC0, 0xC0, 0xE0,
    0x60, 0x60, 0x60, 0x7F, 0xFF, 0xE0, 0x0E, 0x38, 0x60, 0x81, 0x02, 0x04, 0x18, 0xF1, 0x80, 0xC0,
    0x81, 0x02, 0x04, 0x08, 0x18, 0x3C, 0x38, 0xFF, 0xFF, 0xFF, 0x80, 0xE1, 0xC3, 0x04, 0x10, 0x41,
    0x04, 0x1C, 0x11, 0x84, 0x10, 0x41, 0x0C, 0x33, 0xCC, 0x00, 0x70, 0xFF, 0x3C, 0xFE, 0x0E, 0x00,
    0xFC, 0x3F, 0xFF, 0xFF, 0x04, 0x01, 0x03, 0xF1, 0xD6, 0x64, 0xF1, 0x0C, 0x43, 0x10, 0xC4, 0x31,
    0x06, 0x4D, 0xDE, 0x3F, 0x01, 0x00, 0x40, 0x1F, 0x87, 0x38, 0xC3, 0x10, 0x32, 0x00, 0x40, 0x08,
    0x07, 0xF8, 0x30, 0x06, 0x00, 0xC0, 0x18, 0x02, 0x07, 0xFF, 0xBF, 0xF0, 0x42, 0x17, 0xFF, 0xDE,
    0x3C, 0xC0, 0x66, 0x03, 0x20, 0x0B, 0x00, 0x78, 0x03, 0x40, 0x13, 0x01, 0x8C, 0x1D, 0xFB, 0xF4,
    0xF9, 0x00, 0xE0, 0x6C, 0x18, 0xC3, 0x18, 0xC1, 0x98, 0x36, 0x02, 0xC3, 0xFE, 0x7F, 0xC0, 0xC1,
    0xFF, 0x3F, 0xE0, 0x60, 0x0C, 0x01, 0x80, 0xFF, 0xFC, 0x03, 0xFF, 0xF0, 0x3F, 0x1C, 0xC6, 0x19,
    0x80, 0x30, 0x0F, 0x04, 0xE3, 0x0E, 0xC1, 0x98, 0x33, 0x08, 0x76, 0x06, 0x00, 0xC2, 0x19, 0x86,
    0x7F, 0x0F, 0x80, 0xC5, 0x9F, 0x10, 0x0F, 0xE0, 0x78, 0xF1, 0xC0, 0x73, 0x1E, 0x6C, 0xFE, 0x79,
    0x8C, 0xF6, 0x05, 0xCC, 0x01, 0xD8, 0x37, 0x98, 0xCF, 0x3F, 0x9B, 0x1C, 0x63, 0x01, 0x83, 0xFE,
    0x03, 0xF8, 0x00, 0x7D, 0x8C, 0x19, 0xFF, 0x70, 0xF1, 0xFD, 0x0C, 0xC6, 0x63, 0x31, 0x98, 0xCE,
    0x19, 0x83, 0x30, 0xCE, 0x19, 0x83, 0x30, 0xFF, 0xFF, 0xC0, 0x60, 0x30, 0x18, 0x1F, 0x83, 0x0C,
    0x60, 0x6C, 0xF2, 0xC9, 0x38, 0xF3, 0xCB, 0x3C, 0x93, 0x60, 0xE3, 0x0C, 0x1F, 0x80, 0xFC, 0x3C,
    0xCF, 0x0E, 0x14, 0x6F, 0x84, 0x00, 0x0C, 0x03, 0x00, 0xC3, 0xFF, 0x0C, 0x03, 0x00, 0xC0, 0x00,
    0x00, 0x3F, 0xF0, 0x10, 0xFB, 0x18, 0x30, 0xC3, 0x0C, 0x7F, 0xFE, 0x10, 0xFB, 0x18, 0x31, 0x80,
    0xC1, 0xF7, 0x7C, 0x7B, 0x00, 0x81, 0xA0, 0x68, 0x1A, 0x06, 0x81, 0xA0, 0x68, 0x1B, 0x06, 0xC3,
    0xBD, 0xFB, 0xCE, 0x00, 0x80, 0x20, 0x08, 0x00, 0x3F, 0xDF, 0xF7, 0xCF, 0xF3, 0xFC, 0xFF, 0x3F,
    0xCD, 0xF3, 0x3C, 0xC0, 0x30, 0x0C, 0x03, 0x00, 0xC0, 0x30, 0x0C, 0xFC, 0x9C, 0xF0, 0x7F, 0x33,
    0x33, 0x33, 0x7E, 0xE7, 0xC3, 0xC3, 0xC3, 0xC3, 0xE7, 0x7E, 0xCE, 0x19, 0x83, 0x30, 0x66, 0x0C,
    0xC6, 0x63, 0x38, 0xCC, 0x66, 0x33, 0x00, 0xE0, 0x19, 0x40, 0x62, 0x80, 0x81, 0x03, 0x02, 0x0C,
    0x04, 0x30, 0x08, 0x40, 0x11, 0x8E, 0x06, 0x1C, 0x08, 0x78, 0x30, 0xB0, 0xC3, 0x61, 0x0F, 0xE6,
    0x1F, 0xD8, 0x03, 0x00, 0xE0, 0x18, 0xA0, 0x30, 0xA0, 0x20, 0x20, 0x60, 0x20, 0xC0, 0x21, 0x80,
    0x21, 0x00, 0x23, 0x1E, 0x06, 0x33, 0x04, 0x02, 0x0C, 0x06, 0x18, 0x0C, 0x10, 0x18, 0x30, 0x30,
    0x60, 0x3F, 0x78, 0x06, 0xCC, 0x0C, 0x0C, 0x18, 0x38, 0x30, 0x0C, 0x30, 0x0C, 0x60, 0xCC, 0xC0,
    0x78, 0x86, 0x01, 0x8E, 0x03, 0x0A, 0x02, 0x1A, 0x06, 0x12, 0x0C, 0x3F, 0x08, 0x3F, 0x18, 0x02,
    0x08, 0x0E, 0x03, 0x00, 0x00, 0x00, 0x60, 0x30, 0x30, 0x38, 0x38, 0x30, 0x18, 0x0C, 0x1E, 0x19,
    0xFC, 0x7C, 0x1C, 0x00, 0x60, 0x01, 0x80, 0x00, 0x00, 0x00, 0x03, 0x80, 0x3C, 0x01, 0xE0, 0x0D,
    0x80, 0xCC, 0x06, 0x60, 0x31, 0x83, 0x0C, 0x18, 0x60, 0xFF, 0x8F, 0xFC, 0x60, 0x36, 0x01, 0xB0,
    0x0D, 0x80, 0x30, 0x01, 0x80, 0x18, 0x00, 0x80, 0x08, 0x00, 0x00, 0x03, 0x80, 0x3C, 0x01, 0xE0,
    0x0D, 0x80, 0xCC, 0x06, 0x60, 0x31, 0x83, 0x0C, 0x18, 0x60, 0xFF, 0x8F, 0xFC, 0x60, 0x36, 0x01,
    0xB0, 0x0D, 0x80, 0x30, 0x06, 0x00, 0x78, 0x06, 0x60, 0x00, 0x00, 0x00, 0x03, 0x80, 0x3C, 0x01,
    0xE0, 0x0D, 0x80, 0xCC, 0x06, 0x60, 0x31, 0x83, 0x0C, 0x18, 0x60, 0xFF, 0x8F, 0xFC, 0x60, 0x36,
    0x01, 0xB0, 0x0D, 0x80, 0x30, 0x08, 0x00, 0xFC, 0x06, 0x40, 0x00, 0x00, 0x00, 0x03, 0x80, 0x3C,
    0x01, 0xE0, 0x0D, 0x80, 0xCC, 0x06, 0x60, 0x31, 0x83, 0x0C, 0x18, 0x60, 0xFF, 0x8F, 0xFC, 0x60,
    0x36, 0x01, 0xB0, 0x0D, 0x80, 0x30, 0x18, 0x80, 0xCE, 0x06, 0x20, 0x00, 0x00, 0x00, 0x03, 0x80,
    0x3C, 0x01, 0xE0, 0x0D, 0x80, 0xCC, 0x06, 0x60, 0x31, 0x83, 0x0C, 0x18, 0x60, 0xFF, 0x8F, 0xFC,
    0x60, 0x36, 0x01, 0xB0, 0x0D, 0x80, 0x30, 0x06, 0x00, 0x78, 0x06, 0x60, 0x13, 0x00, 0xF0, 0x00,
    0x00, 0x1C, 0x01, 0xE0, 0x0F, 0x00, 0x6C, 0x06, 0x60, 0x33, 0x01, 0x8C, 0x18, 0x60, 0xC3, 0x07,
    0xFC, 0x7F, 0xE3, 0x01, 0xB0, 0x0D, 0x80, 0x6C, 0x01, 0x80, 0x03, 0xFF, 0xC0, 0xDF, 0xF0, 0x26,
    0x00, 0x19, 0x80, 0x06, 0x60, 0x03, 0x18, 0x00, 0xC6, 0x00, 0x61, 0xFF, 0x18, 0x60, 0x0F, 0xF8,
    0x03, 0xFE, 0x01, 0x81, 0x80, 0x60, 0x60, 0x30, 0x1F, 0xFC, 0x07, 0xFC, 0x0F, 0xC1, 0xE7, 0x8C,
    0x0C, 0xC0, 0x36, 0x01, 0xE0, 0x03, 0x00, 0x18, 0x00, 0xC0, 0x06, 0x00, 0x18, 0x06, 0xC0, 0x33,
    0x03, 0x0F, 0xF0, 0x3F, 0x00, 0x40, 0x03, 0x80, 0x04, 0x00, 0xE0, 0x30, 0x08, 0x06, 0x00, 0x00,
    0x07, 0xFF, 0xFF, 0x80, 0xC0, 0x60, 0x30, 0x1F, 0xFF, 0xFE, 0x03, 0x01, 0x80, 0xC0, 0x60, 0x3F,
    0xFF, 0xF0, 0x06, 0x06, 0x03, 0x00, 0x00, 0x07, 0xFF, 0xFF, 0x80, 0xC0, 0x60, 0x30, 0x1F, 0xFF,
    0xFE, 0x03, 0x01, 0x80, 0xC0, 0x60, 0x3F, 0xFF, 0xF0, 0x1C, 0x1B, 0x18, 0xC0, 0x00, 0x07, 0xFF,
    0xFF, 0x80, 0xC0, 0x60, 0x30, 0x1F, 0xFF, 0xFE, 0x03, 0x01, 0x80, 0xC0, 0x60, 0x3F, 0xFF, 0xF0,
    0x22, 0x3B, 0x88, 0x80, 0x00, 0x07, 0xFF, 0xFF, 0x80, 0xC0, 0x60, 0x30, 0x1F, 0xFF, 0xFE, 0x03,
    0x01, 0x80, 0xC0, 0x60, 0x3F, 0xFF, 0xF0, 0xC6, 0x21, 0x03, 0x33, 0x33, 0x33, 0x33, 0x33, 0x33,
    0x33, 0x6F, 0x01, 0xB6, 0xDB, 0x6D, 0xB6, 0xDB, 0x60, 0x31, 0xEC, 0xC0, 0x00, 0xC3, 0x0C, 0x30,
    0xC3, 0x0C, 0x30, 0xC3, 0x0C, 0x30, 0xC3, 0x0C, 0x47, 0xCD, 0x18, 0x00, 0x03, 0x06, 0x0C, 0x18,
    0x30, 0x60, 0xC1, 0x83, 0x06, 0x0C, 0x18, 0x30, 0x60, 0xC0, 0x3F, 0xC0, 0xFF, 0xC3, 0x03, 0x8C,
    0x06, 0x30, 0x0C, 0xC0, 0x33, 0x00, 0xFF, 0xC3, 0x30, 0x0C, 0xC0, 0x33, 0x00, 0xCC, 0x06, 0x30,
    0x38, 0xFF, 0xC3, 0xFC, 0x00, 0x08, 0x01, 0xF8, 0x13, 0x00, 0x00, 0x00, 0x0E, 0x03, 0xE0, 0x3F,
    0x03, 0xF0, 0x3D, 0x83, 0xCC, 0x3C, 0xC3, 0xC6, 0x3C, 0x73, 0xC3, 0x3C, 0x1B, 0xC1, 0xBC, 0x0F,
    0xC0, 0x7C, 0x07, 0x0C, 0x00, 0x18, 0x00, 0x30, 0x00, 0x00, 0x00, 0x00, 0x3F, 0x03, 0xCF, 0x0C,
    0x0C, 0x60, 0x19, 0x80, 0x6C, 0x00, 0xF0, 0x03, 0xC0, 0x0F, 0x00, 0x3C, 0x00, 0xD8, 0x06, 0x60,
    0x18, 0xC0, 0xC1, 0xFE, 0x03, 0xF0, 0x01, 0xC0, 0x06, 0x00, 0x30, 0x00, 0x00, 0x00, 0x00, 0x3F,
    0x03, 0xCF, 0x0C, 0x0C, 0x60, 0x19, 0x80, 0x6C, 0x00, 0xF0, 0x03, 0xC0, 0x0F, 0x00, 0x3C, 0x00,
    0xD8, 0x06, 0x60, 0x18, 0xC0, 0xC1, 0xFE, 0x03, 0xF0, 0x03, 0x00, 0x1E, 0x00, 0xCC, 0x00, 0x00,
    0x00, 0x00, 0x3F, 0x03, 0xCF, 0x0C, 0x0C, 0x60, 0x19, 0x80, 0x6C, 0x00, 0xF0, 0x03, 0xC0, 0x0F,
    0x00, 0x3C, 0x00, 0xD8, 0x06, 0x60, 0x18, 0xC0, 0xC1, 0xFE, 0x03, 0xF0, 0x04, 0x00, 0x3F, 0x00,
    0x88, 0x00, 0x00, 0x00, 0x00, 0x3F, 0x03, 0xCF, 0x0C, 0x0C, 0x60, 0x19, 0x80, 0x6C, 0x00, 0xF0,
    0x03, 0xC0, 0x0F, 0x00, 0x3C, 0x00, 0xD8, 0x06, 0x60, 0x18, 0xC0, 0xC1, 0xFE, 0x03, 0xF0, 0x08,
    0x40, 0x33, 0x00, 0xCC, 0x00, 0x00, 0x00, 0x00, 0x3F, 0x03, 0xCF, 0x0C, 0x0C, 0x60, 0x19, 0x80,
    0x6C, 0x00, 0xF0, 0x03, 0xC0, 0x0F, 0x00, 0x3C, 0x00, 0xD8, 0x06, 0x60, 0x18, 0xC0, 0xC1, 0xFE,
    0x03, 0xF0, 0x40, 0xB8, 0x77, 0x38, 0xFC, 0x1E, 0x07, 0x83, 0xF1, 0xCE, 0xE1, 0xD0, 0x20, 0x00,
    0x10, 0x3F, 0x63, 0xCF, 0x0C, 0x1C, 0x60, 0x79, 0x83, 0x6C, 0x18, 0xF0, 0x63, 0xC3, 0x0F, 0x18,
    0x3C, 0x60, 0xDB, 0x06, 0x78, 0x18, 0xC0, 0xC3, 0xFE, 0x1B, 0xF0, 0x18, 0x00, 0xC0, 0x04, 0x00,
    0x20, 0x00, 0x0C, 0x03, 0xC0, 0x3C, 0x03, 0xC0, 0x3C, 0x03, 0xC0, 0x3C, 0x03, 0xC0, 0x3C, 0x03,
    0xC0, 0x3C, 0x03, 0xC0, 0x6E, 0x06, 0x7F, 0xC1, 0xF8, 0x03, 0x00, 0x30, 0x06, 0x00, 0x00, 0x00,
    0x0C, 0x03, 0xC0, 0x3C, 0x03, 0xC0, 0x3C, 0x03, 0xC0, 0x3C, 0x03, 0xC0, 0x3C, 0x03, 0xC0, 0x3C,
    0x03, 0xC0, 0x6E, 0x06, 0x7F, 0xC1, 0xF8, 0x06, 0x00, 0xB0, 0x39, 0x80, 0x00, 0x00, 0x0C, 0x03,
    0xC0, 0x3C, 0x03, 0xC0, 0x3C, 0x03, 0xC0, 0x3C, 0x03, 0xC0, 0x3C, 0x03, 0xC0, 0x3C, 0x03, 0xC0,
    0x6E, 0x06, 0x7F, 0xC1, 0xF8, 0x11, 0x03, 0x98, 0x11, 0x80, 0x00, 0x00, 0x0C, 0x03, 0xC0, 0x3C,
    0x03, 0xC0, 0x3C, 0x03, 0xC0, 0x3C, 0x03, 0xC0, 0x3C, 0x03, 0xC0, 0x3C, 0x03, 0xC0, 0x6E, 0x06,
    0x7F, 0xC1, 0xF8, 0x01, 0x80, 0x18, 0x01, 0x80, 0x00, 0x00, 0x00, 0xE0, 0x19, 0x81, 0xCC, 0x0C,
    0x30, 0xC1, 0xC6, 0x06, 0x60, 0x1E, 0x00, 0xF0, 0x03, 0x00, 0x18, 0x00, 0xC0, 0x06, 0x00, 0x30,
    0x01, 0x80, 0x0C, 0x00, 0xC0, 0x30, 0x0C, 0x03, 0xF8, 0xFF, 0xB0, 0x6C, 0x0F, 0x03, 0xC0, 0xB0,
    0x6F, 0xF3, 0xF0, 0xC0, 0x30, 0x0C, 0x00, 0x7E, 0x39, 0xCC, 0x1B, 0x06, 0xC1, 0xB0, 0xCC, 0xE3,
    0x3C, 0xC3, 0xB0, 0x6C, 0x0F, 0x03, 0xC1, 0xB3, 0xEC, 0xE0, 0x30, 0x0C, 0x02, 0x00, 0x00, 0x83,
    0xFB, 0x8E, 0x83, 0x01, 0x87, 0xDF, 0xF8, 0x3C, 0x1E, 0x0F, 0x9E, 0xFB, 0x06, 0x02, 0x03, 0x00,
    0x00, 0x83, 0xFB, 0x8E, 0x83, 0x01, 0x87, 0xDF, 0xF8, 0x3C, 0x1E, 0x0F, 0x9E, 0xFB, 0x1C, 0x0B,
    0x1C, 0xC0, 0x00, 0x83, 0xFB, 0x8E, 0x83, 0x01, 0x87, 0xDF, 0xF8, 0x3C, 0x1E, 0x0F, 0x9E, 0xFB,
    0x11, 0x1F, 0x09, 0x80, 0x00, 0x83, 0xFB, 0x8E, 0x83, 0x01, 0x87, 0xDF, 0xF8, 0x3C, 0x1E, 0x0F,
    0x9E, 0xFB, 0x22, 0x39, 0x88, 0xC0, 0x00, 0x83, 0xFB, 0x8E, 0x83, 0x01, 0x87, 0xDF, 0xF8, 0x3C,
    0x1E, 0x0F, 0x9E, 0xFB, 0x1E, 0x19, 0x08, 0x86, 0xC1, 0xC0, 0x41, 0xFD, 0xC7, 0x41, 0x80, 0xC3,
    0xEF, 0xFC, 0x1E, 0x0F, 0x07, 0xCF, 0x7D, 0x80, 0x08, 0x08, 0x3F, 0xBF, 0x38, 0xF8, 0xC8, 0x38,
    0x30, 0x18, 0x18, 0xFF, 0xFD, 0xFF, 0xFF, 0xC3, 0x00, 0xC1, 0x80, 0x60, 0xE0, 0xF9, 0xF9, 0xCF,
    0xCF, 0xC0, 0x04, 0x0F, 0xC7, 0x19, 0x83, 0xC0, 0x30, 0x0C, 0x03, 0x00, 0xC0, 0x18, 0x37, 0x38,
    0xFC, 0x04, 0x03, 0x80, 0x30, 0x38, 0x38, 0x06, 0x00, 0xC0, 0x00, 0x04, 0x0F, 0xC7, 0x19, 0x83,
    0xC0, 0xFF, 0xFF, 0xFF, 0x00, 0xC0, 0x18, 0x37, 0x38, 0x7C, 0x03, 0x01, 0x80, 0xC0, 0x00, 0x04,
    0x0F, 0xC7, 0x19, 0x83, 0xC0, 0xFF, 0xFF, 0xFF, 0x00, 0xC0, 0x18, 0x37, 0x38, 0x7C, 0x0C, 0x07,
    0x83, 0x30, 0x00, 0x04, 0x0F, 0xC7, 0x19, 0x83, 0xC0, 0xFF, 0xFF, 0xFF, 0x00, 0xC0, 0x18, 0x37,
    0x38, 0x7C, 0x31, 0x0C, 0xC3, 0x10, 0x00, 0x04, 0x0F, 0xC7, 0x19, 0x83, 0xC0, 0xFF, 0xFF, 0xFF,
    0x00, 0xC0, 0x18, 0x37, 0x38, 0x7C, 0xCD, 0x80, 0x49, 0x24, 0x92, 0x49, 0x6B, 0x01, 0x24, 0x92,
    0x49, 0x24, 0x38, 0xDB, 0x18, 0x00, 0x02, 0x04, 0x08, 0x10, 0x20, 0x40, 0x81, 0x02, 0x04, 0x08,
    0x45, 0xDD, 0x10, 0x00, 0x02, 0x04, 0x08, 0x10, 0x20, 0x40, 0x81, 0x02, 0x04, 0x08, 0x10, 0x8F,
    0xE0, 0xE0, 0xEC, 0x23, 0x03, 0x63, 0xE9, 0x87, 0xC0, 0xF0, 0x3C, 0x0F, 0x03, 0xC0, 0xD8, 0x27,
    0x38, 0xFC, 0x20, 0x3F, 0x11, 0x00, 0x00, 0x85, 0xFB, 0x8D, 0x83, 0x81, 0xC0, 0xE0, 0x70, 0x38,
    0x1C, 0x0E, 0x07, 0x03, 0x18, 0x06, 0x00, 0xC0, 0x00, 0x04, 0x0F, 0xC7, 0x19, 0x83, 0xC0, 0xF0,
    0x1C, 0x07, 0x03, 0xC0, 0xD8, 0x37, 0x38, 0xFC, 0x03, 0x01, 0x80, 0x40, 0x20, 0x04, 0x0F, 0xC7,
    0x19, 0x83, 0xC0, 0xF0, 0x1C, 0x07, 0x03, 0xC0, 0xD8, 0x37, 0x38, 0xFC, 0x0C, 0x07, 0x83, 0x38,
    0x00, 0x04, 0x0F, 0xC7, 0x19, 0x83, 0xC0, 0xF0, 0x1C, 0x07, 0x03, 0xC0, 0xD8, 0x37, 0x38, 0xFC,
    0x10, 0x0F, 0xC3, 0x20, 0x00, 0x04, 0x0F, 0xC7, 0x19, 0x83, 0xC0, 0xF0, 0x1C, 0x07, 0x03, 0xC0,
    0xD8, 0x37, 0x38, 0xFC, 0x11, 0x0C, 0xE3, 0x10, 0x00, 0x04, 0x0F, 0xC7, 0x19, 0x83, 0xC0, 0xF0,
    0x1C, 0x07, 0x03, 0xC0, 0xD8, 0x37, 0x38, 0xFC, 0x0C, 0x03, 0x00, 0x80, 0x00, 0xFF, 0xFF, 0xF0,
    0x00, 0x00, 0x0C, 0x03, 0x00, 0x04, 0x47, 0xFD, 0xC6, 0x30, 0xEC, 0x3D, 0x8C, 0xB3, 0x16, 0xC6,
    0xF0, 0xCC, 0x19, 0xCE, 0x7F, 0x80, 0x70, 0x18, 0x06, 0x00, 0x00, 0x04, 0x0E, 0x07, 0x03, 0x81,
    0xC0, 0xE0, 0x70, 0x3C, 0x1E, 0x1F, 0xFE, 0xFB, 0x06, 0x06, 0x06, 0x00, 0x00, 0x04, 0x0E, 0x07,
    0x03, 0x81, 0xC0, 0xE0, 0x70, 0x3C, 0x1E, 0x1F, 0xFE, 0xFB, 0x18, 0x1E, 0x19, 0x80, 0x00, 0x04,
    0x0E, 0x07, 0x03, 0x81, 0xC0, 0xE0, 0x70, 0x3C, 0x1E, 0x1F, 0xFE, 0xFB, 0x62, 0x33, 0x98, 0x80,
    0x00, 0x04, 0x0E, 0x07, 0x03, 0x81, 0xC0, 0xE0, 0x70, 0x3C, 0x1E, 0x1F, 0xFE, 0xFB, 0x07, 0x01,
    0x80, 0xC0, 0x00, 0x00, 0x30, 0x3C, 0x19, 0x86, 0x61, 0x98, 0xC3, 0x30, 0xCC, 0x16, 0x07, 0x81,
    0xC0, 0x30, 0x0C, 0x06, 0x01, 0x83, 0xC0, 0x80, 0x20, 0x08, 0x02, 0x20, 0xBF, 0x38, 0xEC, 0x1B,
    0x03, 0x80, 0xE0, 0x3C, 0x0F, 0x06, 0xC1, 0xAD, 0xC9, 0xE2, 0x00, 0x80, 0x20, 0x08, 0x00, 0x23,
    0x0C, 0xC2, 0x30, 0x00, 0x00, 0x30, 0x3C, 0x19, 0x86, 0x61, 0x98, 0xC3, 0x30, 0xCC, 0x16, 0x07,
    0x81, 0xC0, 0x30, 0x0C, 0x06, 0x01, 0x83, 0xC0, 0x1F, 0x80, 0x00, 0x00, 0x00, 0x00, 0x00, 0x70,
    0x07, 0x80, 0x3C, 0x01, 0xB0, 0x19, 0x80, 0xCC, 0x06, 0x30, 0x61, 0x83, 0x0C, 0x1F, 0xF1, 0xFF,
    0x8C, 0x06, 0xC0, 0x36, 0x01, 0xB0, 0x06, 0x3F, 0x00, 0x00, 0x01, 0x07, 0xF7, 0x1D, 0x06, 0x03,
    0x0F, 0xBF, 0xF0, 0x78, 0x3C, 0x1F, 0x3D, 0xF6, 0x18, 0x80, 0x4C, 0x03, 0xC0, 0x00, 0x00, 0x00,
    0x03, 0x80, 0x3C, 0x01, 0xE0, 0x0D, 0x80, 0xCC, 0x06, 0x60, 0x31, 0x83, 0x0C, 0x18, 0x60, 0xFF,
    0x8F, 0xFC, 0x60, 0x36, 0x01, 0xB0, 0x0D, 0x80, 0x30, 0x23, 0x19, 0x07, 0x00, 0x00, 0x83, 0xFB,
    0x8E, 0x83, 0x01, 0x87, 0xDF, 0xF8, 0x3C, 0x1E, 0x0F, 0x9E, 0xFB, 0x07, 0x00, 0x3C, 0x00, 0xF0,
    0x03, 0x60, 0x19, 0x80, 0x66, 0x01, 0x8C, 0x0C, 0x30, 0x30, 0xC0, 0xFF, 0x87, 0xFE, 0x18, 0x0C,
    0xC0, 0x33, 0x00, 0xCC, 0x01, 0x80, 0x0C, 0x00, 0x60, 0x01, 0x80, 0x03, 0xC0, 0x08, 0x1F, 0xCE,
    0x39, 0x06, 0x01, 0x83, 0xE7, 0xFB, 0x06, 0xC1, 0xB0, 0x6E, 0x79, 0xF6, 0x03, 0x00, 0x80, 0x30,
    0x0F, 0x01, 0xC0, 0x0C, 0x00, 0xC0, 0x00, 0x00, 0x00, 0x07, 0xE0, 0xF3, 0xC6, 0x06, 0x60, 0x1B,
    0x00, 0xF0, 0x01, 0x80, 0x0C, 0x00, 0x60, 0x03, 0x00, 0x0C, 0x03, 0x60, 0x19, 0x81, 0x87, 0xF8,
    0x1F, 0x80, 0x03, 0x01, 0x80, 0x40, 0x20, 0x04, 0x0F, 0xC7, 0x19, 0x83, 0xC0, 0x30, 0x0C, 0x03,
    0x00, 0xC0, 0x18, 0x37, 0x38, 0xFC, 0x03, 0x00, 0x3C, 0x03, 0x30, 0x00, 0x00, 0x00, 0x07, 0xE0,
    0xF3, 0xC6, 0x06, 0x60, 0x1B, 0x00, 0xF0, 0x01, 0x80, 0x0C, 0x00, 0x60, 0x03, 0x00, 0x0C, 0x03,
    0x60, 0x19, 0x81, 0x87, 0xF8, 0x1F, 0x80, 0x0C, 0x07, 0x83, 0x38, 0x00, 0x04, 0x0F, 0xC7, 0x19,
    0x83, 0xC0, 0x30, 0x0C, 0x03, 0x00, 0xC0, 0x18, 0x37, 0x38, 0xFC, 0x03, 0x00, 0x18, 0x00, 0xC0,
    0x00, 0x00, 0x00, 0x07, 0xE0, 0xF3, 0xC6, 0x06, 0x60, 0x1B, 0x00, 0xF0, 0x01, 0x80, 0x0C, 0x00,
    0x60, 0x03, 0x00, 0x0C, 0x03, 0x60, 0x19, 0x81, 0x87, 0xF8, 0x1F, 0x80, 0x04, 0x03, 0x80, 0xC0,
    0x00, 0x04, 0x0F, 0xC7, 0x19, 0x83, 0xC0, 0x30, 0x0C, 0x03, 0x00, 0xC0, 0x18, 0x37, 0x38, 0xFC,
    0x0C, 0xC0, 0x3C, 0x00, 0xC0, 0x00, 0x00, 0x00, 0x07, 0xE0, 0xF3, 0xC6, 0x06, 0x60, 0x1B, 0x00,
    0xF0, 0x01, 0x80, 0x0C, 0x00, 0x60, 0x03, 0x00, 0x0C, 0x03, 0x60, 0x19, 0x81, 0x87, 0xF8, 0x1F,
    0x80, 0x33, 0x86, 0x80, 0xE0, 0x00, 0x04, 0x0F, 0xC7, 0x19, 0x83, 0xC0, 0x30, 0x0C, 0x03, 0x00,
    0xC0, 0x18, 0x37, 0x38, 0xFC, 0x67, 0x03, 0x40, 0x1C, 0x00, 0x00, 0x00, 0x0F, 0xF0, 0xFF, 0xCC,
    0x0C, 0xC0, 0x6C, 0x06, 0xC0, 0x3C, 0x03, 0xC0, 0x3C, 0x03, 0xC0, 0x3C, 0x06, 0xC0, 0x6C, 0x0C,
    0xFF, 0x8F, 0xF0, 0x00, 0x08, 0x06, 0x40, 0x32, 0x01, 0x90, 0x8C, 0x1F, 0x61, 0xC7, 0x0C, 0x18,
    0xC0, 0xC6, 0x06, 0x30, 0x31, 0x81, 0x8C, 0x0C, 0x30, 0xE1, 0xCF, 0x07, 0xD8, 0x3F, 0xC0, 0xFF,
    0xC3, 0x03, 0x8C, 0x06, 0x30, 0x0C, 0xC0, 0x33, 0x00, 0xFF, 0xC3, 0x30, 0x0C, 0xC0, 0x33, 0x00,
    0xCC, 0x06, 0x30, 0x38, 0xFF, 0xC3, 0xFC, 0x00, 0x00, 0xC0, 0x7F, 0x00, 0xC0, 0x8C, 0x3E, 0xC7,
    0x1C, 0x60, 0xCC, 0x0C, 0xC0, 0xCC, 0x0C, 0xC0, 0xCC, 0x0C, 0x61, 0xC7, 0x3C, 0x3E, 0xC0, 0x3E,
    0x00, 0x00, 0x00, 0x0F, 0xFF, 0xFF, 0x01, 0x80, 0xC0, 0x60, 0x3F, 0xFF, 0xFC, 0x06, 0x03, 0x01,
    0x80, 0xC0, 0x7F, 0xFF, 0xE0, 0x3F, 0x00, 0x00, 0x00, 0x10, 0x3F, 0x1C, 0x66, 0x0F, 0x03, 0xFF,
    0xFF, 0xFC, 0x03, 0x00, 0x60, 0xDC, 0xE1, 0xF0, 0x22, 0x1B, 0x07, 0x00, 0x00, 0x07, 0xFF, 0xFF,
    0x80, 0xC0, 0x60, 0x30, 0x1F, 0xFF, 0xFE, 0x03, 0x01, 0x80, 0xC0, 0x60, 0x3F, 0xFF, 0xF0, 0x31,
    0x04, 0xC1, 0xE0, 0x00, 0x04, 0x0F, 0xC7, 0x19, 0x83, 0xC0, 0xFF, 0xFF, 0xFF, 0x00, 0xC0, 0x18,
    0x37, 0x38, 0x7C, 0x08, 0x0E, 0x02, 0x00, 0x00, 0x07, 0xFF, 0xFF, 0x80, 0xC0, 0x60, 0x30, 0x1F,
    0xFF, 0xFE, 0x03, 0x01, 0x80, 0xC0, 0x60, 0x3F, 0xFF, 0xF0, 0x04, 0x03, 0x00, 0xC0, 0x00, 0x04,
    0x0F, 0xC7, 0x19, 0x83, 0xC0, 0xFF, 0xFF, 0xFF, 0x00, 0xC0, 0x18, 0x37, 0x38, 0x7C, 0xFF, 0xBF,
    0xEC, 0x03, 0x00, 0xC0, 0x30, 0x0F, 0xFB, 0xFE, 0xC0, 0x30, 0x0C, 0x03, 0x00, 0xC0, 0x3F, 0xEF,
    0xF8, 0x04, 0x03, 0x00, 0xC0, 0x3C, 0x04, 0x0F, 0xC7, 0x19, 0x83, 0xC0, 0xFF, 0xFF, 0xFF, 0x00,
    0xC0, 0x18, 0x37, 0x38, 0x7E, 0x03, 0x00, 0xC0, 0x30, 0x0F, 0x63, 0x1B, 0x07, 0x00, 0x00, 0x07,
    0xFF, 0xFF, 0x80, 0xC0, 0x60, 0x30, 0x1F, 0xFF, 0xFE, 0x03, 0x01, 0x80, 0xC0, 0x60, 0x3F, 0xFF,
    0xF0, 0x33, 0x07, 0x80, 0xC0, 0x00, 0x04, 0x0F, 0xC7, 0x19, 0x83, 0xC0, 0xFF, 0xFF, 0xFF, 0x00,
    0xC0, 0x18, 0x37, 0x38, 0x7C, 0x03, 0x00, 0x3C, 0x03, 0x30, 0x00, 0x00, 0x00, 0x07, 0xE0, 0xF3,
    0xC6, 0x06, 0x60, 0x1B, 0x00, 0xF0, 0x01, 0x80, 0x0C, 0x1F, 0xE0, 0xFF, 0x00, 0x6C, 0x03, 0x60,
    0x19, 0x81, 0x8F, 0xFC, 0x1F, 0x80, 0x0C, 0x07, 0x83, 0x30, 0x00, 0x08, 0x0F, 0xF7, 0x1D, 0x83,
    0xC0, 0xF0, 0x3C, 0x0F, 0x03, 0xC0, 0xD8, 0x73, 0xFC, 0x7B, 0x00, 0xD0, 0x36, 0x1C, 0xFE, 0x04,
    0x00, 0x08, 0xC0, 0x66, 0x01, 0xE0, 0x00, 0x00, 0x00, 0x07, 0xE0, 0xF3, 0xC6, 0x06, 0x60, 0x1B,
    0x00, 0xF0, 0x01, 0x80, 0x0C, 0x1F, 0xE0, 0xFF, 0x00, 0x6C, 0x03, 0x60, 0x19, 0x81, 0x8F, 0xFC,
    0x1F, 0x80, 0x31, 0x04, 0xC1, 0xE0, 0x00, 0x08, 0x0F, 0xF7, 0x1D, 0x83, 0xC0, 0xF0, 0x3C, 0x0F,
    0x03, 0xC0, 0xD8, 0x73, 0xFC, 0x7B, 0x00, 0xD0, 0x36, 0x1C, 0xFE, 0x04, 0x00, 0x03, 0x00, 0x18,
    0x00, 0xC0, 0x00, 0x00, 0x00, 0x07, 0xE0, 0xF3, 0xC6, 0x06, 0x60, 0x1B, 0x00, 0xF0, 0x01, 0x80,
    0x0C, 0x1F, 0xE0, 0xFF, 0x00, 0x6C, 0x03, 0x60, 0x19, 0x81, 0x8F, 0xFC, 0x1F, 0x80, 0x04, 0x03,
    0x00, 0xC0, 0x00, 0x08, 0x0F, 0xF7, 0x1D, 0x83, 0xC0, 0xF0, 0x3C, 0x0F, 0x03, 0xC0, 0xD8, 0x73,
    0xFC, 0x7B, 0x00, 0xD0, 0x36, 0x1C, 0xFE, 0x04, 0x00, 0x0F, 0xC1, 0xE7, 0x8C, 0x0C, 0xC0, 0x36,
    0x01, 0xE0, 0x03, 0x00, 0x18, 0x3F, 0xC1, 0xFE, 0x00, 0xD8, 0x06, 0xC0, 0x33, 0x03, 0x1F, 0xF8,
    0x3F, 0x00, 0x00, 0x03, 0x00, 0x10, 0x01, 0x80, 0x0C, 0x00, 0x04, 0x01, 0x80, 0xC0, 0x30, 0x00,
    0x02, 0x03, 0xFD, 0xC7, 0x60, 0xF0, 0x3C, 0x0F, 0x03, 0xC0, 0xF0, 0x36, 0x1C, 0xFF, 0x1E, 0xC0,
    0x34, 0x0D, 0x87, 0x3F, 0x81, 0x00, 0x06, 0x00, 0xB0, 0x39, 0x80, 0x00, 0x00, 0x0C, 0x03, 0xC0,
    0x3C, 0x03, 0xC0, 0x3C, 0x03, 0xC0, 0x3F, 0xFF, 0xFF, 0xFC, 0x03, 0xC0, 0x3C, 0x03, 0xC0, 0x3C,
    0x03, 0xC0, 0x3C, 0x03, 0x38, 0x06, 0xC0, 0xC6, 0x00, 0x00, 0x00, 0x01, 0x00, 0x10, 0x01, 0x00,
    0x11, 0x01, 0x7E, 0x1C, 0x61, 0x83, 0x10, 0x31, 0x03, 0x10, 0x31, 0x03, 0x10, 0x31, 0x03, 0x10,
    0x31, 0x03, 0x60, 0x19, 0x80, 0x66, 0x01, 0xBF, 0xFF, 0xFF, 0xFD, 0x80, 0x67, 0xFF, 0x9F, 0xFE,
    0x60, 0x19, 0x80, 0x66, 0x01, 0x98, 0x06, 0x60, 0x19, 0x80, 0x66, 0x01, 0x80, 0x20, 0x1F, 0xC0,
    0x80, 0x11, 0x02, 0xFC, 0x71, 0x8C, 0x19, 0x03, 0x20, 0x64, 0x0C, 0x81, 0x90, 0x32, 0x06, 0x40,
    0xC8, 0x18, 0x43, 0xF9, 0x80, 0x00, 0xC3, 0x0C, 0x30, 0xC3, 0x0C, 0x30, 0xC3, 0x0C, 0x30, 0xC3,
    0x0C, 0x47, 0xE9, 0x80, 0x00, 0x82, 0x08, 0x20, 0x82, 0x08, 0x20, 0x82, 0x08, 0xFC, 0x00, 0x00,
    0x30, 0xC3, 0x0C, 0x30, 0xC3, 0x0C, 0x30, 0xC3, 0x0C, 0x30, 0xC3, 0x00, 0xF8, 0x00, 0x02, 0x10,
    0x84, 0x21, 0x08, 0x42, 0x10, 0x80, 0x8F, 0x27, 0x80, 0x00, 0xC3, 0x0C, 0x30, 0xC3, 0x0C, 0x30,
    0xC3, 0x0C, 0x30, 0xC3, 0x0C, 0x8E, 0xDC, 0x00, 0x10, 0x84, 0x21, 0x08, 0x42, 0x10, 0x84, 0x33,
    0x33, 0x33, 0x33, 0x33, 0x33, 0x33, 0x36, 0xCC, 0xF0, 0x27, 0x20, 0x02, 0x22, 0x22, 0x22, 0x22,
    0x22, 0x6C, 0xCF, 0xBC, 0x3F, 0xFF, 0xFF, 0xFF, 0xFF, 0xE0, 0xC0, 0x0F, 0x00, 0x3C, 0x00, 0xF0,
    0x03, 0xC0, 0x0F, 0x00, 0x3C, 0x00, 0xF0, 0x03, 0xC0, 0x0F, 0x00, 0x3C, 0x60, 0xF1, 0x83, 0xC6,
    0x1B, 0x1F, 0xEC, 0x3F, 0x00, 0x42, 0xE7, 0x42, 0x00, 0x00, 0x42, 0x42, 0x42, 0x42, 0x42, 0x42,
    0x42, 0x42, 0x42, 0x42, 0x42, 0x02, 0x02, 0x06, 0x0C, 0x01, 0x80, 0x78, 0x19, 0x80, 0x00, 0x00,
    0x03, 0x00, 0x60, 0x0C, 0x01, 0x80, 0x30, 0x06, 0x00, 0xC0, 0x18, 0x03, 0x00, 0x66, 0x0C, 0xC1,
    0x98, 0x31, 0xFC, 0x1F, 0x00, 0x38, 0xDB, 0x18, 0x00, 0x02, 0x04, 0x08, 0x10, 0x20, 0x40, 0x81,
    0x02, 0x04, 0x08, 0x10, 0x20, 0xC3, 0x00, 0xC0, 0xF8, 0x3B, 0x0E, 0x63, 0x8C, 0x61, 0x98, 0x36,
    0x07, 0xE0, 0xEE, 0x18, 0xC3, 0x0C, 0x60, 0xCC, 0x1D, 0x81, 0xB0, 0x18, 0x00, 0x0C, 0x01, 0x80,
    0x20, 0x0C, 0x00, 0x80, 0x40, 0x20, 0x10, 0x18, 0x34, 0x32, 0x31, 0x30, 0xB0, 0x7C, 0x37, 0x11,
    0x88, 0x64, 0x1A, 0x0E, 0x00, 0x18, 0x08, 0x0C, 0x06, 0x00, 0x83, 0xC3, 0x23, 0x13, 0x09, 0x87,
    0x82, 0x61, 0x38, 0x8C, 0x43, 0x20, 0xE0, 0x60, 0x30, 0x30, 0x00, 0x00, 0x06, 0x03, 0x01, 0x80,
    0xC0, 0x60, 0x30, 0x18, 0x0C, 0x06, 0x03, 0x01, 0x80, 0xC0, 0x60, 0x3F, 0xFF, 0xF0, 0x6B, 0x01,
    0x24, 0x92, 0x49, 0x24, 0x92, 0x40, 0xC0, 0x60, 0x30, 0x18, 0x0C, 0x06, 0x03, 0x01, 0x80, 0xC0,
    0x60, 0x30, 0x18, 0x0C, 0x07, 0xFF, 0xFE, 0x00, 0x18, 0x0C, 0x04, 0x02, 0x00, 0x55, 0x55, 0x55,
    0x54, 0xFE, 0x0C, 0x66, 0x33, 0x19, 0x8C, 0x06, 0x03, 0x01, 0x80, 0xC0, 0x60, 0x30, 0x18, 0x0C,
    0x06, 0x03, 0xFF, 0xFF, 0x1C, 0xE5, 0x28, 0x42, 0x10, 0x84, 0x21, 0x08, 0x42, 0x10, 0xC0, 0x60,
    0x30, 0x18, 0x0C, 0x06, 0x23, 0x39, 0x98, 0xC0, 0x60, 0x30, 0x18, 0x0C, 0x07, 0xFF, 0xFE, 0x84,
    0x21, 0x08, 0x42, 0x33, 0x9C, 0x21, 0x08, 0x42, 0x00, 0x60, 0x18, 0x06, 0x01, 0x88, 0x66, 0x1F,
    0x87, 0x83, 0x80, 0xE0, 0x38, 0x06, 0x01, 0x80, 0x60, 0x1F, 0xF7, 0xFC, 0x21, 0x08, 0x43, 0x9F,
    0x94, 0x21, 0x08, 0x42, 0x10, 0x80, 0x03, 0x80, 0x30, 0x06, 0x00, 0x00, 0x00, 0x0E, 0x03, 0xE0,
    0x3F, 0x03, 0xF0, 0x3D, 0x83, 0xCC, 0x3C, 0xC3, 0xC6, 0x3C, 0x73, 0xC3, 0x3C, 0x1B, 0xC1, 0xBC,
    0x0F, 0xC0, 0x7C, 0x07, 0x06, 0x06, 0x06, 0x00, 0x00, 0x85, 0xFB, 0x8D, 0x83, 0x81, 0xC0, 0xE0,
    0x70, 0x38, 0x1C, 0x0E, 0x07, 0x03, 0xE0, 0x3E, 0x03, 0xF0, 0x3F, 0x03, 0xD8, 0x3C, 0xC3, 0xCC,
    0x3C, 0x63, 0xC7, 0x3C, 0x33, 0xC1, 0xBC, 0x1B, 0xC0, 0xFC, 0x07, 0xC0, 0x70, 0x00, 0x06, 0x00,
    0x40, 0x0C, 0x00, 0xC0, 0x08, 0x5F, 0xB8, 0xD8, 0x38, 0x1C, 0x0E, 0x07, 0x03, 0x81, 0xC0, 0xE0,
    0x70, 0x30, 0x00, 0xC0, 0x60, 0x20, 0x30, 0x00, 0x19, 0x80, 0xB0, 0x06, 0x00, 0x00, 0x00, 0x0E,
    0x03, 0xE0, 0x3F, 0x03, 0xF0, 0x3D, 0x83, 0xCC, 0x3C, 0xC3, 0xC6, 0x3C, 0x73, 0xC3, 0x3C, 0x1B,
    0xC1, 0xBC, 0x0F, 0xC0, 0x7C, 0x07, 0x66, 0x1E, 0x06, 0x00, 0x00, 0x85, 0xFB, 0x8D, 0x83, 0x81,
    0xC0, 0xE0, 0x70, 0x38, 0x1C, 0x0E, 0x07, 0x03, 0xE0, 0x3E, 0x03, 0xF0, 0x3F, 0x03, 0xD8, 0x3C,
    0xC3, 0xCC, 0x3C, 0x63, 0xC7, 0x3C, 0x33, 0xC1, 0xBC, 0x1B, 0xC0, 0xFC, 0x07, 0xC0, 0x70, 0x03,
    0x00, 0x30, 0x03, 0x00, 0xE0, 0x08, 0x5F, 0xB8, 0xD8, 0x38, 0x1C, 0x0E, 0x07, 0x03, 0x81, 0xC0,
    0xE0, 0x70, 0x30, 0x18, 0x0C, 0x0E, 0x0E, 0x0F, 0xC0, 0x00, 0x00, 0x00, 0x00, 0x00, 0x0F, 0xC0,
    0xF3, 0xC3, 0x03, 0x18, 0x06, 0x60, 0x1B, 0x00, 0x3C, 0x00, 0xF0, 0x03, 0xC0, 0x0F, 0x00, 0x36,
    0x01, 0x98, 0x06, 0x30, 0x30, 0x7F, 0x80, 0xFC, 0x00, 0x3F, 0x00, 0x00, 0x00, 0x10, 0x3F, 0x1C,
    0x66, 0x0F, 0x03, 0xC0, 0x70, 0x1C, 0x0F, 0x03, 0x60, 0xDC, 0xE3, 0xF0, 0x08, 0x40, 0x33, 0x00,
    0x78, 0x00, 0x00, 0x00, 0x00, 0x3F, 0x03, 0xCF, 0x0C, 0x0C, 0x60, 0x19, 0x80, 0x6C, 0x00, 0xF0,
    0x03, 0xC0, 0x0F, 0x00, 0x3C, 0x00, 0xD8, 0x06, 0x60, 0x18, 0xC0, 0xC1, 0xFE, 0x03, 0xF0, 0x31,
    0x04, 0xC0, 0xE0, 0x00, 0x04, 0x0F, 0xC7, 0x19, 0x83, 0xC0, 0xF0, 0x1C, 0x07, 0x03, 0xC0, 0xD8,
    0x37, 0x38, 0xFC, 0x06, 0x60, 0x33, 0x00, 0xD8, 0x00, 0x00, 0x00, 0x00, 0x3F, 0x03, 0xCF, 0x0C,
    0x0C, 0x60, 0x19, 0x80, 0x6C, 0x00, 0xF0, 0x03, 0xC0, 0x0F, 0x00, 0x3C, 0x00, 0xD8, 0x06, 0x60,
    0x18, 0xC0, 0xC1, 0xFE, 0x03, 0xF0, 0x19, 0x84, 0xC3, 0x60, 0x00, 0x04, 0x0F, 0xC7, 0x19, 0x83,
    0xC0, 0xF0, 0x1C, 0x07, 0x03, 0xC0, 0xD8, 0x37, 0x38, 0xFC, 0x0F, 0xFF, 0xC3, 0xFF, 0xF8, 0xC1,
    0x80, 0x30, 0x30, 0x06, 0x06, 0x01, 0x80, 0xC0, 0x30, 0x1F, 0xF6, 0x03, 0xFE, 0xC0, 0x60, 0x18,
    0x0C, 0x01, 0x81, 0x80, 0x30, 0x30, 0x03, 0x06, 0x00, 0x3F, 0xFF, 0xC3, 0xFF, 0xF8, 0x04, 0x04,
    0x07, 0xE3, 0xF1, 0xC6, 0xC7, 0x30, 0x70, 0x6C, 0x0E, 0x07, 0x80, 0xFF, 0xF0, 0x1F, 0xFE, 0x07,
    0x00, 0xC0, 0xE0, 0x0C, 0x1C, 0x0D, 0xCE, 0xE7, 0x1F, 0x8F, 0xC0, 0x06, 0x00, 0x80, 0x30, 0x00,
    0x00, 0x01, 0xFE, 0x3F, 0xE6, 0x06, 0xC0, 0xD8, 0x1B, 0x03, 0x60, 0x6F, 0xF9, 0xFE, 0x30, 0xC6,
    0x18, 0xC1, 0x98, 0x33, 0x03, 0x60, 0x70, 0x19, 0x88, 0x00, 0xDF, 0x98, 0x84, 0x21, 0x08, 0x42,
    0x10, 0xFF, 0x1F, 0xF3, 0x03, 0x60, 0x6C, 0x0D, 0x81, 0xB0, 0x37, 0xFC, 0xFF, 0x18, 0x63, 0x0C,
    0x60, 0xCC, 0x19, 0x81, 0xB0, 0x38, 0x00, 0x0C, 0x01, 0x00, 0x60, 0x0C, 0x00, 0x05, 0x77, 0x18,
    0x41, 0x04, 0x10, 0x41, 0x04, 0x10, 0x03, 0x0C, 0x30, 0x80, 0x63, 0x06, 0xC0, 0x70, 0x00, 0x00,
    0x01, 0xFE, 0x3F, 0xE6, 0x06, 0xC0, 0xD8, 0x1B, 0x03, 0x60, 0x6F, 0xF9, 0xFE, 0x30, 0xC6, 0x18,
    0xC1, 0x98, 0x33, 0x03, 0x60, 0x70, 0xC6, 0xD8, 0xE0, 0x00, 0x4B, 0x9C, 0x30, 0x40, 0x81, 0x02,
    0x04, 0x08, 0x10, 0x20, 0x03, 0x00, 0x40, 0x18, 0x00, 0x00, 0x00, 0x3F, 0x1E, 0x73, 0x03, 0x60,
    0x6C, 0x01, 0x80, 0x1E, 0x01, 0xF8, 0x03, 0x80, 0x18, 0x03, 0xC0, 0x6C, 0x0D, 0xEF, 0x1F, 0xC0,
    0x06, 0x02, 0x03, 0x00, 0x00, 0x81, 0xF9, 0x8F, 0x82, 0x60, 0x3C, 0x0F, 0xC0, 0x70, 0x1E, 0x0D,
    0x8C, 0x7C, 0x0E, 0x01, 0x60, 0xE6, 0x00, 0x00, 0x00, 0x3F, 0x1E, 0x73, 0x03, 0x60, 0x6C, 0x01,
    0x80, 0x1E, 0x01, 0xF8, 0x03, 0x80, 0x18, 0x03, 0xC0, 0x6C, 0x0D, 0xEF, 0x1F, 0xC0, 0x1C, 0x0B,
    0x1C, 0xC0, 0x00, 0x81, 0xF9, 0x8F, 0x82, 0x60, 0x3C, 0x0F, 0xC0, 0x70, 0x1E, 0x0D, 0x8C, 0x7C,
    0x1F, 0x8F, 0x39, 0x81, 0xB0, 0x36, 0x00, 0xC0, 0x0F, 0x00, 0xFC, 0x01, 0xC0, 0x0C, 0x01, 0xE0,
    0x36, 0x06, 0xF7, 0x8F, 0xE0, 0x20, 0x07, 0x00, 0x20, 0x1C, 0x00, 0x08, 0x1F, 0x98, 0xF8, 0x26,
    0x03, 0xC0, 0xFC, 0x07, 0x01, 0xE0, 0xD8, 0xC7, 0xC0, 0x80, 0x70, 0x08, 0x3C, 0x31, 0x81, 0x60,
    0x38, 0x00, 0x00, 0x00, 0x3F, 0x1E, 0x73, 0x03, 0x60, 0x6C, 0x01, 0x80, 0x1E, 0x01, 0xF8, 0x03,
    0x80, 0x18, 0x03, 0xC0, 0x6C, 0x0D, 0xEF, 0x1F, 0xC0, 0x63, 0x1B, 0x07, 0x00, 0x00, 0x81, 0xF9,
    0x8F, 0x82, 0x60, 0x3C, 0x0F, 0xC0, 0x70, 0x1E, 0x0D, 0x8C, 0x7C, 0xFF, 0xFF, 0xFC, 0x18, 0x03,
    0x00, 0x60, 0x0C, 0x01, 0x80, 0x30, 0x06, 0x00, 0xC0, 0x18, 0x03, 0x00, 0x60, 0x0C, 0x01, 0x80,
    0x20, 0x07, 0x00, 0x20, 0x1C, 0x00, 0x30, 0x60, 0xC7, 0xE3, 0x06, 0x0C, 0x18, 0x30, 0x60, 0xC1,
    0x83, 0xC3, 0x82, 0x07, 0x06, 0x3C, 0x39, 0x81, 0x60, 0x38, 0x00, 0x00, 0x01, 0xFF, 0xFF, 0xF8,
    0x30, 0x06, 0x00, 0xC0, 0x18, 0x03, 0x00, 0x60, 0x0C, 0x01, 0x80, 0x30, 0x06, 0x00, 0xC0, 0x18,
    0x03, 0x00, 0x06, 0x0C, 0x11, 0xA3, 0x06, 0x3F, 0x18, 0x30, 0x60, 0xC1, 0x83, 0x06, 0x0C, 0x1E,
    0x1C, 0xFF, 0xFF, 0xFC, 0x18, 0x03, 0x00, 0x60, 0x0C, 0x01, 0x81, 0xFE, 0x06, 0x00, 0xC0, 0x18,
    0x03, 0x00, 0x60, 0x0C, 0x01, 0x80, 0x30, 0xC3, 0x3F, 0x30, 0xCF, 0xFF, 0x30, 0xC3, 0x0C, 0x3C,
    0x70, 0x08, 0x01, 0xF8, 0x13, 0x00, 0x00, 0x00, 0x0C, 0x03, 0xC0, 0x3C, 0x03, 0xC0, 0x3C, 0x03,
    0xC0, 0x3C, 0x03, 0xC0, 0x3C, 0x03, 0xC0, 0x3C, 0x03, 0xC0, 0x6E, 0x06, 0x7F, 0xC1, 0xF8, 0x20,
    0x3F, 0x11, 0x00, 0x00, 0x04, 0x0E, 0x07, 0x03, 0x81, 0xC0, 0xE0, 0x70, 0x3C, 0x1E, 0x1F, 0xFE,
    0xFB, 0x1F, 0x80, 0x00, 0x00, 0x00, 0x00, 0xC0, 0x3C, 0x03, 0xC0, 0x3C, 0x03, 0xC0, 0x3C, 0x03,
    0xC0, 0x3C, 0x03, 0xC0, 0x3C, 0x03, 0xC0, 0x3C, 0x06, 0xE0, 0x67, 0xFC, 0x1F, 0x80, 0x7E, 0x00,
    0x00, 0x00, 0x08, 0x1C, 0x0E, 0x07, 0x03, 0x81, 0xC0, 0xE0, 0x78, 0x3C, 0x3F, 0xFD, 0xF6, 0x11,
    0x81, 0x90, 0x0E, 0x00, 0x00, 0x00, 0x0C, 0x03, 0xC0, 0x3C, 0x03, 0xC0, 0x3C, 0x03, 0xC0, 0x3C,
    0x03, 0xC0, 0x3C, 0x03, 0xC0, 0x3C, 0x03, 0xC0, 0x6E, 0x06, 0x7F, 0xC1, 0xF8, 0x62, 0x13, 0x0F,
    0x00, 0x00, 0x04, 0x0E, 0x07, 0x03, 0x81, 0xC0, 0xE0, 0x70, 0x3C, 0x1E, 0x1F, 0xFE, 0xFB, 0x06,
    0x01, 0xF0, 0x19, 0x01, 0x90, 0x0F, 0x00, 0x00, 0xC0, 0x3C, 0x03, 0xC0, 0x3C, 0x03, 0xC0, 0x3C,
    0x03, 0xC0, 0x3C, 0x03, 0xC0, 0x3C, 0x03, 0xC0, 0x3C, 0x06, 0xE0, 0x67, 0xFC, 0x1F, 0x80, 0x3C,
    0x13, 0x19, 0x86, 0xC1, 0xC0, 0x02, 0x07, 0x03, 0x81, 0xC0, 0xE0, 0x70, 0x38, 0x1E, 0x0F, 0x0F,
    0xFF, 0x7D, 0x80, 0x0D, 0xC1, 0x98, 0x13, 0x00, 0x00, 0x00, 0x0C, 0x03, 0xC0, 0x3C, 0x03, 0xC0,
    0x3C, 0x03, 0xC0, 0x3C, 0x03, 0xC0, 0x3C, 0x03, 0xC0, 0x3C, 0x03, 0xC0, 0x6E, 0x06, 0x7F, 0xC1,
    0xF8, 0x33, 0x13, 0x1B, 0x00, 0x00, 0x04, 0x0E, 0x07, 0x03, 0x81, 0xC0, 0xE0, 0x70, 0x3C, 0x1E,
    0x1F, 0xFE, 0xFB, 0xC0, 0x3C, 0x03, 0xC0, 0x3C, 0x03, 0xC0, 0x3C, 0x03, 0xC0, 0x3C, 0x03, 0xC0,
    0x3C, 0x03, 0xC0, 0x3C, 0x06, 0xE0, 0x67, 0xFC, 0x1F, 0x80, 0x60, 0x0C, 0x00, 0xC0, 0x0F, 0x00,
    0x81, 0xC0, 0xE0, 0x70, 0x38, 0x1C, 0x0E, 0x07, 0x83, 0xC3, 0xFF, 0xDF, 0x60, 0x60, 0x60, 0x30,
    0x1E, 0x00, 0xC0, 0x00, 0x34, 0x00, 0x0C, 0xE0, 0x00, 0x00, 0x00, 0x00, 0x01, 0x81, 0xC0, 0xF0,
    0x38, 0x1E, 0x0F, 0x06, 0x41, 0xA0, 0xCC, 0x36, 0x19, 0x84, 0xC2, 0x31, 0x98, 0xC2, 0x31, 0x18,
    0x66, 0x33, 0x0C, 0x86, 0x41, 0xB0, 0xD8, 0x16, 0x0B, 0x03, 0xC1, 0xE0, 0x70, 0x38, 0x06, 0x07,
    0x00, 0x03, 0x80, 0x0D, 0x80, 0x31, 0x80, 0x00, 0x00, 0x00, 0x18, 0x70, 0xF0, 0xE1, 0xA1, 0x42,
    0x62, 0xCC, 0xCD, 0x99, 0x9B, 0x31, 0xA2, 0x43, 0xC7, 0x87, 0x8F, 0x06, 0x0C, 0x0C, 0x18, 0x06,
    0x00, 0x78, 0x06, 0x60, 0x00, 0x00, 0x00, 0xE0, 0x19, 0x81, 0xCC, 0x0C, 0x30, 0xC1, 0xC6, 0x06,
    0x60, 0x1E, 0x00, 0xF0, 0x03, 0x00, 0x18, 0x00, 0xC0, 0x06, 0x00, 0x30, 0x01, 0x80, 0x0C, 0x00,
    0x0C, 0x07, 0x83, 0x30, 0x00, 0x00, 0x30, 0x3C, 0x19, 0x86, 0x61, 0x98, 0xC3, 0x30, 0xCC, 0x16,
    0x07, 0x81, 0xC0, 0x30, 0x0C, 0x06, 0x01, 0x83, 0xC0, 0x18, 0x80, 0xCC, 0x06, 0x60, 0x00, 0x00,
    0x00, 0xE0, 0x19, 0x81, 0xCC, 0x0C, 0x30, 0xC1, 0xC6, 0x06, 0x60, 0x1E, 0x00, 0xF0, 0x03, 0x00,
    0x18, 0x00, 0xC0, 0x06, 0x00, 0x30, 0x01, 0x80, 0x0C, 0x00, 0x03, 0x00, 0x40, 0x18, 0x00, 0x00,
    0x01, 0xFF, 0xFF, 0xF8, 0x06, 0x01, 0x80, 0x70, 0x0C, 0x03, 0x00, 0xE0, 0x18, 0x06, 0x01, 0xC0,
    0x30, 0x0C, 0x03, 0xFF, 0xFF, 0xF0, 0x06, 0x02, 0x03, 0x00, 0x00, 0x07, 0xFC, 0x06, 0x06, 0x06,
    0x06, 0x07, 0x03, 0x03, 0x03, 0x03, 0xFF, 0xFF, 0x04, 0x01, 0xC0, 0x10, 0x00, 0x00, 0x01, 0xFF,
    0xFF, 0xF8, 0x06, 0x01, 0x80, 0x70, 0x0C, 0x03, 0x00, 0xE0, 0x18, 0x06, 0x01, 0xC0, 0x30, 0x0C,
    0x03, 0xFF, 0xFF, 0xF0, 0x08, 0x0E, 0x02, 0x00, 0x00, 0x07, 0xFC, 0x06, 0x06, 0x06, 0x06, 0x07,
    0x03, 0x03, 0x03, 0x03, 0xFF, 0xFF, 0x31, 0x83, 0x60, 0x38, 0x00, 0x00, 0x01, 0xFF, 0xFF, 0xF8,
    0x06, 0x01, 0x80, 0x70, 0x0C, 0x03, 0x00, 0xE0, 0x18, 0x06, 0x01, 0xC0, 0x30, 0x0C, 0x03, 0xFF,
    0xFF, 0xF0, 0x63, 0x1B, 0x07, 0x00, 0x00, 0x07, 0xFC, 0x06, 0x06, 0x06, 0x06, 0x07, 0x03, 0x03,
    0x03, 0x03, 0xFF, 0xFF, 0x7F, 0xB1, 0x08, 0x42, 0x10, 0x84, 0x21, 0x08, 0x42, 0x10, 0x00, 0x0C,
    0x00, 0x30, 0xFF, 0x8F, 0x3C, 0x30, 0x31, 0x80, 0x66, 0x01, 0xB0, 0x03, 0xC0, 0x0F, 0x00, 0x3C,
    0x00, 0xF0, 0x03, 0x60, 0x19, 0x80, 0x63, 0x03, 0x07, 0xF8, 0x0F, 0xC0, 0x00, 0x60, 0x0C, 0x11,
    0x9F, 0xE7, 0x18, 0xC1, 0xB0, 0x36, 0x02, 0xC0, 0x58, 0x1B, 0x03, 0x30, 0x67, 0x38, 0x7E, 0x00,
    0x00, 0x0C, 0x00, 0x3C, 0x03, 0xB0, 0x0C, 0xC0, 0x33, 0x00, 0xCC, 0x03, 0x30, 0x0C, 0xC0, 0x33,
    0x00, 0xCC, 0x03, 0x30, 0x0C, 0xC0, 0x33, 0x01, 0x8E, 0x06, 0x1F, 0xF0, 0x1F, 0x80, 0x00, 0x40,
    0x10, 0x06, 0x07, 0x81, 0xA0, 0x68, 0x1A, 0x06, 0x81, 0xA0, 0x6C, 0x1B, 0x0E, 0xFF, 0x9F, 0x60,
    0x00, 0x01, 0x8D, 0xFE, 0x00, 0xB3, 0xFF, 0x01, 0xC6, 0x06, 0x00, 0x0C, 0x06, 0x00, 0x18, 0x0C,
    0x3F, 0xF0, 0x0C, 0x01, 0xE0, 0x18, 0x06, 0xC0, 0x30, 0x19, 0x80, 0x60, 0x63, 0x00, 0xC0, 0xC6,
    0x03, 0x03, 0x0C, 0x06, 0x0C, 0x18, 0x18, 0x30, 0x3F, 0xE0, 0xFF, 0xFF, 0x81, 0xFF, 0x00, 0x03,
    0x18, 0x03, 0x06, 0xC0, 0x0C, 0x0E, 0x00, 0x30, 0x00, 0x08, 0xC0, 0x00, 0xFB, 0x1F, 0xF7, 0x1C,
    0x01, 0x98, 0x30, 0x06, 0xC0, 0xC0, 0x33, 0x03, 0x01, 0x8C, 0x0C, 0x0C, 0x30, 0x30, 0x70, 0xC0,
    0xC1, 0x81, 0x87, 0x0C, 0x07, 0x3C, 0x7F, 0xCF, 0xB1, 0xFF, 0xC0, 0x00, 0x3C, 0x00, 0x03, 0xC0,
    0x00, 0x3C, 0x00, 0x03, 0xC0, 0x00, 0x3C, 0x00, 0x03, 0xC0, 0x00, 0x3C, 0x00, 0x03, 0xC0, 0x00,
    0x3C, 0x00, 0x03, 0xC0, 0x18, 0x3C, 0x01, 0x83, 0xC0, 0x18, 0x7F, 0xF8, 0xFE, 0xFF, 0x87, 0xC0,
    0x00, 0x0B, 0x00, 0x7C, 0x00, 0xB0, 0x00, 0xC0, 0x03, 0x00, 0x6C, 0x01, 0xB0, 0x06, 0xC0, 0x1B,
    0x00, 0x6C, 0x01, 0xB0, 0x06, 0xC0, 0x1B, 0x00, 0x6F, 0xF9, 0xBF, 0xE6, 0x00, 0x18, 0x00, 0x60,
    0x03, 0x80, 0x0C, 0x05, 0x1E, 0x14, 0x08, 0x10, 0xA1, 0x42, 0x85, 0x0A, 0x14, 0x28, 0x50, 0xA1,
    0x42, 0x04, 0x08, 0x30, 0xC0, 0xE0, 0x30, 0x03, 0xE0, 0x30, 0x03, 0xF0, 0x30, 0x03, 0xF0, 0x30,
    0x03, 0xD8, 0x30, 0x03, 0xCC, 0x30, 0x03, 0xCC, 0x30, 0x03, 0xC6, 0x30, 0x03, 0xC7, 0x30, 0x03,
    0xC3, 0x30, 0x03, 0xC1, 0xB1, 0x83, 0xC1, 0xB1, 0x83, 0xC0, 0xF1, 0x86, 0xC0, 0x70, 0xFE, 0xC0,
    0x70, 0x7C, 0x00, 0x00, 0xB8, 0x0C, 0x7E, 0x03, 0x1B, 0xC0, 0xC0, 0xF0, 0x30, 0x36, 0x0C, 0x6C,
    0xC3, 0x1B, 0x30, 0xC6, 0xC6, 0x31, 0xB1, 0xCC, 0x6C, 0x33, 0x1B, 0x06, 0xC6, 0xC1, 0xB1, 0xB0,
    0x3C, 0x6C, 0x07, 0x1B, 0x01, 0xC6, 0x00, 0x01, 0x80, 0x00, 0x60, 0x00, 0x38, 0x00, 0x1C, 0x00,
    0x08, 0x00, 0x30, 0x00, 0xC0, 0x00, 0x08, 0x02, 0xFC, 0x3E, 0x30, 0xF0, 0x63, 0x81, 0x8E, 0x06,
    0x38, 0x18, 0xE0, 0x63, 0x81, 0x8E, 0x06, 0x38, 0x18, 0xE0, 0x63, 0x00, 0x0C, 0x00, 0x30, 0x01,
    0x80, 0x0E, 0x19, 0x80, 0x68, 0x01, 0x80, 0x00, 0x00, 0x00, 0x03, 0x80, 0x3C, 0x01, 0xE0, 0x0D,
    0x80, 0xCC, 0x06, 0x60, 0x31, 0x83, 0x0C, 0x18, 0x60, 0xFF, 0x8F, 0xFC, 0x60, 0x36, 0x01, 0xB0,
    0x0D, 0x80, 0x30, 0x63, 0x0B, 0x07, 0x00, 0x00, 0x83, 0xFB, 0x8E, 0x83, 0x01, 0x87, 0xDF, 0xF8,
    0x3C, 0x1E, 0x0F, 0x9E, 0xFB, 0xCD, 0x63, 0x00, 0x00, 0xC3, 0x0C, 0x30, 0xC3, 0x0C, 0x30, 0xC3,
    0x0C, 0x30, 0xC3, 0x0C, 0xC6, 0xD8, 0xE0, 0x00, 0x02, 0x04, 0x08, 0x10, 0x20, 0x40, 0x81, 0x02,
    0x04, 0x08, 0x0C, 0xC0, 0x1E, 0x00, 0x30, 0x00, 0x00, 0x00, 0x00, 0x3F, 0x03, 0xCF, 0x0C, 0x0C,
    0x60, 0x19, 0x80, 0x6C, 0x00, 0xF0, 0x03, 0xC0, 0x0F, 0x00, 0x3C, 0x00, 0xD8, 0x06, 0x60, 0x18,
    0xC0, 0xC1, 0xFE, 0x03, 0xF0, 0x33, 0x86, 0x80, 0xE0, 0x00, 0x04, 0x0F, 0xC7, 0x19, 0x83, 0xC0,
    0xF0, 0x1C, 0x07, 0x03, 0xC0, 0xD8, 0x37, 0x38, 0xFC, 0x39, 0x80, 0xB0, 0x0E, 0x00, 0x00, 0x00,
    0x0C, 0x03, 0xC0, 0x3C, 0x03, 0xC0, 0x3C, 0x03, 0xC0, 0x3C, 0x03, 0xC0, 0x3C, 0x03, 0xC0, 0x3C,
    0x03, 0xC0, 0x6E, 0x06, 0x7F, 0xC1, 0xF8, 0x66, 0x1E, 0x06, 0x00, 0x00, 0x04, 0x0E, 0x07, 0x03,
    0x81, 0xC0, 0xE0, 0x70, 0x3C, 0x1E, 0x1F, 0xFE, 0xFB, 0x1F, 0x80, 0x00, 0x00, 0x03, 0x98, 0x19,
    0x80, 0x00, 0x00, 0x0C, 0x03, 0xC0, 0x3C, 0x03, 0xC0, 0x3C, 0x03, 0xC0, 0x3C, 0x03, 0xC0, 0x3C,
    0x03, 0xC0, 0x3C, 0x03, 0xC0, 0x6E, 0x06, 0x7F, 0xC1, 0xF8, 0x7E, 0x00, 0x00, 0x0C, 0xE6, 0x60,
    0x00, 0x01, 0x03, 0x81, 0xC0, 0xE0, 0x70, 0x38, 0x1C, 0x0F, 0x07, 0x87, 0xFF, 0xBE, 0xC0, 0x03,
    0x00, 0x20, 0x06, 0x00, 0x00, 0x39, 0x81, 0x98, 0x00, 0x00, 0x00, 0xC0, 0x3C, 0x03, 0xC0, 0x3C,
    0x03, 0xC0, 0x3C, 0x03, 0xC0, 0x3C, 0x03, 0xC0, 0x3C, 0x03, 0xC0, 0x3C, 0x06, 0xE0, 0x67, 0xFC,
    0x1F, 0x80, 0x0E, 0x06, 0x06, 0x00, 0x06, 0x73, 0x30, 0x00, 0x00, 0x81, 0xC0, 0xE0, 0x70, 0x38,
    0x1C, 0x0E, 0x07, 0x83, 0xC3, 0xFF, 0xDF, 0x60, 0x19, 0x80, 0xF0, 0x06, 0x00, 0x00, 0x39, 0x81,
    0x98, 0x00, 0x00, 0x00, 0xC0, 0x3C, 0x03, 0xC0, 0x3C, 0x03, 0xC0, 0x3C, 0x03, 0xC0, 0x3C, 0x03,
    0xC0, 0x3C, 0x03, 0xC0, 0x3C, 0x06, 0xE0, 0x67, 0xFC, 0x1F, 0x80, 0x66, 0x1E, 0x06, 0x00, 0x06,
    0x73, 0x30, 0x00, 0x00, 0x81, 0xC0, 0xE0, 0x70, 0x38, 0x1C, 0x0E, 0x07, 0x83, 0xC3, 0xFF, 0xDF,
    0x60, 0x18, 0x00, 0xC0, 0x04, 0x00, 0x00, 0x39, 0x81, 0x98, 0x00, 0x00, 0x00, 0xC0, 0x3C, 0x03,
    0xC0, 0x3C, 0x03, 0xC0, 0x3C, 0x03, 0xC0, 0x3C, 0x03, 0xC0, 0x3C, 0x03, 0xC0, 0x3C, 0x06, 0xE0,
    0x67, 0xFC, 0x1F, 0x80, 0x70, 0x08, 0x06, 0x00, 0x06, 0x73, 0x30, 0x00, 0x00, 0x81, 0xC0, 0xE0,
    0x70, 0x38, 0x1C, 0x0E, 0x07, 0x83, 0xC3, 0xFF, 0xDF, 0x60, 0x0C, 0x1F, 0xCE, 0x19, 0x03, 0x00,
    0xC0, 0x3F, 0xFF, 0x03, 0xC0, 0xD8, 0x67, 0xF8, 0xFC, 0x1F, 0x80, 0x00, 0x00, 0x00, 0x33, 0x81,
    0x98, 0x00, 0x00, 0x00, 0x00, 0xE0, 0x0F, 0x00, 0x78, 0x03, 0x60, 0x33, 0x01, 0x98, 0x0C, 0x60,
    0xC3, 0x06, 0x18, 0x3F, 0xE3, 0xFF, 0x18, 0x0D, 0x80, 0x6C, 0x03, 0x60, 0x0C, 0x3F, 0x00, 0x00,
    0x0E, 0x63, 0x30, 0x00, 0x20, 0xFE, 0xE3, 0xA0, 0xC0, 0x61, 0xF7, 0xFE, 0x0F, 0x07, 0x83, 0xE7,
    0xBE, 0xC0, 0x1F, 0x80, 0x00, 0x00, 0x00, 0x0E, 0x00, 0x60, 0x00, 0x00, 0x00, 0x00, 0xE0, 0x0F,
    0x00, 0x78, 0x03, 0x60, 0x33, 0x01, 0x98, 0x0C, 0x60, 0xC3, 0x06, 0x18, 0x3F, 0xE3, 0xFF, 0x18,
    0x0D, 0x80, 0x6C, 0x03, 0x60, 0x0C, 0x3F, 0x00, 0x00, 0x03, 0x80, 0xC0, 0x00, 0x20, 0xFE, 0xE3,
    0xA0, 0xC0, 0x61, 0xF7, 0xFE, 0x0F, 0x07, 0x83, 0xE7, 0xBE, 0xC0, 0x00, 0x3E, 0x00, 0x00, 0x00,
    0x00, 0x00, 0x00, 0x00, 0x03, 0xFF, 0xC0, 0xDF, 0xF0, 0x26, 0x00, 0x19, 0x80, 0x06, 0x60, 0x03,
    0x18, 0x00, 0xC6, 0x00, 0x61, 0xFF, 0x18, 0x60, 0x0F, 0xF8, 0x03, 0xFE, 0x01, 0x81, 0x80, 0x60,
    0x60, 0x30, 0x1F, 0xFC, 0x07, 0xFC, 0x03, 0xE0, 0x00, 0x00, 0x00, 0x00, 0x01, 0x01, 0x07, 0xF7,
    0xE7, 0x1F, 0x19, 0x07, 0x06, 0x03, 0x03, 0x1F, 0xFF, 0xBF, 0xFF, 0xF8, 0x60, 0x18, 0x30, 0x0C,
    0x1C, 0x1F, 0x3F, 0x39, 0xF9, 0xF8, 0x0F, 0xC0, 0xF3, 0xC3, 0x03, 0x18, 0x06, 0x60, 0x1B, 0x00,
    0x0C, 0x00, 0x30, 0x7E, 0xC1, 0xFB, 0x00, 0x66, 0x1F, 0xD8, 0x06, 0x30, 0x30, 0xFF, 0xC0, 0xFC,
    0x00, 0x08, 0x01, 0xFE, 0x1C, 0x70, 0xC1, 0x8C, 0x0C, 0x60, 0x63, 0x0F, 0xF8, 0x18, 0xC0, 0xC3,
    0x0E, 0x0F, 0xF0, 0x3D, 0x80, 0x0C, 0x20, 0x61, 0x87, 0x07, 0xF0, 0x04, 0x00, 0x0C, 0xC0, 0x3C,
    0x00, 0xC0, 0x00, 0x00, 0x00, 0x07, 0xE0, 0xF3, 0xC6, 0x06, 0x60, 0x1B, 0x00, 0xF0, 0x01, 0x80,
    0x0C, 0x1F, 0xE0, 0xFF, 0x00, 0x6C, 0x03, 0x60, 0x19, 0x81, 0x8F, 0xFC, 0x1F, 0x80, 0x33, 0x07,
    0x80, 0xC0, 0x00, 0x08, 0x0F, 0xF7, 0x1D, 0x83, 0xC0, 0xF0, 0x3C, 0x0F, 0x03, 0xC0, 0xD8, 0x73,
    0xFC, 0x7B, 0x00, 0xD0, 0x36, 0x1C, 0xFE, 0x04, 0x00, 0x33, 0x03, 0x40, 0x30, 0x00, 0x00, 0x01,
    0x81, 0xF0, 0x76, 0x1C, 0xC7, 0x18, 0xC3, 0x30, 0x6C, 0x0F, 0xC1, 0xDC, 0x31, 0x86, 0x18, 0xC1,
    0x98, 0x3B, 0x03, 0x60, 0x30, 0xC6, 0x06, 0xC0, 0x38, 0x00, 0x00, 0x00, 0x01, 0x00, 0x10, 0x01,
    0x00, 0x10, 0x11, 0x06, 0x10, 0xC1, 0x18, 0x13, 0x01, 0x60, 0x1F, 0x01, 0xB8, 0x11, 0x81, 0x0C,
    0x10, 0x61, 0x07, 0x0F, 0xC0, 0xF3, 0xC3, 0x03, 0x18, 0x06, 0x60, 0x1B, 0x00, 0x3C, 0x00, 0xF0,
    0x03, 0xC0, 0x0F, 0x00, 0x36, 0x01, 0x98, 0x06, 0x30, 0x30, 0x7F, 0x80, 0xFC, 0x00, 0xC0, 0x06,
    0x00, 0x18, 0x00, 0x78, 0x00, 0x04, 0x0F, 0xC7, 0x19, 0x83, 0xC0, 0xF0, 0x1C, 0x07, 0x03, 0xC0,
    0xD8, 0x37, 0x38, 0xFC, 0x06, 0x02, 0x01, 0x80, 0x3C, 0x0F, 0xC0, 0x00, 0x00, 0x00, 0x00, 0x00,
    0x0F, 0xC0, 0xF3, 0xC3, 0x03, 0x18, 0x06, 0x60, 0x1B, 0x00, 0x3C, 0x00, 0xF0, 0x03, 0xC0, 0x0F,
    0x00, 0x36, 0x01, 0x98, 0x06, 0x30, 0x30, 0x7F, 0x80, 0xFC, 0x00, 0xC0, 0x06, 0x00, 0x18, 0x00,
    0x78, 0x00, 0x3F, 0x00, 0x00, 0x00, 0x10, 0x3F, 0x1C, 0x66, 0x0F, 0x03, 0xC0, 0x70, 0x1C, 0x0F,
    0x03, 0x60, 0xDC, 0xE3, 0xF0, 0x18, 0x08, 0x06, 0x00, 0xF0, 0x19, 0x80, 0xF0, 0x06, 0x00, 0x00,
    0x00, 0x07, 0xFF, 0x7F, 0xE0, 0x0C, 0x01, 0xC0, 0x38, 0x07, 0x00, 0xE0, 0x0F, 0x80, 0x3C, 0x00,
    0x60, 0x07, 0x00, 0x30, 0x03, 0x00, 0x3C, 0x03, 0xC0, 0x36, 0x06, 0x78, 0xE3, 0xF8, 0x31, 0x83,
    0x60, 0x38, 0x00, 0x00, 0x00, 0xFF, 0x9F, 0xF0, 0x0C, 0x03, 0x00, 0xC0, 0x30, 0x07, 0x00, 0xF8,
    0x01, 0x80, 0x18, 0x03, 0xC0, 0x6C, 0x19, 0xFF, 0x1F, 0x80, 0xC6, 0xD8, 0xE0, 0x00, 0x02, 0x04,
    0x08, 0x10, 0x20, 0x40, 0x81, 0x02, 0x04, 0x08, 0x10, 0x20, 0xC3, 0x00, 0xFF, 0x03, 0xFF, 0xFF,
    0xE1, 0xFF, 0xF0, 0x30, 0x00, 0xD8, 0x0C, 0x00, 0xCC, 0x06, 0x00, 0xE6, 0x01, 0x80, 0x63, 0x00,
    0xC0, 0x61, 0x80, 0x60, 0x70, 0xC0, 0x30, 0x30, 0x60, 0x18, 0x30, 0x30, 0x18, 0x38, 0x18, 0x0C,
    0x18, 0x0C, 0x0C, 0x18, 0x07, 0xFC, 0x1F, 0xFF, 0xFC, 0x0F, 0xFE, 0xFF, 0x00, 0x01, 0xFF, 0x80,
    0x03, 0x03, 0x00, 0x06, 0x03, 0x00, 0x0C, 0x06, 0x1F, 0xF8, 0x06, 0x00, 0xF0, 0x0C, 0x03, 0x60,
    0x18, 0x0C, 0xC0, 0x30, 0x31, 0x80, 0x60, 0x63, 0x01, 0x81, 0x86, 0x03, 0x06, 0x0C, 0x0C, 0x18,
    0x1F, 0xF0, 0x7F, 0xFF, 0xC0, 0xFF, 0x80, 0x00, 0xC0, 0x00, 0x03, 0x00, 0x00, 0x0C, 0x00, 0x02,
    0x30, 0x00, 0x3E, 0xC7, 0xFD, 0xC7, 0x00, 0x66, 0x0C, 0x01, 0xB0, 0x30, 0x0C, 0xC0, 0xC0, 0x63,
    0x03, 0x03, 0x0C, 0x0C, 0x1C, 0x30, 0x30, 0x60, 0x61, 0xC3, 0x01, 0xCF, 0x1F, 0xF3, 0xEC, 0x7F,
    0xC0, 0x01, 0xC0, 0x0C, 0x00, 0xC0, 0x00, 0x00, 0x00, 0x07, 0xE0, 0xF3, 0xC6, 0x06, 0x60, 0x1B,
    0x00, 0xF0, 0x01, 0x80, 0x0C, 0x1F, 0xE0, 0xFF, 0x00, 0x6C, 0x03, 0x60, 0x19, 0x81, 0x8F, 0xFC,
    0x1F, 0x80, 0x03, 0x01, 0x80, 0xC0, 0x00, 0x08, 0x0F, 0xF7, 0x1D, 0x83, 0xC0, 0xF0, 0x3C, 0x0F,
    0x03, 0xC0, 0xD8, 0x73, 0xFC, 0x7B, 0x00, 0xD0, 0x36, 0x1C, 0xFE, 0x04, 0x00, 0xC0, 0x30, 0x0C,
    0x03, 0x00, 0xC0, 0x30, 0x0C, 0x03, 0x00, 0xC0, 0x30, 0x3C, 0x03, 0x03, 0xC0, 0x30, 0x3F, 0xFF,
    0x03, 0xC0, 0x30, 0x3C, 0x03, 0x03, 0xC0, 0x30, 0x3C, 0x03, 0x03, 0xC0, 0x30, 0x6C, 0x01, 0xFE,
    0xC0, 0x0F, 0xC0, 0xFF, 0x9E, 0x7B, 0x03, 0x60, 0x3C, 0x07, 0x80, 0xF0, 0x1E, 0x03, 0xC0, 0x78,
    0x1F, 0x03, 0x60, 0xEC, 0x39, 0x8E, 0x37, 0x87, 0xC0, 0xE0, 0x18, 0x03, 0x00, 0x00, 0x18, 0x00,
    0xC0, 0x04, 0x00, 0x20, 0x00, 0x0E, 0x03, 0xE0, 0x3F, 0x03, 0xF0, 0x3D, 0x83, 0xCC, 0x3C, 0xC3,
    0xC6, 0x3C, 0x73, 0xC3, 0x3C, 0x1B, 0xC1, 0xBC, 0x0F, 0xC0, 0x7C, 0x07, 0x70, 0x18, 0x06, 0x00,
    0x00, 0x85, 0xFB, 0x8D, 0x83, 0x81, 0xC0, 0xE0, 0x70, 0x38, 0x1C, 0x0E, 0x07, 0x03, 0x03, 0x80,
    0x10, 0x01, 0x80, 0x1E, 0x01, 0x98, 0x04, 0xC0, 0x3C, 0x00, 0x00, 0x07, 0x00, 0x78, 0x03, 0xC0,
    0x1B, 0x01, 0x98, 0x0C, 0xC0, 0x63, 0x06, 0x18, 0x30, 0xC1, 0xFF, 0x1F, 0xF8, 0xC0, 0x6C, 0x03,
    0x60, 0x1B, 0x00, 0x60, 0x06, 0x06, 0x00, 0x03, 0xC3, 0x21, 0x10, 0xD8, 0x38, 0x08, 0x3F, 0xB8,
    0xE8, 0x30, 0x18, 0x7D, 0xFF, 0x83, 0xC1, 0xE0, 0xF9, 0xEF, 0xB0, 0x00, 0x06, 0x00, 0x03, 0x00,
    0x00, 0xC0, 0x00, 0x00, 0x00, 0x00, 0x00, 0xFF, 0xF0, 0x37, 0xFC, 0x09, 0x80, 0x06, 0x60, 0x01,
    0x98, 0x00, 0xC6, 0x00, 0x31, 0x80, 0x18, 0x7F, 0xC6, 0x18, 0x03, 0xFE, 0x00, 0xFF, 0x80, 0x60,
    0x60, 0x18, 0x18, 0x0C, 0x07, 0xFF, 0x01, 0xFF, 0x00, 0x60, 0x00, 0x60, 0x00, 0x30, 0x00, 0x00,
    0x00, 0x80, 0x83, 0xFB, 0xF3, 0x8F, 0x8C, 0x83, 0x83, 0x01, 0x81, 0x8F, 0xFF, 0xDF, 0xFF, 0xFC,
    0x30, 0x0C, 0x18, 0x06, 0x0E, 0x0F, 0x9F, 0x9C, 0xFC, 0xFC, 0x01, 0xC0, 0x06, 0x00, 0x30, 0x00,
    0x00, 0x00, 0x10, 0x3F, 0x63, 0xCF, 0x0C, 0x1C, 0x60, 0x79, 0x83, 0x6C, 0x18, 0xF0, 0x63, 0xC3,
    0x0F, 0x18, 0x3C, 0x60, 0xDB, 0x06, 0x78, 0x18, 0xC0, 0xC3, 0xFE, 0x1B, 0xF0, 0x03, 0x00, 0xC0,
    0x10, 0x04, 0x00, 0x44, 0x7F, 0xDC, 0x63, 0x0E, 0xC3, 0xD8, 0xCB, 0x31, 0x6C, 0x6F, 0x0C, 0xC1,
    0x9C, 0xE7, 0xF8, 0x37, 0x00, 0x98, 0x06, 0x40, 0x01, 0x00, 0x00, 0x03, 0x80, 0x3C, 0x01, 0xE0,
    0x0D, 0x80, 0xCC, 0x06, 0x60, 0x31, 0x83, 0x0C, 0x18, 0x60, 0xFF, 0x8F, 0xFC, 0x60, 0x36, 0x01,
    0xB0, 0x0D, 0x80, 0x30, 0xCC, 0x32, 0x0D, 0x80, 0x00, 0x83, 0xFB, 0x8E, 0x83, 0x01, 0x87, 0xDF,
    0xF8, 0x3C, 0x1E, 0x0F, 0x9E, 0xFB, 0x0F, 0x00, 0xCC, 0x04, 0x20, 0x00, 0x00, 0x00, 0x03, 0x80,
    0x3C, 0x01, 0xE0, 0x0D, 0x80, 0xCC, 0x06, 0x60, 0x31, 0x83, 0x0C, 0x18, 0x60, 0xFF, 0x8F, 0xFC,
    0x60, 0x36, 0x01, 0xB0, 0x0D, 0x80, 0x30, 0x1E, 0x19, 0x08, 0xC0, 0x00, 0x83, 0xFB, 0x8E, 0x83,
    0x01, 0x87, 0xDF, 0xF8, 0x3C, 0x1E, 0x0F, 0x9E, 0xFB, 0xCC, 0x36, 0x09, 0x82, 0x00, 0x07, 0xFF,
    0xFF, 0x80, 0xC0, 0x60, 0x30, 0x1F, 0xFF, 0xFE, 0x03, 0x01, 0x80, 0xC0, 0x60, 0x3F, 0xFF, 0xF0,
    0xEC, 0x19, 0x83, 0x20, 0x04, 0x04, 0x0F, 0xC7, 0x19, 0x83, 0xC0, 0xFF, 0xFF, 0xFF, 0x00, 0xC0,
    0x18, 0x37, 0x38, 0x7C, 0x1C, 0x1B, 0x18, 0xC0, 0x00, 0x07, 0xFF, 0xFF, 0x80, 0xC0, 0x60, 0x30,
    0x1F, 0xFF, 0xFE, 0x03, 0x01, 0x80, 0xC0, 0x60, 0x3F, 0xFF, 0xF0, 0x1E, 0x0C, 0xC2, 0x10, 0x00,
    0x04, 0x0F, 0xC7, 0x19, 0x83, 0xC0, 0xFF, 0xFF, 0xFF, 0x00, 0xC0, 0x18, 0x37, 0x38, 0x7C, 0xCC,
    0xCC, 0xD8, 0x00, 0x01, 0x83, 0x06, 0x0C, 0x18, 0x30, 0x60, 0xC1, 0x83, 0x06, 0x0C, 0x18, 0x30,
    0x60, 0xCC, 0xD8, 0x98, 0x80, 0x01, 0x02, 0x04, 0x08, 0x10, 0x20, 0x40, 0x81, 0x02, 0x04, 0x7B,
    0x38, 0x40, 0x00, 0xC3, 0x0C, 0x30, 0xC3, 0x0C, 0x30, 0xC3, 0x0C, 0x30, 0xC3, 0x0C, 0x38, 0xDB,
    0x18, 0x00, 0x02, 0x04, 0x08, 0x10, 0x20, 0x40, 0x81, 0x02, 0x04, 0x08, 0x3B, 0x00, 0x66, 0x00,
    0xC8, 0x00, 0x00, 0x00, 0x00, 0x3F, 0x03, 0xCF, 0x0C, 0x0C, 0x60, 0x19, 0x80, 0x6C, 0x00, 0xF0,
    0x03, 0xC0, 0x0F, 0x00, 0x3C, 0x00, 0xD8, 0x06, 0x60, 0x18, 0xC0, 0xC1, 0xFE, 0x03, 0xF0, 0x6E,
    0x09, 0x83, 0x30, 0x00, 0x04, 0x0F, 0xC7, 0x19, 0x83, 0xC0, 0xF0, 0x1C, 0x07, 0x03, 0xC0, 0xD8,
    0x37, 0x38, 0xFC, 0x07, 0x80, 0x33, 0x00, 0x84, 0x00, 0x00, 0x00, 0x00, 0x3F, 0x03, 0xCF, 0x0C,
    0x0C, 0x60, 0x19, 0x80, 0x6C, 0x00, 0xF0, 0x03, 0xC0, 0x0F, 0x00, 0x3C, 0x00, 0xD8, 0x06, 0x60,
    0x18, 0xC0, 0xC1, 0xFE, 0x03, 0xF0, 0x1E, 0x0C, 0xC3, 0x10, 0x00, 0x04, 0x0F, 0xC7, 0x19, 0x83,
    0xC0, 0xF0, 0x1C, 0x07, 0x03, 0xC0, 0xD8, 0x37, 0x38, 0xFC, 0xCC, 0x0C, 0x80, 0xD8, 0x00, 0x00,
    0x01, 0xFE, 0x3F, 0xE6, 0x06, 0xC0, 0xD8, 0x1B, 0x03, 0x60, 0x6F, 0xF9, 0xFE, 0x30, 0xC6, 0x18,
    0xC1, 0x98, 0x33, 0x03, 0x60, 0x70, 0xCC, 0x99, 0x98, 0x00, 0x25, 0xCE, 0x18, 0x20, 0x40, 0x81,
    0x02, 0x04, 0x08, 0x10, 0x1C, 0x06, 0x40, 0x8C, 0x00, 0x00, 0x01, 0xFE, 0x3F, 0xE6, 0x06, 0xC0,
    0xD8, 0x1B, 0x03, 0x60, 0x6F, 0xF9, 0xFE, 0x30, 0xC6, 0x18, 0xC1, 0x98, 0x33, 0x03, 0x60, 0x70,
    0x79, 0x3C, 0x40, 0x05, 0x77, 0x18, 0x41, 0x04, 0x10, 0x41, 0x04, 0x10, 0x66, 0x03, 0x30, 0x1B,
    0x00, 0x00, 0x00, 0x0C, 0x03, 0xC0, 0x3C, 0x03, 0xC0, 0x3C, 0x03, 0xC0, 0x3C, 0x03, 0xC0, 0x3C,
    0x03, 0xC0, 0x3C, 0x03, 0xC0, 0x6E, 0x06, 0x7F, 0xC1, 0xF8, 0xEE, 0x09, 0x83, 0x20, 0x04, 0x00,
    0x10, 0x34, 0x0D, 0x03, 0x40, 0xD0, 0x34, 0x0D, 0x03, 0x60, 0xD8, 0x77, 0xFC, 0xFB, 0x0F, 0x01,
    0x98, 0x11, 0x80, 0x00, 0x00, 0x0C, 0x03, 0xC0, 0x3C, 0x03, 0xC0, 0x3C, 0x03, 0xC0, 0x3C, 0x03,
    0xC0, 0x3C, 0x03, 0xC0, 0x3C, 0x03, 0xC0, 0x6E, 0x06, 0x7F, 0xC1, 0xF8, 0x3C, 0x33, 0x10, 0x80,
    0x00, 0x04, 0x0E, 0x07, 0x03, 0x81, 0xC0, 0xE0, 0x70, 0x3C, 0x1E, 0x1F, 0xFE, 0xFB, 0x1F, 0x8F,
    0x39, 0x81, 0xB0, 0x36, 0x00, 0xC0, 0x0F, 0x00, 0xFC, 0x01, 0xC0, 0x0C, 0x01, 0xE0, 0x36, 0x06,
    0xF7, 0x8F, 0xE0, 0x00, 0x06, 0x01, 0x80, 0x30, 0x04, 0x00, 0x08, 0x1F, 0x98, 0xF8, 0x26, 0x03,
    0xC0, 0xFC, 0x07, 0x01, 0xE0, 0xD8, 0xC7, 0xC0, 0x00, 0x60, 0x60, 0x30, 0x10, 0x00, 0xFF, 0xFF,
    0xFC, 0x18, 0x03, 0x00, 0x60, 0x0C, 0x01, 0x80, 0x30, 0x06, 0x00, 0xC0, 0x18, 0x03, 0x00, 0x60,
    0x0C, 0x01, 0x80, 0x00, 0x06, 0x01, 0x80, 0x30, 0x06, 0x00, 0x30, 0xC3, 0x3F, 0x30, 0xC3, 0x0C,
    0x30, 0xC3, 0x0C, 0x3C, 0x70, 0x06, 0x10, 0xC3, 0x00, 0x3F, 0x8F, 0x79, 0x83, 0x70, 0x70, 0x0E,
    0x01, 0x80, 0x30, 0x0C, 0x07, 0xC3, 0xDD, 0xE1, 0xA0, 0x30, 0x06, 0x01, 0xC0, 0x30, 0x0E, 0x07,
    0x87, 0xC1, 0xE0, 0x00, 0x08, 0x1F, 0x98, 0xDC, 0x30, 0x18, 0x18, 0x1C, 0x1E, 0x79, 0xB0, 0xC0,
    0x60, 0x30, 0x38, 0x38, 0xF8, 0xF0, 0x39, 0x80, 0xB0, 0x0E, 0x00, 0x00, 0x00, 0x0C, 0x03, 0xC0,
    0x3C, 0x03, 0xC0, 0x3C, 0x03, 0xC0, 0x3F, 0xFF, 0xFF, 0xFC, 0x03, 0xC0, 0x3C, 0x03, 0xC0, 0x3C,
    0x03, 0xC0, 0x3C, 0x03, 0xC6, 0x06, 0xC0, 0x38, 0x00, 0x00, 0x00, 0x01, 0x00, 0x10, 0x01, 0x00,
    0x11, 0x01, 0x7E, 0x1C, 0x61, 0x83, 0x10, 0x31, 0x03, 0x10, 0x31, 0x03, 0x10, 0x31, 0x03, 0x10,
    0x31, 0x03, 0xD9, 0x80, 0x7B, 0x00, 0x30, 0xD3, 0x38, 0x41, 0xFC, 0x80, 0xFC, 0x87, 0x37, 0x80,
    0x5D, 0x00, 0xC5, 0x9F, 0x10, 0xE5, 0x80, 0x79, 0x3C, 0xDA, 0x38, 0xCE, 0xD0, 0xE0, 0xDC, 0x99,
    0x98, 0x6D, 0xBC, 0x80, 0x6D, 0xBC, 0x80, 0x6F, 0x20, 0x5D, 0x00, 0x6D, 0xE4, 0x9C, 0xF0, 0x7C,
    0xCF, 0xCE, 0xD0, 0xE0, 0x03, 0x02, 0x06, 0x04, 0x0C, 0x08, 0x18, 0x10, 0x30, 0x20, 0x60, 0x40,
    0xC0, 0x00, 0x30, 0x02, 0x00, 0x40, 0x0C, 0x00, 0x80, 0x10, 0x01, 0x00, 0x20, 0x06, 0x00, 0x40,
    0x08, 0x01, 0x80, 0x10, 0x02, 0x00, 0x20, 0x04, 0x00, 0xC0, 0x00, 0x21, 0xFC, 0x80, 0x6D, 0x60,
    0xFF, 0x0E, 0x1C, 0x30, 0xFF, 0xF0, 0x3F, 0xDE, 0xF7, 0xB0, 0xFF, 0x11, 0x0A, 0xFF, 0x78, 0x80,
    0x18, 0x70, 0x8F, 0xF9, 0xC2, 0x0E, 0x00, 0x67, 0x39, 0x9F, 0xE0, 0x24, 0x42, 0xFF, 0x42, 0x24,
    0x6F, 0xF6, 0x60, 0x00, 0x81, 0x83, 0xE0, 0xF0, 0xEF, 0xB8, 0x40, 0xE9, 0x7B, 0x3C, 0xCC, 0x30,
    0xDB, 0x9D, 0xB0, 0x1D, 0xCE, 0x07, 0x04, 0xC3, 0x8F, 0xC8, 0x00, 0xC1, 0x9E, 0xE3, 0xAB, 0x89,
    0x84, 0x40, 0xD7, 0x80, 0x5D, 0x00, 0x2B, 0x6F, 0x7F, 0x89, 0xD9, 0x76, 0x64, 0xF3, 0x20, 0xC0,
    0x0C, 0xE1, 0xC0, 0xFC, 0x00, 0xC0, 0x0C, 0xE1, 0xC0, 0xFC, 0x00, 0xFF, 0xF0, 0xFF, 0xF0, 0x00,
    0x00, 0x27, 0xFF, 0xC3, 0xC0, 0x7F, 0xE0, 0x1F, 0xE1, 0xE1, 0xEC, 0x00, 0xC0, 0x00, 0x18, 0x00,
    0x04, 0xFF, 0xFF, 0x00, 0x0C, 0x00, 0x18, 0x76, 0xCF, 0xB9, 0xFC, 0x76, 0xFF, 0x0D, 0xB8, 0xFF,
    0x74, 0xE3, 0x19, 0xB8, 0x9C, 0xE7, 0x39, 0xB4, 0x76, 0xE1, 0x09, 0xB8, 0x18, 0xDF, 0x39, 0xCE,
    0x6D, 0x84, 0x3D, 0x39, 0xCE, 0x73, 0xB7, 0xD9, 0xC9, 0xC9, 0xC9, 0xC9, 0xFA, 0x49, 0x00, 0x6F,
    0x66, 0x66, 0x30, 0x9E, 0xB4, 0xE6, 0x10, 0xCB, 0xCC, 0x67, 0xE4, 0x30, 0x08, 0x06, 0x00, 0x00,
    0x07, 0xFF, 0xFF, 0x80, 0xC0, 0x60, 0x30, 0x1F, 0xFF, 0xFE, 0x03, 0x01, 0x80, 0xC0, 0x60, 0x3F,
    0xFF, 0xF0, 0x22, 0x3B, 0x88, 0x80, 0x00, 0x07, 0xFF, 0xFF, 0x80, 0xC0, 0x60, 0x30, 0x1F, 0xFF,
    0xFE, 0x03, 0x01, 0x80, 0xC0, 0x60, 0x3F, 0xFF, 0xF0, 0xFF, 0xE1, 0xFF, 0xC0, 0x18, 0x00, 0x30,
    0x00, 0x60, 0x00, 0xC0, 0x01, 0xFE, 0x03, 0xCE, 0x07, 0x06, 0x0C, 0x0C, 0x18, 0x08, 0x30, 0x30,
    0x60, 0x60, 0xC1, 0xC1, 0x9F, 0x00, 0x38, 0x06, 0x06, 0x03, 0x00, 0x00, 0x07, 0xFF, 0xFF, 0x80,
    0xC0, 0x60, 0x30, 0x18, 0x0C, 0x06, 0x03, 0x01, 0x80, 0xC0, 0x60, 0x30, 0x18, 0x00, 0x0F, 0xC1,
    0xE7, 0x8C, 0x0C, 0xC0, 0x36, 0x01, 0xE0, 0x03, 0xFC, 0x1F, 0xE0, 0xC0, 0x06, 0x00, 0x18, 0x06,
    0xC0, 0x33, 0x03, 0x0F, 0xF0, 0x3F, 0x00, 0x1F, 0x8F, 0x39, 0x81, 0xB0, 0x36, 0x00, 0xC0, 0x0F,
    0x00, 0xFC, 0x01, 0xC0, 0x0C, 0x01, 0xE0, 0x36, 0x06, 0xF7, 0x8F, 0xE0, 0xFF, 0xFF, 0xFF, 0xFC,
    0x47, 0xCD, 0x18, 0x00, 0x03, 0x06, 0x0C, 0x18, 0x30, 0x60, 0xC1, 0x83, 0x06, 0x0C, 0x18, 0x30,
    0x60, 0xC0, 0x01, 0x80, 0xC0, 0x60, 0x30, 0x18, 0x0C, 0x06, 0x03, 0x01, 0x80, 0xF0, 0x78, 0x3C,
    0x1B, 0xF8, 0xF8, 0x1F, 0xF0, 0x00, 0xC1, 0x80, 0x06, 0x0C, 0x00, 0x30, 0x60, 0x01, 0x83, 0x00,
    0x0C, 0x18, 0x00, 0x60, 0xFF, 0x83, 0x07, 0xFE, 0x18, 0x30, 0x18, 0x81, 0x80, 0xC4, 0x0C, 0x06,
    0x60, 0x60, 0x33, 0x03, 0x03, 0xF8, 0x1F, 0xFB, 0x80, 0xFF, 0x80, 0xC0, 0x30, 0x0C, 0x03, 0x00,
    0xC0, 0x30, 0x0C, 0x03, 0x00, 0xC0, 0x30, 0x0C, 0x03, 0x00, 0xFF, 0xFF, 0xCF, 0xFF, 0xFE, 0xC0,
    0x30, 0x3C, 0x03, 0x03, 0xC0, 0x30, 0x3C, 0x03, 0x03, 0xC0, 0x30, 0x3C, 0x03, 0xFE, 0xC0, 0x3F,
    0xC0, 0xFF, 0xF0, 0xFF, 0xF0, 0x06, 0x00, 0x06, 0x00, 0x06, 0x00, 0x06, 0x00, 0x07, 0xFC, 0x07,
    0xDE, 0x06, 0x07, 0x06, 0x03, 0x06, 0x03, 0x06, 0x03, 0x06, 0x03, 0x06, 0x03, 0x06, 0x03, 0x07,
    0x00, 0xC0, 0x30, 0x00, 0x00, 0x01, 0x81, 0xF0, 0x36, 0x0C, 0xC3, 0x18, 0xE3, 0x18, 0x7E, 0x0F,
    0xC1, 0x9C, 0x31, 0x86, 0x18, 0xC3, 0x98, 0x3B, 0x03, 0x60, 0x30, 0x18, 0x00, 0xC0, 0x04, 0x00,
    0x20, 0x00, 0x0C, 0x07, 0xC0, 0x7C, 0x0F, 0xC1, 0xBC, 0x1B, 0xC3, 0x3C, 0x73, 0xC6, 0x3C, 0xC3,
    0xDC, 0x3D, 0x83, 0xF0, 0x3F, 0x03, 0xE0, 0x3C, 0x03, 0x11, 0x01, 0xB0, 0x0E, 0x00, 0x00, 0x00,
    0x1C, 0x06, 0xC0, 0x66, 0x0C, 0x60, 0xC3, 0x0C, 0x31, 0x81, 0x98, 0x1B, 0x01, 0xB0, 0x0F, 0x00,
    0xE0, 0x06, 0x00, 0xC0, 0x3C, 0x03, 0x80, 0xC0, 0x78, 0x0F, 0x01, 0xE0, 0x3C, 0x07, 0x80, 0xF0,
    0x1E, 0x03, 0xC0, 0x78, 0x0F, 0x01, 0xE0, 0x3C, 0x07, 0xFF, 0xFF, 0xF8, 0x20, 0x04, 0x00, 0x80,
    0x07, 0x00, 0x78, 0x03, 0xC0, 0x1B, 0x01, 0x98, 0x0C, 0xC0, 0x63, 0x06, 0x18, 0x30, 0xC1, 0xFF,
    0x1F, 0xF8, 0xC0, 0x6C, 0x03, 0x60, 0x1B, 0x00, 0x60, 0xFF, 0xBF, 0xEC, 0x03, 0x00, 0xC0, 0x30,
    0x0F, 0xE3, 0xFE, 0xC1, 0xF0, 0x3C, 0x0F, 0x03, 0xC0, 0xFF, 0xEF, 0xF0, 0xFF, 0x3F, 0xEC, 0x0F,
    0x03, 0xC0, 0xF0, 0x7F, 0xFB, 0xFC, 0xC1, 0xF0, 0x3C, 0x07, 0x01, 0xC0, 0xFF, 0xFF, 0xF0, 0xFF,
    0xFF, 0xF0, 0x18, 0x0C, 0x06, 0x03, 0x01, 0x80, 0xC0, 0x60, 0x30, 0x18, 0x0C, 0x06, 0x03, 0x00,
    0x0F, 0xF8, 0x1F, 0xF0, 0x30, 0x60, 0x60, 0xC0, 0x81, 0x83, 0x03, 0x06, 0x06, 0x0C, 0x0C, 0x18,
    0x18, 0x30, 0x30, 0x60, 0x61, 0x80, 0xC3, 0x01, 0x9F, 0xFF, 0xFF, 0xFF, 0xE0, 0x03, 0xC0, 0x07,
    0x80, 0x0C, 0xFF, 0xFF, 0xF0, 0x18, 0x0C, 0x06, 0x03, 0xFF, 0xFF, 0xC0, 0x60, 0x30, 0x18, 0x0C,
    0x07, 0xFF, 0xFE, 0xE0, 0xC1, 0xD8, 0x30, 0x63, 0x0C, 0x30, 0xC3, 0x0C, 0x18, 0xC6, 0x07, 0x33,
    0x80, 0xCC, 0xC0, 0x3F, 0xF0, 0x0C, 0xCC, 0x06, 0x31, 0x83, 0x0C, 0x70, 0xC3, 0x0C, 0x60, 0xC1,
    0x98, 0x30, 0x6C, 0x0C, 0x0C, 0x3F, 0x0E, 0x31, 0x83, 0x20, 0x60, 0x0C, 0x01, 0x83, 0xE0, 0x78,
    0x01, 0xC0, 0x18, 0x01, 0xE0, 0x36, 0x0C, 0xFF, 0x8F, 0xC0, 0xC0, 0x7C, 0x07, 0xC0, 0xFC, 0x1B,
    0xC1, 0xBC, 0x33, 0xC7, 0x3C, 0x63, 0xCC, 0x3D, 0xC3, 0xD8, 0x3F, 0x03, 0xF0, 0x3E, 0x03, 0xC0,
    0x30, 0x11, 0x81, 0x90, 0x0F, 0x00, 0x00, 0x00, 0x0C, 0x07, 0xC0, 0x7C, 0x0F, 0xC1, 0xBC, 0x1B,
    0xC3, 0x3C, 0x73, 0xC6, 0x3C, 0xC3, 0xDC, 0x3D, 0x83, 0xF0, 0x3F, 0x03, 0xE0, 0x3C, 0x03, 0xC0,
    0xF8, 0x1B, 0x06, 0x61, 0x8C, 0x71, 0x8C, 0x3F, 0x07, 0xE0, 0xCE, 0x18, 0xC3, 0x0C, 0x61, 0xCC,
    0x1D, 0x81, 0xB0, 0x18, 0x1F, 0xF8, 0xFF, 0xC6, 0x06, 0x30, 0x31, 0x81, 0x8C, 0x0C, 0x60, 0x63,
    0x03, 0x18, 0x18, 0xC0, 0xC4, 0x06, 0x60, 0x33, 0x01, 0xF8, 0x0F, 0x80, 0x60, 0xE0, 0x0F, 0xC0,
    0x1F, 0xC0, 0x7F, 0x80, 0xFF, 0x03, 0x7B, 0x06, 0xF6, 0x0D, 0xE6, 0x33, 0xCC, 0x67, 0x98, 0x8F,
    0x1B, 0x1E, 0x36, 0x3C, 0x28, 0x78, 0x70, 0xF0, 0xC1, 0x80, 0xC0, 0x3C, 0x03, 0xC0, 0x3C, 0x03,
    0xC0, 0x3C, 0x03, 0xFF, 0xFF, 0xFF, 0xC0, 0x3C, 0x03, 0xC0, 0x3C, 0x03, 0xC0, 0x3C, 0x03, 0xC0,
    0x30, 0x0F, 0xC0, 0xF3, 0xC3, 0x03, 0x18, 0x06, 0x60, 0x1B, 0x00, 0x3C, 0x00, 0xF0, 0x03, 0xC0,
    0x0F, 0x00, 0x36, 0x01, 0x98, 0x06, 0x30, 0x30, 0x7F, 0x80, 0xFC, 0x00, 0xFF, 0xFF, 0xFF, 0xC0,
    0x3C, 0x03, 0xC0, 0x3C, 0x03, 0xC0, 0x3C, 0x03, 0xC0, 0x3C, 0x03, 0xC0, 0x3C, 0x03, 0xC0, 0x3C,
    0x03, 0xC0, 0x30, 0xFF, 0x3F, 0xEC, 0x0F, 0x03, 0xC0, 0xF0, 0x3C, 0x0F, 0x06, 0xFF, 0x3E, 0x0C,
    0x03, 0x00, 0xC0, 0x30, 0x0C, 0x00, 0x0F, 0xC1, 0xE7, 0x8C, 0x0C, 0xC0, 0x36, 0x01, 0xE0, 0x03,
    0x00, 0x18, 0x00, 0xC0, 0x06, 0x00, 0x18, 0x06, 0xC0, 0x33, 0x03, 0x0F, 0xF0, 0x3F, 0x00, 0xFF,
    0xFF, 0xFC, 0x18, 0x03, 0x00, 0x60, 0x0C, 0x01, 0x80, 0x30, 0x06, 0x00, 0xC0, 0x18, 0x03, 0x00,
    0x60, 0x0C, 0x01, 0x80, 0xC0, 0x7C, 0x06, 0x60, 0xC6, 0x0C, 0x30, 0xC3, 0x18, 0x19, 0x81, 0xB0,
    0x1B, 0x00, 0xF0, 0x0E, 0x00, 0x60, 0x0C, 0x03, 0xC0, 0x38, 0x00, 0x01, 0x80, 0x03, 0x00, 0x3F,
    0x81, 0xFF, 0xC7, 0x19, 0xCC, 0x31, 0xB0, 0x61, 0xE0, 0xC3, 0xC1, 0x87, 0x83, 0x0F, 0x06, 0x1B,
    0x0C, 0x67, 0x19, 0xC7, 0xFF, 0x03, 0xF8, 0x00, 0xC0, 0x01, 0x80, 0xE0, 0x33, 0x03, 0x0C, 0x30,
    0x71, 0x81, 0x98, 0x07, 0x80, 0x1C, 0x00, 0xC0, 0x0F, 0x00, 0xEC, 0x06, 0x70, 0x61, 0x87, 0x06,
    0x30, 0x3B, 0x00, 0xE0, 0xC0, 0x66, 0x03, 0x30, 0x19, 0x80, 0xCC, 0x06, 0x60, 0x33, 0x01, 0x98,
    0x0C, 0xC0, 0x66, 0x03, 0x30, 0x19, 0x80, 0xCC, 0x06, 0x7F, 0xFF, 0xFF, 0xE0, 0x03, 0x00, 0x18,
    0x00, 0xC0, 0xC0, 0x78, 0x0F, 0x01, 0xE0, 0x3C, 0x07, 0x80, 0xF0, 0x1F, 0x9F, 0x7F, 0x60, 0x0C,
    0x01, 0x80, 0x30, 0x06, 0x00, 0xC0, 0x18, 0xC1, 0x83, 0xC1, 0x83, 0xC1, 0x83, 0xC1, 0x83, 0xC1,
    0x83, 0xC1, 0x83, 0xC1, 0x83, 0xC1, 0x83, 0xC1, 0x83, 0xC1, 0x83, 0xC1, 0x83, 0xC1, 0x83, 0xC1,
    0x83, 0xFF, 0xFF, 0xFF, 0xFF, 0xC1, 0x83, 0x30, 0x60, 0xCC, 0x18, 0x33, 0x06, 0x0C, 0xC1, 0x83,
    0x30, 0x60, 0xCC, 0x18, 0x33, 0x06, 0x0C, 0xC1, 0x83, 0x30, 0x60, 0xCC, 0x18, 0x33, 0x06, 0x0C,
    0xC1, 0x83, 0x3F, 0xFF, 0xFF, 0xFF, 0xFC, 0x00, 0x03, 0x00, 0x00, 0xC0, 0x00, 0x30, 0xFC, 0x00,
    0x18, 0x00, 0x30, 0x00, 0x60, 0x00, 0xC0, 0x01, 0x80, 0x03, 0xFE, 0x07, 0xFE, 0x0C, 0x0E, 0x18,
    0x0C, 0x30, 0x18, 0x60, 0x30, 0xC0, 0xC1, 0xFF, 0x83, 0xFC, 0x00, 0xC0, 0x07, 0x80, 0x0F, 0x00,
    0x1E, 0x00, 0x3C, 0x00, 0x78, 0x00, 0xFF, 0xC1, 0xFF, 0xE3, 0xC0, 0xC7, 0x81, 0x8F, 0x01, 0x1E,
    0x06, 0x3C, 0x0C, 0x7F, 0xF0, 0xFF, 0xC1, 0x80, 0xC0, 0x30, 0x0C, 0x03, 0x00, 0xC0, 0x30, 0x0F,
    0xF3, 0xFF, 0xC0, 0xF0, 0x3C, 0x07, 0x03, 0xC0, 0xFF, 0xEF, 0xF0, 0x1F, 0xC1, 0xCF, 0x18, 0x1D,
    0x80, 0x6C, 0x01, 0x80, 0x0C, 0x1F, 0xE0, 0xFF, 0x00, 0x18, 0x00, 0xF0, 0x07, 0xC0, 0x66, 0x07,
    0x1F, 0xF0, 0x7E, 0x00, 0xC0, 0xFC, 0x30, 0x73, 0xCC, 0x30, 0x3B, 0x18, 0x06, 0xC6, 0x00, 0xF1,
    0x80, 0x3C, 0xC0, 0x0F, 0xF0, 0x03, 0xCC, 0x00, 0xF1, 0x80, 0x3C, 0x60, 0x1B, 0x18, 0x06, 0xC3,
    0x03, 0x30, 0x7F, 0xCC, 0x0F, 0xC0, 0x3F, 0xEF, 0xFD, 0x81, 0xE0, 0x3C, 0x07, 0x80, 0xD8, 0x1B,
    0xFF, 0x3F, 0xE3, 0x0C, 0xC1, 0x98, 0x36, 0x07, 0xC0, 0xF0, 0x18, 0x08, 0x3F, 0xB8, 0xE8, 0x30,
    0x18, 0x7D, 0xFF, 0x83, 0xC1, 0xE0, 0xF9, 0xEF, 0xB0, 0x00, 0x83, 0xE3, 0xE1, 0x80, 0x4E, 0x37,
    0xEE, 0x1F, 0x03, 0xC0, 0xF0, 0x3C, 0x0F, 0x03, 0x60, 0xDC, 0xE1, 0xF0, 0xFE, 0x43, 0xA0, 0xD0,
    0x6F, 0xE7, 0xF2, 0x0D, 0x03, 0x81, 0xFF, 0xBF, 0x80, 0xFF, 0x02, 0x04, 0x08, 0x10, 0x20, 0x40,
    0x81, 0x02, 0x00, 0x1F, 0xE1, 0x86, 0x18, 0x61, 0x86, 0x18, 0x61, 0x86, 0x10, 0x63, 0x06, 0x30,
    0x6F, 0xFF, 0xFF, 0xFC, 0x01, 0xC0, 0x1C, 0x01, 0x04, 0x0F, 0xC7, 0x19, 0x83, 0xC0, 0xFF, 0xFF,
    0xFF, 0x00, 0xC0, 0x18, 0x37, 0x38, 0x7C, 0xE1, 0x0E, 0xC2, 0x18, 0xC4, 0x60, 0xC9, 0x80, 0xFE,
    0x01, 0xFC, 0x06, 0x4C, 0x1C, 0x98, 0x31, 0x18, 0xC2, 0x1B, 0x04, 0x18, 0x7E, 0xE3, 0xC3, 0x03,
    0x0E, 0x1E, 0x03, 0x03, 0xC3, 0xE7, 0x7E, 0x83, 0xC1, 0xE1, 0xF1, 0xB8, 0xDC, 0xCE, 0xC7, 0x63,
    0xE1, 0xE0, 0xF0, 0x60, 0x62, 0x13, 0x0F, 0x00, 0x00, 0x04, 0x1E, 0x0F, 0x0F, 0x8D, 0xC6, 0xE6,
    0x76, 0x3B, 0x1F, 0x0F, 0x07, 0x83, 0x83, 0xC3, 0x23, 0x93, 0x89, 0x87, 0xC2, 0x61, 0x18, 0x86,
    0x41, 0xA0, 0xE0, 0x1F, 0xC4, 0x11, 0x04, 0x41, 0x10, 0x4C, 0x13, 0x04, 0xC1, 0x30, 0x78, 0x1E,
    0x04, 0xE0, 0x7E, 0x07, 0xB0, 0xDB, 0x0D, 0xB0, 0xD9, 0x99, 0x99, 0x98, 0xF1, 0x8F, 0x18, 0x61,
    0x86, 0x10, 0x81, 0xC0, 0xE0, 0x70, 0x3F, 0xFF, 0xFE, 0x07, 0x03, 0x81, 0xC0, 0xE0, 0x60, 0x04,
    0x0F, 0xC7, 0x19, 0x83, 0xC0, 0xF0, 0x1C, 0x07, 0x03, 0xC0, 0xD8, 0x37, 0x38, 0xFC, 0xFF, 0xC0,
    0xE0, 0x70, 0x38, 0x1C, 0x0E, 0x07, 0x03, 0x81, 0xC0, 0xE0, 0x60, 0x08, 0x2F, 0xCE, 0x3B, 0x06,
    0xC0, 0xE0, 0x38, 0x0F, 0x03, 0xC1, 0xB0, 0x6B, 0x72, 0x78, 0x80, 0x20, 0x08, 0x02, 0x00, 0x04,
    0x0F, 0xC7, 0x19, 0x83, 0xC0, 0x30, 0x0C, 0x03, 0x00, 0xC0, 0x18, 0x37, 0x38, 0xFC, 0xFF, 0xC3,
    0x00, 0xC0, 0x30, 0x0C, 0x03, 0x00, 0xC0, 0x30, 0x0C, 0x03, 0x00, 0xC0, 0xC0, 0xF0, 0x66, 0x19,
    0x86, 0x63, 0x0C, 0xC3, 0x30, 0x58, 0x1E, 0x07, 0x00, 0xC0, 0x30, 0x18, 0x06, 0x0F, 0x00, 0x06,
    0x00, 0x60, 0x06, 0x00, 0x60, 0x3F, 0xC6, 0x66, 0x66, 0x3C, 0x63, 0xC6, 0x3C, 0x63, 0xC6, 0x3C,
    0x63, 0x66, 0x37, 0x6E, 0x3F, 0xC0, 0x60, 0x06, 0x00, 0x60, 0x06, 0x00, 0xE1, 0xD8, 0xC3, 0x30,
    0x58, 0x1C, 0x07, 0x01, 0xE0, 0xD8, 0x63, 0x18, 0x6C, 0x1C, 0x81, 0xA0, 0x68, 0x1A, 0x06, 0x81,
    0xA0, 0x68, 0x1A, 0x06, 0x81, 0xBF, 0xFF, 0xFC, 0x03, 0x00, 0xC0, 0x30, 0x81, 0x81, 0x81, 0x81,
    0xC1, 0xE3, 0x7F, 0x01, 0x01, 0x01, 0x01, 0x82, 0x0E, 0x08, 0x38, 0x20, 0xE0, 0x83, 0x82, 0x0E,
    0x08, 0x38, 0x20, 0xE0, 0x83, 0x82, 0x0F, 0xFF, 0xFF, 0xFF, 0xC0, 0x82, 0x0D, 0x04, 0x1A, 0x08,
    0x34, 0x10, 0x68, 0x20, 0xD0, 0x41, 0xA0, 0x83, 0x41, 0x06, 0x82, 0x0D, 0xFF, 0xFF, 0xFF, 0xF8,
    0x00, 0x30, 0x00, 0x60, 0x00, 0xC0, 0xF8, 0x01, 0x80, 0x18, 0x01, 0x80, 0x1F, 0xE1, 0x87, 0x18,
    0x31, 0x83, 0x18, 0x31, 0xFF, 0x1F, 0xC0, 0x80, 0x38, 0x03, 0x80, 0x38, 0x03, 0xFE, 0x38, 0x73,
    0x81, 0x38, 0x1B, 0x83, 0x3F, 0xF3, 0xFE, 0x30, 0x80, 0x40, 0x20, 0x10, 0x0F, 0xE4, 0x3A, 0x05,
    0x03, 0x83, 0x7F, 0xBF, 0x80, 0x08, 0x0F, 0xC6, 0x3B, 0x06, 0x00, 0xC7, 0xF1, 0xFC, 0x03, 0x00,
    0xF0, 0x67, 0x38, 0xF8, 0x00, 0x41, 0x07, 0xE2, 0x1C, 0x64, 0x30, 0x68, 0xC0, 0xD1, 0x80, 0xBF,
    0x01, 0xC6, 0x02, 0x8C, 0x0D, 0x0C, 0x1A, 0x1C, 0xE4, 0x0F, 0x80, 0x3F, 0xDC, 0x36, 0x0D, 0x83,
    0x60, 0xCF, 0xF1, 0xFC, 0x63, 0x30, 0xD8, 0x3E, 0x0C, 0x38, 0x06, 0x00, 0xC0, 0x00, 0x04, 0x0F,
    0xC7, 0x19, 0x83, 0xC0, 0xFF, 0xFF, 0xFF, 0x00, 0xC0, 0x18, 0x37, 0x38, 0x7C, 0x31, 0x0C, 0xC3,
    0x10, 0x00, 0x04, 0x0F, 0xC7, 0x19, 0x83, 0xC0, 0xFF, 0xFF, 0xFF, 0x00, 0xC0, 0x18, 0x37, 0x38,
    0x7C, 0x20, 0x1F, 0xC0, 0x80, 0x11, 0x02, 0xFC, 0x71, 0x8C, 0x19, 0x03, 0x20, 0x64, 0x0C, 0x81,
    0x90, 0x32, 0x06, 0x40, 0xC8, 0x18, 0x03, 0x00, 0x60, 0x0C, 0x07, 0x00, 0x0C, 0x30, 0xC0, 0x00,
    0x1F, 0xE0, 0x40, 0x81, 0x02, 0x04, 0x08, 0x10, 0x20, 0x40, 0x04, 0x0F, 0xC7, 0x19, 0x83, 0xC0,
    0x3F, 0x8F, 0xE3, 0x00, 0xC0, 0x18, 0x37, 0x38, 0xFC, 0x08, 0x1F, 0x98, 0xF8, 0x26, 0x03, 0xC0,
    0xFC, 0x07, 0x01, 0xE0, 0xD8, 0xC7, 0xC0, 0x5D, 0x00, 0x92, 0x49, 0x24, 0x92, 0x45, 0xDD, 0x10,
    0x00, 0x02, 0x04, 0x08, 0x10, 0x20, 0x40, 0x81, 0x02, 0x04, 0x08, 0x27, 0x20, 0x02, 0x22, 0x22,
    0x22, 0x22, 0x22, 0x22, 0x6C, 0x1F, 0xE0, 0x06, 0x18, 0x01, 0x86, 0x00, 0x61, 0x80, 0x18, 0x7F,
    0x84, 0x18, 0x71, 0x06, 0x0C, 0xC1, 0x83, 0x30, 0x60, 0xFC, 0x1F, 0xFE, 0x07, 0xF0, 0x81, 0x80,
    0x81, 0x80, 0x81, 0x80, 0x81, 0x80, 0xFF, 0xF8, 0xFF, 0xFE, 0x81, 0x86, 0x81, 0x83, 0x81, 0x83,
    0x81, 0xFE, 0x81, 0xFC, 0x20, 0x1F, 0xC0, 0x80, 0x11, 0x02, 0xFC, 0x71, 0x8C, 0x19, 0x03, 0x20,
    0x64, 0x0C, 0x81, 0x90, 0x32, 0x06, 0x40, 0xC8, 0x18, 0x0C, 0x04, 0x06, 0x00, 0x00, 0x0C, 0x1A,
    0x19, 0x1C, 0x9C, 0x4C, 0x3E, 0x13, 0x08, 0xC4, 0x32, 0x0D, 0x07, 0x70, 0x18, 0x06, 0x00, 0x00,
    0x04, 0x1E, 0x0F, 0x0F, 0x8D, 0xC6, 0xE6, 0x76, 0x3B, 0x1F, 0x0F, 0x07, 0x83, 0x23, 0x0C, 0x81,
    0xE0, 0x00, 0x00, 0x30, 0x3C, 0x19, 0x86, 0x61, 0x98, 0xC3, 0x30, 0xCC, 0x16, 0x07, 0x81, 0xC0,
    0x30, 0x0C, 0x06, 0x01, 0x83, 0xC0, 0x81, 0xC0, 0xE0, 0x70, 0x38, 0x1C, 0x0E, 0x07, 0x03, 0x81,
    0xFF, 0xFF, 0xE3, 0x01, 0x80, 0xC0, 0xC3, 0x07, 0x86, 0x0F, 0x0C, 0x1E, 0x18, 0x3C, 0x30, 0x78,
    0x60, 0xF0, 0xC1, 0xE1, 0x83, 0xC3, 0x07, 0x86, 0x0F, 0x0C, 0x1E, 0x18, 0x3C, 0x38, 0xFF, 0xFF,
    0x9F, 0xBE, 0x00, 0x86, 0x1C, 0x30, 0xE1, 0x87, 0x0C, 0x38, 0x61, 0xC3, 0x0E, 0x18, 0x70, 0xC3,
    0xC7, 0x1F, 0x6D, 0xDE, 0x3C, 0x18, 0x00, 0xC0, 0x06, 0x01, 0xFF, 0x01, 0x80, 0x0C, 0x00, 0x7F,
    0x83, 0xFE, 0x18, 0x18, 0xC0, 0xC6, 0x06, 0x30, 0x31, 0x81, 0x8F, 0xF8, 0x7F, 0x80, 0x18, 0x01,
    0x80, 0x18, 0x01, 0x80, 0xFF, 0x01, 0x80, 0x18, 0x01, 0x80, 0x1F, 0xC1, 0x8E, 0x18, 0x31, 0x83,
    0x18, 0x31, 0xFE, 0x1F, 0xC0, 0xC1, 0xFC, 0x61, 0xEF, 0x31, 0xC0, 0xD8, 0xC0, 0x6C, 0xC0, 0x1E,
    0x60, 0x03, 0xFF, 0xC1, 0xFF, 0xE0, 0xCC, 0x00, 0x66, 0x00, 0x33, 0x00, 0x78, 0xC0, 0x6C, 0x70,
    0x76, 0x1F, 0xF3, 0x03, 0xF0, 0x00, 0x84, 0x1F, 0xA1, 0x8F, 0x18, 0x38, 0xC0, 0x7F, 0xE3, 0xFF,
    0x11, 0x80, 0x8C, 0x04, 0x60, 0xE1, 0xCF, 0x07, 0xC0, 0x07, 0x00, 0x78, 0x03, 0xC0, 0x1B, 0x01,
    0x98, 0x0C, 0xC0, 0x63, 0x06, 0x18, 0x3F, 0xC1, 0xFF, 0x19, 0x98, 0xCC, 0x6C, 0x63, 0x63, 0x1B,
    0x18, 0x60, 0x0C, 0x07, 0x81, 0xE0, 0xC8, 0x33, 0x0C, 0xC7, 0xF9, 0xB6, 0x4D, 0xB3, 0x3C, 0xCC,
    0xC0, 0x70, 0x60, 0x38, 0x30, 0x34, 0x18, 0x1B, 0x0C, 0x19, 0x86, 0x0C, 0x43, 0x06, 0x31, 0x86,
    0x18, 0xFF, 0xFE, 0x7F, 0xFF, 0x31, 0x99, 0x98, 0xCC, 0x6C, 0x66, 0x36, 0x63, 0x1B, 0x31, 0x86,
    0x81, 0x82, 0x07, 0x08, 0x3C, 0x20, 0xD8, 0x86, 0x63, 0xF8, 0x8F, 0xFF, 0x23, 0x6C, 0x8D, 0x9A,
    0x66, 0x69, 0x99, 0xC0, 0x7F, 0xF8, 0xFF, 0xC3, 0x06, 0x06, 0x18, 0x0C, 0xC0, 0x33, 0x00, 0x78,
    0x1F, 0xFC, 0xE3, 0x3B, 0x0C, 0x3C, 0x30, 0xF0, 0xC3, 0xC3, 0x0F, 0x0C, 0x3C, 0x30, 0xC0, 0x7F,
    0xF3, 0x0C, 0x18, 0xC1, 0x98, 0x0D, 0x83, 0xFE, 0x7F, 0xFC, 0x63, 0xC6, 0x1C, 0x61, 0xC6, 0x10,
    0xC1, 0xFF, 0xEC, 0x0F, 0xFC, 0xC0, 0xE1, 0xCC, 0x06, 0x18, 0xC0, 0x33, 0x0C, 0x03, 0x30, 0xC0,
    0x1E, 0x0F, 0xFF, 0xFE, 0xC3, 0xCC, 0xFC, 0x30, 0xC3, 0xC3, 0x0C, 0x3C, 0x30, 0xC3, 0xC3, 0x0C,
    0x3C, 0x30, 0xC3, 0xC3, 0x0C, 0x30, 0x83, 0xFF, 0x40, 0xC3, 0x20, 0x63, 0x10, 0x19, 0x88, 0x05,
    0x87, 0xFF, 0xF3, 0x8F, 0xFD, 0x0C, 0x63, 0x84, 0x31, 0xC6, 0x18, 0xE3, 0x0C, 0x60, 0x33, 0x07,
    0x00, 0x00, 0x07, 0xE3, 0xF8, 0x0E, 0x03, 0x01, 0x81, 0x8F, 0xC7, 0xC0, 0x30, 0x0C, 0x06, 0x03,
    0x03, 0x87, 0x9F, 0x9C, 0x0C, 0x03, 0x01, 0xC0, 0x40, 0x66, 0x34, 0x18, 0x00, 0x00, 0xFE, 0x03,
    0x03, 0x03, 0x3E, 0x3E, 0x03, 0x01, 0x03, 0x3F, 0x7E, 0xC0, 0xC0, 0xE0, 0x70, 0xC3, 0x07, 0x86,
    0x0F, 0x0C, 0x1E, 0x18, 0x3C, 0x30, 0x58, 0x61, 0xB0, 0xC3, 0x31, 0x86, 0x73, 0x38, 0x7F, 0xE0,
    0x1E, 0x00, 0x18, 0x00, 0x30, 0x00, 0x60, 0x00, 0xC0, 0x00, 0x06, 0x00, 0x30, 0x01, 0x81, 0x0C,
    0x38, 0x61, 0xC3, 0x0E, 0x18, 0x70, 0xC3, 0x86, 0x1E, 0x30, 0xB1, 0x8D, 0x8C, 0x67, 0x6E, 0x1F,
    0xE0, 0x18, 0x00, 0xC0, 0x06, 0x00, 0x30, 0x00, 0x0F, 0xC0, 0xF3, 0xC3, 0x03, 0x18, 0x06, 0x60,
    0x1B, 0x00, 0x3C, 0x00, 0xFF, 0xFF, 0xC0, 0x0F, 0x00, 0x36, 0x01, 0x98, 0x06, 0x30, 0x30, 0x7F,
    0x80, 0xFC, 0x00, 0x04, 0x0F, 0xC7, 0x19, 0x83, 0xC0, 0xFE, 0x3E, 0xFF, 0x03, 0xC0, 0xD8, 0x37,
    0x38, 0xFC, 0xC0, 0x1E, 0x01, 0x98, 0x0C, 0xC0, 0xC6, 0x06, 0x18, 0x30, 0xC3, 0x06, 0x18, 0x18,
    0xC0, 0xCC, 0x06, 0x60, 0x1A, 0x00, 0xF0, 0x03, 0x80, 0x18, 0x00, 0xC0, 0xF8, 0x31, 0x86, 0x30,
    0x86, 0x30, 0x66, 0x0D, 0x81, 0xB0, 0x1E, 0x03, 0x80, 0x30, 0x00, 0x33, 0x00, 0x98, 0x06, 0x60,
    0x00, 0x00, 0x00, 0x60, 0x0F, 0x00, 0xCC, 0x06, 0x60, 0x63, 0x03, 0x0C, 0x18, 0x61, 0x83, 0x0C,
    0x0C, 0x60, 0x66, 0x03, 0x30, 0x0D, 0x00, 0x78, 0x01, 0xC0, 0x0C, 0x00, 0xCC, 0x0C, 0x80, 0xD8,
    0x00, 0x00, 0x01, 0x81, 0xF0, 0x63, 0x0C, 0x61, 0x0C, 0x60, 0xCC, 0x1B, 0x03, 0x60, 0x3C, 0x07,
    0x00, 0x60, 0x0F, 0xC0, 0x00, 0x0F, 0x3C, 0x00, 0x03, 0x03, 0x00, 0x01, 0x80, 0x64, 0x00, 0x60,
    0x18, 0xC0, 0xF0, 0x03, 0x30, 0x6C, 0x00, 0xC6, 0x1B, 0x00, 0x31, 0x86, 0xC0, 0x0C, 0x63, 0x30,
    0x03, 0x0C, 0xC6, 0x01, 0x83, 0x21, 0x80, 0x60, 0xD8, 0x30, 0x30, 0x1E, 0x07, 0xF8, 0x07, 0x00,
    0xFC, 0x00, 0xC0, 0x00, 0x00, 0x30, 0x00, 0x00, 0x18, 0x00, 0x00, 0x0E, 0x00, 0x00, 0x0F, 0x00,
    0x04, 0x00, 0x00, 0xFC, 0x30, 0x37, 0x18, 0xC0, 0xD8, 0x31, 0x86, 0xC0, 0xC6, 0x1B, 0x01, 0x18,
    0xCC, 0x04, 0x33, 0x30, 0x30, 0xCC, 0xC0, 0xC1, 0x61, 0x83, 0x07, 0x87, 0x38, 0x1C, 0x0F, 0xC0,
    0x30, 0x00, 0x00, 0xC0, 0x00, 0x06, 0x00, 0x00, 0x18, 0x00, 0x03, 0xC0, 0x1F, 0xC1, 0xE7, 0x1C,
    0x0C, 0xC0, 0x6C, 0x00, 0xE0, 0x03, 0x00, 0x18, 0x00, 0xC0, 0x03, 0x01, 0xD8, 0x0E, 0x71, 0xF1,
    0xFD, 0x83, 0x0C, 0x00, 0x60, 0x04, 0x0F, 0xC7, 0x19, 0x83, 0xC0, 0x30, 0x0C, 0x03, 0x00, 0xC0,
    0x18, 0x07, 0x00, 0xF0, 0x0C, 0x03, 0x00, 0xC0, 0x30, 0x00, 0xC0, 0x18, 0x66, 0x0E, 0xC0, 0x70,
    0x07, 0x81, 0x9A, 0x20, 0xFC, 0x07, 0x00, 0x78, 0x19, 0x82, 0x10, 0xC0, 0x00, 0x03, 0xFF, 0xFF,
    0xC0, 0x1D, 0xFF, 0x08, 0xD9, 0xA0, 0xFE, 0x78, 0xFF, 0x83, 0x00, 0xE0, 0x00, 0x36, 0x00, 0x00,
    0x00, 0x1C, 0x01, 0xC6, 0xC0, 0x6C, 0x00, 0x00, 0x00, 0x00, 0x00, 0x00, 0x00, 0xE0, 0x00, 0xF2,
    0x00, 0x24, 0x00, 0x00, 0x00, 0x00, 0x00, 0x00, 0x00, 0x20, 0x02, 0x1A, 0x01, 0xA0, 0x20, 0x00,
    0x00, 0xC0, 0x00, 0x36, 0x00, 0x00, 0x40, 0x00, 0x08, 0x00, 0x41, 0x00, 0x08, 0x60, 0xC1, 0x80,
    0x70, 0x10, 0x08, 0x00, 0x00, 0x00, 0x00, 0x00, 0x80, 0x01, 0x1C, 0x00, 0x38, 0x40, 0x00, 0x80,
    0x00, 0x00, 0x00, 0x00, 0x00, 0x04, 0x03, 0x01, 0x81, 0xC0, 0x10, 0x20, 0x41, 0x00, 0x08, 0x00,
    0x02, 0x00, 0x00, 0x11, 0x80, 0x64, 0x00, 0xF0, 0x00, 0x00, 0x00, 0x03, 0x01, 0xCC, 0x07, 0x30,
    0x3C, 0xC1, 0xB3, 0x06, 0xCC, 0x33, 0x31, 0xCC, 0xC6, 0x33, 0x30, 0xCD, 0xC3, 0x36, 0x0C, 0xF0,
    0x33, 0xC0, 0xCE, 0x03, 0xF0, 0x0E, 0x00, 0x18, 0x00, 0x60, 0x01, 0x80, 0x62, 0x04, 0xC0, 0xF0,
    0x00, 0x00, 0x01, 0x07, 0x20, 0xE4, 0x3C, 0x8D, 0x91, 0xB2, 0x66, 0x58, 0xCB, 0x19, 0xC3, 0x30,
    0x7E, 0x0E, 0x00, 0xC0, 0x18, 0x06, 0x00, 0x18, 0x00, 0xC0, 0x06, 0x01, 0xFF, 0x01, 0x80, 0x0C,
    0x00, 0x7F, 0x83, 0xFE, 0x18, 0x18, 0xC0, 0xC6, 0x06, 0x30, 0x31, 0x81, 0x8F, 0xF8, 0x7F, 0x80,
    0x18, 0x01, 0x80, 0x18, 0x0F, 0xF0, 0x18, 0x01, 0x80, 0x18, 0x01, 0xFC, 0x18, 0xE1, 0x83, 0x18,
    0x31, 0x83, 0x1F, 0xE1, 0xFC, 0xFF, 0x3F, 0xEC, 0x0F, 0x03, 0xC0, 0xF0, 0xBC, 0x6F, 0x0E, 0xFF,
    0xBE, 0x6C, 0x0B, 0x00, 0xC0, 0x30, 0x0C, 0x00, 0x08, 0x2F, 0xCE, 0x3B, 0x06, 0xC0, 0xE0, 0x38,
    0x0F, 0x03, 0xC5, 0xB1, 0xEB, 0x72, 0x7E, 0x80, 0xA0, 0x08, 0x02, 0x00, 0x01, 0x80, 0xC0, 0x7F,
    0xFF, 0xFE, 0x03, 0x01, 0x80, 0xC0, 0x60, 0x30, 0x18, 0x0C, 0x06, 0x03, 0x01, 0x80, 0xC0, 0x60,
    0x00, 0x06, 0x0C, 0x1F, 0xF8, 0x10, 0x20, 0x40, 0x81, 0x02, 0x04, 0x08, 0x10, 0x00, 0x3F, 0xE7,
    0xFC, 0xC0, 0x18, 0x03, 0x00, 0x60, 0x0C, 0x07, 0xF8, 0x30, 0x06, 0x00, 0xC0, 0x18, 0x03, 0x00,
    0x60, 0x0C, 0x00, 0x3F, 0x90, 0x08, 0x04, 0x02, 0x07, 0xF0, 0x80, 0x40, 0x20, 0x10, 0x08, 0x00,
    0xFF, 0x9F, 0xF3, 0x00, 0x60, 0x0C, 0x01, 0x80, 0x3F, 0xC7, 0x9C, 0xE0, 0xD8, 0x1B, 0x01, 0xE0,
    0x2C, 0x0D, 0x83, 0xB3, 0xE0, 0x70, 0xFE, 0x80, 0x80, 0x80, 0x80, 0xBE, 0xA6, 0xC3, 0x83, 0x83,
    0x83, 0x03, 0x06, 0x1C, 0xE0, 0xC1, 0xCC, 0x18, 0x30, 0xC3, 0x0C, 0x18, 0x61, 0x81, 0x8C, 0x60,
    0x39, 0x9C, 0x03, 0x33, 0x00, 0x7F, 0xE0, 0x0C, 0xCC, 0x03, 0x18, 0xC0, 0xC3, 0x1C, 0x18, 0x61,
    0x86, 0x0C, 0x18, 0xC1, 0x83, 0xF0, 0x30, 0x38, 0x00, 0x03, 0x00, 0x00, 0x60, 0x00, 0x0C, 0xE1,
    0x0E, 0x61, 0x0C, 0x31, 0x18, 0x19, 0x30, 0x0F, 0xE0, 0x0F, 0xE0, 0x19, 0x30, 0x39, 0x30, 0x31,
    0x18, 0x61, 0x0F, 0xC1, 0x07, 0x00, 0x03, 0x00, 0x03, 0x00, 0x03, 0x3F, 0x0E, 0x31, 0x83, 0x20,
    0x60, 0x0C, 0x01, 0x83, 0xE0, 0x78, 0x01, 0xC0, 0x18, 0x01, 0xE0, 0x36, 0x0C, 0xFF, 0x8F, 0xC0,
    0x20, 0x07, 0x00, 0x20, 0x1C, 0x00, 0x7E, 0xE3, 0xC3, 0x03, 0x0E, 0x1E, 0x03, 0x03, 0xC3, 0xE7,
    0x7E, 0x08, 0x1C, 0x06, 0x1C, 0xC0, 0xEC, 0x0C, 0xC1, 0x8C, 0x30, 0xC7, 0x0C, 0x60, 0xFC, 0x0F,
    0xC0, 0xCE, 0x0C, 0x60, 0xC3, 0x0C, 0x38, 0xC1, 0xCC, 0x0F, 0xC0, 0x70, 0x03, 0x00, 0x30, 0x03,
    0x83, 0xA1, 0x88, 0xE2, 0x70, 0x98, 0x3E, 0x09, 0x82, 0x30, 0x86, 0x20, 0xF8, 0x3C, 0x03, 0x00,
    0xC0, 0x30, 0xC0, 0xF8, 0x1B, 0x07, 0x60, 0xCD, 0xB9, 0xB6, 0x37, 0xC7, 0xF0, 0xDF, 0x1B, 0x63,
    0x66, 0x60, 0xCC, 0x0D, 0x81, 0xB0, 0x18, 0x81, 0xE0, 0xEB, 0x32, 0xD8, 0xB6, 0x3F, 0x0B, 0x62,
    0xCC, 0x83, 0x20, 0x68, 0x1C, 0xFC, 0x07, 0x0C, 0x0C, 0x0C, 0x1C, 0x0C, 0x18, 0x0C, 0x30, 0x0C,
    0x60, 0x0F, 0xE0, 0x0F, 0xC0, 0x0C, 0x60, 0x0C, 0x70, 0x0C, 0x30, 0x0C, 0x18, 0x0C, 0x0C, 0x0C,
    0x0E, 0x0C, 0x07, 0xF8, 0x38, 0xC3, 0x06, 0x30, 0x33, 0x81, 0xB8, 0x0F, 0x80, 0x66, 0x03, 0x18,
    0x18, 0x60, 0xC3, 0x86, 0x0E, 0xC0, 0x36, 0x01, 0xB0, 0x0D, 0x80, 0x6C, 0x03, 0x60, 0x1B, 0xFF,
    0xDF, 0xFE, 0xC0, 0x36, 0x01, 0xB0, 0x0D, 0x80, 0x6C, 0x03, 0x60, 0x1F, 0x00, 0xE0, 0x03, 0x00,
    0x18, 0x00, 0xC0, 0x81, 0xA0, 0x68, 0x1A, 0x06, 0xFF, 0xBF, 0xE8, 0x1A, 0x06, 0x81, 0xA0, 0x78,
    0x1C, 0x03, 0x00, 0xC0, 0x30, 0xC0, 0x3F, 0xF0, 0x0C, 0x0C, 0x03, 0x03, 0x00, 0xC0, 0xC0, 0x30,
    0x30, 0x0C, 0x0F, 0xFF, 0x03, 0xFF, 0xC0, 0xC0, 0x30, 0x30, 0x0C, 0x0C, 0x03, 0x03, 0x00, 0xC0,
    0xC0, 0x30, 0x30, 0x0C, 0x0C, 0x03, 0x00, 0x81, 0xF8, 0x18, 0x81, 0x88, 0x18, 0xFF, 0x8F, 0xF8,
    0x81, 0x88, 0x18, 0x81, 0x88, 0x18, 0x81, 0x80, 0xFF, 0xF0, 0x0F, 0xFF, 0x00, 0xC0, 0x30, 0x0C,
    0x03, 0x00, 0xC0, 0x30, 0x0C, 0x03, 0x00, 0xC0, 0x3F, 0xCC, 0x03, 0xDE, 0xC0, 0x30, 0x7C, 0x03,
    0x03, 0xC0, 0x30, 0x3C, 0x03, 0x03, 0xC0, 0x30, 0x3C, 0x03, 0x06, 0xC0, 0x33, 0xE0, 0x00, 0x38,
    0xFF, 0x80, 0x81, 0x80, 0x81, 0x80, 0x81, 0x80, 0x81, 0xF0, 0x81, 0xFC, 0x81, 0x86, 0x81, 0x83,
    0x81, 0x83, 0x81, 0x83, 0x81, 0x83, 0x00, 0x07, 0x00, 0x0E, 0x00, 0x0C, 0x0E, 0x00, 0x07, 0x80,
    0x00, 0xC1, 0xF8, 0x30, 0x73, 0x86, 0x0C, 0x19, 0x81, 0x83, 0x30, 0x60, 0x66, 0x0C, 0x0C, 0xC0,
    0xC1, 0x98, 0x18, 0x31, 0x83, 0x0E, 0x30, 0x33, 0x83, 0x03, 0xE0, 0x3F, 0xFF, 0x83, 0xFF, 0xF8,
    0x04, 0x00, 0x70, 0x01, 0xC7, 0x83, 0x1F, 0xCC, 0x31, 0x98, 0xC1, 0xB1, 0x83, 0x63, 0x06, 0xC3,
    0x18, 0xC7, 0x71, 0xE7, 0xD0, 0xFF, 0xF0, 0x0F, 0xC1, 0xE7, 0x8C, 0x0C, 0xC0, 0x36, 0x01, 0xE0,
    0x03, 0x00, 0x18, 0x00, 0xC0, 0x06, 0x00, 0x18, 0x06, 0xC0, 0x33, 0x03, 0x0F, 0xF0, 0x3F, 0x00,
    0x40, 0x03, 0x80, 0x04, 0x00, 0xE0, 0x04, 0x0F, 0xC7, 0x19, 0x83, 0xC0, 0x30, 0x0C, 0x03, 0x00,
    0xC0, 0x18, 0x37, 0x38, 0xFC, 0x04, 0x03, 0x80, 0x30, 0x38, 0xFF, 0xFF, 0xFC, 0x18, 0x03, 0x00,
    0x60, 0x0C, 0x01, 0x80, 0x30, 0x06, 0x00, 0xC0, 0x18, 0x03, 0x00, 0x60, 0x0E, 0x01, 0xC0, 0x18,
    0x03, 0x00, 0x60, 0xFF, 0xC3, 0x00, 0xC0, 0x30, 0x0C, 0x03, 0x00, 0xC0, 0x30, 0x0C, 0x03, 0x80,
    0xE0, 0x18, 0x06, 0x01, 0x80, 0xC0, 0x3B, 0x03, 0x98, 0x18, 0x61, 0x83, 0x8C, 0x0C, 0xC0, 0x3C,
    0x01, 0xE0, 0x06, 0x00, 0x30, 0x01, 0x80, 0x0C, 0x00, 0x60, 0x03, 0x00, 0x18, 0x00, 0xC0, 0xF0,
    0x66, 0x19, 0x86, 0x63, 0x0C, 0xC3, 0x30, 0x58, 0x1E, 0x07, 0x00, 0xC0, 0x30, 0x0C, 0x03, 0x00,
    0xC0, 0xC0, 0x3B, 0x03, 0x98, 0x18, 0x61, 0x83, 0x8C, 0x0C, 0xC0, 0x3C, 0x01, 0xE0, 0x06, 0x00,
    0x30, 0x01, 0x80, 0x7F, 0x80, 0x60, 0x03, 0x00, 0x18, 0x00, 0xC0, 0xF0, 0x66, 0x19, 0x86, 0x63,
    0x0C, 0xC3, 0x30, 0x58, 0x1E, 0x07, 0x00, 0xC0, 0xFC, 0x0C, 0x03, 0x00, 0xC0, 0xE0, 0x33, 0x03,
    0x0C, 0x30, 0x71, 0x81, 0x98, 0x07, 0x80, 0x1C, 0x00, 0xC0, 0x0F, 0x00, 0xEC, 0x06, 0x70, 0x61,
    0x87, 0x06, 0x30, 0x3F, 0x00, 0xE0, 0x01, 0x00, 0x08, 0x00, 0x40, 0xE1, 0xCC, 0x60, 0xCC, 0x0B,
    0x01, 0xC0, 0x38, 0x07, 0x81, 0xB0, 0x63, 0x0C, 0x3F, 0x07, 0x80, 0x30, 0x06, 0x00, 0xC0, 0xFF,
    0xE3, 0x01, 0x80, 0xC0, 0x60, 0x30, 0x18, 0x0C, 0x06, 0x03, 0x01, 0x80, 0xC0, 0x60, 0x30, 0x18,
    0x0C, 0x06, 0x03, 0x01, 0x80, 0xC0, 0x60, 0x30, 0x18, 0x0C, 0x06, 0x03, 0x01, 0xFF, 0xF0, 0x7F,
    0xFC, 0x00, 0x03, 0x00, 0x00, 0xC0, 0x00, 0x30, 0xFE, 0x30, 0xC1, 0x86, 0x0C, 0x30, 0x61, 0x83,
    0x0C, 0x18, 0x60, 0xC3, 0x06, 0x18, 0x30, 0xFF, 0xC7, 0xFE, 0x00, 0x10, 0x00, 0x80, 0x04, 0xC0,
    0x6C, 0x06, 0xC0, 0x6C, 0x06, 0xC0, 0x6C, 0x06, 0xC0, 0x6F, 0x3E, 0x7F, 0x60, 0x06, 0x00, 0x60,
    0x06, 0x00, 0x60, 0x07, 0x00, 0x70, 0x03, 0x00, 0x30, 0x03, 0x81, 0x20, 0x48, 0x12, 0x04, 0xC1,
    0x38, 0xC7, 0xF0, 0x04, 0x01, 0x00, 0x70, 0x1C, 0x03, 0x00, 0xC0, 0x30, 0xC0, 0x78, 0x0F, 0x01,
    0xE0, 0x3C, 0x07, 0x98, 0xF3, 0x1F, 0xFF, 0x7F, 0x61, 0x8C, 0x31, 0x86, 0x30, 0x06, 0x00, 0xC0,
    0x18, 0x81, 0x81, 0x81, 0x99, 0xD9, 0xFB, 0x7F, 0x19, 0x19, 0x19, 0x01, 0xC0, 0x18, 0x03, 0x00,
    0x60, 0x0C, 0x01, 0x88, 0x3F, 0xE7, 0x8E, 0xC0, 0x78, 0x0F, 0x01, 0xE0, 0x3C, 0x07, 0x80, 0xF0,
    0x18, 0x80, 0x40, 0x20, 0x11, 0x0B, 0xF7, 0x1B, 0x07, 0x03, 0x81, 0xC0, 0xE0, 0x70, 0x38, 0x1C,
    0x0E, 0x06, 0x01, 0xF8, 0x07, 0x9C, 0x0E, 0x06, 0x0C, 0x03, 0xCC, 0x03, 0xD8, 0x03, 0xF8, 0x03,
    0x7F, 0xFF, 0x18, 0x00, 0x18, 0x00, 0x0C, 0x03, 0x0C, 0x03, 0x06, 0x06, 0x07, 0xFC, 0x01, 0xF8,
    0x00, 0x80, 0x0F, 0xC0, 0x63, 0xB3, 0x06, 0xCC, 0x0D, 0xFF, 0xF3, 0xFF, 0xC3, 0x00, 0x0C, 0x00,
    0x38, 0x30, 0x73, 0x80, 0xFC, 0x01, 0xF8, 0x07, 0x9C, 0x0E, 0x06, 0x0C, 0x03, 0xCC, 0x03, 0xD8,
    0x03, 0xF8, 0x03, 0x7F, 0xFF, 0x18, 0x00, 0x18, 0x00, 0x0C, 0x03, 0x0C, 0x03, 0x06, 0x06, 0x07,
    0xFC, 0x01, 0xF8, 0x00, 0x60, 0x00, 0x60, 0x00, 0x60, 0x00, 0x80, 0x0F, 0xC0, 0x63, 0xB3, 0x06,
    0xCC, 0x0D, 0xFF, 0xF3, 0xFF, 0xC3, 0x00, 0x0C, 0x00, 0x38, 0x30, 0x73, 0x80, 0xFC, 0x00, 0x80,
    0x03, 0x80, 0x02, 0x00, 0x38, 0xFF, 0xFF, 0xFF, 0xFC, 0x02, 0x10, 0x00, 0xCC, 0x00, 0x1E, 0x00,
    0x00, 0x00, 0x00, 0x00, 0x38, 0x30, 0x76, 0x0C, 0x18, 0xC3, 0x0C, 0x30, 0xC3, 0x06, 0x31, 0x81,
    0xCC, 0xE0, 0x33, 0x30, 0x0F, 0xFC, 0x03, 0x33, 0x01, 0x8C, 0x60, 0xC3, 0x1C, 0x30, 0xC3, 0x18,
    0x30, 0x66, 0x0C, 0x1B, 0x03, 0x03, 0x0C, 0x40, 0x0D, 0x80, 0x0E, 0x00, 0x00, 0x00, 0x00, 0x1C,
    0x21, 0xD8, 0x43, 0x18, 0x8C, 0x19, 0x30, 0x1F, 0xC0, 0x3F, 0x80, 0xC9, 0x83, 0x93, 0x06, 0x23,
    0x18, 0x43, 0x60, 0x83, 0xC0, 0xF8, 0x3B, 0x06, 0x61, 0x8C, 0x61, 0x98, 0x3F, 0x07, 0xF8, 0xC1,
    0xD8, 0x1B, 0x01, 0xE0, 0x3C, 0x07, 0x80, 0xF0, 0x18, 0x06, 0x03, 0xC0, 0x60, 0x83, 0xC3, 0x23,
    0x93, 0x89, 0x87, 0xF2, 0x1D, 0x03, 0x81, 0xC0, 0xE0, 0x60, 0x70, 0x70, 0x20, 0x1F, 0xF8, 0x3F,
    0xF0, 0x60, 0x60, 0xC0, 0xC1, 0x81, 0x83, 0x03, 0x06, 0x06, 0x0C, 0x0C, 0x18, 0x18, 0x30, 0x30,
    0x40, 0x61, 0x80, 0xC3, 0x01, 0x9E, 0x03, 0xF8, 0x07, 0x00, 0x06, 0x00, 0x0C, 0x00, 0x30, 0x1F,
    0xC1, 0x04, 0x10, 0x41, 0x04, 0x10, 0x43, 0x04, 0x30, 0x43, 0x04, 0x30, 0x4E, 0x07, 0xE0, 0x70,
    0x03, 0x00, 0x20, 0x06, 0xC0, 0x3C, 0x03, 0xC0, 0x3C, 0x03, 0xC0, 0x3C, 0x03, 0xFF, 0xFF, 0xFF,
    0xC0, 0x3C, 0x03, 0xC0, 0x3C, 0x03, 0xC0, 0x3C, 0x03, 0xC0, 0x30, 0x03, 0x00, 0x30, 0x07, 0x00,
    0xE0, 0x81, 0xC0, 0xE0, 0x70, 0x3F, 0xFF, 0xFE, 0x07, 0x03, 0x81, 0xC0, 0xE0, 0x60, 0x30, 0x18,
    0x1C, 0x1C, 0xC0, 0x33, 0x00, 0xCC, 0x03, 0x30, 0x0C, 0xC0, 0x33, 0x00, 0xCF, 0xFF, 0x3F, 0xFC,
    0xC0, 0x33, 0x00, 0xCC, 0x03, 0x30, 0x0C, 0xC0, 0x33, 0x00, 0xFC, 0x03, 0x80, 0x06, 0x00, 0x18,
    0x00, 0xC0, 0x81, 0x90, 0x32, 0x06, 0x40, 0xCF, 0xF9, 0xFF, 0x20, 0x64, 0x0C, 0x81, 0x90, 0x3E,
    0x07, 0x00, 0x60, 0x0C, 0x03, 0x00, 0xC0, 0x6C, 0x06, 0xC0, 0x6C, 0x06, 0xC0, 0x6C, 0x06, 0xC0,
    0x6F, 0x3E, 0x7F, 0x60, 0x06, 0x00, 0x60, 0x06, 0x00, 0x60, 0x07, 0x00, 0x70, 0x03, 0x00, 0x30,
    0x03, 0x81, 0x20, 0x48, 0x12, 0x04, 0xC1, 0x38, 0xC7, 0xF0, 0x04, 0x01, 0x00, 0x70, 0x1C, 0x03,
    0x00, 0xC0, 0x30, 0xE0, 0x0E, 0x70, 0x07, 0x3C, 0x07, 0x9E, 0x03, 0xCF, 0x03, 0x66, 0xC1, 0xB3,
    0x60, 0xD9, 0x98, 0xCC, 0xCC, 0x66, 0x66, 0x23, 0x31, 0xB1, 0x98, 0xD8, 0xCC, 0x28, 0x66, 0x1C,
    0x3F, 0x0C, 0x1E, 0x00, 0x06, 0x00, 0x03, 0x00, 0x01, 0x80, 0xE0, 0x73, 0x81, 0xCB, 0x0D, 0x2C,
    0x34, 0xB0, 0xD2, 0x66, 0x49, 0x99, 0x23, 0xC4, 0x8F, 0x12, 0x18, 0x78, 0x61, 0xC0, 0x03, 0x00,
    0x08, 0x00, 0x60, 0xFF, 0xFE, 0x18, 0x80, 0x4C, 0x03, 0xC0, 0x00, 0x00, 0x00, 0x03, 0x80, 0x3C,
    0x01, 0xE0, 0x0D, 0x80, 0xCC, 0x06, 0x60, 0x31, 0x83, 0x0C, 0x18, 0x60, 0xFF, 0x8F, 0xFC, 0x60,
    0x36, 0x01, 0xB0, 0x0D, 0x80, 0x30, 0x23, 0x19, 0x07, 0x00, 0x00, 0x83, 0xFB, 0x8E, 0x83, 0x01,
    0x87, 0xDF, 0xF8, 0x3C, 0x1E, 0x0F, 0x9E, 0xFB, 0x18, 0x80, 0xCE, 0x06, 0x20, 0x00, 0x00, 0x00,
    0x03, 0x80, 0x3C, 0x01, 0xE0, 0x0D, 0x80, 0xCC, 0x06, 0x60, 0x31, 0x83, 0x0C, 0x18, 0x60, 0xFF,
    0x8F, 0xFC, 0x60, 0x36, 0x01, 0xB0, 0x0D, 0x80, 0x30, 0x22, 0x39, 0x88, 0xC0, 0x00, 0x83, 0xFB,
    0x8E, 0x83, 0x01, 0x87, 0xDF, 0xF8, 0x3C, 0x1E, 0x0F, 0x9E, 0xFB, 0x03, 0xFF, 0xC0, 0xDF, 0xF0,
    0x26, 0x00, 0x19, 0x80, 0x06, 0x60, 0x03, 0x18, 0x00, 0xC6, 0x00, 0x61, 0xFF, 0x18, 0x60, 0x0F,
    0xF8, 0x03, 0xFE, 0x01, 0x81, 0x80, 0x60, 0x60, 0x30, 0x1F, 0xFC, 0x07, 0xFC, 0x08, 0x08, 0x3F,
    0xBF, 0x38, 0xF8, 0xC8, 0x38, 0x30, 0x18, 0x18, 0xFF, 0xFD, 0xFF, 0xFF, 0xC3, 0x00, 0xC1, 0x80,
    0x60, 0xE0, 0xF9, 0xF9, 0xCF, 0xCF, 0xC0, 0x22, 0x1B, 0x07, 0x00, 0x00, 0x07, 0xFF, 0xFF, 0x80,
    0xC0, 0x60, 0x30, 0x1F, 0xFF, 0xFE, 0x03, 0x01, 0x80, 0xC0, 0x60, 0x3F, 0xFF, 0xF0, 0x31, 0x04,
    0xC1, 0xE0, 0x00, 0x04, 0x0F, 0xC7, 0x19, 0x83, 0xC0, 0xFF, 0xFF, 0xFF, 0x00, 0xC0, 0x18, 0x37,
    0x38, 0x7C, 0x1F, 0xC1, 0xEF, 0x1C, 0x0C, 0xC0, 0x7C, 0x01, 0x80, 0x0C, 0x00, 0x7F, 0xFF, 0xC0,
    0x1E, 0x00, 0xD8, 0x06, 0xC0, 0x67, 0x07, 0x1F, 0xF0, 0x7F, 0x00, 0x0C, 0x1F, 0xCE, 0x19, 0x03,
    0x00, 0xC0, 0x3F, 0xFF, 0x03, 0xC0, 0xD8, 0x67, 0xF8, 0xFC, 0x08, 0x80, 0xE6, 0x02, 0x30, 0x00,
    0x00, 0x00, 0x0F, 0xE0, 0xF7, 0x8E, 0x06, 0x60, 0x3E, 0x00, 0xC0, 0x06, 0x00, 0x3F, 0xFF, 0xE0,
    0x0F, 0x00, 0x6C, 0x03, 0x60, 0x33, 0x83, 0x8F, 0xF8, 0x3F, 0x80, 0x31, 0x0C, 0xC3, 0x30, 0x00,
    0x0C, 0x1F, 0xCE, 0x19, 0x03, 0x00, 0xC0, 0x3F, 0xFF, 0x03, 0xC0, 0xD8, 0x67, 0xF8, 0xFC, 0x02,
    0x10, 0x00, 0xCC, 0x00, 0x33, 0x00, 0x00, 0x00, 0x00, 0x00, 0x38, 0x30, 0x76, 0x0C, 0x18, 0xC3,
    0x0C, 0x30, 0xC3, 0x06, 0x31, 0x81, 0xCC, 0xE0, 0x33, 0x30, 0x0F, 0xFC, 0x03, 0x33, 0x01, 0x8C,
    0x60, 0xC3, 0x1C, 0x30, 0xC3, 0x18, 0x30, 0x66, 0x0C, 0x1B, 0x03, 0x03, 0x04, 0x40, 0x1D, 0xC0,
    0x11, 0x00, 0x00, 0x00, 0x00, 0x1C, 0x21, 0xD8, 0x43, 0x18, 0x8C, 0x19, 0x30, 0x1F, 0xC0, 0x3F,
    0x80, 0xC9, 0x83, 0x93, 0x06, 0x23, 0x18, 0x43, 0x60, 0x83, 0x11, 0x07, 0x70, 0x44, 0x00, 0x00,
    0x00, 0x7E, 0x1C, 0x63, 0x06, 0x40, 0xC0, 0x18, 0x03, 0x07, 0xC0, 0xF0, 0x03, 0x80, 0x30, 0x03,
    0xC0, 0x6C, 0x19, 0xFF, 0x1F, 0x80, 0x62, 0x66, 0x62, 0x00, 0x00, 0x7E, 0xE3, 0xC3, 0x03, 0x0E,
    0x1E, 0x03, 0x03, 0xC3, 0xE7, 0x7E, 0x7F, 0xCF, 0xF8, 0x06, 0x01, 0x80, 0x60, 0x18, 0x03, 0x80,
    0x7C, 0x00, 0xC0, 0x0C, 0x01, 0xE0, 0x36, 0x0C, 0xFF, 0x8F, 0xC0, 0x7F, 0xCF, 0xF8, 0x06, 0x01,
    0x80, 0x60, 0x18, 0x03, 0x80, 0x7C, 0x00, 0xC0, 0x0C, 0x01, 0xE0, 0x36, 0x0C, 0xFF, 0x8F, 0xC0,
    0x1F, 0x80, 0x00, 0x00, 0x00, 0x00, 0xC0, 0x7C, 0x07, 0xC0, 0xFC, 0x1B, 0xC1, 0xBC, 0x33, 0xC7,
    0x3C, 0x63, 0xCC, 0x3D, 0xC3, 0xD8, 0x3F, 0x03, 0xF0, 0x3E, 0x03, 0xC0, 0x30, 0x7E, 0x00, 0x00,
    0x00, 0x08, 0x3C, 0x1E, 0x1F, 0x1B, 0x8D, 0xCC, 0xEC, 0x76, 0x3E, 0x1E, 0x0F, 0x06, 0x11, 0x81,
    0x98, 0x11, 0x80, 0x00, 0x00, 0x0C, 0x07, 0xC0, 0x7C, 0x0F, 0xC1, 0xBC, 0x1B, 0xC3, 0x3C, 0x73,
    0xC6, 0x3C, 0xC3, 0xDC, 0x3D, 0x83, 0xF0, 0x3F, 0x03, 0xE0, 0x3C, 0x03, 0x62, 0x33, 0x98, 0x80,
    0x00, 0x04, 0x1E, 0x0F, 0x0F, 0x8D, 0xC6, 0xE6, 0x76, 0x3B, 0x1F, 0x0F, 0x07, 0x83, 0x08, 0x40,
    0x33, 0x00, 0xCC, 0x00, 0x00, 0x00, 0x00, 0x3F, 0x03, 0xCF, 0x0C, 0x0C, 0x60, 0x19, 0x80, 0x6C,
    0x00, 0xF0, 0x03, 0xC0, 0x0F, 0x00, 0x3C, 0x00, 0xD8, 0x06, 0x60, 0x18, 0xC0, 0xC1, 0xFE, 0x03,
    0xF0, 0x11, 0x0C, 0xE3, 0x10, 0x00, 0x04, 0x0F, 0xC7, 0x19, 0x83, 0xC0, 0xF0, 0x1C, 0x07, 0x03,
    0xC0, 0xD8, 0x37, 0x38, 0xFC, 0x0F, 0xC0, 0xF3, 0xC3, 0x03, 0x18, 0x06, 0x60, 0x1B, 0x00, 0x3C,
    0x00, 0xFF, 0xFF, 0xC0, 0x0F, 0x00, 0x36, 0x01, 0x98, 0x06, 0x30, 0x30, 0x7F, 0x80, 0xFC, 0x00,
    0x04, 0x0F, 0xC7, 0x19, 0x83, 0xC0, 0xFE, 0x3E, 0xFF, 0x03, 0xC0, 0xD8, 0x37, 0x38, 0xFC, 0x08,
    0x40, 0x33, 0x00, 0xCC, 0x00, 0x00, 0x00, 0x00, 0x3F, 0x03, 0xCF, 0x0C, 0x0C, 0x60, 0x19, 0x80,
    0x6C, 0x00, 0xF0, 0x03, 0xFF, 0xFF, 0x00, 0x3C, 0x00, 0xD8, 0x06, 0x60, 0x18, 0xC0, 0xC1, 0xFE,
    0x03, 0xF0, 0x11, 0x0C, 0xE3, 0x10, 0x00, 0x04, 0x0F, 0xC7, 0x19, 0x83, 0xC0, 0xFE, 0x3E, 0xFF,
    0x03, 0xC0, 0xD8, 0x37, 0x38, 0xFC, 0x08, 0x80, 0xCE, 0x06, 0x20, 0x00, 0x00, 0x00, 0x0F, 0xE0,
    0xE7, 0x8C, 0x0E, 0xC0, 0x36, 0x00, 0xC0, 0x06, 0x0F, 0xF0, 0x7F, 0x80, 0x0C, 0x00, 0x78, 0x03,
    0xE0, 0x33, 0x03, 0x8F, 0xF8, 0x3F, 0x00, 0x22, 0x1C, 0xC2, 0x30, 0x00, 0x08, 0x0F, 0xC6, 0x3B,
    0x06, 0x00, 0xC7, 0xF1, 0xFC, 0x03, 0x00, 0xF0, 0x67, 0x38, 0xF8, 0x1F, 0x00, 0x00, 0x00, 0x00,
    0x01, 0xC0, 0x6C, 0x06, 0x60, 0xC6, 0x0C, 0x30, 0xC3, 0x18, 0x19, 0x81, 0xB0, 0x1B, 0x00, 0xF0,
    0x0E, 0x00, 0x60, 0x0C, 0x03, 0xC0, 0x38, 0x00, 0x3F, 0x00, 0x00, 0x00, 0x00, 0xC0, 0xF0, 0x66,
    0x19, 0x86, 0x63, 0x0C, 0xC3, 0x30, 0x58, 0x1E, 0x07, 0x00, 0xC0, 0x30, 0x18, 0x06, 0x0F, 0x00,
    0x11, 0x03, 0xB8, 0x11, 0x00, 0x00, 0x00, 0x1C, 0x06, 0xC0, 0x66, 0x0C, 0x60, 0xC3, 0x0C, 0x31,
    0x81, 0x98, 0x1B, 0x01, 0xB0, 0x0F, 0x00, 0xE0, 0x06, 0x00, 0xC0, 0x3C, 0x03, 0x80, 0x23, 0x0C,
    0xC2, 0x30, 0x00, 0x00, 0x30, 0x3C, 0x19, 0x86, 0x61, 0x98, 0xC3, 0x30, 0xCC, 0x16, 0x07, 0x81,
    0xC0, 0x30, 0x0C, 0x06, 0x01, 0x83, 0xC0, 0x1D, 0x81, 0x90, 0x33, 0x00, 0x00, 0x00, 0x1C, 0x06,
    0xC0, 0x66, 0x0C, 0x60, 0xC3, 0x0C, 0x31, 0x81, 0x98, 0x1B, 0x01, 0xB0, 0x0F, 0x00, 0xE0, 0x06,
    0x00, 0xC0, 0x3C, 0x03, 0x80, 0x1B, 0x8C, 0xC2, 0x60, 0x00, 0x00, 0x30, 0x3C, 0x19, 0x86, 0x61,
    0x98, 0xC3, 0x30, 0xCC, 0x16, 0x07, 0x81, 0xC0, 0x30, 0x0C, 0x06, 0x01, 0x83, 0xC0, 0x31, 0x06,
    0x70, 0xC4, 0x00, 0x00, 0x01, 0x80, 0xF0, 0x1E, 0x03, 0xC0, 0x78, 0x0F, 0x01, 0xE0, 0x3F, 0x3E,
    0xFE, 0xC0, 0x18, 0x03, 0x00, 0x60, 0x0C, 0x01, 0x80, 0x30, 0x42, 0x66, 0x66, 0x00, 0x00, 0x81,
    0x81, 0x81, 0x81, 0xC1, 0xE3, 0x7F, 0x01, 0x01, 0x01, 0x01, 0xFF, 0xFF, 0xF0, 0x18, 0x0C, 0x06,
    0x03, 0x01, 0x80, 0xC0, 0x60, 0x30, 0x18, 0x0C, 0x07, 0x03, 0x80, 0xC0, 0x60, 0x30, 0x00, 0xFF,
    0x02, 0x04, 0x08, 0x10, 0x20, 0x40, 0x81, 0xC3, 0x83, 0x06, 0x0C, 0x00, 0x08, 0xC0, 0x39, 0x80,
    0x23, 0x00, 0x00, 0x00, 0x00, 0x18, 0x00, 0xF0, 0x01, 0xE0, 0x03, 0xC0, 0x07, 0x80, 0x0F, 0x00,
    0x1F, 0xF8, 0x3F, 0xFC, 0x78, 0x18, 0xF0, 0x31, 0xE0, 0x23, 0xC0, 0xC7, 0x81, 0x8F, 0xFE, 0x1F,
    0xF8, 0x30, 0x11, 0x03, 0x98, 0x11, 0x80, 0x00, 0x00, 0x08, 0x03, 0x80, 0x38, 0x03, 0x80, 0x3F,
    0xE3, 0x87, 0x38, 0x13, 0x81, 0xB8, 0x33, 0xFF, 0x3F, 0xE3, 0x3F, 0xE7, 0xFC, 0xC0, 0x18, 0x03,
    0x00, 0x60, 0x0C, 0x07, 0xF8, 0x30, 0x06, 0x00, 0xC0, 0x18, 0x03, 0x00, 0x78, 0x0F, 0x00, 0x60,
    0x0C, 0x03, 0x01, 0xE0, 0x00, 0x3F, 0x90, 0x08, 0x04, 0x02, 0x07, 0xF0, 0x80, 0x40, 0x20, 0x1C,
    0x0E, 0x03, 0x01, 0x80, 0xC1, 0xC0, 0xE0, 0x31, 0x81, 0x83, 0x0C, 0x0E, 0x30, 0x19, 0x80, 0x3C,
    0x00, 0x70, 0x01, 0x80, 0x0F, 0x00, 0x76, 0x01, 0x9C, 0x0C, 0x30, 0x70, 0x61, 0x81, 0xFC, 0x03,
    0xC0, 0x03, 0x00, 0x0C, 0x00, 0x60, 0x07, 0x80, 0xC1, 0xB1, 0x99, 0x86, 0xC1, 0xC0, 0xE0, 0xF0,
    0x6C, 0x63, 0x31, 0xB0, 0x60, 0x30, 0x18, 0x0C, 0x1C, 0xE0, 0x33, 0x03, 0x0C, 0x30, 0x71, 0x81,
    0x98, 0x07, 0x80, 0x1C, 0x0F, 0xFC, 0x0F, 0x00, 0xEC, 0x06, 0x70, 0x61, 0x87, 0x06, 0x30, 0x3B,
    0x00, 0xE0, 0xE1, 0xD8, 0xC3, 0x30, 0x58, 0x1C, 0x3F, 0xE1, 0xE0, 0xD8, 0x63, 0x18, 0x6C, 0x1C,
    0x07, 0x00, 0x78, 0x03, 0xC0, 0x1B, 0x01, 0x98, 0x0C, 0xC0, 0x63, 0x06, 0x18, 0x30, 0xC1, 0xFF,
    0x1F, 0xF8, 0xC0, 0x6C, 0x03, 0x60, 0x1B, 0x00, 0x60, 0x00, 0x00, 0x00, 0x10, 0x01, 0xC0, 0x0C,
    0x00, 0x08, 0x3F, 0xB8, 0xE8, 0x30, 0x18, 0x7D, 0xFF, 0x83, 0xC1, 0xE0, 0xF9, 0xEF, 0xB0, 0x00,
    0x00, 0x20, 0x38, 0x0C, 0x00, 0x0E, 0x00, 0x18, 0x00, 0x80, 0x08, 0x00, 0x00, 0x03, 0x80, 0x3C,
    0x01, 0xE0, 0x0D, 0x80, 0xCC, 0x06, 0x60, 0x31, 0x83, 0x0C, 0x18, 0x60, 0xFF, 0x8F, 0xFC, 0x60,
    0x36, 0x01, 0xB0, 0x0D, 0x80, 0x30, 0x1C, 0x02, 0x03, 0x00, 0x00, 0x83, 0xFB, 0x8E, 0x83, 0x01,
    0x87, 0xDF, 0xF8, 0x3C, 0x1E, 0x0F, 0x9E, 0xFB, 0x00, 0x60, 0x06, 0x00, 0x20, 0x0C, 0x00, 0xF0,
    0x0C, 0xC0, 0x01, 0x00, 0x00, 0x07, 0x00, 0x78, 0x03, 0xC0, 0x1B, 0x01, 0x98, 0x0C, 0xC0, 0x63,
    0x06, 0x18, 0x30, 0xC1, 0xFF, 0x1F, 0xF8, 0xC0, 0x6C, 0x03, 0x60, 0x1B, 0x00, 0x60, 0x01, 0xC0,
    0x40, 0x30, 0x30, 0x1E, 0x0C, 0xC4, 0x00, 0x20, 0x7F, 0x38, 0xE4, 0x18, 0x06, 0x0F, 0x9F, 0xEC,
    0x1B, 0x06, 0xC1, 0xB9, 0xE7, 0xD8, 0x03, 0x80, 0x0C, 0x00, 0x30, 0x0C, 0x00, 0xF0, 0x0C, 0xC0,
    0x01, 0x00, 0x00, 0x07, 0x00, 0x78, 0x03, 0xC0, 0x1B, 0x01, 0x98, 0x0C, 0xC0, 0x63, 0x06, 0x18,
    0x30, 0xC1, 0xFF, 0x1F, 0xF8, 0xC0, 0x6C, 0x03, 0x60, 0x1B, 0x00, 0x60, 0x06, 0x01, 0x80, 0x41,
    0x81, 0xE1, 0x99, 0x00, 0x10, 0x7F, 0x71, 0xD0, 0x60, 0x30, 0xFB, 0xFF, 0x07, 0x83, 0xC1, 0xF3,
    0xDF, 0x60, 0x01, 0xC0, 0x06, 0x00, 0x20, 0x0C, 0x00, 0xF0, 0x0C, 0xC0, 0x01, 0x00, 0x00, 0x07,
    0x00, 0x78, 0x03, 0xC0, 0x1B, 0x01, 0x98, 0x0C, 0xC0, 0x63, 0x06, 0x18, 0x30, 0xC1, 0xFF, 0x1F,
    0xF8, 0xC0, 0x6C, 0x03, 0x60, 0x1B, 0x00, 0x60, 0x07, 0x00, 0x80, 0x81, 0x81, 0xE1, 0x99, 0x00,
    0x10, 0x7F, 0x71, 0xD0, 0x60, 0x30, 0xFB, 0xFF, 0x07, 0x83, 0xC1, 0xF3, 0xDF, 0x60, 0x0C, 0x80,
    0xFC, 0x00, 0x00, 0x0C, 0x00, 0xF0, 0x0C, 0xC0, 0x01, 0x00, 0x00, 0x07, 0x00, 0x78, 0x03, 0xC0,
    0x1B, 0x01, 0x98, 0x0C, 0xC0, 0x63, 0x06, 0x18, 0x30, 0xC1, 0xFF, 0x1F, 0xF8, 0xC0, 0x6C, 0x03,
    0x60, 0x1B, 0x00, 0x60, 0x3B, 0x17, 0x00, 0x01, 0x81, 0xE1, 0x99, 0x00, 0x10, 0x7F, 0x71, 0xD0,
    0x60, 0x30, 0xFB, 0xFF, 0x07, 0x83, 0xC1, 0xF3, 0xDF, 0x60, 0x06, 0x00, 0x78, 0x06, 0x60, 0x00,
    0x00, 0x00, 0x03, 0x80, 0x3C, 0x01, 0xE0, 0x0D, 0x80, 0xCC, 0x06, 0x60, 0x31, 0x83, 0x0C, 0x18,
    0x60, 0xFF, 0x8F, 0xFC, 0x60, 0x36, 0x01, 0xB0, 0x0D, 0x80, 0x30, 0x00, 0x00, 0x00, 0x08, 0x00,
    0xE0, 0x06, 0x00, 0x1C, 0x0B, 0x1C, 0xC0, 0x00, 0x83, 0xFB, 0x8E, 0x83, 0x01, 0x87, 0xDF, 0xF8,
    0x3C, 0x1E, 0x0F, 0x9E, 0xFB, 0x00, 0x00, 0x02, 0x03, 0x80, 0xC0, 0x01, 0x80, 0x18, 0x01, 0x80,
    0x31, 0x01, 0x98, 0x07, 0x80, 0x00, 0x00, 0x00, 0x07, 0x00, 0x78, 0x03, 0xC0, 0x1B, 0x01, 0x98,
    0x0C, 0xC0, 0x63, 0x06, 0x18, 0x30, 0xC1, 0xFF, 0x1F, 0xF8, 0xC0, 0x6C, 0x03, 0x60, 0x1B, 0x00,
    0x60, 0x06, 0x06, 0x03, 0x04, 0x62, 0x20, 0xF0, 0x00, 0x10, 0x7F, 0x71, 0xD0, 0x60, 0x30, 0xFB,
    0xFF, 0x07, 0x83, 0xC1, 0xF3, 0xDF, 0x60, 0x1C, 0x00, 0x20, 0x01, 0x80, 0x31, 0x01, 0x98, 0x07,
    0x80, 0x00, 0x00, 0x00, 0x07, 0x00, 0x78, 0x03, 0xC0, 0x1B, 0x01, 0x98, 0x0C, 0xC0, 0x63, 0x06,
    0x18, 0x30, 0xC1, 0xFF, 0x1F, 0xF8, 0xC0, 0x6C, 0x03, 0x60, 0x1B, 0x00, 0x60, 0x30, 0x0C, 0x02,
    0x04, 0x62, 0x20, 0xF0, 0x00, 0x10, 0x7F, 0x71, 0xD0, 0x60, 0x30, 0xFB, 0xFF, 0x07, 0x83, 0xC1,
    0xF3, 0xDF, 0x60, 0x07, 0x00, 0x18, 0x00, 0x80, 0x31, 0x01, 0x98, 0x07, 0x80, 0x00, 0x00, 0x00,
    0x07, 0x00, 0x78, 0x03, 0xC0, 0x1B, 0x01, 0x98, 0x0C, 0xC0, 0x63, 0x06, 0x18, 0x30, 0xC1, 0xFF,
    0x1F, 0xF8, 0xC0, 0x6C, 0x03, 0x60, 0x1B, 0x00, 0x60, 0x1C, 0x02, 0x02, 0x04, 0x62, 0x20, 0xF0,
    0x00, 0x10, 0x7F, 0x71, 0xD0, 0x60, 0x30, 0xFB, 0xFF, 0x07, 0x83, 0xC1, 0xF3, 0xDF, 0x60, 0x0C,
    0x80, 0xFC, 0x00, 0x00, 0x31, 0x01, 0x98, 0x07, 0x80, 0x00, 0x00, 0x00, 0x07, 0x00, 0x78, 0x03,
    0xC0, 0x1B, 0x01, 0x98, 0x0C, 0xC0, 0x63, 0x06, 0x18, 0x30, 0xC1, 0xFF, 0x1F, 0xF8, 0xC0, 0x6C,
    0x03, 0x60, 0x1B, 0x00, 0x60, 0x3B, 0x17, 0x00, 0x04, 0x62, 0x20, 0xF0, 0x00, 0x10, 0x7F, 0x71,
    0xD0, 0x60, 0x30, 0xFB, 0xFF, 0x07, 0x83, 0xC1, 0xF3, 0xDF, 0x60, 0x18, 0x80, 0x4C, 0x03, 0xC0,
    0x00, 0x00, 0x00, 0x03, 0x80, 0x3C, 0x01, 0xE0, 0x0D, 0x80, 0xCC, 0x06, 0x60, 0x31, 0x83, 0x0C,
    0x18, 0x60, 0xFF, 0x8F, 0xFC, 0x60, 0x36, 0x01, 0xB0, 0x0D, 0x80, 0x30, 0x00, 0x00, 0x00, 0x08,
    0x00, 0xE0, 0x06, 0x00, 0x23, 0x19, 0x07, 0x00, 0x00, 0x83, 0xFB, 0x8E, 0x83, 0x01, 0x87, 0xDF,
    0xF8, 0x3C, 0x1E, 0x0F, 0x9E, 0xFB, 0x00, 0x00, 0x02, 0x03, 0x80, 0xC0, 0xFF, 0xFF, 0xF0, 0x18,
    0x0C, 0x06, 0x03, 0xFF, 0xFF, 0xC0, 0x60, 0x30, 0x18, 0x0C, 0x07, 0xFF, 0xFE, 0x00, 0x00, 0x04,
    0x07, 0x01, 0x00, 0x04, 0x0F, 0xC7, 0x19, 0x83, 0xC0, 0xFF, 0xFF, 0xFF, 0x00, 0xC0, 0x18, 0x37,
    0x38, 0x7C, 0x00, 0x00, 0x00, 0x40, 0x30, 0x0C, 0x00, 0x1C, 0x02, 0x02, 0x00, 0x00, 0x07, 0xFF,
    0xFF, 0x80, 0xC0, 0x60, 0x30, 0x1F, 0xFF, 0xFE, 0x03, 0x01, 0x80, 0xC0, 0x60, 0x3F, 0xFF, 0xF0,
    0x1C, 0x01, 0x80, 0x40, 0x20, 0x04, 0x0F, 0xC7, 0x19, 0x83, 0xC0, 0xFF, 0xFF, 0xFF, 0x00, 0xC0,
    0x18, 0x37, 0x38, 0x7C, 0x10, 0x1F, 0x09, 0x00, 0x00, 0x07, 0xFF, 0xFF, 0x80, 0xC0, 0x60, 0x30,
    0x1F, 0xFF, 0xFE, 0x03, 0x01, 0x80, 0xC0, 0x60, 0x3F, 0xFF, 0xF0, 0x10, 0x0F, 0xC2, 0x20, 0x00,
    0x04, 0x0F, 0xC7, 0x19, 0x83, 0xC0, 0xFF, 0xFF, 0xFF, 0x00, 0xC0, 0x18, 0x37, 0x38, 0x7C, 0x01,
    0x81, 0x80, 0x81, 0x01, 0xC1, 0xB1, 0x04, 0x00, 0xFF, 0xFF, 0xF0, 0x18, 0x0C, 0x06, 0x03, 0xFF,
    0xFF, 0xC0, 0x60, 0x30, 0x18, 0x0C, 0x07, 0xFF, 0xFE, 0x00, 0xC0, 0x60, 0x10, 0x30, 0x1E, 0x0C,
    0xC0, 0x00, 0x10, 0x3F, 0x1C, 0x66, 0x0F, 0x03, 0xFF, 0xFF, 0xFC, 0x03, 0x00, 0x60, 0xDC, 0xE1,
    0xF0, 0x0E, 0x01, 0x00, 0xC1, 0x01, 0xC1, 0xB1, 0x04, 0x00, 0xFF, 0xFF, 0xF0, 0x18, 0x0C, 0x06,
    0x03, 0xFF, 0xFF, 0xC0, 0x60, 0x30, 0x18, 0x0C, 0x07, 0xFF, 0xFE, 0x07, 0x00, 0xC0, 0x18, 0x30,
    0x1E, 0x0C, 0xC0, 0x00, 0x10, 0x3F, 0x1C, 0x66, 0x0F, 0x03, 0xFF, 0xFF, 0xFC, 0x03, 0x00, 0x60,
    0xDC, 0xE1, 0xF0, 0x07, 0x01, 0x80, 0x81, 0x01, 0xC1, 0xB1, 0x04, 0x00, 0xFF, 0xFF, 0xF0, 0x18,
    0x0C, 0x06, 0x03, 0xFF, 0xFF, 0xC0, 0x60, 0x30, 0x18, 0x0C, 0x07, 0xFF, 0xFE, 0x03, 0x80, 0x60,
    0x10, 0x30, 0x1E, 0x0C, 0xC0, 0x00, 0x10, 0x3F, 0x1C, 0x66, 0x0F, 0x03, 0xFF, 0xFF, 0xFC, 0x03,
    0x00, 0x60, 0xDC, 0xE1, 0xF0, 0x33, 0x17, 0x00, 0x01, 0x01, 0xC1, 0xB1, 0x04, 0x00, 0xFF, 0xFF,
    0xF0, 0x18, 0x0C, 0x06, 0x03, 0xFF, 0xFF, 0xC0, 0x60, 0x30, 0x18, 0x0C, 0x07, 0xFF, 0xFE, 0x19,
    0x0F, 0xC0, 0x00, 0x30, 0x1E, 0x0C, 0xC0, 0x00, 0x10, 0x3F, 0x1C, 0x66, 0x0F, 0x03, 0xFF, 0xFF,
    0xFC, 0x03, 0x00, 0x60, 0xDC, 0xE1, 0xF0, 0x1C, 0x1B, 0x18, 0xC0, 0x00, 0x07, 0xFF, 0xFF, 0x80,
    0xC0, 0x60, 0x30, 0x1F, 0xFF, 0xFE, 0x03, 0x01, 0x80, 0xC0, 0x60, 0x3F, 0xFF, 0xF0, 0x00, 0x00,
    0x20, 0x38, 0x08, 0x00, 0x0C, 0x07, 0x83, 0x30, 0x00, 0x04, 0x0F, 0xC7, 0x19, 0x83, 0xC0, 0xFF,
    0xFF, 0xFF, 0x00, 0xC0, 0x18, 0x37, 0x38, 0x7C, 0x00, 0x00, 0x00, 0x40, 0x30, 0x0C, 0x00, 0xE5,
    0x80, 0xDB, 0x6D, 0xB6, 0xDB, 0x6D, 0xB0, 0xE5, 0x80, 0x92, 0x49, 0x24, 0x92, 0xFF, 0xFF, 0xFF,
    0xFC, 0x2F, 0x5D, 0x00, 0x92, 0x49, 0x24, 0x92, 0x01, 0x74, 0x0F, 0xC0, 0xF3, 0xC3, 0x03, 0x18,
    0x06, 0x60, 0x1B, 0x00, 0x3C, 0x00, 0xF0, 0x03, 0xC0, 0x0F, 0x00, 0x36, 0x01, 0x98, 0x06, 0x30,
    0x30, 0x7F, 0x80, 0xFC, 0x00, 0x00, 0x00, 0x00, 0x0C, 0x00, 0x30, 0x00, 0xC0, 0x04, 0x0F, 0xC7,
    0x19, 0x83, 0xC0, 0xF0, 0x1C, 0x07, 0x03, 0xC0, 0xD8, 0x37, 0x38, 0xFC, 0x00, 0x00, 0x00, 0x40,
    0x38, 0x0C, 0x00, 0x07, 0x00, 0x04, 0x00, 0x30, 0x00, 0x00, 0x00, 0x00, 0x3F, 0x03, 0xCF, 0x0C,
    0x0C, 0x60, 0x19, 0x80, 0x6C, 0x00, 0xF0, 0x03, 0xC0, 0x0F, 0x00, 0x3C, 0x00, 0xD8, 0x06, 0x60,
    0x18, 0xC0, 0xC1, 0xFE, 0x03, 0xF0, 0x0C, 0x01, 0x80, 0x40, 0x20, 0x04, 0x0F, 0xC7, 0x19, 0x83,
    0xC0, 0xF0, 0x1C, 0x07, 0x03, 0xC0, 0xD8, 0x37, 0x38, 0xFC, 0x00, 0x70, 0x01, 0x80, 0x0C, 0x00,
    0xC0, 0x07, 0x80, 0x33, 0x00, 0x00, 0x00, 0x00, 0x0F, 0xC0, 0xF3, 0xC3, 0x03, 0x18, 0x06, 0x60,
    0x1B, 0x00, 0x3C, 0x00, 0xF0, 0x03, 0xC0, 0x0F, 0x00, 0x36, 0x01, 0x98, 0x06, 0x30, 0x30, 0x7F,
    0x80, 0xFC, 0x00, 0x00, 0xC0, 0x60, 0x10, 0x30, 0x1E, 0x0C, 0xC0, 0x08, 0x10, 0x3F, 0x1C, 0x66,
    0x0F, 0x03, 0xC0, 0x70, 0x1C, 0x0F, 0x03, 0x60, 0xDC, 0xE3, 0xF0, 0x01, 0x80, 0x03, 0x00, 0x04,
    0x00, 0xC0, 0x07, 0x80, 0x33, 0x00, 0x00, 0x00, 0x00, 0x0F, 0xC0, 0xF3, 0xC3, 0x03, 0x18, 0x06,
    0x60, 0x1B, 0x00, 0x3C, 0x00, 0xF0, 0x03, 0xC0, 0x0F, 0x00, 0x36, 0x01, 0x98, 0x06, 0x30, 0x30,
    0x7F, 0x80, 0xFC, 0x00, 0x07, 0x00, 0xC0, 0x18, 0x30, 0x1E, 0x0C, 0xC0, 0x08, 0x10, 0x3F, 0x1C,
    0x66, 0x0F, 0x03, 0xC0, 0x70, 0x1C, 0x0F, 0x03, 0x60, 0xDC, 0xE3, 0xF0, 0x01, 0xE0, 0x01, 0x00,
    0x0C, 0x00, 0xC0, 0x07, 0x80, 0x33, 0x00, 0x00, 0x00, 0x00, 0x0F, 0xC0, 0xF3, 0xC3, 0x03, 0x18,
    0x06, 0x60, 0x1B, 0x00, 0x3C, 0x00, 0xF0, 0x03, 0xC0, 0x0F, 0x00, 0x36, 0x01, 0x98, 0x06, 0x30,
    0x30, 0x7F, 0x80, 0xFC, 0x00, 0x03, 0x80, 0x60, 0x10, 0x30, 0x1E, 0x0C, 0xC0, 0x08, 0x10, 0x3F,
    0x1C, 0x66, 0x0F, 0x03, 0xC0, 0x70, 0x1C, 0x0F, 0x03, 0x60, 0xDC, 0xE3, 0xF0, 0x06, 0x40, 0x3F,
    0x00, 0x00, 0x00, 0xC0, 0x07, 0x80, 0x33, 0x00, 0x00, 0x00, 0x00, 0x0F, 0xC0, 0xF3, 0xC3, 0x03,
    0x18, 0x06, 0x60, 0x1B, 0x00, 0x3C, 0x00, 0xF0, 0x03, 0xC0, 0x0F, 0x00, 0x36, 0x01, 0x98, 0x06,
    0x30, 0x30, 0x7F, 0x80, 0xFC, 0x00, 0x19, 0x0F, 0xC0, 0x00, 0x30, 0x1E, 0x0C, 0xC0, 0x08, 0x10,
    0x3F, 0x1C, 0x66, 0x0F, 0x03, 0xC0, 0x70, 0x1C, 0x0F, 0x03, 0x60, 0xDC, 0xE3, 0xF0, 0x03, 0x00,
    0x1E, 0x00, 0xCC, 0x00, 0x00, 0x00, 0x00, 0x3F, 0x03, 0xCF, 0x0C, 0x0C, 0x60, 0x19, 0x80, 0x6C,
    0x00, 0xF0, 0x03, 0xC0, 0x0F, 0x00, 0x3C, 0x00, 0xD8, 0x06, 0x60, 0x18, 0xC0, 0xC1, 0xFE, 0x03,
    0xF0, 0x00, 0x00, 0x00, 0x00, 0x30, 0x00, 0xC0, 0x03, 0x00, 0x0C, 0x07, 0x83, 0x38, 0x00, 0x04,
    0x0F, 0xC7, 0x19, 0x83, 0xC0, 0xF0, 0x1C, 0x07, 0x03, 0xC0, 0xD8, 0x37, 0x38, 0xFC, 0x00, 0x00,
    0x00, 0x40, 0x38, 0x0C, 0x00, 0x01, 0xC0, 0x06, 0x00, 0x30, 0x00, 0x03, 0x00, 0x0C, 0x3F, 0xE3,
    0xCF, 0x0C, 0x0C, 0x60, 0x19, 0x80, 0x6C, 0x00, 0xF0, 0x03, 0xC0, 0x0F, 0x00, 0x3C, 0x00, 0xD8,
    0x06, 0x60, 0x18, 0xC0, 0xC1, 0xFE, 0x03, 0xF0, 0x03, 0x00, 0xC0, 0x11, 0x84, 0x30, 0x46, 0x7F,
    0x9C, 0x63, 0x06, 0xC0, 0xD8, 0x0B, 0x01, 0x60, 0x6C, 0x0C, 0xC1, 0x9C, 0xE1, 0xF8, 0x0C, 0x00,
    0x18, 0x00, 0x30, 0x00, 0x03, 0x00, 0x0C, 0x3F, 0xE3, 0xCF, 0x0C, 0x0C, 0x60, 0x19, 0x80, 0x6C,
    0x00, 0xF0, 0x03, 0xC0, 0x0F, 0x00, 0x3C, 0x00, 0xD8, 0x06, 0x60, 0x18, 0xC0, 0xC1, 0xFE, 0x03,
    0xF0, 0x18, 0x03, 0x00, 0x31, 0x80, 0x30, 0x46, 0x7F, 0x9C, 0x63, 0x06, 0xC0, 0xD8, 0x0B, 0x01,
    0x60, 0x6C, 0x0C, 0xC1, 0x9C, 0xE1, 0xF8, 0x07, 0x00, 0x04, 0x00, 0x30, 0x00, 0x03, 0x00, 0x0C,
    0x3F, 0xE3, 0xCF, 0x0C, 0x0C, 0x60, 0x19, 0x80, 0x6C, 0x00, 0xF0, 0x03, 0xC0, 0x0F, 0x00, 0x3C,
    0x00, 0xD8, 0x06, 0x60, 0x18, 0xC0, 0xC1, 0xFE, 0x03, 0xF0, 0x0C, 0x00, 0xC0, 0x11, 0x84, 0x30,
    0x46, 0x7F, 0x9C, 0x63, 0x06, 0xC0, 0xD8, 0x0B, 0x01, 0x60, 0x6C, 0x0C, 0xC1, 0x9C, 0xE1, 0xF8,
    0x04, 0x00, 0x3F, 0x00, 0x88, 0x00, 0x03, 0x00, 0x0C, 0x3F, 0xE3, 0xCF, 0x0C, 0x0C, 0x60, 0x19,
    0x80, 0x6C, 0x00, 0xF0, 0x03, 0xC0, 0x0F, 0x00, 0x3C, 0x00, 0xD8, 0x06, 0x60, 0x18, 0xC0, 0xC1,
    0xFE, 0x03, 0xF0, 0x10, 0x07, 0xE0, 0xC9, 0x80, 0x30, 0x46, 0x7F, 0x9C, 0x63, 0x06, 0xC0, 0xD8,
    0x0B, 0x01, 0x60, 0x6C, 0x0C, 0xC1, 0x9C, 0xE1, 0xF8, 0x00, 0x0C, 0x00, 0x30, 0xFF, 0x8F, 0x3C,
    0x30, 0x31, 0x80, 0x66, 0x01, 0xB0, 0x03, 0xC0, 0x0F, 0x00, 0x3C, 0x00, 0xF0, 0x03, 0x60, 0x19,
    0x80, 0x63, 0x03, 0x07, 0xF8, 0x0F, 0xC0, 0x00, 0x00, 0x00, 0x00, 0xC0, 0x03, 0x00, 0x0C, 0x00,
    0x00, 0x60, 0x0C, 0x11, 0x9F, 0xE7, 0x18, 0xC1, 0xB0, 0x36, 0x02, 0xC0, 0x58, 0x1B, 0x03, 0x30,
    0x67, 0x38, 0x7E, 0x00, 0x00, 0x00, 0x04, 0x01, 0xC0, 0x30, 0x00, 0xC0, 0x3C, 0x03, 0xC0, 0x3C,
    0x03, 0xC0, 0x3C, 0x03, 0xC0, 0x3C, 0x03, 0xC0, 0x3C, 0x03, 0xC0, 0x3C, 0x06, 0xE0, 0x67, 0xFC,
    0x1F, 0x80, 0x00, 0x00, 0x00, 0x40, 0x06, 0x00, 0x60, 0x81, 0xC0, 0xE0, 0x70, 0x38, 0x1C, 0x0E,
    0x07, 0x83, 0xC3, 0xFF, 0xDF, 0x60, 0x00, 0x00, 0x40, 0x60, 0x30, 0x0E, 0x00, 0x20, 0x06, 0x00,
    0x00, 0x00, 0x0C, 0x03, 0xC0, 0x3C, 0x03, 0xC0, 0x3C, 0x03, 0xC0, 0x3C, 0x03, 0xC0, 0x3C, 0x03,
    0xC0, 0x3C, 0x03, 0xC0, 0x6E, 0x06, 0x7F, 0xC1, 0xF8, 0x38, 0x06, 0x02, 0x02, 0x00, 0x04, 0x0E,
    0x07, 0x03, 0x81, 0xC0, 0xE0, 0x70, 0x3C, 0x1E, 0x1F, 0xFE, 0xFB, 0x03, 0x00, 0x0C, 0x00, 0x60,
    0x00, 0x03, 0x00, 0x0F, 0x00, 0xEC, 0x03, 0x30, 0x0C, 0xC0, 0x33, 0x00, 0xCC, 0x03, 0x30, 0x0C,
    0xC0, 0x33, 0x00, 0xCC, 0x03, 0x30, 0x0C, 0xC0, 0x63, 0x81, 0x87, 0xFC, 0x07, 0xE0, 0x06, 0x03,
    0x01, 0x84, 0x01, 0x00, 0x60, 0x78, 0x1A, 0x06, 0x81, 0xA0, 0x68, 0x1A, 0x06, 0xC1, 0xB0, 0xEF,
    0xF9, 0xF6, 0x18, 0x00, 0x30, 0x00, 0x40, 0x00, 0x83, 0x00, 0x0F, 0x00, 0xEC, 0x03, 0x30, 0x0C,
    0xC0, 0x33, 0x00, 0xCC, 0x03, 0x30, 0x0C, 0xC0, 0x33, 0x00, 0xCC, 0x03, 0x30, 0x0C, 0xC0, 0x63,
    0x81, 0x87, 0xFC, 0x07, 0xE0, 0x70, 0x0C, 0x01, 0x84, 0x01, 0x00, 0x60, 0x78, 0x1A, 0x06, 0x81,
    0xA0, 0x68, 0x1A, 0x06, 0xC1, 0xB0, 0xEF, 0xF9, 0xF6, 0x0E, 0x00, 0x08, 0x00, 0x60, 0x00, 0x03,
    0x00, 0x0F, 0x00, 0xEC, 0x03, 0x30, 0x0C, 0xC0, 0x33, 0x00, 0xCC, 0x03, 0x30, 0x0C, 0xC0, 0x33,
    0x00, 0xCC, 0x03, 0x30, 0x0C, 0xC0, 0x63, 0x81, 0x87, 0xFC, 0x07, 0xE0, 0x38, 0x03, 0x00, 0x84,
    0x41, 0x00, 0x60, 0x78, 0x1A, 0x06, 0x81, 0xA0, 0x68, 0x1A, 0x06, 0xC1, 0xB0, 0xEF, 0xF9, 0xF6,
    0x08, 0x00, 0x7E, 0x01, 0x30, 0x00, 0x03, 0x00, 0x0F, 0x00, 0xEC, 0x03, 0x30, 0x0C, 0xC0, 0x33,
    0x00, 0xCC, 0x03, 0x30, 0x0C, 0xC0, 0x33, 0x00, 0xCC, 0x03, 0x30, 0x0C, 0xC0, 0x63, 0x81, 0x87,
    0xFC, 0x07, 0xE0, 0x20, 0x1F, 0x84, 0x44, 0x01, 0x00, 0x60, 0x78, 0x1A, 0x06, 0x81, 0xA0, 0x68,
    0x1A, 0x06, 0xC1, 0xB0, 0xEF, 0xF9, 0xF6, 0x00, 0x0C, 0x00, 0x3C, 0x03, 0xB0, 0x0C, 0xC0, 0x33,
    0x00, 0xCC, 0x03, 0x30, 0x0C, 0xC0, 0x33, 0x00, 0xCC, 0x03, 0x30, 0x0C, 0xC0, 0x33, 0x01, 0x8E,
    0x06, 0x1F, 0xF0, 0x1F, 0x80, 0x00, 0x00, 0x00, 0x01, 0x00, 0x06, 0x00, 0x18, 0x00, 0x00, 0x40,
    0x10, 0x06, 0x07, 0x81, 0xA0, 0x68, 0x1A, 0x06, 0x81, 0xA0, 0x6C, 0x1B, 0x0E, 0xFF, 0x9F, 0x60,
    0x00, 0x00, 0x08, 0x06, 0x01, 0x80, 0x1C, 0x00, 0x60, 0x01, 0x80, 0x00, 0x00, 0x00, 0xE0, 0x19,
    0x81, 0xCC, 0x0C, 0x30, 0xC1, 0xC6, 0x06, 0x60, 0x1E, 0x00, 0xF0, 0x03, 0x00, 0x18, 0x00, 0xC0,
    0x06, 0x00, 0x30, 0x01, 0x80, 0x0C, 0x00, 0x30, 0x06, 0x00, 0x80, 0x10, 0x00, 0x30, 0x3C, 0x19,
    0x86, 0x61, 0x98, 0xC3, 0x30, 0xCC, 0x16, 0x07, 0x81, 0xC0, 0x30, 0x0C, 0x06, 0x01, 0x83, 0xC0,
    0xC0, 0x3B, 0x03, 0x98, 0x18, 0x61, 0x83, 0x8C, 0x0C, 0xC0, 0x3C, 0x01, 0xE0, 0x06, 0x00, 0x30,
    0x01, 0x80, 0x0C, 0x00, 0x60, 0x03, 0x00, 0x18, 0x00, 0x00, 0x00, 0x00, 0x30, 0x01, 0x80, 0x0C,
    0x00, 0xC0, 0xF0, 0x66, 0x19, 0x86, 0x63, 0x0C, 0xC3, 0x30, 0x58, 0x1E, 0x07, 0x00, 0xC0, 0x30,
    0x18, 0x06, 0x47, 0x3A, 0x06, 0x0E, 0x00, 0x18, 0x01, 0x80, 0x00, 0x00, 0x00, 0xE0, 0x19, 0x81,
    0xCC, 0x0C, 0x30, 0xC1, 0xC6, 0x06, 0x60, 0x1E, 0x00, 0xF0, 0x03, 0x00, 0x18, 0x00, 0xC0, 0x06,
    0x00, 0x30, 0x01, 0x80, 0x0C, 0x00, 0x1C, 0x01, 0x00, 0xC0, 0x00, 0x00, 0x30, 0x3C, 0x19, 0x86,
    0x61, 0x98, 0xC3, 0x30, 0xCC, 0x16, 0x07, 0x81, 0xC0, 0x30, 0x0C, 0x06, 0x01, 0x83, 0xC0, 0x08,
    0x00, 0xFC, 0x04, 0x40, 0x00, 0x00, 0x00, 0xE0, 0x19, 0x81, 0xCC, 0x0C, 0x30, 0xC1, 0xC6, 0x06,
    0x60, 0x1E, 0x00, 0xF0, 0x03, 0x00, 0x18, 0x00, 0xC0, 0x06, 0x00, 0x30, 0x01, 0x80, 0x0C, 0x00,
    0x10, 0x0F, 0xC2, 0x60, 0x00, 0x00, 0x30, 0x3C, 0x19, 0x86, 0x61, 0x98, 0xC3, 0x30, 0xCC, 0x16,
    0x07, 0x81, 0xC0, 0x30, 0x0C, 0x06, 0x01, 0x83, 0xC0, 0x00, 0x00, 0x00, 0x00, 0x00, 0x00, 0x00,
    0x00, 0x00, 0x00, 0x00, 0x00, 0xFE, 0xFE, 0xFF, 0xFF, 0xFC, 0xFF, 0xC0, 0xFF, 0xFF, 0xF8, 0xFF,
    0xFF, 0xF8, 0x99, 0x99, 0x99, 0x99, 0x99, 0x99, 0x99, 0x99, 0x99, 0x99, 0x99, 0x99, 0x90, 0xFF,
    0xFF, 0xC0, 0x1F, 0xF0, 0x6B, 0x6D, 0x80, 0xFB, 0x69, 0x00, 0x6D, 0x2D, 0x80, 0xD9, 0x26, 0xC0,
    0x65, 0x1C, 0xF3, 0xCF, 0x60, 0xEF, 0x3C, 0xF2, 0x8A, 0x60, 0x66, 0xC9, 0x32, 0x6C, 0xD9, 0x00,
    0xCD, 0x99, 0x32, 0x26, 0x4C, 0xC0, 0x18, 0x18, 0x18, 0xFF, 0xFF, 0x18, 0x18, 0x18, 0x18, 0x18,
    0x08, 0x18, 0x18, 0x18, 0xFF, 0xFF, 0x18, 0x18, 0x18, 0xFF, 0x18, 0x18, 0x18, 0x18, 0x18, 0x08,
    0x7B, 0xFF, 0xFF, 0xFD, 0xE0, 0x87, 0x3F, 0xEC, 0x40, 0xFC, 0xC3, 0xC3, 0xC3, 0xC3, 0x0F, 0x0C,
    0x3C, 0x30, 0xC0, 0xFC, 0x00, 0x7C, 0x0C, 0x00, 0x98, 0x30, 0x03, 0x10, 0x40, 0x06, 0x21, 0x80,
    0x0C, 0x46, 0x00, 0x0F, 0x88, 0x00, 0x04, 0x30, 0x00, 0x00, 0xC0, 0x00, 0x01, 0x0C, 0x1C, 0x06,
    0x3E, 0x7C, 0x18, 0xCC, 0x88, 0x21, 0x89, 0x10, 0xC3, 0x12, 0x23, 0x06, 0x64, 0x4C, 0x07, 0x8F,
    0x80, 0x7C, 0x0C, 0x00, 0x00, 0x98, 0x30, 0x00, 0x03, 0x10, 0x40, 0x00, 0x06, 0x21, 0x80, 0x00,
    0x0C, 0x46, 0x00, 0x00, 0x0F, 0x88, 0x00, 0x00, 0x04, 0x30, 0x00, 0x00, 0x00, 0xC0, 0x00, 0x00,
    0x01, 0x0C, 0x1C, 0x18, 0x06, 0x3E, 0x7C, 0xF8, 0x18, 0xCC, 0x89, 0x98, 0x21, 0x89, 0x12, 0x30,
    0xC3, 0x12, 0x24, 0x63, 0x06, 0x64, 0x4C, 0xCC, 0x07, 0x8F, 0x8F, 0x00, 0xFB, 0x6C, 0xE7, 0x8F,
    0x1E, 0x2C, 0x40, 0xE6, 0x3C, 0x62, 0xC6, 0x6C, 0x46, 0xC4, 0x60, 0xD9, 0x26, 0xC7, 0x8D, 0x1A,
    0x36, 0x20, 0xC6, 0x6C, 0x62, 0x46, 0x24, 0x63, 0x62, 0x30, 0x18, 0x38, 0x6C, 0x46, 0xC3, 0x0C,
    0x63, 0x18, 0xC1, 0x83, 0x0C, 0x18, 0x30, 0xC1, 0x83, 0x06, 0x0C, 0x63, 0x0C, 0x63, 0x00, 0x04,
    0x05, 0xC9, 0xD3, 0x1C, 0xE1, 0xF9, 0x9E, 0xF3, 0xD8, 0xFC, 0x39, 0xCE, 0x98, 0xB9, 0x02, 0x00,
    0xC3, 0xC3, 0xC3, 0xC3, 0xC3, 0xC3, 0xC3, 0xC3, 0xC3, 0xC3, 0x00, 0x00, 0xC3, 0xC3, 0xC3, 0x7E,
    0x71, 0xB0, 0x58, 0x31, 0x90, 0xD8, 0x7C, 0x3C, 0x18, 0x0C, 0x06, 0x00, 0x01, 0x01, 0xC0, 0x60,
    0xFF, 0xFF, 0xC0, 0x80, 0x03, 0xE0, 0x3C, 0xFF, 0xF0, 0x7F, 0x00, 0x07, 0xC0, 0x7F, 0xF3, 0xC0,
    0x7E, 0x00, 0x10, 0x03, 0x06, 0x04, 0x0C, 0x08, 0x18, 0x30, 0x38, 0x6C, 0xC4, 0x86, 0x0A, 0x80,
    0x38, 0x03, 0xE0, 0x0E, 0x00, 0xA8, 0x00, 0x01, 0x63, 0x4F, 0xBE, 0xFD, 0xF9, 0xC7, 0x17, 0x74,
    0x20, 0x80, 0xFF, 0xF0, 0x00, 0x30, 0x06, 0x00, 0x40, 0x0C, 0x01, 0x80, 0x30, 0x02, 0x00, 0x60,
    0x0C, 0x00, 0x80, 0x18, 0x03, 0x00, 0x20, 0x06, 0x00, 0xC0, 0x00, 0xFC, 0xCC, 0xCC, 0xCC, 0xCF,
    0xCC, 0xCC, 0xCC, 0xCF, 0xF0, 0xF1, 0x11, 0x11, 0x11, 0x1F, 0x11, 0x11, 0x11, 0x1F, 0xF0, 0x7E,
    0x0F, 0xDC, 0xE3, 0x9F, 0x0C, 0x61, 0xE0, 0xD8, 0x30, 0x18, 0x06, 0x06, 0x00, 0xC1, 0x80, 0x70,
    0xE0, 0x1C, 0x18, 0x03, 0x03, 0x00, 0x40, 0x00, 0x00, 0x00, 0x00, 0x01, 0x00, 0x20, 0x70, 0x0E,
    0x06, 0x01, 0xC0, 0x7E, 0x0F, 0x9C, 0x3C, 0x30, 0xF0, 0x63, 0x01, 0x8C, 0x0C, 0x30, 0x60, 0xC7,
    0x03, 0x18, 0x0C, 0x60, 0x30, 0x00, 0x00, 0x00, 0x10, 0x08, 0xE0, 0x71, 0x81, 0xC0, 0xC3, 0xF3,
    0x1C, 0xEC, 0x61, 0xB1, 0x83, 0xC0, 0x0F, 0x00, 0x6C, 0x03, 0x30, 0x38, 0xC0, 0xC3, 0x03, 0x00,
    0x00, 0x00, 0x00, 0xC0, 0x83, 0x07, 0x0C, 0x0C, 0x00, 0xFE, 0x0C, 0x18, 0x30, 0x60, 0xC1, 0x82,
    0x04, 0x08, 0x10, 0x60, 0xC1, 0x83, 0x00, 0xFE, 0x7F, 0xB3, 0xF9, 0xFC, 0xFE, 0x7F, 0x3F, 0x9F,
    0xCF, 0x60, 0x30, 0x18, 0x0C, 0x06, 0x03, 0x00, 0x3F, 0xDF, 0x37, 0xCF, 0xF3, 0x7C, 0xDF, 0x37,
    0xCC, 0xFF, 0xFE, 0x4F, 0xA7, 0xF3, 0xF9, 0xFC, 0xFE, 0x7D, 0xFC, 0x18, 0x89, 0xEB, 0x3E, 0x3C,
    0xEF, 0x49, 0x18, 0xDB, 0x00, 0x00, 0x1B, 0x26, 0xC8, 0x0F, 0xC0, 0x7F, 0xF3, 0xC0, 0xF4, 0x00,
    0x30, 0x00, 0x00, 0x00, 0x00, 0x00, 0x00, 0x00, 0x00, 0x00, 0x00, 0x00, 0x00, 0x00, 0x00, 0x00,
    0x00, 0x00, 0x00, 0x00, 0x00, 0x00, 0x00, 0x00, 0x01, 0x00, 0x07, 0xC0, 0x7B, 0xFF, 0xC0, 0xFE,
    0x00, 0x08, 0x49, 0xEB, 0x3E, 0x3C, 0xEF, 0x49, 0x08, 0x00, 0x00, 0x08, 0x49, 0xEB, 0x3E, 0x3C,
    0xEF, 0x49, 0x08, 0x00, 0x18, 0x01, 0xB8, 0x19, 0xC0, 0x86, 0x0C, 0x00, 0xC0, 0x0C, 0x00, 0x60,
    0x06, 0x00, 0x60, 0x02, 0x0E, 0x30, 0x73, 0x01, 0x90, 0x01, 0x80, 0x00, 0x7C, 0x07, 0xF8, 0x80,
    0xFE, 0x00, 0x80, 0x0F, 0xE0, 0x7F, 0xF3, 0xC0, 0x7E, 0x00, 0x10, 0x08, 0x34, 0x8E, 0xC3, 0xCF,
    0xF8, 0xF0, 0xEC, 0xD2, 0x08, 0x00, 0xE6, 0x33, 0xC6, 0x23, 0xC6, 0x63, 0xC4, 0x63, 0xC4, 0x62,
    0x00, 0x10, 0x7C, 0xC6, 0xC3, 0xC3, 0xC3, 0xC6, 0x6E, 0x3C, 0xF3, 0xFF, 0xC0, 0x0C, 0x1C, 0x34,
    0x64, 0x44, 0xFF, 0xFF, 0x04, 0x7E, 0x81, 0x27, 0xF0, 0x60, 0xFB, 0x9E, 0x10, 0xFB, 0x9E, 0x4F,
    0xF8, 0xF0, 0xB3, 0x3C, 0xFE, 0x08, 0x30, 0xC1, 0x06, 0x18, 0x30, 0x10, 0xFF, 0x1A, 0x33, 0xDC,
    0xF0, 0xF3, 0x7C, 0x10, 0xFB, 0x1E, 0x3C, 0x6F, 0xF1, 0xFE, 0x78, 0x10, 0x23, 0xFF, 0xF1, 0x02,
    0x00, 0xFF, 0xFC, 0xFF, 0xC1, 0xF0, 0x36, 0x64, 0x4C, 0x46, 0x63, 0xD9, 0xB6, 0xDB, 0x58, 0xFD,
    0x8F, 0x1E, 0x3C, 0x78, 0xC0, 0x10, 0x7C, 0xC6, 0xC3, 0xC3, 0xC3, 0xC6, 0x6E, 0x3C, 0x7F, 0x33,
    0x33, 0x33, 0x10, 0xFB, 0x18, 0x30, 0xC3, 0x0C, 0x7F, 0xFE, 0x10, 0xFB, 0x18, 0x31, 0x80, 0xC1,
    0xF7, 0x7C, 0x0C, 0x1C, 0x34, 0x64, 0x44, 0xFF, 0xFF, 0x04, 0x7E, 0x81, 0x27, 0xF0, 0x60, 0xFB,
    0x9E, 0x10, 0xFB, 0x9E, 0x4F, 0xF8, 0xF0, 0xB3, 0x3C, 0xFE, 0x08, 0x30, 0xC1, 0x06, 0x18, 0x30,
    0x10, 0xFF, 0x1A, 0x33, 0xDC, 0xF0, 0xF3, 0x7C, 0x10, 0xFB, 0x1E, 0x3C, 0x6F, 0xF1, 0xFE, 0x78,
    0x10, 0x23, 0xFF, 0xF1, 0x02, 0x00, 0xFF, 0xFC, 0xFF, 0xC1, 0xF0, 0x36, 0x64, 0x4C, 0x46, 0x63,
    0xD9, 0xB6, 0xDB, 0x58, 0xFC, 0x37, 0xF3, 0xCF, 0xD0, 0x7D, 0x8F, 0xFE, 0x0C, 0x6F, 0x80, 0x7D,
    0x8F, 0x1E, 0x3E, 0xEF, 0x00, 0xCE, 0xF0, 0xE3, 0xC4, 0xD8, 0xC0, 0x7C, 0xFE, 0x46, 0xFE, 0xFF,
    0xC6, 0x66, 0x7C, 0xC1, 0x83, 0xF6, 0x3C, 0x78, 0xF1, 0xE3, 0xC1, 0x87, 0x36, 0xCF, 0x1B, 0x33,
    0x63, 0xFF, 0xFF, 0x08, 0x9F, 0xFF, 0x11, 0xE2, 0x3C, 0x47, 0x88, 0xF1, 0x18, 0xFD, 0x8F, 0x1E,
    0x3C, 0x78, 0xC0, 0xFF, 0x8F, 0x1E, 0x3E, 0xFB, 0xB0, 0x60, 0x13, 0xFC, 0x3E, 0x0F, 0x37, 0x80,
    0x63, 0x3C, 0xC6, 0x31, 0x87, 0x18, 0x07, 0xE0, 0xE3, 0x0C, 0x30, 0xC0, 0x0C, 0xFF, 0xCF, 0xFC,
    0xC0, 0xCC, 0x06, 0xC0, 0x3F, 0xE0, 0xC0, 0x0C, 0x00, 0xC0, 0x0F, 0xF0, 0xFF, 0x00, 0xB0, 0x09,
    0x03, 0xF8, 0x7B, 0xE3, 0x17, 0x31, 0x2D, 0x89, 0x78, 0x50, 0xC4, 0x86, 0x24, 0x31, 0x41, 0x92,
    0x06, 0x91, 0xB5, 0x0C, 0xC8, 0xC3, 0xFC, 0x1F, 0xC1, 0x20, 0x09, 0x00, 0x0F, 0xC1, 0xE7, 0x8C,
    0x0C, 0xC0, 0x36, 0x01, 0xE0, 0x03, 0x0D, 0xD8, 0x7E, 0xC3, 0x86, 0x18, 0x18, 0xC6, 0xC6, 0x33,
    0x33, 0x0F, 0xF0, 0x3F, 0x00, 0x3F, 0xE7, 0xFC, 0xC0, 0x18, 0x03, 0x00, 0x60, 0x0C, 0x01, 0xFF,
    0x30, 0x06, 0x00, 0xC0, 0x7E, 0x03, 0x00, 0x60, 0x0C, 0x00, 0x1F, 0x87, 0x38, 0xC3, 0x10, 0x32,
    0x00, 0x40, 0x3F, 0xC1, 0x00, 0x30, 0x1F, 0xE0, 0xC0, 0x18, 0x02, 0x07, 0xFF, 0xBF, 0xF0, 0x00,
    0xC0, 0x26, 0x8B, 0xFF, 0xA9, 0xE7, 0xC3, 0x0E, 0x0C, 0x38, 0x70, 0xE1, 0xC3, 0x87, 0x0E, 0x3C,
    0x38, 0xF0, 0xE6, 0xC3, 0x9B, 0x0C, 0xC0, 0x00, 0x38, 0x0C, 0x38, 0x0C, 0x3C, 0x0C, 0x36, 0x0C,
    0x36, 0x0C, 0xFF, 0xFF, 0xFF, 0xFF, 0x31, 0x8C, 0x30, 0xCC, 0xFF, 0xFF, 0x30, 0x6C, 0x30, 0x3C,
    0x30, 0x3C, 0x30, 0x1C, 0x30, 0x1C, 0xFF, 0x00, 0x3F, 0xE1, 0x8C, 0x0C, 0x63, 0x03, 0x18, 0xC0,
    0xDF, 0xB0, 0x31, 0x8C, 0x0C, 0x63, 0x06, 0x18, 0xFF, 0x06, 0x3E, 0x01, 0x8C, 0x00, 0x63, 0x00,
    0x18, 0xC0, 0x06, 0x30, 0x01, 0xEC, 0x00, 0x3C, 0xFF, 0x00, 0x0F, 0xF8, 0x00, 0xC0, 0xC0, 0x0C,
    0x0C, 0x08, 0xC0, 0xC7, 0xEC, 0x0C, 0xC3, 0xC0, 0xCC, 0x2F, 0xF8, 0xC0, 0xFF, 0x0F, 0x0C, 0x30,
    0x3E, 0xC3, 0x00, 0x7C, 0x18, 0x03, 0xC1, 0x98, 0x3C, 0x0C, 0xE7, 0xC0, 0xE7, 0xE0, 0xE0, 0x60,
    0x6C, 0x1C, 0x0D, 0x83, 0xC1, 0xB0, 0x78, 0x23, 0x0B, 0x0C, 0xFF, 0xFF, 0xDF, 0xFF, 0xF8, 0x8C,
    0xC4, 0x7F, 0xFF, 0xEF, 0xFF, 0xFC, 0x6C, 0x36, 0x05, 0x87, 0x80, 0xE0, 0x70, 0x1C, 0x0E, 0x03,
    0x81, 0x80, 0xFF, 0x1E, 0x0C, 0xF0, 0x67, 0x9B, 0x3C, 0xD9, 0xE6, 0xCF, 0x36, 0x79, 0x83, 0xCC,
    0x1E, 0x7F, 0xF3, 0xFC, 0x00, 0xC0, 0x7F, 0x00, 0xC0, 0x8C, 0x3E, 0xC7, 0x1C, 0x60, 0xCC, 0x0C,
    0xC0, 0xCC, 0x0C, 0xC0, 0xCC, 0x0C, 0x61, 0xC7, 0x3C, 0x3E, 0xC0, 0x00, 0x00, 0x07, 0xFC, 0x7F,
    0xC0, 0x07, 0xE1, 0xEF, 0x18, 0x23, 0x00, 0x30, 0x0F, 0xFC, 0xFF, 0x86, 0x00, 0xFF, 0x8F, 0xF0,
    0x30, 0x03, 0x00, 0x18, 0x21, 0xFF, 0x07, 0xE0, 0x30, 0x39, 0x83, 0x8C, 0x38, 0x63, 0x83, 0x18,
    0x19, 0x83, 0xFF, 0xFF, 0xFF, 0x3B, 0x01, 0x8C, 0x0C, 0x30, 0x61, 0xC3, 0x06, 0x18, 0x18, 0xC0,
    0x60, 0xFF, 0xFF, 0xFC, 0x18, 0x03, 0x00, 0x68, 0x0F, 0x07, 0x81, 0xB4, 0x07, 0x83, 0xC0, 0xF8,
    0x03, 0x00, 0x60, 0x0C, 0x01, 0x80, 0x0C, 0x00, 0x00, 0x01, 0x80, 0x00, 0x00, 0xFF, 0xC0, 0x00,
    0x1E, 0x3C, 0x00, 0x00, 0xC0, 0xC0, 0x00, 0x18, 0x18, 0x08, 0x03, 0x01, 0x87, 0xE0, 0x60, 0x31,
    0x8E, 0x0C, 0x06, 0x60, 0xC1, 0x80, 0xCC, 0x0C, 0x30, 0x19, 0x81, 0x9E, 0x03, 0x30, 0x37, 0xC0,
    0x66, 0x07, 0x98, 0x0C, 0xC0, 0xF3, 0x83, 0x1C, 0x37, 0x7D, 0xC3, 0xCE, 0x79, 0xF0, 0x6F, 0x80,
    0x00, 0x0C, 0x00, 0x00, 0x01, 0x80, 0x00, 0x00, 0x30, 0x00, 0x00, 0x06, 0x00, 0x7F, 0x87, 0xFC,
    0x60, 0xCF, 0xFF, 0xFF, 0xF6, 0x06, 0xFF, 0xFF, 0xFF, 0x60, 0xC7, 0xFC, 0x7F, 0x06, 0x00, 0x60,
    0x06, 0x00, 0x60, 0x00, 0x02, 0x00, 0x10, 0x03, 0xF0, 0x7D, 0xE3, 0x23, 0x31, 0x0D, 0x88, 0x78,
    0x40, 0xC2, 0x06, 0x1F, 0xF0, 0xFF, 0x84, 0x36, 0x21, 0xB1, 0x0C, 0xC8, 0xC7, 0xFE, 0x0F, 0xC0,
    0x10, 0x00, 0x80, 0x07, 0x00, 0x78, 0x03, 0xC0, 0x1B, 0x01, 0x98, 0x0C, 0xC3, 0xFF, 0xDF, 0xFE,
    0x30, 0xC7, 0xFF, 0xBF, 0xFC, 0xC0, 0x6C, 0x03, 0x60, 0x1B, 0x00, 0x60, 0x3F, 0x86, 0x39, 0x83,
    0x30, 0x60, 0x0D, 0xFF, 0xFF, 0xF8, 0x00, 0xFF, 0xFF, 0xFD, 0x80, 0x30, 0x66, 0x0C, 0xFF, 0x8F,
    0xE0, 0x02, 0x00, 0x10, 0x03, 0xF0, 0x7D, 0xE3, 0x23, 0x31, 0x0D, 0x88, 0x78, 0x40, 0xC2, 0x06,
    0x10, 0x30, 0x81, 0x84, 0x06, 0x21, 0xB1, 0x0C, 0xC8, 0xC3, 0xFC, 0x0F, 0xC0, 0x10, 0x00, 0x80,
    0xFF, 0xFF, 0xFC, 0x00, 0x7F, 0xF0, 0x60, 0x0C, 0x01, 0x80, 0x30, 0x06, 0x00, 0xC0, 0x18, 0x03,
    0x00, 0x60, 0x0C, 0x01, 0x80, 0xFF, 0xFF, 0xE0, 0x63, 0xFF, 0xFF, 0x80, 0xC0, 0x63, 0xF8, 0xF8,
    0x18, 0x07, 0x00, 0xE0, 0x1C, 0x03, 0x00, 0x70, 0x30, 0x0C, 0x83, 0xE0, 0xF0, 0xF1, 0x2D, 0x83,
    0xE3, 0xE0, 0xF0, 0xEC, 0x33, 0x0C, 0xC3, 0x31, 0x8F, 0xE3, 0xE0, 0x06, 0x00, 0x60, 0x1F, 0x03,
    0xFC, 0x66, 0xCC, 0x66, 0xC6, 0x6C, 0x62, 0x86, 0x38, 0x63, 0x86, 0x30, 0x3F, 0xC3, 0xFF, 0x30,
    0x33, 0x03, 0x30, 0x13, 0x03, 0x30, 0x3F, 0xFE, 0xFF, 0xC3, 0x00, 0xFE, 0x0F, 0xE0, 0x30, 0x03,
    0x00, 0x30, 0x00, 0x1B, 0x01, 0xB0, 0x3F, 0x87, 0xBC, 0xFB, 0xED, 0xB6, 0xDB, 0x29, 0xB3, 0x80,
    0x0C, 0x00, 0xC0, 0x0C, 0x00, 0x60, 0x0F, 0xFE, 0xFF, 0xE0, 0x24, 0x09, 0x0F, 0xF3, 0xFE, 0xC0,
    0xF0, 0x3C, 0x0F, 0x07, 0xFF, 0xBF, 0xCC, 0x1F, 0x03, 0xC0, 0x70, 0x1C, 0x0F, 0xFF, 0xFF, 0x09,
    0x02, 0x40, 0x03, 0x00, 0x0C, 0x00, 0x30, 0x00, 0xC0, 0x03, 0x00, 0x0C, 0x00, 0x3F, 0xFF, 0xB0,
    0x00, 0x30, 0x00, 0x38, 0x00, 0x38, 0x00, 0x38, 0x00, 0x20, 0x00, 0x03, 0x00, 0x3C, 0x03, 0xB0,
    0x35, 0xC3, 0x37, 0x31, 0x9F, 0x0C, 0x60, 0x60, 0x03, 0x00, 0x18, 0x00, 0xC0, 0x06, 0x00, 0x30,
    0x01, 0x80, 0x0C, 0x00, 0x01, 0x80, 0x01, 0x80, 0x01, 0x80, 0x01, 0x80, 0x01, 0x80, 0x01, 0xBF,
    0xFF, 0x80, 0x06, 0x00, 0x38, 0x00, 0xE0, 0x03, 0x80, 0x0E, 0x00, 0x08, 0x00, 0x03, 0x00, 0x18,
    0x00, 0xC0, 0x06, 0x00, 0x30, 0x01, 0x80, 0x0C, 0x08, 0x61, 0xC3, 0x1B, 0x19, 0x8C, 0xD8, 0x35,
    0x80, 0xF8, 0x03, 0x80, 0x08, 0x00, 0x03, 0x00, 0xC0, 0x06, 0x00, 0x60, 0x0C, 0x00, 0x30, 0x18,
    0x00, 0x18, 0x30, 0x00, 0x0C, 0x60, 0x00, 0x06, 0xFF, 0xFF, 0xFF, 0x60, 0x00, 0x06, 0x30, 0x00,
    0x0C, 0x1C, 0x00, 0x38, 0x0E, 0x00, 0x70, 0x07, 0x00, 0xE0, 0x02, 0x00, 0x40, 0x02, 0x00, 0x18,
    0x01, 0xE0, 0x1D, 0x81, 0xA6, 0x19, 0xB9, 0x8C, 0xF8, 0x63, 0x03, 0x00, 0x18, 0x00, 0xC0, 0x06,
    0x00, 0x30, 0x01, 0x80, 0x0C, 0x00, 0x60, 0x43, 0x0E, 0x18, 0xD8, 0xCC, 0x66, 0xC1, 0xAC, 0x07,
    0x40, 0x1C, 0x00, 0x40, 0xFF, 0x98, 0x03, 0xC0, 0x5C, 0x09, 0xC1, 0x1C, 0x21, 0xC4, 0x1C, 0x81,
    0xC0, 0x1C, 0x01, 0x00, 0x3F, 0xF0, 0x07, 0x00, 0xF0, 0x1B, 0x03, 0x30, 0x63, 0x0C, 0x31, 0x83,
    0x30, 0x3E, 0x00, 0x40, 0x00, 0xC0, 0x06, 0x00, 0x30, 0x31, 0x83, 0x0C, 0x30, 0x63, 0x03, 0x30,
    0x1B, 0x00, 0xF3, 0xFF, 0x3F, 0xF0, 0x00, 0x60, 0x1A, 0x06, 0x41, 0x88, 0x61, 0x18, 0x26, 0x05,
    0x80, 0xE0, 0x1F, 0xF3, 0xFE, 0x00, 0x00, 0x03, 0x00, 0x00, 0x3C, 0x00, 0x00, 0x60, 0x30, 0x03,
    0x06, 0x00, 0x30, 0xC0, 0x03, 0x18, 0x00, 0x33, 0x00, 0x06, 0x60, 0x01, 0xEF, 0xFF, 0xFC, 0x60,
    0x00, 0x03, 0x00, 0x00, 0x1C, 0x00, 0x00, 0xE0, 0x00, 0x07, 0x00, 0x00, 0x20, 0x00, 0x0C, 0x00,
    0x03, 0xC0, 0x00, 0x60, 0x00, 0x0C, 0x00, 0xC0, 0xC0, 0x06, 0x0C, 0x00, 0x30, 0xC0, 0x01, 0x8E,
    0x00, 0x0C, 0x70, 0x00, 0x63, 0xFF, 0xFF, 0x00, 0x00, 0x60, 0x00, 0x1C, 0x00, 0x03, 0x80, 0x00,
    0x70, 0x00, 0x0E, 0x00, 0x00, 0x40, 0x08, 0x00, 0x18, 0x00, 0x38, 0x00, 0x78, 0x00, 0xFF, 0xFF,
    0x7F, 0xFF, 0x38, 0x01, 0x18, 0x01, 0x08, 0x01, 0x00, 0x01, 0x00, 0x01, 0x00, 0x01, 0x00, 0x01,
    0x00, 0x01, 0x00, 0x01, 0x00, 0x01, 0x00, 0x08, 0x00, 0x04, 0x00, 0x03, 0x00, 0x01, 0xCF, 0xFF,
    0xFF, 0xFF, 0xFB, 0x00, 0x39, 0x80, 0x18, 0xC0, 0x08, 0x60, 0x00, 0x30, 0x00, 0x18, 0x00, 0x0C,
    0x00, 0x06, 0x00, 0x03, 0x00, 0x01, 0x80, 0x00, 0xC0, 0x00, 0x60, 0x00, 0x30, 0x00, 0x18, 0x00,
    0x0C, 0x00, 0x86, 0x00, 0x63, 0x00, 0x39, 0x80, 0x1E, 0xFF, 0xFF, 0x80, 0x07, 0x00, 0x03, 0x00,
    0x01, 0x00, 0x00, 0x80, 0xFF, 0xC7, 0xFE, 0x00, 0x30, 0x01, 0x80, 0x0C, 0x00, 0x60, 0x03, 0x00,
    0x18, 0x00, 0xC0, 0x06, 0x02, 0x30, 0x0F, 0xF0, 0x3F, 0x00, 0xF0, 0x03, 0x00, 0x00, 0x01, 0x00,
    0x01, 0x00, 0x01, 0x00, 0x01, 0x08, 0x01, 0x18, 0x01, 0x38, 0x01, 0x78, 0x01, 0xFF, 0xFF, 0x78,
    0x00, 0x38, 0x00, 0x18, 0x00, 0x08, 0x00, 0x00, 0x80, 0x01, 0x00, 0x03, 0x00, 0x07, 0x00, 0x0F,
    0xE0, 0x07, 0xF8, 0x03, 0x1C, 0x01, 0x0C, 0x00, 0x86, 0x00, 0x02, 0x00, 0x02, 0xC0, 0x03, 0xC0,
    0x02, 0x40, 0x06, 0x60, 0x06, 0x30, 0x0C, 0x38, 0x1C, 0x1F, 0xF0, 0x07, 0xE0, 0x01, 0x00, 0x01,
    0x80, 0x01, 0xC0, 0x01, 0xE0, 0x07, 0xF0, 0x1F, 0xE0, 0x39, 0xC0, 0x71, 0x80, 0x61, 0x00, 0x40,
    0x00, 0xC0, 0x00, 0xC0, 0x03, 0xC0, 0x02, 0x40, 0x06, 0x60, 0x06, 0x30, 0x0C, 0x38, 0x1C, 0x1F,
    0xF0, 0x07, 0xE0, 0x03, 0x00, 0x0C, 0x00, 0x30, 0x00, 0xC0, 0x03, 0xFF, 0xEC, 0x00, 0x38, 0x00,
    0x3F, 0xFF, 0x3F, 0xFE, 0x38, 0x00, 0x38, 0x00, 0x38, 0x00, 0x20, 0x00, 0x01, 0x80, 0x01, 0x80,
    0x01, 0x80, 0x01, 0x8F, 0xFF, 0x80, 0x01, 0x80, 0x03, 0xFF, 0xFE, 0xFF, 0xF8, 0x00, 0xE0, 0x03,
    0x80, 0x0E, 0x00, 0x08, 0x00, 0x03, 0x00, 0xC0, 0x06, 0x00, 0x60, 0x0C, 0x00, 0x30, 0x18, 0x00,
    0x18, 0x3F, 0xFF, 0xFC, 0x60, 0x00, 0x06, 0xE0, 0x00, 0x07, 0x7F, 0xFF, 0xFE, 0x3F, 0xFF, 0xFC,
    0x1C, 0x00, 0x38, 0x0E, 0x00, 0x70, 0x07, 0x00, 0xE0, 0x02, 0x00, 0x40, 0x08, 0x0E, 0x0F, 0x8F,
    0xEF, 0xF8, 0xC0, 0x60, 0xFE, 0x7F, 0x0C, 0x06, 0x0F, 0xE1, 0x80, 0xC0, 0x60, 0x30, 0x18, 0x0C,
    0x06, 0x0F, 0xE7, 0xF0, 0xC0, 0x60, 0xFE, 0x18, 0x0C, 0x06, 0x1F, 0xF7, 0xE1, 0xE0, 0x60, 0xC1,
    0x00, 0x61, 0x00, 0x31, 0x80, 0x19, 0xC0, 0x0D, 0xFF, 0xFE, 0x70, 0x03, 0x18, 0x01, 0x84, 0x00,
    0xC1, 0x00, 0x00, 0x00, 0x40, 0x80, 0x10, 0x40, 0x0C, 0x20, 0x07, 0x1F, 0xFF, 0xC8, 0x01, 0xC4,
    0x00, 0xC2, 0x00, 0x41, 0x00, 0x40, 0x80, 0x00, 0xC0, 0x00, 0x78, 0x00, 0x33, 0x00, 0x18, 0x60,
    0x0C, 0x0C, 0x06, 0x01, 0x83, 0x00, 0x31, 0xF0, 0x7E, 0xFC, 0x1F, 0xC3, 0x06, 0x00, 0xC1, 0x80,
    0x30, 0x60, 0x0C, 0x18, 0x03, 0x06, 0x00, 0xC1, 0x80, 0x3F, 0xE0, 0x00, 0xC0, 0x00, 0x78, 0x00,
    0x33, 0x00, 0x18, 0x60, 0x0C, 0x0C, 0x06, 0x01, 0x83, 0x00, 0x31, 0xF0, 0x7E, 0xFC, 0x1F, 0xC3,
    0x06, 0x00, 0xC1, 0x80, 0x30, 0x60, 0x0F, 0xF8, 0x00, 0x00, 0x00, 0x00, 0x00, 0x3F, 0xE0, 0x0C,
    0x18, 0x03, 0x06, 0x00, 0xFF, 0x80, 0x7E, 0x1B, 0xC0, 0x38, 0x06, 0x01, 0x9F, 0xE6, 0x3F, 0x07,
    0xC1, 0xF0, 0x7C, 0x1B, 0x06, 0xC1, 0x9D, 0xC3, 0xE0, 0x02, 0x11, 0xFB, 0x39, 0xE6, 0x0E, 0x61,
    0xBC, 0x33, 0xC6, 0x3C, 0xC3, 0x78, 0x77, 0x06, 0x7F, 0xCD, 0xF8, 0x80, 0x00, 0x06, 0x00, 0x78,
    0x03, 0xC0, 0x1A, 0x01, 0x98, 0x0C, 0xC0, 0x63, 0x06, 0x18, 0x30, 0xC1, 0x83, 0x18, 0x18, 0xC0,
    0xCC, 0x03, 0x7F, 0xFB, 0xFF, 0xE0, 0xFF, 0xFF, 0xFF, 0x01, 0xE0, 0x3C, 0x07, 0x80, 0xF0, 0x1E,
    0x03, 0xC0, 0x78, 0x0F, 0x01, 0xE0, 0x3C, 0x07, 0x80, 0xF0, 0x1E, 0x03, 0xC0, 0x60, 0xFF, 0xFF,
    0xFD, 0x80, 0x18, 0x03, 0x80, 0x38, 0x03, 0x80, 0x30, 0x03, 0x00, 0x60, 0x18, 0x06, 0x01, 0x80,
    0x70, 0x1C, 0x07, 0x00, 0xFF, 0xFF, 0xFC, 0xFF, 0xFF, 0xF0, 0x00, 0x60, 0x0C, 0x03, 0x00, 0x60,
    0x0C, 0x03, 0x00, 0x67, 0x0C, 0xF3, 0x06, 0x60, 0xDC, 0x0F, 0x01, 0xE0, 0x18, 0x03, 0x00, 0x08,
    0x04, 0x3F, 0x1F, 0x99, 0xDC, 0xF8, 0x3C, 0x3C, 0x0C, 0x0E, 0x0F, 0x0D, 0x8D, 0xC6, 0xFC, 0x7E,
    0x1C, 0x0E, 0x00, 0x0E, 0x3C, 0xC1, 0x83, 0x06, 0x0C, 0x18, 0x30, 0x60, 0xC1, 0x83, 0x06, 0x0C,
    0x18, 0x30, 0x60, 0xC7, 0x8C, 0x00, 0xFC, 0x00, 0xFC, 0x70, 0xFF, 0x38, 0xFC, 0x0C, 0x20, 0x3E,
    0x3C, 0xEE, 0x1E, 0x03, 0x03, 0x3F, 0xFF, 0xF0, 0xC0, 0x63, 0xFF, 0xFF, 0x10, 0x18, 0x0C, 0x00,
    0x00, 0x40, 0x70, 0xF9, 0xF0, 0xE0, 0x1F, 0x00, 0xF8, 0x07, 0x00, 0x00, 0x0F, 0xFC, 0x80, 0x38,
    0x07, 0xC0, 0x3E, 0x01, 0xC7, 0xCF, 0xC3, 0x80, 0x00, 0x00, 0x0F, 0xFC, 0x00, 0x0F, 0x80, 0x00,
    0x07, 0xFF, 0x80, 0x00, 0x78, 0x0F, 0x00, 0x0E, 0x00, 0x0E, 0x00, 0xE0, 0x00, 0x38, 0x0E, 0x00,
    0x00, 0xE0, 0x60, 0x00, 0x03, 0x06, 0x00, 0x00, 0x0C, 0x20, 0x02, 0x00, 0x63, 0x00, 0x10, 0x01,
    0x98, 0x00, 0x80, 0x0C, 0x80, 0x04, 0x00, 0x2C, 0x00, 0x20, 0x01, 0xE0, 0x01, 0x00, 0x0F, 0x03,
    0xFF, 0xE0, 0x78, 0x00, 0x40, 0x03, 0xC0, 0x02, 0x00, 0x1A, 0x00, 0x10, 0x00, 0x98, 0x00, 0x80,
    0x0C, 0xC0, 0x04, 0x00, 0x63, 0x00, 0x20, 0x06, 0x18, 0x00, 0x00, 0x30, 0x60, 0x00, 0x03, 0x01,
    0x80, 0x00, 0x30, 0x0E, 0x00, 0x03, 0x80, 0x1C, 0x00, 0x70, 0x00, 0x78, 0x0F, 0x00, 0x00, 0xFF,
    0xE0, 0x00, 0x00, 0xF8, 0x00, 0x00, 0x00, 0x0F, 0x80, 0x00, 0x07, 0xFF, 0x80, 0x00, 0x78, 0x0F,
    0x00, 0x0E, 0x00, 0x0E, 0x00, 0xE0, 0x00, 0x38, 0x0E, 0x00, 0x00, 0xE0, 0x60, 0x00, 0x03, 0x06,
    0x00, 0x00, 0x0C, 0x20, 0x00, 0x00, 0x63, 0x00, 0x00, 0x01, 0x98, 0x00, 0x00, 0x0C, 0x80, 0x00,
    0x00, 0x2C, 0x00, 0x00, 0x01, 0xE0, 0x1F, 0xF0, 0x0F, 0x00, 0xFF, 0x80, 0x78, 0x00, 0x00, 0x03,
    0xC0, 0x00, 0x00, 0x1A, 0x00, 0x00, 0x00, 0x98, 0x00, 0x00, 0x0C, 0xC0, 0x00, 0x00, 0x63, 0x00,
    0x00, 0x06, 0x18, 0x00, 0x00, 0x30, 0x60, 0x00, 0x03, 0x01, 0x80, 0x00, 0x30, 0x0E, 0x00, 0x03,
    0x80, 0x1C, 0x00, 0x70, 0x00, 0x78, 0x0F, 0x00, 0x00, 0xFF, 0xE0, 0x00, 0x00, 0xF8, 0x00, 0x00,
    0x00, 0x0F, 0x80, 0x00, 0x07, 0xFF, 0x80, 0x00, 0x78, 0x0F, 0x00, 0x0E, 0x00, 0x0E, 0x00, 0xE0,
    0x00, 0x38, 0x0E, 0x00, 0x00, 0xE0, 0x60, 0x00, 0x03, 0x06, 0x00, 0x00, 0x0C, 0x20, 0x00, 0x00,
    0x63, 0x01, 0x01, 0x01, 0x98, 0x0C, 0x18, 0x0C, 0x80, 0x31, 0x80, 0x2C, 0x00, 0xD8, 0x01, 0xE0,
    0x03, 0x80, 0x0F, 0x00, 0x1C, 0x00, 0x78, 0x01, 0xB0, 0x03, 0xC0, 0x18, 0xC0, 0x1A, 0x01, 0x83,
    0x00, 0x98, 0x08, 0x08, 0x0C, 0xC0, 0x00, 0x00, 0x63, 0x00, 0x00, 0x06, 0x18, 0x00, 0x00, 0x30,
    0x60, 0x00, 0x03, 0x01, 0x80, 0x00, 0x30, 0x0E, 0x00, 0x03, 0x80, 0x1C, 0x00, 0x70, 0x00, 0x78,
    0x0F, 0x00, 0x00, 0xFF, 0xE0, 0x00, 0x00, 0xF8, 0x00, 0x00, 0x00, 0x0F, 0x80, 0x00, 0x07, 0xFF,
    0x80, 0x00, 0x78, 0x0F, 0x00, 0x0E, 0x00, 0x0E, 0x00, 0xE0, 0x00, 0x38, 0x0E, 0x00, 0x00, 0xE0,
    0x60, 0x00, 0x03, 0x06, 0x00, 0x00, 0x0C, 0x20, 0x00, 0x20, 0x63, 0x00, 0x03, 0x81, 0x98, 0x00,
    0x18, 0x0C, 0x80, 0x01, 0x80, 0x2C, 0x00, 0x18, 0x01, 0xE0, 0x01, 0x80, 0x0F, 0x00, 0x1C, 0x00,
    0x78, 0x01, 0xC0, 0x03, 0xC0, 0x0C, 0x00, 0x1A, 0x00, 0xC0, 0x00, 0x98, 0x0C, 0x00, 0x0C, 0xC0,
    0xC0, 0x00, 0x63, 0x02, 0x00, 0x06, 0x18, 0x00, 0x00, 0x30, 0x60, 0x00, 0x03, 0x01, 0x80, 0x00,
    0x30, 0x0E, 0x00, 0x03, 0x80, 0x1C, 0x00, 0x70, 0x00, 0x78, 0x0F, 0x00, 0x00, 0xFF, 0xE0, 0x00,
    0x00, 0xF8, 0x00, 0x00,
};

static const EpdGlyph inter_ui_10_regularGlyphs[] = {
    { 1, 1, 195, 0, 1, 1, 0 }, // U+0000
    { 1, 1, 94, 0, 1, 1, 1 }, // U+0020
    { 2, 15, 96, 2, 15, 4, 2 }, // !
    { 6, 6, 155, 2, 15, 5, 6 }, // "
    { 13, 15, 211, 0, 15, 25, 11 }, // #
    { 11, 19, 214, 1, 17, 27, 36 }, // $
    { 16, 15, 327, 2, 15, 30, 63 }, // %
    { 12, 15, 215, 1, 15, 23, 93 }, // &
    { 2, 6, 100, 2, 15, 2, 116 }, // '
    { 5, 19, 122, 2, 16, 12, 118 }, // (
    { 4, 19, 122, 1, 16, 10, 130 }, // )
    { 8, 8, 167, 1, 15, 8, 140 }, // *
    { 10, 10, 220, 2, 11, 13, 148 }, // +
    { 3, 6, 96, 1, 2, 3, 161 }, // ,
    { 7, 1, 153, 1, 7, 1, 164 }, // -
    { 2, 3, 96, 2, 3, 1, 165 }, // .
    { 7, 18, 120, 0, 16, 16, 166 }, // /
    { 11, 15, 210, 1, 15, 21, 182 }, // 0
    { 6, 15, 136, 1, 15, 12, 203 }, // 1
    { 9, 15, 203, 2, 15, 17, 215 }, // 2
    { 11, 15, 206, 1, 15, 21, 232 }, // 3
    { 11, 15, 215, 1, 15, 21, 253 }, // 4
    { 10, 15, 198, 1, 15, 19, 274 }, // 5
    { 11, 15, 207, 1, 15, 21, 293 }, // 6
    { 10, 15, 189, 1, 15, 19, 314 }, // 7
    { 11, 15, 206, 1, 15, 21, 333 }, // 8
    { 11, 15, 207, 1, 15, 21, 354 }, // 9
    { 2, 11, 96, 2, 11, 3, 375 }, // :
    { 4, 15, 101, 1, 11, 8, 378 }, // ;
    { 9, 11, 220, 2, 11, 13, 386 }, // <
    { 9, 6, 220, 2, 9, 7, 399 }, // =
    { 10, 11, 220, 2, 11, 14, 406 }, // >
    { 9, 15, 170, 1, 15, 17, 420 }, // ?
    { 18, 19, 322, 1, 15, 43, 437 }, // @
    { 13, 15, 230, 1, 15, 25, 480 }, // A
    { 10, 15, 218, 2, 15, 19, 505 }, // B
    { 13, 15, 243, 1, 15, 25, 524 }, // C
    { 12, 15, 240, 2, 15, 23, 549 }, // D
    { 9, 15, 200, 2, 15, 17, 572 }, // E
    { 9, 15, 197, 2, 15, 17, 589 }, // F
    { 13, 15, 249, 1, 15, 25, 606 }, // G
    { 12, 15, 248, 2, 15, 23, 631 }, // H
    { 2, 15, 89, 2, 15, 4, 654 }, // I
    { 9, 15, 190, 1, 15, 17, 658 }, // J
    { 11, 15, 224, 2, 15, 21, 675 }, // K
    { 9, 15, 188, 2, 15, 17, 696 }, // L
    { 15, 15, 301, 2, 15, 29, 713 }, // M
    { 12, 15, 251, 2, 15, 23, 742 }, // N
    { 14, 15, 255, 1, 15, 27, 765 }, // O
    { 10, 15, 213, 2, 15, 19, 792 }, // P
    { 14, 16, 255, 1, 15, 28, 811 }, // Q
    { 11, 15, 214, 2, 15, 21, 839 }, // R
    { 11, 15, 214, 1, 15, 21, 860 }, // S
    { 11, 15, 215, 1, 15, 21, 881 }, // T
    { 12, 15, 248, 2, 15, 23, 902 }, // U
    { 13, 15, 230, 1, 15, 25, 925 }, // V
    { 19, 15, 328, 1, 15, 36, 950 }, // W
    { 13, 15, 227, 1, 15, 25, 986 }, // X
    { 13, 15, 226, 1, 15, 25, 1011 }, // Y
    { 11, 15, 210, 1, 15, 21, 1036 }, // Z
    { 4, 19, 122, 2, 16, 10, 1057 }, // [
    { 7, 18, 120, 0, 16, 16, 1067 }, // <backslash>
    { 4, 19, 122, 1, 16, 10, 1083 }, // ]
    { 8, 7, 157, 1, 15, 7, 1093 }, // ^
    { 10, 2, 152, 0, 0, 3, 1100 }, // _
    { 3, 3, 108, 2, 16, 2, 1103 }, // `
    { 9, 12, 187, 1, 12, 14, 1105 }, // a
    { 10, 15, 204, 2, 15, 19, 1119 }, // b
    { 10, 12, 190, 1, 12, 15, 1138 }, // c
    { 10, 15, 204, 1, 15, 19, 1153 }, // d
    { 10, 12, 194, 1, 12, 15, 1172 }, // e
    { 7, 16, 123, 0, 16, 14, 1187 }, // f
    { 10, 17, 204, 1, 12, 22, 1201 }, // g
    { 9, 15, 197, 2, 15, 17, 1223 }, // h
    { 3, 16, 81, 1, 16, 6, 1240 }, // i
    { 4, 20, 81, 0, 16, 10, 1246 }, // j
    { 9, 15, 183, 2, 15, 17, 1256 }, // k
    { 1, 15, 81, 2, 15, 2, 1273 }, // l
    { 15, 12, 292, 2, 12, 23, 1275 }, // m
    { 9, 12, 197, 2, 12, 14, 1298 }, // n
    { 10, 12, 200, 1, 12, 15, 1312 }, // o
    { 10, 16, 204, 2, 12, 20, 1327 }, // p
    { 10, 16, 204, 1, 12, 20, 1347 }, // q
    { 5, 12, 125, 2, 12, 8, 1367 }, // r
    { 9, 12, 176, 1, 12, 14, 1375 }, // s
    { 6, 14, 109, 0, 14, 11, 1389 }, // t
    { 9, 11, 197, 2, 11, 13, 1400 }, // u
    { 10, 11, 187, 1, 11, 14, 1413 }, // v
    { 15, 11, 273, 1, 11, 21, 1427 }, // w
    { 10, 11, 182, 1, 11, 14, 1448 }, // x
    { 10, 15, 187, 1, 11, 19, 1462 }, // y
    { 9, 11, 184, 1, 11, 13, 1481 }, // z
    { 7, 19, 142, 1, 16, 17, 1494 }, // {
    { 1, 25, 111, 3, 20, 4, 1511 }, // |
    { 6, 19, 142, 1, 16, 15, 1515 }, // }
    { 10, 4, 220, 2, 8, 5, 1530 }, // ~
    { 1, 1, 94, 0, 1, 1, 1535 }, // U+00A0
    { 2, 16, 96, 2, 12, 4, 1536 }, // U+00A1
    { 10, 15, 190, 1, 15, 19, 1540 }, // U+00A2
    { 11, 15, 204, 1, 15, 21, 1559 }, // U+00A3
    { 13, 13, 241, 1, 13, 22, 1580 }, // U+00A4
    { 11, 15, 183, 0, 15, 21, 1602 }, // U+00A5
    { 2, 18, 90, 2, 15, 5, 1623 }, // U+00A6
    { 10, 18, 189, 1, 15, 23, 1628 }, // U+00A7
    { 7, 3, 197, 3, 16, 3, 1651 }, // U+00A8
    { 15, 15, 305, 2, 15, 29, 1654 }, // U+00A9
    { 7, 8, 151, 1, 15, 7, 1683 }, // U+00AA
    { 10, 10, 194, 1, 11, 13, 1690 }, // U+00AB
    { 9, 5, 220, 2, 8, 6, 1703 }, // U+00AC
    { 12, 11, 222, 1, 15, 17, 1709 }, // U+00AE
    { 6, 1, 159, 2, 15, 1, 1726 }, // U+00AF
    { 7, 7, 152, 1, 15, 7, 1727 }, // U+00B0
    { 10, 10, 220, 2, 11, 13, 1734 }, // U+00B1
    { 7, 9, 147, 1, 18, 8, 1747 }, // U+00B2
    { 7, 9, 149, 1, 18, 8, 1755 }, // U+00B3
    { 3, 3, 108, 2, 16, 2, 1763 }, // U+00B4
    { 10, 15, 195, 2, 11, 19, 1765 }, // U+00B5
    { 10, 15, 201, 1, 15, 19, 1784 }, // U+00B6
    { 2, 3, 96, 2, 9, 1, 1803 }, // U+00B7
    { 3, 4, 89, 2, 0, 2, 1804 }, // U+00B8
    { 4, 8, 101, 1, 17, 4, 1806 }, // U+00B9
    { 8, 8, 161, 1, 15, 8, 1810 }, // U+00BA
    { 10, 10, 194, 1, 11, 13, 1818 }, // U+00BB
    { 15, 15, 267, 1, 15, 29, 1831 }, // U+00BC
    { 16, 15, 282, 1, 15, 30, 1860 }, // U+00BD
    { 16, 15, 294, 1, 15, 30, 1890 }, // U+00BE
    { 9, 16, 170, 1, 12, 18, 1920 }, // U+00BF
    { 13, 20, 230, 1, 20, 33, 1938 }, // U+00C0
    { 13, 20, 230, 1, 20, 33, 1971 }, // U+00C1
    { 13, 20, 230, 1, 20, 33, 2004 }, // U+00C2
    { 13, 20, 230, 1, 20, 33, 2037 }, // U+00C3
    { 13, 20, 230, 1, 20, 33, 2070 }, // U+00C4
    { 13, 21, 230, 1, 21, 35, 2103 }, // U+00C5
    { 18, 15, 331, 1, 15, 34, 2138 }, // U+00C6
    { 13, 19, 243, 1, 15, 31, 2172 }, // U+00C7
    { 9, 20, 200, 2, 20, 23, 2203 }, // U+00C8
    { 9, 20, 200, 2, 20, 23, 2226 }, // U+00C9
    { 9, 20, 200, 2, 20, 23, 2249 }, // U+00CA
    { 9, 20, 200, 2, 20, 23, 2272 }, // U+00CB
    { 4, 20, 89, 0, 20, 10, 2295 }, // U+00CC
    { 3, 20, 89, 2, 20, 8, 2305 }, // U+00CD
    { 6, 20, 89, 0, 20, 15, 2313 }, // U+00CE
    { 7, 20, 89, -1, 20, 18, 2328 }, // U+00CF
    { 14, 15, 245, 0, 15, 27, 2346 }, // U+00D0
    { 12, 20, 251, 2, 20, 30, 2373 }, // U+00D1
    { 14, 20, 255, 1, 20, 35, 2403 }, // U+00D2
    { 14, 20, 255, 1, 20, 35, 2438 }, // U+00D3
    { 14, 20, 255, 1, 20, 35, 2473 }, // U+00D4
    { 14, 20, 255, 1, 20, 35, 2508 }, // U+00D5
    { 14, 20, 255, 1, 20, 35, 2543 }, // U+00D6
    { 10, 10, 220, 2, 11, 13, 2578 }, // U+00D7
    { 14, 16, 255, 1, 16, 28, 2591 }, // U+00D8
    { 12, 20, 248, 2, 20, 30, 2619 }, // U+00D9
    { 12, 20, 248, 2, 20, 30, 2649 }, // U+00DA
    { 12, 20, 248, 2, 20, 30, 2679 }, // U+00DB
    { 12, 20, 248, 2, 20, 30, 2709 }, // U+00DC
    { 13, 20, 226, 1, 20, 33, 2739 }, // U+00DD
    { 10, 15, 212, 2, 15, 19, 2772 }, // U+00DE
    { 10, 15, 205, 2, 15, 19, 2791 }, // U+00DF
    { 9, 16, 187, 1, 16, 18, 2810 }, // U+00E0
    { 9, 16, 187, 1, 16, 18, 2828 }, // U+00E1
    { 9, 16, 187, 1, 16, 18, 2846 }, // U+00E2
    { 9, 16, 187, 1, 16, 18, 2864 }, // U+00E3
    { 9, 16, 187, 1, 16, 18, 2882 }, // U+00E4
    { 9, 17, 187, 1, 17, 20, 2900 }, // U+00E5
    { 17, 12, 306, 1, 12, 26, 2920 }, // U+00E6
    { 10, 16, 190, 1, 12, 20, 2946 }, // U+00E7
    { 10, 16, 194, 1, 16, 20, 2966 }, // U+00E8
    { 10, 16, 194, 1, 16, 20, 2986 }, // U+00E9
    { 10, 16, 194, 1, 16, 20, 3006 }, // U+00EA
    { 10, 16, 194, 1, 16, 20, 3026 }, // U+00EB
    { 3, 16, 81, 0, 16, 6, 3046 }, // U+00EC
    { 3, 16, 81, 2, 16, 6, 3052 }, // U+00ED
    { 7, 16, 81, -1, 16, 14, 3058 }, // U+00EE
    { 7, 16, 81, -1, 16, 14, 3072 }, // U+00EF
    { 10, 16, 194, 1, 16, 20, 3086 }, // U+00F0
    { 9, 16, 197, 2, 16, 18, 3106 }, // U+00F1
    { 10, 16, 200, 1, 16, 20, 3124 }, // U+00F2
    { 10, 16, 200, 1, 16, 20, 3144 }, // U+00F3
    { 10, 16, 200, 1, 16, 20, 3164 }, // U+00F4
    { 10, 16, 200, 1, 16, 20, 3184 }, // U+00F5
    { 10, 16, 200, 1, 16, 20, 3204 }, // U+00F6
    { 10, 10, 220, 2, 11, 13, 3224 }, // U+00F7
    { 11, 12, 200, 1, 12, 17, 3237 }, // U+00F8
    { 9, 16, 197, 2, 16, 18, 3254 }, // U+00F9
    { 9, 16, 197, 2, 16, 18, 3272 }, // U+00FA
    { 9, 16, 197, 2, 16, 18, 3290 }, // U+00FB
    { 9, 16, 197, 2, 16, 18, 3308 }, // U+00FC
    { 10, 20, 187, 1, 16, 25, 3326 }, // U+00FD
    { 10, 19, 204, 2, 15, 24, 3351 }, // U+00FE
    { 10, 20, 187, 1, 16, 25, 3375 }, // U+00FF
    { 13, 19, 230, 1, 19, 31, 3400 }, // U+0100
    { 9, 15, 187, 1, 15, 17, 3431 }, // U+0101
    { 13, 20, 230, 1, 20, 33, 3448 }, // U+0102
    { 9, 16, 187, 1, 16, 18, 3481 }, // U+0103
    { 14, 19, 230, 1, 15, 34, 3499 }, // U+0104
    { 10, 16, 187, 1, 12, 20, 3533 }, // U+0105
    { 13, 20, 243, 1, 20, 33, 3553 }, // U+0106
    { 10, 16, 190, 1, 16, 20, 3586 }, // U+0107
    { 13, 20, 243, 1, 20, 33, 3606 }, // U+0108
    { 10, 16, 190, 1, 16, 20, 3639 }, // U+0109
    { 13, 20, 243, 1, 20, 33, 3659 }, // U+010A
    { 10, 16, 190, 1, 16, 20, 3692 }, // U+010B
    { 13, 20, 243, 1, 20, 33, 3712 }, // U+010C
    { 10, 16, 190, 1, 16, 20, 3745 }, // U+010D
    { 12, 20, 240, 2, 20, 30, 3765 }, // U+010E
    { 13, 16, 237, 1, 16, 26, 3795 }, // U+010F
    { 14, 15, 245, 0, 15, 27, 3821 }, // U+0110
    { 12, 15, 204, 1, 15, 23, 3848 }, // U+0111
    { 9, 19, 200, 2, 19, 22, 3871 }, // U+0112
    { 10, 15, 194, 1, 15, 19, 3893 }, // U+0113
    { 9, 20, 200, 2, 20, 23, 3912 }, // U+0114
    { 10, 16, 194, 1, 16, 20, 3935 }, // U+0115
    { 9, 20, 200, 2, 20, 23, 3955 }, // U+0116
    { 10, 16, 194, 1, 16, 20, 3978 }, // U+0117
    { 10, 19, 200, 2, 15, 24, 3998 }, // U+0118
    { 10, 16, 194, 1, 12, 20, 4022 }, // U+0119
    { 9, 20, 200, 2, 20, 23, 4042 }, // U+011A
    { 10, 16, 194, 1, 16, 20, 4065 }, // U+011B
    { 13, 20, 249, 1, 20, 33, 4085 }, // U+011C
    { 10, 21, 204, 1, 16, 27, 4118 }, // U+011D
    { 13, 20, 249, 1, 20, 33, 4145 }, // U+011E
    { 10, 21, 204, 1, 16, 27, 4178 }, // U+011F
    { 13, 20, 249, 1, 20, 33, 4205 }, // U+0120
    { 10, 21, 204, 1, 16, 27, 4238 }, // U+0121
    { 13, 20, 249, 1, 15, 33, 4265 }, // U+0122
    { 10, 22, 204, 1, 17, 28, 4298 }, // U+0123
    { 12, 20, 248, 2, 20, 30, 4326 }, // U+0124
    { 12, 20, 197, -1, 20, 30, 4356 }, // U+0125
    { 14, 15, 259, 1, 15, 27, 4386 }, // U+0126
    { 11, 15, 197, 0, 15, 21, 4413 }, // U+0127
    { 6, 20, 89, 0, 20, 15, 4434 }, // U+0128
    { 6, 16, 81, 0, 16, 12, 4449 }, // U+0129
    { 6, 19, 89, 0, 19, 15, 4461 }, // U+012A
    { 5, 15, 81, 0, 15, 10, 4476 }, // U+012B
    { 6, 20, 89, 0, 20, 15, 4486 }, // U+012C
    { 5, 16, 81, 0, 16, 10, 4501 }, // U+012D
    { 4, 19, 89, 0, 15, 10, 4511 }, // U+012E
    { 4, 20, 81, 0, 16, 10, 4521 }, // U+012F
    { 2, 20, 89, 2, 20, 5, 4531 }, // U+0130
    { 1, 11, 81, 2, 11, 2, 4536 }, // U+0131
    { 14, 15, 280, 2, 15, 27, 4538 }, // U+0132
    { 8, 20, 161, 1, 16, 20, 4565 }, // U+0133
    { 11, 20, 190, 1, 20, 28, 4585 }, // U+0134
    { 7, 20, 81, -1, 16, 18, 4613 }, // U+0135
    { 11, 20, 224, 2, 15, 28, 4631 }, // U+0136
    { 9, 20, 183, 2, 15, 23, 4659 }, // U+0137
    { 9, 11, 175, 2, 11, 13, 4682 }, // U+0138
    { 9, 20, 188, 2, 20, 23, 4695 }, // U+0139
    { 3, 20, 81, 2, 20, 8, 4718 }, // U+013A
    { 9, 20, 188, 2, 15, 23, 4726 }, // U+013B
    { 2, 20, 81, 1, 15, 5, 4749 }, // U+013C
    { 9, 16, 188, 2, 16, 18, 4754 }, // U+013D
    { 5, 16, 113, 2, 16, 10, 4772 }, // U+013E
    { 9, 15, 187, 2, 15, 17, 4782 }, // U+013F
    { 5, 15, 120, 2, 15, 10, 4799 }, // U+0140
    { 10, 15, 198, 1, 15, 19, 4809 }, // U+0141
    { 5, 15, 81, 0, 15, 10, 4828 }, // U+0142
    { 12, 20, 251, 2, 20, 30, 4838 }, // U+0143
    { 9, 16, 197, 2, 16, 18, 4868 }, // U+0144
    { 12, 20, 251, 2, 15, 30, 4886 }, // U+0145
    { 9, 17, 197, 2, 12, 20, 4916 }, // U+0146
    { 12, 20, 251, 2, 20, 30, 4936 }, // U+0147
    { 9, 16, 197, 2, 16, 18, 4966 }, // U+0148
    { 12, 19, 251, 2, 15, 29, 4984 }, // U+014A
    { 9, 16, 197, 2, 12, 18, 5013 }, // U+014B
    { 14, 19, 255, 1, 19, 34, 5031 }, // U+014C
    { 10, 15, 200, 1, 15, 19, 5065 }, // U+014D
    { 14, 20, 255, 1, 20, 35, 5084 }, // U+014E
    { 10, 16, 200, 1, 16, 20, 5119 }, // U+014F
    { 14, 20, 255, 1, 20, 35, 5139 }, // U+0150
    { 10, 16, 200, 1, 16, 20, 5174 }, // U+0151
    { 19, 15, 335, 1, 15, 36, 5194 }, // U+0152
    { 19, 12, 333, 1, 12, 29, 5230 }, // U+0153
    { 11, 20, 214, 2, 20, 28, 5259 }, // U+0154
    { 5, 16, 125, 2, 16, 10, 5287 }, // U+0155
    { 11, 20, 214, 2, 15, 28, 5297 }, // U+0156
    { 6, 17, 125, 1, 12, 13, 5325 }, // U+0157
    { 11, 20, 214, 2, 20, 28, 5338 }, // U+0158
    { 7, 16, 125, 1, 16, 14, 5366 }, // U+0159
    { 11, 20, 214, 1, 20, 28, 5380 }, // U+015A
    { 9, 16, 176, 1, 16, 18, 5408 }, // U+015B
    { 11, 20, 214, 1, 20, 28, 5426 }, // U+015C
    { 9, 16, 176, 1, 16, 18, 5454 }, // U+015D
    { 11, 19, 214, 1, 15, 27, 5472 }, // U+015E
    { 9, 16, 176, 1, 12, 18, 5499 }, // U+015F
    { 11, 20, 214, 1, 20, 28, 5517 }, // U+0160
    { 9, 16, 176, 1, 16, 18, 5545 }, // U+0161
    { 11, 19, 215, 1, 15, 27, 5563 }, // U+0162
    { 7, 18, 109, 0, 14, 16, 5590 }, // U+0163
    { 11, 20, 215, 1, 20, 28, 5606 }, // U+0164
    { 7, 17, 125, 0, 17, 15, 5634 }, // U+0165
    { 11, 15, 215, 1, 15, 21, 5649 }, // U+0166
    { 6, 14, 109, 0, 14, 11, 5670 }, // U+0167
    { 12, 20, 248, 2, 20, 30, 5681 }, // U+0168
    { 9, 16, 197, 2, 16, 18, 5711 }, // U+0169
    { 12, 19, 248, 2, 19, 29, 5729 }, // U+016A
    { 9, 15, 197, 2, 15, 17, 5758 }, // U+016B
    { 12, 20, 248, 2, 20, 30, 5775 }, // U+016C
    { 9, 16, 197, 2, 16, 18, 5805 }, // U+016D
    { 12, 21, 248, 2, 21, 32, 5823 }, // U+016E
    { 9, 17, 197, 2, 17, 20, 5855 }, // U+016F
    { 12, 20, 248, 2, 20, 30, 5875 }, // U+0170
    { 9, 16, 197, 2, 16, 18, 5905 }, // U+0171
    { 12, 19, 248, 2, 15, 29, 5923 }, // U+0172
    { 9, 15, 197, 2, 11, 17, 5952 }, // U+0173
    { 19, 20, 328, 1, 20, 48, 5969 }, // U+0174
    { 15, 16, 273, 1, 16, 30, 6017 }, // U+0175
    { 13, 20, 226, 1, 20, 33, 6047 }, // U+0176
    { 10, 20, 187, 1, 16, 25, 6080 }, // U+0177
    { 13, 20, 226, 1, 20, 33, 6105 }, // U+0178
    { 11, 20, 210, 1, 20, 28, 6138 }, // U+0179
    { 9, 16, 184, 1, 16, 18, 6166 }, // U+017A
    { 11, 20, 210, 1, 20, 28, 6184 }, // U+017B
    { 9, 16, 184, 1, 16, 18, 6212 }, // U+017C
    { 11, 20, 210, 1, 20, 28, 6230 }, // U+017D
    { 9, 16, 184, 1, 16, 18, 6258 }, // U+017E
    { 5, 16, 105, 2, 16, 10, 6276 }, // U+017F
    { 14, 17, 254, 1, 17, 30, 6286 }, // U+01A0
    { 11, 14, 199, 1, 14, 20, 6316 }, // U+01A1
    { 14, 17, 247, 2, 17, 30, 6336 }, // U+01AF
    { 10, 14, 206, 2, 14, 18, 6366 }, // U+01B0
    { 23, 16, 425, 2, 16, 46, 6384 }, // U+01C5
    { 22, 16, 388, 1, 16, 44, 6430 }, // U+01C6
    { 20, 15, 379, 2, 15, 38, 6474 }, // U+01C7
    { 14, 20, 269, 2, 16, 35, 6512 }, // U+01C8
    { 7, 20, 161, 2, 16, 18, 6547 }, // U+01C9
    { 24, 15, 441, 2, 15, 45, 6565 }, // U+01CA
    { 18, 20, 332, 2, 16, 45, 6610 }, // U+01CB
    { 14, 20, 278, 2, 16, 35, 6655 }, // U+01CC
    { 13, 20, 230, 1, 20, 33, 6690 }, // U+01CD
    { 9, 16, 187, 1, 16, 18, 6723 }, // U+01CE
    { 6, 20, 89, 0, 20, 15, 6741 }, // U+01CF
    { 7, 16, 81, -1, 16, 14, 6756 }, // U+01D0
    { 14, 20, 255, 1, 20, 35, 6770 }, // U+01D1
    { 10, 16, 200, 1, 16, 20, 6805 }, // U+01D2
    { 12, 20, 248, 2, 20, 30, 6825 }, // U+01D3
    { 9, 16, 197, 2, 16, 18, 6855 }, // U+01D4
    { 12, 22, 248, 2, 22, 33, 6873 }, // U+01D5
    { 9, 18, 197, 2, 18, 21, 6906 }, // U+01D6
    { 12, 23, 248, 2, 23, 35, 6927 }, // U+01D7
    { 9, 19, 197, 2, 19, 22, 6962 }, // U+01D8
    { 12, 23, 248, 2, 23, 35, 6984 }, // U+01D9
    { 9, 19, 197, 2, 19, 22, 7019 }, // U+01DA
    { 12, 23, 248, 2, 23, 35, 7041 }, // U+01DB
    { 9, 19, 197, 2, 19, 22, 7076 }, // U+01DC
    { 10, 12, 194, 1, 12, 15, 7098 }, // U+01DD
    { 13, 22, 230, 1, 22, 36, 7113 }, // U+01DE
    { 9, 18, 187, 1, 18, 21, 7149 }, // U+01DF
    { 13, 22, 230, 1, 22, 36, 7170 }, // U+01E0
    { 9, 18, 187, 1, 18, 21, 7206 }, // U+01E1
    { 18, 19, 331, 1, 19, 43, 7227 }, // U+01E2
    { 17, 15, 306, 1, 15, 32, 7270 }, // U+01E3
    { 14, 15, 249, 1, 15, 27, 7302 }, // U+01E4
    { 13, 17, 224, 1, 12, 28, 7329 }, // U+01E5
    { 13, 20, 249, 1, 20, 33, 7357 }, // U+01E6
    { 10, 21, 204, 1, 16, 27, 7390 }, // U+01E7
    { 11, 20, 224, 2, 20, 28, 7417 }, // U+01E8
    { 12, 20, 183, -1, 20, 30, 7445 }, // U+01E9
    { 14, 19, 255, 1, 15, 34, 7475 }, // U+01EA
    { 10, 16, 200, 1, 12, 20, 7509 }, // U+01EB
    { 14, 23, 255, 1, 19, 41, 7529 }, // U+01EC
    { 10, 19, 200, 1, 15, 24, 7570 }, // U+01ED
    { 12, 24, 228, 1, 20, 36, 7594 }, // U+01EE
    { 11, 20, 207, 1, 16, 28, 7630 }, // U+01EF
    { 7, 20, 81, -1, 16, 18, 7658 }, // U+01F0
    { 25, 15, 450, 2, 15, 47, 7676 }, // U+01F1
    { 23, 15, 425, 2, 15, 44, 7723 }, // U+01F2
    { 22, 15, 388, 1, 15, 42, 7767 }, // U+01F3
    { 13, 20, 249, 1, 20, 33, 7809 }, // U+01F4
    { 10, 21, 204, 1, 16, 27, 7842 }, // U+01F5
    { 20, 15, 373, 2, 15, 38, 7869 }, // U+01F6
    { 11, 19, 212, 1, 15, 27, 7907 }, // U+01F7
    { 12, 20, 251, 2, 20, 30, 7934 }, // U+01F8
    { 9, 16, 197, 2, 16, 18, 7964 }, // U+01F9
    { 13, 23, 230, 1, 23, 38, 7982 }, // U+01FA
    { 9, 20, 187, 1, 20, 23, 8020 }, // U+01FB
    { 18, 20, 331, 1, 20, 45, 8043 }, // U+01FC
    { 17, 16, 306, 1, 16, 34, 8088 }, // U+01FD
    { 14, 20, 255, 1, 20, 35, 8122 }, // U+01FE
    { 11, 16, 200, 1, 16, 22, 8157 }, // U+01FF
    { 13, 20, 230, 1, 20, 33, 8179 }, // U+0200
    { 9, 16, 187, 1, 16, 18, 8212 }, // U+0201
    { 13, 20, 230, 1, 20, 33, 8230 }, // U+0202
    { 9, 16, 187, 1, 16, 18, 8263 }, // U+0203
    { 9, 20, 200, 2, 20, 23, 8281 }, // U+0204
    { 10, 16, 194, 1, 16, 20, 8304 }, // U+0205
    { 9, 20, 200, 2, 20, 23, 8324 }, // U+0206
    { 10, 16, 194, 1, 16, 20, 8347 }, // U+0207
    { 7, 20, 89, -2, 20, 18, 8367 }, // U+0208
    { 7, 16, 81, -2, 16, 14, 8385 }, // U+0209
    { 6, 20, 89, 0, 20, 15, 8399 }, // U+020A
    { 7, 16, 81, -1, 16, 14, 8414 }, // U+020B
    { 14, 20, 255, 1, 20, 35, 8428 }, // U+020C
    { 10, 16, 200, 1, 16, 20, 8463 }, // U+020D
    { 14, 20, 255, 1, 20, 35, 8483 }, // U+020E
    { 10, 16, 200, 1, 16, 20, 8518 }, // U+020F
    { 11, 20, 214, 2, 20, 28, 8538 }, // U+0210
    { 7, 16, 125, 0, 16, 14, 8566 }, // U+0211
    { 11, 20, 214, 2, 20, 28, 8580 }, // U+0212
    { 6, 16, 125, 1, 16, 12, 8608 }, // U+0213
    { 12, 20, 248, 2, 20, 30, 8620 }, // U+0214
    { 10, 16, 197, 1, 16, 20, 8650 }, // U+0215
    { 12, 20, 248, 2, 20, 30, 8670 }, // U+0216
    { 9, 16, 197, 2, 16, 18, 8700 }, // U+0217
    { 11, 20, 214, 1, 15, 28, 8718 }, // U+0218
    { 9, 17, 176, 1, 12, 20, 8746 }, // U+0219
    { 11, 20, 215, 1, 15, 28, 8766 }, // U+021A
    { 6, 19, 109, 0, 14, 15, 8794 }, // U+021B
    { 11, 19, 211, 1, 15, 27, 8809 }, // U+021C
    { 9, 16, 181, 1, 12, 18, 8836 }, // U+021D
    { 12, 20, 248, 2, 20, 30, 8854 }, // U+021E
    { 12, 20, 197, -1, 20, 30, 8884 }, // U+021F
    { 3, 3, 0, 2, 16, 2, 8914 }, // U+0300
    { 3, 3, 0, 2, 16, 2, 8916 }, // U+0301
    { 7, 3, 0, 1, 16, 3, 8918 }, // U+0302
    { 6, 3, 0, 2, 16, 3, 8921 }, // U+0303
    { 6, 1, 0, 2, 15, 1, 8924 }, // U+0304
    { 6, 3, 0, 1, 16, 3, 8925 }, // U+0306
    { 3, 3, 0, 1, 16, 2, 8928 }, // U+0307
    { 7, 3, 0, 3, 16, 3, 8930 }, // U+0308
    { 3, 3, 0, 1, 16, 2, 8933 }, // U+0309
    { 6, 5, 0, 0, 17, 4, 8935 }, // U+030A
    { 7, 3, 0, 1, 16, 3, 8939 }, // U+030C
    { 7, 3, 0, 2, 16, 3, 8942 }, // U+030F
    { 3, 6, 0, 4, 10, 3, 8945 }, // U+0313
    { 3, 6, 0, 4, 10, 3, 8948 }, // U+0315
    { 3, 4, 0, -4, 14, 2, 8951 }, // U+031B
    { 3, 3, 81, 1, -2, 2, 8953 }, // U+0323
    { 3, 5, 0, -8, -1, 2, 8955 }, // U+0326
    { 3, 4, 0, 2, 0, 2, 8957 }, // U+0327
    { 4, 4, 0, 1, 0, 2, 8959 }, // U+0328
    { 7, 3, 0, 1, -2, 3, 8961 }, // U+032C
    { 8, 13, 0, -10, 12, 13, 8964 }, // U+0337
    { 12, 17, 0, -12, 16, 26, 8977 }, // U+0338
    { 6, 3, 0, -9, 16, 3, 9003 }, // U+0342
    { 3, 4, 0, 0, 13, 2, 9006 }, // U+0343
    { 7, 4, 0, -9, 16, 4, 9008 }, // U+0346
    { 6, 4, 0, -9, -3, 3, 9012 }, // U+0347
    { 5, 4, 0, -8, -1, 3, 9015 }, // U+0348
    { 4, 4, 0, -8, -1, 2, 9018 }, // U+0349
    { 7, 4, 0, -10, 16, 4, 9020 }, // U+034A
    { 7, 7, 0, -10, 19, 7, 9024 }, // U+034B
    { 7, 4, 0, -9, 17, 4, 9031 }, // U+034C
    { 8, 5, 0, -10, -1, 5, 9035 }, // U+034D
    { 4, 5, 0, -8, -1, 3, 9040 }, // U+034E
    { 1, 1, 0, 0, 1, 1, 9043 }, // U+034F
    { 7, 8, 0, -9, 21, 7, 9044 }, // U+0350
    { 2, 4, 0, -6, 15, 1, 9051 }, // U+0351
    { 6, 5, 0, -9, 17, 4, 9052 }, // U+0352
    { 5, 4, 0, -8, -1, 3, 9056 }, // U+0353
    { 6, 5, 0, -8, -1, 4, 9059 }, // U+0354
    { 5, 5, 0, -7, -1, 4, 9063 }, // U+0355
    { 10, 5, 0, -9, -1, 7, 9067 }, // U+0356
    { 2, 5, 0, 1, 17, 2, 9074 }, // U+0357
    { 3, 3, 0, 1, 16, 2, 9076 }, // U+0358
    { 4, 4, 0, -8, -1, 2, 9078 }, // U+0359
    { 8, 4, 0, -10, -1, 4, 9080 }, // U+035A
    { 4, 5, 0, -8, 17, 3, 9084 }, // U+035B
    { 14, 3, 0, -7, -1, 6, 9087 }, // U+035C
    { 14, 3, 0, -7, 15, 6, 9093 }, // U+035D
    { 12, 1, 0, -12, 15, 2, 9099 }, // U+035E
    { 12, 1, 0, -12, -2, 2, 9101 }, // U+035F
    { 20, 3, 0, -10, 16, 8, 9103 }, // U+0360
    { 14, 3, 0, -7, 15, 6, 9111 }, // U+0361
    { 16, 5, 0, -7, -1, 10, 9117 }, // U+0362
    { 5, 6, 0, -8, 18, 4, 9127 }, // U+0363
    { 5, 6, 0, -8, 18, 4, 9131 }, // U+0364
    { 1, 8, 0, -6, 20, 1, 9135 }, // U+0365
    { 5, 6, 0, -8, 18, 4, 9136 }, // U+0366
    { 5, 6, 0, -8, 18, 4, 9140 }, // U+0367
    { 5, 6, 0, -8, 18, 4, 9144 }, // U+0368
    { 5, 8, 0, -8, 20, 5, 9148 }, // U+0369
    { 5, 8, 0, -8, 20, 5, 9153 }, // U+036A
    { 8, 6, 0, -10, 18, 6, 9158 }, // U+036B
    { 3, 6, 0, -7, 18, 3, 9164 }, // U+036C
    { 4, 7, 0, 0, 19, 4, 9167 }, // U+036D
    { 5, 6, 0, -8, 18, 4, 9171 }, // U+036E
    { 5, 6, 0, -8, 18, 4, 9175 }, // U+036F
    { 9, 20, 200, 2, 20, 23, 9179 }, // U+0400
    { 9, 20, 200, 2, 20, 23, 9202 }, // U+0401
    { 15, 16, 280, 1, 15, 30, 9225 }, // U+0402
    { 9, 20, 193, 2, 20, 23, 9255 }, // U+0403
    { 13, 15, 243, 1, 15, 25, 9278 }, // U+0404
    { 11, 15, 214, 1, 15, 21, 9303 }, // U+0405
    { 2, 15, 89, 2, 15, 4, 9324 }, // U+0406
    { 7, 20, 89, -1, 20, 18, 9328 }, // U+0407
    { 9, 15, 190, 1, 15, 17, 9346 }, // U+0408
    { 21, 15, 371, 1, 15, 40, 9363 }, // U+0409
    { 20, 15, 375, 2, 15, 38, 9403 }, // U+040A
    { 16, 15, 295, 1, 15, 30, 9441 }, // U+040B
    { 11, 20, 224, 2, 20, 28, 9471 }, // U+040C
    { 12, 20, 251, 2, 20, 30, 9499 }, // U+040D
    { 12, 20, 209, 1, 20, 30, 9529 }, // U+040E
    { 11, 18, 241, 2, 15, 25, 9559 }, // U+040F
    { 13, 15, 230, 1, 15, 25, 9584 }, // U+0410
    { 10, 15, 215, 2, 15, 19, 9609 }, // U+0411
    { 10, 15, 218, 2, 15, 19, 9628 }, // U+0412
    { 9, 15, 193, 2, 15, 17, 9647 }, // U+0413
    { 15, 18, 273, 1, 15, 34, 9664 }, // U+0414
    { 9, 15, 200, 2, 15, 17, 9698 }, // U+0415
    { 18, 15, 320, 1, 15, 34, 9715 }, // U+0416
    { 11, 15, 206, 1, 15, 21, 9749 }, // U+0417
    { 12, 15, 251, 2, 15, 23, 9770 }, // U+0418
    { 12, 20, 251, 2, 20, 30, 9793 }, // U+0419
    { 11, 15, 224, 2, 15, 21, 9823 }, // U+041A
    { 13, 15, 249, 1, 15, 25, 9844 }, // U+041B
    { 15, 15, 301, 2, 15, 29, 9869 }, // U+041C
    { 12, 15, 248, 2, 15, 23, 9898 }, // U+041D
    { 14, 15, 255, 1, 15, 27, 9921 }, // U+041E
    { 12, 15, 248, 2, 15, 23, 9948 }, // U+041F
    { 10, 15, 213, 2, 15, 19, 9971 }, // U+0420
    { 13, 15, 243, 1, 15, 25, 9990 }, // U+0421
    { 11, 15, 215, 1, 15, 21, 10015 }, // U+0422
    { 12, 15, 209, 1, 15, 23, 10036 }, // U+0423
    { 15, 17, 276, 1, 16, 32, 10059 }, // U+0424
    { 13, 15, 227, 1, 15, 25, 10091 }, // U+0425
    { 13, 18, 240, 2, 15, 30, 10116 }, // U+0426
    { 11, 15, 233, 2, 15, 21, 10146 }, // U+0427
    { 16, 15, 319, 2, 15, 30, 10167 }, // U+0428
    { 18, 18, 324, 2, 15, 41, 10197 }, // U+0429
    { 15, 15, 272, 1, 15, 29, 10238 }, // U+042A
    { 15, 15, 294, 2, 15, 29, 10267 }, // U+042B
    { 10, 15, 216, 2, 15, 19, 10296 }, // U+042C
    { 13, 15, 243, 1, 15, 25, 10315 }, // U+042D
    { 18, 15, 338, 2, 15, 34, 10340 }, // U+042E
    { 11, 15, 214, 1, 15, 21, 10374 }, // U+042F
    { 9, 12, 187, 1, 12, 14, 10395 }, // U+0430
    { 10, 15, 198, 1, 15, 19, 10409 }, // U+0431
    { 9, 11, 188, 2, 11, 13, 10428 }, // U+0432
    { 7, 11, 145, 2, 11, 10, 10441 }, // U+0433
    { 12, 14, 204, 0, 11, 21, 10451 }, // U+0434
    { 10, 12, 194, 1, 12, 15, 10472 }, // U+0435
    { 15, 11, 270, 1, 11, 21, 10487 }, // U+0436
    { 8, 11, 165, 1, 11, 11, 10508 }, // U+0437
    { 9, 11, 197, 2, 11, 13, 10519 }, // U+0438
    { 9, 16, 197, 2, 16, 18, 10532 }, // U+0439
    { 9, 11, 181, 2, 11, 13, 10550 }, // U+043A
    { 10, 11, 192, 0, 11, 14, 10563 }, // U+043B
    { 12, 11, 257, 2, 11, 17, 10577 }, // U+043C
    { 9, 11, 196, 2, 11, 13, 10594 }, // U+043D
    { 10, 12, 200, 1, 12, 15, 10607 }, // U+043E
    { 9, 11, 196, 2, 11, 13, 10622 }, // U+043F
    { 10, 16, 204, 2, 12, 20, 10635 }, // U+0440
    { 10, 12, 190, 1, 12, 15, 10655 }, // U+0441
    { 10, 11, 155, 0, 11, 14, 10670 }, // U+0442
    { 10, 15, 187, 1, 11, 19, 10684 }, // U+0443
    { 12, 19, 229, 1, 15, 29, 10703 }, // U+0444
    { 10, 11, 182, 1, 11, 14, 10732 }, // U+0445
    { 10, 14, 199, 2, 11, 18, 10746 }, // U+0446
    { 8, 11, 192, 2, 11, 11, 10764 }, // U+0447
    { 14, 11, 274, 2, 11, 20, 10775 }, // U+0448
    { 15, 14, 279, 2, 11, 27, 10795 }, // U+0449
    { 12, 11, 214, 0, 11, 17, 10822 }, // U+044A
    { 12, 11, 245, 2, 11, 17, 10839 }, // U+044B
    { 9, 11, 186, 2, 11, 13, 10856 }, // U+044C
    { 10, 12, 190, 1, 12, 15, 10869 }, // U+044D
    { 15, 12, 281, 2, 12, 23, 10884 }, // U+044E
    { 10, 11, 185, 0, 11, 14, 10907 }, // U+044F
    { 10, 16, 194, 1, 16, 20, 10921 }, // U+0450
    { 10, 16, 194, 1, 16, 20, 10941 }, // U+0451
    { 11, 19, 197, 0, 15, 27, 10961 }, // U+0452
    { 7, 16, 145, 2, 16, 14, 10988 }, // U+0453
    { 10, 12, 190, 1, 12, 15, 11002 }, // U+0454
    { 9, 12, 176, 1, 12, 14, 11017 }, // U+0455
    { 3, 16, 81, 1, 16, 6, 11031 }, // U+0456
    { 7, 16, 81, -1, 16, 14, 11037 }, // U+0457
    { 4, 20, 81, 0, 16, 10, 11051 }, // U+0458
    { 18, 11, 308, 0, 11, 25, 11061 }, // U+0459
    { 16, 11, 299, 2, 11, 22, 11086 }, // U+045A
    { 11, 15, 197, 0, 15, 21, 11108 }, // U+045B
    { 9, 16, 181, 2, 16, 18, 11129 }, // U+045C
    { 9, 16, 197, 2, 16, 18, 11147 }, // U+045D
    { 10, 20, 187, 1, 16, 25, 11165 }, // U+045E
    { 9, 14, 196, 2, 11, 16, 11190 }, // U+045F
    { 15, 15, 299, 2, 15, 29, 11206 }, // U+0460
    { 13, 11, 269, 2, 11, 18, 11235 }, // U+0461
    { 13, 15, 229, 0, 15, 25, 11253 }, // U+0462
    { 12, 15, 205, 0, 15, 23, 11278 }, // U+0463
    { 17, 15, 319, 2, 15, 32, 11301 }, // U+0464
    { 13, 12, 261, 2, 12, 20, 11333 }, // U+0465
    { 13, 15, 230, 1, 15, 25, 11353 }, // U+0466
    { 10, 11, 190, 1, 11, 14, 11378 }, // U+0467
    { 17, 15, 312, 2, 15, 32, 11392 }, // U+0468
    { 14, 11, 259, 2, 11, 20, 11424 }, // U+0469
    { 14, 15, 284, 2, 15, 27, 11444 }, // U+046A
    { 12, 11, 231, 1, 11, 17, 11471 }, // U+046B
    { 20, 15, 382, 2, 15, 38, 11488 }, // U+046C
    { 17, 11, 319, 2, 11, 24, 11526 }, // U+046D
    { 9, 24, 181, 1, 19, 27, 11550 }, // U+046E
    { 8, 20, 174, 1, 16, 20, 11577 }, // U+046F
    { 15, 15, 293, 2, 15, 29, 11597 }, // U+0470
    { 13, 18, 259, 2, 14, 30, 11626 }, // U+0471
    { 14, 15, 255, 1, 15, 27, 11656 }, // U+0472
    { 10, 12, 200, 1, 12, 15, 11683 }, // U+0473
    { 13, 15, 235, 1, 15, 25, 11698 }, // U+0474
    { 11, 11, 198, 1, 11, 16, 11723 }, // U+0475
    { 13, 20, 235, 1, 20, 33, 11739 }, // U+0476
    { 11, 16, 198, 1, 16, 22, 11772 }, // U+0477
    { 26, 19, 442, 1, 15, 62, 11794 }, // U+0478
    { 22, 16, 381, 1, 12, 44, 11856 }, // U+0479
    { 13, 15, 237, 1, 15, 25, 11900 }, // U+0480
    { 10, 16, 188, 1, 12, 20, 11925 }, // U+0481
    { 11, 14, 211, 1, 14, 20, 11945 }, // U+0482
    { 8, 4, 0, -10, 16, 4, 11965 }, // U+0483
    { 7, 3, 0, -9, 16, 3, 11969 }, // U+0484
    { 3, 4, 0, -7, 17, 2, 11972 }, // U+0485
    { 2, 4, 0, -6, 17, 1, 11974 }, // U+0486
    { 8, 3, 0, -10, 16, 3, 11975 }, // U+0487
    { 19, 18, 0, -15, 15, 43, 11978 }, // U+0488
    { 19, 19, 0, -15, 15, 46, 12021 }, // U+0489
    { 14, 23, 251, 2, 20, 41, 12067 }, // U+048A
    { 11, 19, 197, 2, 16, 27, 12108 }, // U+048B
    { 13, 15, 229, 0, 15, 25, 12135 }, // U+048C
    { 12, 14, 205, 0, 14, 21, 12160 }, // U+048D
    { 10, 15, 212, 2, 15, 19, 12181 }, // U+048E
    { 10, 16, 203, 2, 12, 20, 12200 }, // U+048F
    { 9, 18, 193, 2, 18, 21, 12220 }, // U+0490
    { 7, 14, 145, 2, 14, 13, 12241 }, // U+0491
    { 11, 15, 193, 0, 15, 21, 12254 }, // U+0492
    { 9, 11, 145, 0, 11, 13, 12275 }, // U+0493
    { 11, 16, 217, 2, 15, 22, 12288 }, // U+0494
    { 8, 14, 180, 2, 11, 14, 12310 }, // U+0495
    { 19, 18, 326, 1, 15, 43, 12324 }, // U+0496
    { 16, 14, 276, 1, 11, 28, 12367 }, // U+0497
    { 11, 19, 206, 1, 15, 27, 12395 }, // U+0498
    { 8, 15, 165, 1, 11, 15, 12422 }, // U+0499
    { 12, 18, 235, 2, 15, 27, 12437 }, // U+049A
    { 10, 14, 187, 2, 11, 18, 12464 }, // U+049B
    { 11, 15, 222, 2, 15, 21, 12482 }, // U+049C
    { 10, 11, 195, 2, 11, 14, 12503 }, // U+049D
    { 16, 15, 280, 1, 15, 30, 12517 }, // U+04A0
    { 13, 11, 209, 0, 11, 18, 12547 }, // U+04A1
    { 13, 18, 253, 2, 15, 30, 12565 }, // U+04A2
    { 10, 14, 201, 2, 11, 18, 12595 }, // U+04A3
    { 18, 15, 328, 2, 15, 34, 12613 }, // U+04A4
    { 12, 11, 226, 2, 11, 17, 12647 }, // U+04A5
    { 20, 16, 369, 2, 15, 40, 12664 }, // U+04A6
    { 16, 14, 307, 2, 11, 28, 12704 }, // U+04A7
    { 19, 15, 328, 1, 15, 36, 12732 }, // U+04A8
    { 15, 12, 259, 1, 12, 23, 12768 }, // U+04A9
    { 13, 19, 243, 1, 15, 31, 12791 }, // U+04AA
    { 10, 16, 190, 1, 12, 20, 12822 }, // U+04AB
    { 11, 18, 215, 1, 15, 25, 12842 }, // U+04AC
    { 10, 14, 155, 0, 11, 18, 12867 }, // U+04AD
    { 13, 15, 226, 1, 15, 25, 12885 }, // U+04AE
    { 10, 15, 187, 1, 11, 19, 12910 }, // U+04AF
    { 13, 15, 226, 1, 15, 25, 12929 }, // U+04B0
    { 10, 15, 187, 1, 11, 19, 12954 }, // U+04B1
    { 13, 18, 234, 1, 15, 30, 12973 }, // U+04B2
    { 11, 14, 188, 1, 11, 20, 13003 }, // U+04B3
    { 18, 18, 305, 1, 15, 41, 13023 }, // U+04B4
    { 13, 14, 220, 0, 11, 23, 13064 }, // U+04B5
    { 12, 18, 238, 2, 15, 27, 13087 }, // U+04B6
    { 10, 14, 197, 2, 11, 18, 13114 }, // U+04B7
    { 11, 15, 233, 2, 15, 21, 13132 }, // U+04B8
    { 8, 11, 192, 2, 11, 11, 13153 }, // U+04B9
    { 11, 15, 233, 2, 15, 21, 13164 }, // U+04BA
    { 9, 15, 197, 2, 15, 17, 13185 }, // U+04BB
    { 16, 15, 280, 0, 15, 30, 13202 }, // U+04BC
    { 14, 12, 238, 0, 12, 21, 13232 }, // U+04BD
    { 16, 18, 280, 0, 15, 36, 13253 }, // U+04BE
    { 14, 16, 238, 0, 12, 28, 13289 }, // U+04BF
    { 2, 15, 89, 2, 15, 4, 13317 }, // U+04C0
    { 18, 20, 320, 1, 20, 45, 13321 }, // U+04C1
    { 15, 16, 270, 1, 16, 30, 13366 }, // U+04C2
    { 11, 18, 227, 2, 15, 25, 13396 }, // U+04C3
    { 9, 14, 196, 2, 11, 16, 13421 }, // U+04C4
    { 15, 18, 249, 1, 15, 34, 13437 }, // U+04C5
    { 12, 14, 192, 0, 11, 21, 13471 }, // U+04C6
    { 12, 19, 248, 2, 15, 29, 13492 }, // U+04C7
    { 9, 15, 196, 2, 11, 17, 13521 }, // U+04C8
    { 14, 18, 248, 2, 15, 32, 13538 }, // U+04C9
    { 11, 14, 196, 2, 11, 20, 13570 }, // U+04CA
    { 12, 18, 238, 2, 15, 27, 13590 }, // U+04CB
    { 10, 14, 197, 2, 11, 18, 13617 }, // U+04CC
    { 17, 18, 301, 2, 15, 39, 13635 }, // U+04CD
    { 14, 14, 257, 2, 11, 25, 13674 }, // U+04CE
    { 1, 15, 81, 2, 15, 2, 13699 }, // U+04CF
    { 13, 20, 230, 1, 20, 33, 13701 }, // U+04D0
    { 9, 16, 187, 1, 16, 18, 13734 }, // U+04D1
    { 13, 20, 230, 1, 20, 33, 13752 }, // U+04D2
    { 9, 16, 187, 1, 16, 18, 13785 }, // U+04D3
    { 18, 15, 331, 1, 15, 34, 13803 }, // U+04D4
    { 17, 12, 306, 1, 12, 26, 13837 }, // U+04D5
    { 9, 20, 200, 2, 20, 23, 13863 }, // U+04D6
    { 10, 16, 194, 1, 16, 20, 13886 }, // U+04D7
    { 13, 15, 248, 1, 15, 25, 13906 }, // U+04D8
    { 10, 12, 194, 1, 12, 15, 13931 }, // U+04D9
    { 13, 20, 248, 1, 20, 33, 13946 }, // U+04DA
    { 10, 16, 194, 1, 16, 20, 13979 }, // U+04DB
    { 18, 20, 320, 1, 20, 45, 13999 }, // U+04DC
    { 15, 16, 270, 1, 16, 30, 14044 }, // U+04DD
    { 11, 20, 206, 1, 20, 28, 14074 }, // U+04DE
    { 8, 16, 165, 1, 16, 16, 14102 }, // U+04DF
    { 11, 15, 207, 1, 15, 21, 14118 }, // U+04E0
    { 11, 15, 207, 1, 11, 21, 14139 }, // U+04E1
    { 12, 19, 251, 2, 19, 29, 14160 }, // U+04E2
    { 9, 15, 197, 2, 15, 17, 14189 }, // U+04E3
    { 12, 20, 251, 2, 20, 30, 14206 }, // U+04E4
    { 9, 16, 197, 2, 16, 18, 14236 }, // U+04E5
    { 14, 20, 255, 1, 20, 35, 14254 }, // U+04E6
    { 10, 16, 200, 1, 16, 20, 14289 }, // U+04E7
    { 14, 15, 255, 1, 15, 27, 14309 }, // U+04E8
    { 10, 12, 200, 1, 12, 15, 14336 }, // U+04E9
    { 14, 20, 255, 1, 20, 35, 14351 }, // U+04EA
    { 10, 16, 200, 1, 16, 20, 14386 }, // U+04EB
    { 13, 20, 243, 1, 20, 33, 14406 }, // U+04EC
    { 10, 16, 190, 1, 16, 20, 14439 }, // U+04ED
    { 12, 19, 209, 1, 19, 29, 14459 }, // U+04EE
    { 10, 19, 187, 1, 15, 24, 14488 }, // U+04EF
    { 12, 20, 209, 1, 20, 30, 14512 }, // U+04F0
    { 10, 20, 187, 1, 16, 25, 14542 }, // U+04F1
    { 12, 20, 209, 1, 20, 30, 14567 }, // U+04F2
    { 10, 20, 187, 1, 16, 25, 14597 }, // U+04F3
    { 11, 20, 233, 2, 20, 28, 14622 }, // U+04F4
    { 8, 16, 192, 2, 16, 16, 14650 }, // U+04F5
    { 9, 18, 193, 2, 15, 21, 14666 }, // U+04F6
    { 7, 14, 145, 2, 11, 13, 14687 }, // U+04F7
    { 15, 20, 294, 2, 20, 38, 14700 }, // U+04F8
    { 12, 16, 245, 2, 16, 24, 14738 }, // U+04F9
    { 11, 19, 197, 0, 15, 27, 14762 }, // U+04FA
    { 9, 15, 145, 0, 11, 17, 14789 }, // U+04FB
    { 14, 19, 234, 1, 15, 34, 14806 }, // U+04FC
    { 9, 15, 174, 1, 11, 17, 14840 }, // U+04FD
    { 13, 15, 227, 1, 15, 25, 14857 }, // U+04FE
    { 10, 11, 182, 1, 11, 14, 14882 }, // U+04FF
    { 13, 20, 230, 1, 15, 33, 14896 }, // U+1EA0
    { 9, 17, 187, 1, 12, 20, 14929 }, // U+1EA1
    { 13, 20, 230, 1, 20, 33, 14949 }, // U+1EA2
    { 9, 16, 187, 1, 16, 18, 14982 }, // U+1EA3
    { 13, 23, 230, 1, 23, 38, 15000 }, // U+1EA4
    { 10, 19, 187, 1, 19, 24, 15038 }, // U+1EA5
    { 13, 23, 230, 1, 23, 38, 15062 }, // U+1EA6
    { 9, 19, 187, 1, 19, 22, 15100 }, // U+1EA7
    { 13, 23, 230, 1, 23, 38, 15122 }, // U+1EA8
    { 9, 19, 187, 1, 19, 22, 15160 }, // U+1EA9
    { 13, 23, 230, 1, 23, 38, 15182 }, // U+1EAA
    { 9, 19, 187, 1, 19, 22, 15220 }, // U+1EAB
    { 13, 25, 230, 1, 20, 41, 15242 }, // U+1EAC
    { 9, 21, 187, 1, 16, 24, 15283 }, // U+1EAD
    { 13, 23, 230, 1, 23, 38, 15307 }, // U+1EAE
    { 9, 19, 187, 1, 19, 22, 15345 }, // U+1EAF
    { 13, 23, 230, 1, 23, 38, 15367 }, // U+1EB0
    { 9, 19, 187, 1, 19, 22, 15405 }, // U+1EB1
    { 13, 23, 230, 1, 23, 38, 15427 }, // U+1EB2
    { 9, 19, 187, 1, 19, 22, 15465 }, // U+1EB3
    { 13, 23, 230, 1, 23, 38, 15487 }, // U+1EB4
    { 9, 19, 187, 1, 19, 22, 15525 }, // U+1EB5
    { 13, 25, 230, 1, 20, 41, 15547 }, // U+1EB6
    { 9, 21, 187, 1, 16, 24, 15588 }, // U+1EB7
    { 9, 20, 200, 2, 15, 23, 15612 }, // U+1EB8
    { 10, 17, 194, 1, 12, 22, 15635 }, // U+1EB9
    { 9, 20, 200, 2, 20, 23, 15657 }, // U+1EBA
    { 10, 16, 194, 1, 16, 20, 15680 }, // U+1EBB
    { 9, 20, 200, 2, 20, 23, 15700 }, // U+1EBC
    { 10, 16, 194, 1, 16, 20, 15723 }, // U+1EBD
    { 9, 23, 200, 2, 23, 26, 15743 }, // U+1EBE
    { 10, 19, 194, 1, 19, 24, 15769 }, // U+1EBF
    { 9, 23, 200, 2, 23, 26, 15793 }, // U+1EC0
    { 10, 19, 194, 1, 19, 24, 15819 }, // U+1EC1
    { 9, 23, 200, 2, 23, 26, 15843 }, // U+1EC2
    { 10, 19, 194, 1, 19, 24, 15869 }, // U+1EC3
    { 9, 23, 200, 2, 23, 26, 15893 }, // U+1EC4
    { 10, 19, 194, 1, 19, 24, 15919 }, // U+1EC5
    { 9, 25, 200, 2, 20, 29, 15943 }, // U+1EC6
    { 10, 21, 194, 1, 16, 27, 15972 }, // U+1EC7
    { 3, 20, 89, 1, 20, 8, 15999 }, // U+1EC8
    { 3, 16, 81, 1, 16, 6, 16007 }, // U+1EC9
    { 2, 20, 89, 2, 15, 5, 16013 }, // U+1ECA
    { 3, 21, 81, 1, 16, 8, 16018 }, // U+1ECB
    { 14, 20, 255, 1, 15, 35, 16026 }, // U+1ECC
    { 10, 17, 200, 1, 12, 22, 16061 }, // U+1ECD
    { 14, 20, 255, 1, 20, 35, 16083 }, // U+1ECE
    { 10, 16, 200, 1, 16, 20, 16118 }, // U+1ECF
    { 14, 23, 255, 1, 23, 41, 16138 }, // U+1ED0
    { 10, 19, 200, 1, 19, 24, 16179 }, // U+1ED1
    { 14, 23, 255, 1, 23, 41, 16203 }, // U+1ED2
    { 10, 19, 200, 1, 19, 24, 16244 }, // U+1ED3
    { 14, 23, 255, 1, 23, 41, 16268 }, // U+1ED4
    { 10, 19, 200, 1, 19, 24, 16309 }, // U+1ED5
    { 14, 23, 255, 1, 23, 41, 16333 }, // U+1ED6
    { 10, 19, 200, 1, 19, 24, 16374 }, // U+1ED7
    { 14, 25, 255, 1, 20, 44, 16398 }, // U+1ED8
    { 10, 21, 200, 1, 16, 27, 16442 }, // U+1ED9
    { 14, 20, 254, 1, 20, 35, 16469 }, // U+1EDA
    { 11, 16, 199, 1, 16, 22, 16504 }, // U+1EDB
    { 14, 20, 254, 1, 20, 35, 16526 }, // U+1EDC
    { 11, 16, 199, 1, 16, 22, 16561 }, // U+1EDD
    { 14, 20, 254, 1, 20, 35, 16583 }, // U+1EDE
    { 11, 16, 199, 1, 16, 22, 16618 }, // U+1EDF
    { 14, 20, 254, 1, 20, 35, 16640 }, // U+1EE0
    { 11, 16, 199, 1, 16, 22, 16675 }, // U+1EE1
    { 14, 22, 254, 1, 17, 39, 16697 }, // U+1EE2
    { 11, 19, 199, 1, 14, 27, 16736 }, // U+1EE3
    { 12, 20, 248, 2, 15, 30, 16763 }, // U+1EE4
    { 9, 16, 197, 2, 11, 18, 16793 }, // U+1EE5
    { 12, 20, 248, 2, 20, 30, 16811 }, // U+1EE6
    { 9, 16, 197, 2, 16, 18, 16841 }, // U+1EE7
    { 14, 20, 247, 2, 20, 35, 16859 }, // U+1EE8
    { 10, 16, 206, 2, 16, 20, 16894 }, // U+1EE9
    { 14, 20, 247, 2, 20, 35, 16914 }, // U+1EEA
    { 10, 16, 206, 2, 16, 20, 16949 }, // U+1EEB
    { 14, 20, 247, 2, 20, 35, 16969 }, // U+1EEC
    { 10, 16, 206, 2, 16, 20, 17004 }, // U+1EED
    { 14, 20, 247, 2, 20, 35, 17024 }, // U+1EEE
    { 10, 16, 206, 2, 16, 20, 17059 }, // U+1EEF
    { 14, 22, 247, 2, 17, 39, 17079 }, // U+1EF0
    { 10, 19, 206, 2, 14, 24, 17118 }, // U+1EF1
    { 13, 20, 226, 1, 20, 33, 17142 }, // U+1EF2
    { 10, 20, 187, 1, 16, 25, 17175 }, // U+1EF3
    { 13, 20, 226, 1, 15, 33, 17200 }, // U+1EF4
    { 10, 16, 187, 1, 11, 20, 17233 }, // U+1EF5
    { 13, 20, 226, 1, 20, 33, 17253 }, // U+1EF6
    { 10, 20, 187, 1, 16, 25, 17286 }, // U+1EF7
    { 13, 20, 226, 1, 20, 33, 17311 }, // U+1EF8
    { 10, 20, 187, 1, 16, 25, 17344 }, // U+1EF9
    { 1, 1, 182, 0, 1, 1, 17369 }, // U+2000
    { 1, 1, 364, 0, 1, 1, 17370 }, // U+2001
    { 1, 1, 167, 0, 1, 1, 17371 }, // U+2002
    { 1, 1, 333, 0, 1, 1, 17372 }, // U+2003
    { 1, 1, 111, 0, 1, 1, 17373 }, // U+2004
    { 1, 1, 83, 0, 1, 1, 17374 }, // U+2005
    { 1, 1, 55, 0, 1, 1, 17375 }, // U+2006
    { 1, 1, 216, 0, 1, 1, 17376 }, // U+2007
    { 1, 1, 96, 0, 1, 1, 17377 }, // U+2008
    { 1, 1, 61, 0, 1, 1, 17378 }, // U+2009
    { 1, 1, 30, 0, 1, 1, 17379 }, // U+200A
    { 1, 1, 0, 0, 1, 1, 17380 }, // U+200B
    { 7, 1, 119, 0, 7, 1, 17381 }, // U+2010
    { 7, 1, 119, 0, 7, 1, 17382 }, // U+2011
    { 11, 2, 216, 1, 8, 3, 17383 }, // U+2012
    { 10, 1, 167, 0, 7, 2, 17386 }, // U+2013
    { 21, 1, 333, 0, 7, 3, 17388 }, // U+2014
    { 21, 1, 333, 0, 7, 3, 17391 }, // U+2015
    { 4, 25, 160, 3, 20, 13, 17394 }, // U+2016
    { 9, 4, 151, 0, 0, 5, 17407 }, // U+2017
    { 3, 6, 87, 2, 15, 3, 17412 }, // U+2018
    { 3, 6, 87, 2, 15, 3, 17415 }, // U+2019
    { 3, 6, 80, 1, 2, 3, 17418 }, // U+201A
    { 3, 6, 87, 1, 15, 3, 17421 }, // U+201B
    { 6, 6, 147, 2, 15, 5, 17424 }, // U+201C
    { 6, 6, 147, 2, 15, 5, 17429 }, // U+201D
    { 7, 6, 140, 1, 2, 6, 17434 }, // U+201E
    { 7, 6, 147, 1, 15, 6, 17440 }, // U+201F
    { 8, 11, 164, 1, 15, 11, 17446 }, // U+2020
    { 8, 15, 164, 1, 15, 15, 17457 }, // U+2021
    { 6, 6, 187, 3, 9, 5, 17472 }, // U+2022
    { 5, 6, 187, 4, 9, 4, 17477 }, // U+2023
    { 2, 3, 96, 2, 3, 1, 17481 }, // U+2024
    { 8, 3, 192, 2, 3, 3, 17482 }, // U+2025
    { 14, 3, 288, 2, 3, 6, 17485 }, // U+2026
    { 2, 3, 96, 2, 9, 1, 17491 }, // U+2027
    { 1, 1, 61, 0, 1, 1, 17492 }, // U+202F
    { 23, 15, 445, 2, 15, 44, 17493 }, // U+2030
    { 31, 15, 563, 2, 15, 59, 17537 }, // U+2031
    { 3, 5, 74, 1, 15, 2, 17596 }, // U+2032
    { 7, 5, 147, 1, 15, 5, 17598 }, // U+2033
    { 12, 5, 221, 1, 15, 8, 17603 }, // U+2034
    { 3, 5, 74, 1, 15, 2, 17611 }, // U+2035
    { 7, 5, 147, 1, 15, 5, 17613 }, // U+2036
    { 12, 5, 221, 1, 15, 8, 17618 }, // U+2037
    { 8, 5, 152, 1, -1, 5, 17626 }, // U+2038
    { 6, 10, 128, 1, 11, 8, 17631 }, // U+2039
    { 6, 10, 128, 1, 11, 8, 17639 }, // U+203A
    { 11, 12, 213, 1, 13, 17, 17647 }, // U+203B
    { 8, 15, 192, 2, 15, 15, 17664 }, // U+203C
    { 9, 15, 169, 1, 15, 17, 17679 }, // U+203D
    { 9, 2, 180, 1, 18, 3, 17696 }, // U+203E
    { 15, 4, 272, 1, -1, 8, 17699 }, // U+203F
    { 15, 4, 272, 1, 16, 8, 17707 }, // U+2040
    { 8, 11, 151, 1, 6, 11, 17715 }, // U+2041
    { 13, 12, 241, 1, 13, 20, 17726 }, // U+2042
    { 6, 2, 187, 3, 7, 2, 17746 }, // U+2043
    { 12, 15, 64, -4, 15, 23, 17748 }, // U+2044
    { 4, 19, 122, 2, 16, 10, 17771 }, // U+2045
    { 4, 19, 122, 1, 16, 10, 17781 }, // U+2046
    { 19, 15, 341, 1, 15, 36, 17791 }, // U+2047
    { 14, 15, 266, 1, 15, 27, 17827 }, // U+2048
    { 14, 15, 266, 2, 15, 27, 17854 }, // U+2049
    { 7, 15, 148, 1, 11, 14, 17881 }, // U+204A
    { 9, 15, 201, 2, 15, 17, 17895 }, // U+204B
    { 10, 8, 197, 1, 10, 10, 17912 }, // U+204C
    { 9, 8, 197, 2, 10, 9, 17922 }, // U+204D
    { 8, 8, 167, 1, 7, 8, 17931 }, // U+204E
    { 3, 15, 101, 2, 11, 6, 17939 }, // U+204F
    { 15, 21, 271, 1, 16, 40, 17945 }, // U+2050
    { 8, 18, 180, 2, 15, 18, 17985 }, // U+2051
    { 13, 15, 246, 1, 15, 25, 18003 }, // U+2052
    { 13, 4, 242, 1, 9, 7, 18028 }, // U+2053
    { 15, 4, 272, 1, -1, 8, 18035 }, // U+2054
    { 9, 9, 183, 1, 10, 11, 18043 }, // U+2055
    { 16, 5, 294, 1, 15, 10, 18054 }, // U+2057
    { 1, 1, 94, 0, 1, 1, 18064 }, // U+205F
    { 8, 9, 153, 1, 18, 9, 18065 }, // U+2070
    { 2, 9, 66, 1, 18, 3, 18074 }, // U+2071
    { 8, 8, 153, 1, 17, 8, 18077 }, // U+2074
    { 7, 8, 147, 1, 17, 7, 18085 }, // U+2075
    { 7, 9, 148, 1, 18, 8, 18092 }, // U+2076
    { 7, 8, 135, 1, 17, 7, 18100 }, // U+2077
    { 7, 9, 150, 1, 18, 8, 18107 }, // U+2078
    { 7, 9, 148, 1, 18, 8, 18115 }, // U+2079
    { 7, 6, 143, 1, 16, 6, 18123 }, // U+207A
    { 7, 2, 143, 1, 14, 2, 18129 }, // U+207B
    { 5, 4, 143, 2, 15, 3, 18131 }, // U+207C
    { 4, 10, 90, 1, 18, 5, 18134 }, // U+207D
    { 3, 10, 90, 1, 18, 4, 18139 }, // U+207E
    { 7, 6, 145, 1, 15, 6, 18143 }, // U+207F
    { 8, 9, 153, 1, 6, 9, 18149 }, // U+2080
    { 4, 8, 101, 1, 5, 4, 18158 }, // U+2081
    { 7, 9, 147, 1, 6, 8, 18162 }, // U+2082
    { 7, 9, 149, 1, 6, 8, 18170 }, // U+2083
    { 8, 8, 153, 1, 5, 8, 18178 }, // U+2084
    { 7, 8, 147, 1, 5, 7, 18186 }, // U+2085
    { 7, 9, 148, 1, 6, 8, 18193 }, // U+2086
    { 7, 8, 135, 1, 5, 7, 18201 }, // U+2087
    { 7, 9, 150, 1, 6, 8, 18208 }, // U+2088
    { 7, 9, 148, 1, 6, 8, 18216 }, // U+2089
    { 7, 6, 143, 1, 4, 6, 18224 }, // U+208A
    { 7, 2, 143, 1, 2, 2, 18230 }, // U+208B
    { 5, 4, 143, 2, 3, 3, 18232 }, // U+208C
    { 4, 10, 90, 1, 6, 5, 18235 }, // U+208D
    { 3, 10, 90, 1, 6, 4, 18240 }, // U+208E
    { 6, 6, 134, 1, 3, 5, 18244 }, // U+2090
    { 7, 6, 139, 1, 3, 6, 18249 }, // U+2091
    { 7, 6, 142, 1, 3, 6, 18255 }, // U+2092
    { 7, 6, 134, 1, 3, 6, 18261 }, // U+2093
    { 8, 8, 150, 1, 4, 8, 18267 }, // U+2094
    { 7, 8, 145, 1, 5, 7, 18275 }, // U+2095
    { 7, 8, 132, 1, 5, 7, 18282 }, // U+2096
    { 2, 8, 66, 1, 5, 2, 18289 }, // U+2097
    { 11, 7, 208, 1, 4, 10, 18291 }, // U+2098
    { 7, 6, 145, 1, 3, 6, 18301 }, // U+2099
    { 7, 8, 145, 1, 3, 7, 18307 }, // U+209A
    { 6, 7, 130, 1, 4, 6, 18314 }, // U+209B
    { 5, 8, 82, 0, 5, 5, 18320 }, // U+209C
    { 12, 16, 243, 2, 16, 24, 18325 }, // U+20A0
    { 13, 19, 243, 1, 17, 31, 18349 }, // U+20A1
    { 13, 15, 243, 1, 15, 25, 18380 }, // U+20A2
    { 11, 15, 201, 0, 15, 21, 18405 }, // U+20A3
    { 11, 15, 204, 1, 15, 21, 18426 }, // U+20A4
    { 14, 14, 286, 2, 13, 25, 18447 }, // U+20A5
    { 16, 15, 256, 0, 15, 30, 18472 }, // U+20A6
    { 18, 15, 322, 2, 15, 34, 18502 }, // U+20A7
    { 20, 15, 373, 2, 15, 38, 18536 }, // U+20A8
    { 19, 15, 318, 0, 15, 36, 18574 }, // U+20A9
    { 13, 11, 272, 2, 11, 18, 18610 }, // U+20AA
    { 12, 19, 204, 1, 15, 29, 18628 }, // U+20AB
    { 12, 15, 222, 1, 15, 23, 18657 }, // U+20AC
    { 13, 15, 237, 1, 15, 25, 18680 }, // U+20AD
    { 11, 15, 215, 1, 15, 21, 18705 }, // U+20AE
    { 27, 21, 463, 1, 17, 71, 18726 }, // U+20AF
    { 12, 15, 221, 1, 15, 23, 18797 }, // U+20B1
    { 13, 19, 249, 1, 17, 31, 18820 }, // U+20B2
    { 13, 15, 230, 1, 15, 25, 18851 }, // U+20B3
    { 11, 15, 211, 1, 15, 21, 18876 }, // U+20B4
    { 13, 19, 243, 1, 17, 31, 18897 }, // U+20B5
    { 11, 15, 215, 1, 15, 21, 18928 }, // U+20B8
    { 10, 15, 180, 1, 15, 19, 18949 }, // U+20B9
    { 10, 15, 198, 1, 15, 19, 18968 }, // U+20BA
    { 12, 11, 242, 2, 11, 17, 18987 }, // U+20BC
    { 12, 15, 234, 1, 15, 23, 19004 }, // U+20BD
    { 12, 15, 242, 2, 15, 23, 19027 }, // U+20BE
    { 10, 19, 218, 2, 17, 24, 19050 }, // U+20BF
    { 15, 13, 318, 2, 13, 25, 19074 }, // U+2190
    { 13, 15, 278, 2, 15, 25, 19099 }, // U+2191
    { 15, 13, 318, 3, 13, 25, 19124 }, // U+2192
    { 13, 15, 278, 2, 15, 25, 19149 }, // U+2193
    { 24, 13, 447, 2, 13, 39, 19174 }, // U+2194
    { 13, 24, 278, 2, 19, 39, 19213 }, // U+2195
    { 11, 11, 258, 3, 11, 16, 19252 }, // U+2196
    { 12, 11, 258, 2, 11, 17, 19268 }, // U+2197
    { 12, 11, 258, 2, 11, 17, 19285 }, // U+2198
    { 11, 11, 258, 3, 11, 16, 19302 }, // U+2199
    { 20, 16, 381, 2, 16, 40, 19318 }, // U+21A9
    { 20, 16, 381, 2, 16, 40, 19358 }, // U+21AA
    { 16, 16, 329, 2, 16, 32, 19398 }, // U+21B0
    { 17, 16, 329, 2, 16, 34, 19430 }, // U+21B1
    { 17, 13, 329, 2, 15, 28, 19464 }, // U+21B3
    { 13, 15, 278, 2, 15, 25, 19492 }, // U+21B4
    { 16, 13, 329, 2, 15, 26, 19517 }, // U+21B5
    { 16, 19, 318, 2, 19, 38, 19543 }, // U+21BA
    { 16, 19, 318, 2, 19, 38, 19581 }, // U+21BB
    { 15, 13, 318, 2, 13, 25, 19619 }, // U+21D0
    { 15, 13, 318, 3, 13, 25, 19644 }, // U+21D2
    { 24, 13, 447, 2, 13, 39, 19669 }, // U+21D4
    { 9, 16, 203, 2, 16, 18, 19708 }, // U+21DE
    { 9, 15, 203, 2, 15, 17, 19726 }, // U+21DF
    { 17, 9, 338, 2, 12, 20, 19743 }, // U+21E4
    { 17, 9, 338, 2, 12, 20, 19763 }, // U+21E5
    { 18, 16, 344, 2, 16, 36, 19783 }, // U+21E7
    { 18, 19, 344, 2, 16, 43, 19819 }, // U+21EA
    { 10, 15, 211, 2, 15, 19, 19862 }, // U+2202
    { 12, 13, 228, 1, 12, 20, 19881 }, // U+2205
    { 13, 15, 227, 1, 15, 25, 19901 }, // U+2206
    { 11, 17, 241, 2, 15, 24, 19926 }, // U+220F
    { 11, 18, 211, 1, 15, 25, 19950 }, // U+2211
    { 10, 2, 220, 2, 7, 3, 19975 }, // U+2212
    { 11, 15, 210, 1, 15, 21, 19978 }, // U+221A
    { 17, 9, 312, 1, 11, 20, 19999 }, // U+221E
    { 7, 21, 122, 0, 16, 19, 20019 }, // U+222B
    { 2, 11, 96, 2, 13, 3, 20038 }, // U+2236
    { 10, 8, 220, 2, 10, 10, 20041 }, // U+2248
    { 9, 11, 220, 2, 11, 13, 20051 }, // U+2260
    { 10, 11, 220, 2, 12, 14, 20064 }, // U+2264
    { 10, 11, 220, 2, 12, 14, 20078 }, // U+2265
    { 29, 29, 463, 0, 22, 106, 20092 }, // U+2295
    { 29, 29, 463, 0, 22, 106, 20198 }, // U+2296
    { 29, 29, 463, 0, 22, 106, 20304 }, // U+2297
    { 29, 29, 463, 0, 22, 106, 20410 }, // U+2298
};

static const EpdUnicodeInterval inter_ui_10_regularIntervals[] = {
    { 0x0, 0x0, 0x0 },
    { 0x20, 0x7E, 0x1 },
    { 0xA0, 0xAC, 0x60 },
    { 0xAE, 0xFF, 0x6D },
    { 0x100, 0x148, 0xBF },
    { 0x14A, 0x17F, 0x108 },
    { 0x1A0, 0x1A1, 0x13E },
    { 0x1AF, 0x1B0, 0x140 },
    { 0x1C5, 0x21F, 0x142 },
    { 0x300, 0x304, 0x19D },
    { 0x306, 0x30A, 0x1A2 },
    { 0x30C, 0x30C, 0x1A7 },
    { 0x30F, 0x30F, 0x1A8 },
    { 0x313, 0x313, 0x1A9 },
    { 0x315, 0x315, 0x1AA },
    { 0x31B, 0x31B, 0x1AB },
    { 0x323, 0x323, 0x1AC },
    { 0x326, 0x328, 0x1AD },
    { 0x32C, 0x32C, 0x1B0 },
    { 0x337, 0x338, 0x1B1 },
    { 0x342, 0x343, 0x1B3 },
    { 0x346, 0x36F, 0x1B5 },
    { 0x400, 0x479, 0x1DF },
    { 0x480, 0x49D, 0x259 },
    { 0x4A0, 0x4FF, 0x277 },
    { 0x1EA0, 0x1EF9, 0x2D7 },
    { 0x2000, 0x200B, 0x331 },
    { 0x2010, 0x2027, 0x33D },
    { 0x202F, 0x2055, 0x355 },
    { 0x2057, 0x2057, 0x37C },
    { 0x205F, 0x205F, 0x37D },
    { 0x2070, 0x2071, 0x37E },
    { 0x2074, 0x208E, 0x380 },
    { 0x2090, 0x209C, 0x39B },
    { 0x20A0, 0x20AF, 0x3A8 },
    { 0x20B1, 0x20B5, 0x3B8 },
    { 0x20B8, 0x20BA, 0x3BD },
    { 0x20BC, 0x20BF, 0x3C0 },
    { 0x2190, 0x2199, 0x3C4 },
    { 0x21A9, 0x21AA, 0x3CE },
    { 0x21B0, 0x21B1, 0x3D0 },
    { 0x21B3, 0x21B5, 0x3D2 },
    { 0x21BA, 0x21BB, 0x3D5 },
    { 0x21D0, 0x21D0, 0x3D7 },
    { 0x21D2, 0x21D2, 0x3D8 },
    { 0x21D4, 0x21D4, 0x3D9 },
    { 0x21DE, 0x21DF, 0x3DA },
    { 0x21E4, 0x21E5, 0x3DC },
    { 0x21E7, 0x21E7, 0x3DE },
    { 0x21EA, 0x21EA, 0x3DF },
    { 0x2202, 0x2202, 0x3E0 },
    { 0x2205, 0x2206, 0x3E1 },
    { 0x220F, 0x220F, 0x3E3 },
    { 0x2211, 0x2212, 0x3E4 },
    { 0x221A, 0x221A, 0x3E6 },
    { 0x221E, 0x221E, 0x3E7 },
    { 0x222B, 0x222B, 0x3E8 },
    { 0x2236, 0x2236, 0x3E9 },
    { 0x2248, 0x2248, 0x3EA },
    { 0x2260, 0x2260, 0x3EB },
    { 0x2264, 0x2265, 0x3EC },
    { 0x2295, 0x2298, 0x3EE },
};

static const EpdKernClassEntry inter_ui_10_regularKernLeftClasses[] = {
    { 0x0022, 1 }, // "
    { 0x0024, 2 }, // $
    { 0x0025, 3 }, // %
    { 0x0026, 4 }, // &
    { 0x0027, 1 }, // '
    { 0x0028, 5 }, // (
    { 0x0029, 6 }, // )
    { 0x002A, 7 }, // *
    { 0x002B, 8 }, // +
    { 0x002C, 9 }, // ,
    { 0x002D, 8 }, // -
    { 0x002E, 9 }, // .
    { 0x002F, 10 }, // /
    { 0x0030, 11 }, // 0
    { 0x0031, 12 }, // 1
    { 0x0032, 13 }, // 2
    { 0x0033, 14 }, // 3
    { 0x0034, 15 }, // 4
    { 0x0035, 16 }, // 5
    { 0x0036, 17 }, // 6
    { 0x0037, 18 }, // 7
    { 0x0038, 14 }, // 8
    { 0x0039, 11 }, // 9
    { 0x003A, 19 }, // :
    { 0x003B, 19 }, // ;
    { 0x003D, 20 }, // =
    { 0x003E, 21 }, // >
    { 0x003F, 22 }, // ?
    { 0x0040, 23 }, // @
    { 0x0041, 24 }, // A
    { 0x0042, 25 }, // B
    { 0x0043, 26 }, // C
    { 0x0044, 23 }, // D
    { 0x0045, 27 }, // E
    { 0x0046, 28 }, // F
    { 0x0047, 29 }, // G
    { 0x0048, 12 }, // H
    { 0x0049, 12 }, // I
    { 0x004A, 30 }, // J
    { 0x004B, 31 }, // K
    { 0x004C, 32 }, // L
    { 0x004D, 12 }, // M
    { 0x004E, 12 }, // N
    { 0x004F, 23 }, // O
    { 0x0050, 33 }, // P
    { 0x0051, 23 }, // Q
    { 0x0052, 34 }, // R
    { 0x0053, 2 }, // S
    { 0x0054, 35 }, // T
    { 0x0055, 30 }, // U
    { 0x0056, 36 }, // V
    { 0x0057, 37 }, // W
    { 0x0058, 38 }, // X
    { 0x0059, 39 }, // Y
    { 0x005A, 40 }, // Z
    { 0x005B, 41 }, // [
    { 0x005C, 42 }, // <backslash>
    { 0x005D, 6 }, // ]
    { 0x005E, 7 }, // ^
    { 0x005F, 43 }, // _
    { 0x0061, 44 }, // a
    { 0x0062, 45 }, // b
    { 0x0063, 45 }, // c
    { 0x0064, 12 }, // d
    { 0x0065, 45 }, // e
    { 0x0066, 46 }, // f
    { 0x0067, 47 }, // g
    { 0x0068, 44 }, // h
    { 0x0069, 48 }, // i
    { 0x006A, 48 }, // j
    { 0x006B, 49 }, // k
    { 0x006C, 12 }, // l
    { 0x006D, 44 }, // m
    { 0x006E, 44 }, // n
    { 0x006F, 45 }, // o
    { 0x0070, 45 }, // p
    { 0x0071, 47 }, // q
    { 0x0072, 50 }, // r
    { 0x0073, 51 }, // s
    { 0x0074, 52 }, // t
    { 0x0075, 53 }, // u
    { 0x0076, 54 }, // v
    { 0x0077, 55 }, // w
    { 0x0078, 56 }, // x
    { 0x0079, 54 }, // y
    { 0x007A, 57 }, // z
    { 0x007B, 5 }, // {
    { 0x007C, 12 }, // |
    { 0x007D, 6 }, // }
    { 0x007E, 58 }, // ~
    { 0x00A1, 59 }, // U+00A1
    { 0x00A2, 45 }, // U+00A2
    { 0x00A5, 60 }, // U+00A5
    { 0x00A9, 23 }, // U+00A9
    { 0x00AA, 61 }, // U+00AA
    { 0x00AB, 62 }, // U+00AB
    { 0x00AC, 47 }, // U+00AC
    { 0x00AE, 63 }, // U+00AE
    { 0x00B0, 7 }, // U+00B0
    { 0x00B1, 20 }, // U+00B1
    { 0x00B2, 64 }, // U+00B2
    { 0x00B5, 65 }, // U+00B5
    { 0x00B6, 12 }, // U+00B6
    { 0x00B7, 66 }, // U+00B7
    { 0x00BA, 61 }, // U+00BA
    { 0x00BB, 67 }, // U+00BB
    { 0x00BF, 68 }, // U+00BF
    { 0x00C0, 24 }, // U+00C0
    { 0x00C1, 24 }, // U+00C1
    { 0x00C2, 24 }, // U+00C2
    { 0x00C3, 24 }, // U+00C3
    { 0x00C4, 24 }, // U+00C4
    { 0x00C5, 24 }, // U+00C5
    { 0x00C6, 27 }, // U+00C6
    { 0x00C7, 26 }, // U+00C7
    { 0x00C8, 27 }, // U+00C8
    { 0x00C9, 27 }, // U+00C9
    { 0x00CA, 27 }, // U+00CA
    { 0x00CB, 27 }, // U+00CB
    { 0x00CC, 12 }, // U+00CC
    { 0x00CD, 12 }, // U+00CD
    { 0x00CE, 69 }, // U+00CE
    { 0x00CF, 69 }, // U+00CF
    { 0x00D0, 23 }, // U+00D0
    { 0x00D1, 12 }, // U+00D1
    { 0x00D2, 23 }, // U+00D2
    { 0x00D3, 23 }, // U+00D3
    { 0x00D4, 23 }, // U+00D4
    { 0x00D5, 23 }, // U+00D5
    { 0x00D6, 23 }, // U+00D6
    { 0x00D7, 70 }, // U+00D7
    { 0x00D8, 23 }, // U+00D8
    { 0x00D9, 30 }, // U+00D9
    { 0x00DA, 30 }, // U+00DA
    { 0x00DB, 30 }, // U+00DB
    { 0x00DC, 30 }, // U+00DC
    { 0x00DD, 39 }, // U+00DD
    { 0x00DE, 71 }, // U+00DE
    { 0x00DF, 72 }, // U+00DF
    { 0x00E0, 44 }, // U+00E0
    { 0x00E1, 44 }, // U+00E1
    { 0x00E2, 44 }, // U+00E2
    { 0x00E3, 44 }, // U+00E3
    { 0x00E4, 44 }, // U+00E4
    { 0x00E5, 44 }, // U+00E5
    { 0x00E6, 73 }, // U+00E6
    { 0x00E7, 45 }, // U+00E7
    { 0x00E8, 45 }, // U+00E8
    { 0x00E9, 45 }, // U+00E9
    { 0x00EA, 45 }, // U+00EA
    { 0x00EB, 45 }, // U+00EB
    { 0x00EC, 48 }, // U+00EC
    { 0x00ED, 48 }, // U+00ED
    { 0x00EE, 74 }, // U+00EE
    { 0x00EF, 75 }, // U+00EF
    { 0x00F0, 45 }, // U+00F0
    { 0x00F1, 76 }, // U+00F1
    { 0x00F2, 45 }, // U+00F2
    { 0x00F3, 45 }, // U+00F3
    { 0x00F4, 45 }, // U+00F4
    { 0x00F5, 77 }, // U+00F5
    { 0x00F6, 77 }, // U+00F6
    { 0x00F7, 8 }, // U+00F7
    { 0x00F8, 45 }, // U+00F8
    { 0x00F9, 53 }, // U+00F9
    { 0x00FA, 53 }, // U+00FA
    { 0x00FB, 53 }, // U+00FB
    { 0x00FC, 53 }, // U+00FC
    { 0x00FD, 54 }, // U+00FD
    { 0x00FE, 45 }, // U+00FE
    { 0x00FF, 54 }, // U+00FF
    { 0x0100, 24 }, // U+0100
    { 0x0101, 78 }, // U+0101
    { 0x0102, 24 }, // U+0102
    { 0x0103, 44 }, // U+0103
    { 0x0104, 24 }, // U+0104
    { 0x0105, 44 }, // U+0105
    { 0x0106, 26 }, // U+0106
    { 0x0107, 45 }, // U+0107
    { 0x0108, 26 }, // U+0108
    { 0x0109, 45 }, // U+0109
    { 0x010A, 26 }, // U+010A
    { 0x010B, 45 }, // U+010B
    { 0x010C, 26 }, // U+010C
    { 0x010D, 45 }, // U+010D
    { 0x010E, 23 }, // U+010E
    { 0x010F, 79 }, // U+010F
    { 0x0111, 80 }, // U+0111
    { 0x0112, 27 }, // U+0112
    { 0x0113, 45 }, // U+0113
    { 0x0114, 27 }, // U+0114
    { 0x0115, 45 }, // U+0115
    { 0x0116, 27 }, // U+0116
    { 0x0117, 45 }, // U+0117
    { 0x0118, 27 }, // U+0118
    { 0x0119, 45 }, // U+0119
    { 0x011A, 27 }, // U+011A
    { 0x011B, 45 }, // U+011B
    { 0x011C, 29 }, // U+011C
    { 0x011D, 47 }, // U+011D
    { 0x011E, 29 }, // U+011E
    { 0x011F, 47 }, // U+011F
    { 0x0120, 29 }, // U+0120
    { 0x0121, 47 }, // U+0121
    { 0x0122, 29 }, // U+0122
    { 0x0123, 47 }, // U+0123
    { 0x0124, 12 }, // U+0124
    { 0x0125, 44 }, // U+0125
    { 0x0126, 12 }, // U+0126
    { 0x0127, 44 }, // U+0127
    { 0x0128, 69 }, // U+0128
    { 0x0129, 81 }, // U+0129
    { 0x012A, 69 }, // U+012A
    { 0x012B, 82 }, // U+012B
    { 0x012C, 69 }, // U+012C
    { 0x012D, 83 }, // U+012D
    { 0x012E, 12 }, // U+012E
    { 0x012F, 48 }, // U+012F
    { 0x0130, 12 }, // U+0130
    { 0x0131, 48 }, // U+0131
    { 0x0133, 48 }, // U+0133
    { 0x0134, 30 }, // U+0134
    { 0x0135, 84 }, // U+0135
    { 0x0136, 31 }, // U+0136
    { 0x0137, 49 }, // U+0137
    { 0x0138, 49 }, // U+0138
    { 0x0139, 85 }, // U+0139
    { 0x013A, 86 }, // U+013A
    { 0x013B, 32 }, // U+013B
    { 0x013C, 12 }, // U+013C
    { 0x013D, 87 }, // U+013D
    { 0x013E, 12 }, // U+013E
    { 0x013F, 88 }, // U+013F
    { 0x0140, 89 }, // U+0140
    { 0x0141, 90 }, // U+0141
    { 0x0142, 91 }, // U+0142
    { 0x0143, 12 }, // U+0143
    { 0x0144, 44 }, // U+0144
    { 0x0145, 12 }, // U+0145
    { 0x0146, 44 }, // U+0146
    { 0x0147, 12 }, // U+0147
    { 0x0148, 44 }, // U+0148
    { 0x014A, 12 }, // U+014A
    { 0x014C, 23 }, // U+014C
    { 0x014D, 45 }, // U+014D
    { 0x014E, 23 }, // U+014E
    { 0x014F, 45 }, // U+014F
    { 0x0150, 23 }, // U+0150
    { 0x0151, 45 }, // U+0151
    { 0x0152, 27 }, // U+0152
    { 0x0153, 45 }, // U+0153
    { 0x0154, 34 }, // U+0154
    { 0x0155, 50 }, // U+0155
    { 0x0156, 34 }, // U+0156
    { 0x0157, 50 }, // U+0157
    { 0x0158, 34 }, // U+0158
    { 0x0159, 50 }, // U+0159
    { 0x015A, 2 }, // U+015A
    { 0x015B, 51 }, // U+015B
    { 0x015C, 2 }, // U+015C
    { 0x015D, 51 }, // U+015D
    { 0x015E, 2 }, // U+015E
    { 0x015F, 51 }, // U+015F
    { 0x0160, 2 }, // U+0160
    { 0x0161, 51 }, // U+0161
    { 0x0162, 92 }, // U+0162
    { 0x0163, 52 }, // U+0163
    { 0x0164, 93 }, // U+0164
    { 0x0165, 52 }, // U+0165
    { 0x0166, 94 }, // U+0166
    { 0x0167, 52 }, // U+0167
    { 0x0168, 30 }, // U+0168
    { 0x0169, 53 }, // U+0169
    { 0x016A, 30 }, // U+016A
    { 0x016B, 53 }, // U+016B
    { 0x016C, 30 }, // U+016C
    { 0x016D, 53 }, // U+016D
    { 0x016E, 30 }, // U+016E
    { 0x016F, 53 }, // U+016F
    { 0x0170, 30 }, // U+0170
    { 0x0171, 53 }, // U+0171
    { 0x0172, 30 }, // U+0172
    { 0x0173, 53 }, // U+0173
    { 0x0174, 37 }, // U+0174
    { 0x0175, 55 }, // U+0175
    { 0x0176, 39 }, // U+0176
    { 0x0177, 54 }, // U+0177
    { 0x0178, 39 }, // U+0178
    { 0x0179, 40 }, // U+0179
    { 0x017A, 57 }, // U+017A
    { 0x017B, 40 }, // U+017B
    { 0x017C, 57 }, // U+017C
    { 0x017D, 40 }, // U+017D
    { 0x017E, 57 }, // U+017E
    { 0x017F, 95 }, // U+017F
    { 0x01A0, 96 }, // U+01A0
    { 0x01A1, 97 }, // U+01A1
    { 0x01AF, 98 }, // U+01AF
    { 0x01B0, 99 }, // U+01B0
    { 0x01C5, 100 }, // U+01C5
    { 0x01C6, 57 }, // U+01C6
    { 0x01C8, 48 }, // U+01C8
    { 0x01C9, 48 }, // U+01C9
    { 0x01CB, 48 }, // U+01CB
    { 0x01CC, 48 }, // U+01CC
    { 0x01CD, 24 }, // U+01CD
    { 0x01CE, 44 }, // U+01CE
    { 0x01CF, 86 }, // U+01CF
    { 0x01D0, 101 }, // U+01D0
    { 0x01D1, 23 }, // U+01D1
    { 0x01D2, 45 }, // U+01D2
    { 0x01D3, 30 }, // U+01D3
    { 0x01D4, 53 }, // U+01D4
    { 0x01D5, 30 }, // U+01D5
    { 0x01D6, 53 }, // U+01D6
    { 0x01D7, 30 }, // U+01D7
    { 0x01D8, 53 }, // U+01D8
    { 0x01D9, 30 }, // U+01D9
    { 0x01DA, 53 }, // U+01DA
    { 0x01DB, 30 }, // U+01DB
    { 0x01DC, 53 }, // U+01DC
    { 0x01DD, 102 }, // U+01DD
    { 0x01DE, 24 }, // U+01DE
    { 0x01DF, 44 }, // U+01DF
    { 0x01E0, 24 }, // U+01E0
    { 0x01E1, 44 }, // U+01E1
    { 0x01E2, 27 }, // U+01E2
    { 0x01E3, 73 }, // U+01E3
    { 0x01E4, 29 }, // U+01E4
    { 0x01E5, 47 }, // U+01E5
    { 0x01E6, 29 }, // U+01E6
    { 0x01E7, 47 }, // U+01E7
    { 0x01E8, 31 }, // U+01E8
    { 0x01E9, 49 }, // U+01E9
    { 0x01EA, 23 }, // U+01EA
    { 0x01EB, 45 }, // U+01EB
    { 0x01EC, 23 }, // U+01EC
    { 0x01ED, 45 }, // U+01ED
    { 0x01F0, 48 }, // U+01F0
    { 0x01F1, 103 }, // U+01F1
    { 0x01F2, 57 }, // U+01F2
    { 0x01F3, 57 }, // U+01F3
    { 0x01F4, 29 }, // U+01F4
    { 0x01F5, 47 }, // U+01F5
    { 0x01F6, 104 }, // U+01F6
    { 0x01F8, 12 }, // U+01F8
    { 0x01F9, 44 }, // U+01F9
    { 0x01FA, 24 }, // U+01FA
    { 0x01FB, 44 }, // U+01FB
    { 0x01FC, 27 }, // U+01FC
    { 0x01FD, 73 }, // U+01FD
    { 0x01FE, 23 }, // U+01FE
    { 0x01FF, 45 }, // U+01FF
    { 0x0200, 24 }, // U+0200
    { 0x0201, 44 }, // U+0201
    { 0x0202, 24 }, // U+0202
    { 0x0203, 44 }, // U+0203
    { 0x0204, 27 }, // U+0204
    { 0x0205, 45 }, // U+0205
    { 0x0206, 27 }, // U+0206
    { 0x0207, 45 }, // U+0207
    { 0x0208, 105 }, // U+0208
    { 0x0209, 106 }, // U+0209
    { 0x020A, 69 }, // U+020A
    { 0x020B, 107 }, // U+020B
    { 0x020C, 23 }, // U+020C
    { 0x020D, 45 }, // U+020D
    { 0x020E, 23 }, // U+020E
    { 0x020F, 45 }, // U+020F
    { 0x0210, 34 }, // U+0210
    { 0x0211, 50 }, // U+0211
    { 0x0212, 34 }, // U+0212
    { 0x0213, 50 }, // U+0213
    { 0x0214, 30 }, // U+0214
    { 0x0215, 53 }, // U+0215
    { 0x0216, 30 }, // U+0216
    { 0x0217, 53 }, // U+0217
    { 0x0218, 2 }, // U+0218
    { 0x0219, 51 }, // U+0219
    { 0x021A, 35 }, // U+021A
    { 0x021B, 52 }, // U+021B
    { 0x021E, 12 }, // U+021E
    { 0x021F, 44 }, // U+021F
    { 0x0400, 27 }, // U+0400
    { 0x0401, 27 }, // U+0401
    { 0x0402, 45 }, // U+0402
    { 0x0403, 35 }, // U+0403
    { 0x0404, 97 }, // U+0404
    { 0x0405, 2 }, // U+0405
    { 0x0406, 12 }, // U+0406
    { 0x0407, 69 }, // U+0407
    { 0x0408, 30 }, // U+0408
    { 0x0409, 45 }, // U+0409
    { 0x040A, 45 }, // U+040A
    { 0x040B, 44 }, // U+040B
    { 0x040C, 31 }, // U+040C
    { 0x040D, 12 }, // U+040D
    { 0x040F, 12 }, // U+040F
    { 0x0410, 24 }, // U+0410
    { 0x0411, 25 }, // U+0411
    { 0x0412, 25 }, // U+0412
    { 0x0413, 35 }, // U+0413
    { 0x0414, 108 }, // U+0414
    { 0x0415, 27 }, // U+0415
    { 0x0416, 109 }, // U+0416
    { 0x0417, 14 }, // U+0417
    { 0x0418, 12 }, // U+0418
    { 0x0419, 12 }, // U+0419
    { 0x041A, 31 }, // U+041A
    { 0x041B, 12 }, // U+041B
    { 0x041C, 12 }, // U+041C
    { 0x041D, 12 }, // U+041D
    { 0x041E, 23 }, // U+041E
    { 0x041F, 12 }, // U+041F
    { 0x0420, 33 }, // U+0420
    { 0x0421, 26 }, // U+0421
    { 0x0422, 35 }, // U+0422
    { 0x0423, 39 }, // U+0423
    { 0x0424, 110 }, // U+0424
    { 0x0425, 38 }, // U+0425
    { 0x0426, 108 }, // U+0426
    { 0x0427, 12 }, // U+0427
    { 0x0428, 12 }, // U+0428
    { 0x0429, 108 }, // U+0429
    { 0x042A, 45 }, // U+042A
    { 0x042B, 12 }, // U+042B
    { 0x042C, 45 }, // U+042C
    { 0x042D, 23 }, // U+042D
    { 0x042E, 111 }, // U+042E
    { 0x0430, 44 }, // U+0430
    { 0x0432, 51 }, // U+0432
    { 0x0433, 50 }, // U+0433
    { 0x0434, 112 }, // U+0434
    { 0x0435, 45 }, // U+0435
    { 0x0436, 56 }, // U+0436
    { 0x0437, 44 }, // U+0437
    { 0x0438, 44 }, // U+0438
    { 0x0439, 44 }, // U+0439
    { 0x043A, 49 }, // U+043A
    { 0x043B, 44 }, // U+043B
    { 0x043C, 44 }, // U+043C
    { 0x043D, 44 }, // U+043D
    { 0x043E, 45 }, // U+043E
    { 0x043F, 44 }, // U+043F
    { 0x0440, 45 }, // U+0440
    { 0x0441, 45 }, // U+0441
    { 0x0442, 113 }, // U+0442
    { 0x0443, 54 }, // U+0443
    { 0x0444, 45 }, // U+0444
    { 0x0445, 56 }, // U+0445
    { 0x0446, 112 }, // U+0446
    { 0x0447, 44 }, // U+0447
    { 0x0448, 44 }, // U+0448
    { 0x0449, 112 }, // U+0449
    { 0x044A, 114 }, // U+044A
    { 0x044B, 48 }, // U+044B
    { 0x044C, 114 }, // U+044C
    { 0x044D, 45 }, // U+044D
    { 0x044E, 45 }, // U+044E
    { 0x044F, 44 }, // U+044F
    { 0x0450, 45 }, // U+0450
    { 0x0451, 45 }, // U+0451
    { 0x0452, 44 }, // U+0452
    { 0x0453, 50 }, // U+0453
    { 0x0454, 45 }, // U+0454
    { 0x0455, 51 }, // U+0455
    { 0x0456, 48 }, // U+0456
    { 0x0457, 75 }, // U+0457
    { 0x0458, 48 }, // U+0458
    { 0x0459, 114 }, // U+0459
    { 0x045A, 114 }, // U+045A
    { 0x045B, 44 }, // U+045B
    { 0x045C, 49 }, // U+045C
    { 0x045D, 44 }, // U+045D
    { 0x045E, 54 }, // U+045E
    { 0x045F, 53 }, // U+045F
    { 0x0460, 12 }, // U+0460
    { 0x0462, 45 }, // U+0462
    { 0x0463, 45 }, // U+0463
    { 0x0464, 26 }, // U+0464
    { 0x0465, 45 }, // U+0465
    { 0x0466, 24 }, // U+0466
    { 0x0467, 24 }, // U+0467
    { 0x0468, 24 }, // U+0468
    { 0x046E, 25 }, // U+046E
    { 0x0472, 23 }, // U+0472
    { 0x0473, 45 }, // U+0473
    { 0x0474, 36 }, // U+0474
    { 0x0475, 54 }, // U+0475
    { 0x0476, 36 }, // U+0476
    { 0x0477, 54 }, // U+0477
    { 0x0479, 46 }, // U+0479
    { 0x0481, 45 }, // U+0481
    { 0x048A, 12 }, // U+048A
    { 0x048B, 52 }, // U+048B
    { 0x048C, 45 }, // U+048C
    { 0x048D, 45 }, // U+048D
    { 0x048E, 33 }, // U+048E
    { 0x048F, 45 }, // U+048F
    { 0x0490, 35 }, // U+0490
    { 0x0491, 50 }, // U+0491
    { 0x0492, 35 }, // U+0492
    { 0x0493, 50 }, // U+0493
    { 0x0497, 56 }, // U+0497
    { 0x0498, 14 }, // U+0498
    { 0x049A, 31 }, // U+049A
    { 0x049B, 49 }, // U+049B
    { 0x049C, 31 }, // U+049C
    { 0x049D, 49 }, // U+049D
    { 0x04A0, 31 }, // U+04A0
    { 0x04A1, 49 }, // U+04A1
    { 0x04A2, 52 }, // U+04A2
    { 0x04A3, 52 }, // U+04A3
    { 0x04A4, 35 }, // U+04A4
    { 0x04A5, 50 }, // U+04A5
    { 0x04A6, 45 }, // U+04A6
    { 0x04A7, 114 }, // U+04A7
    { 0x04A9, 73 }, // U+04A9
    { 0x04AA, 26 }, // U+04AA
    { 0x04AB, 45 }, // U+04AB
    { 0x04AC, 35 }, // U+04AC
    { 0x04AD, 50 }, // U+04AD
    { 0x04AE, 39 }, // U+04AE
    { 0x04AF, 54 }, // U+04AF
    { 0x04B0, 115 }, // U+04B0
    { 0x04B1, 54 }, // U+04B1
    { 0x04B3, 56 }, // U+04B3
    { 0x04B5, 112 }, // U+04B5
    { 0x04B7, 52 }, // U+04B7
    { 0x04B9, 44 }, // U+04B9
    { 0x04BA, 44 }, // U+04BA
    { 0x04BB, 44 }, // U+04BB
    { 0x04BD, 45 }, // U+04BD
    { 0x04BF, 73 }, // U+04BF
    { 0x04C0, 12 }, // U+04C0
    { 0x04C1, 38 }, // U+04C1
    { 0x04C3, 25 }, // U+04C3
    { 0x04C4, 44 }, // U+04C4
    { 0x04C6, 52 }, // U+04C6
    { 0x04C7, 12 }, // U+04C7
    { 0x04C8, 44 }, // U+04C8
    { 0x04C9, 52 }, // U+04C9
    { 0x04CA, 52 }, // U+04CA
    { 0x04CC, 44 }, // U+04CC
    { 0x04CD, 12 }, // U+04CD
    { 0x04CE, 52 }, // U+04CE
    { 0x04CF, 12 }, // U+04CF
    { 0x04D0, 24 }, // U+04D0
    { 0x04D1, 44 }, // U+04D1
    { 0x04D2, 24 }, // U+04D2
    { 0x04D3, 44 }, // U+04D3
    { 0x04D4, 27 }, // U+04D4
    { 0x04D5, 73 }, // U+04D5
    { 0x04D6, 27 }, // U+04D6
    { 0x04D7, 45 }, // U+04D7
    { 0x04D9, 45 }, // U+04D9
    { 0x04DA, 23 }, // U+04DA
    { 0x04DB, 45 }, // U+04DB
    { 0x04DC, 38 }, // U+04DC
    { 0x04E0, 14 }, // U+04E0
    { 0x04E2, 12 }, // U+04E2
    { 0x04E3, 44 }, // U+04E3
    { 0x04E4, 12 }, // U+04E4
    { 0x04E5, 44 }, // U+04E5
    { 0x04E6, 23 }, // U+04E6
    { 0x04E7, 45 }, // U+04E7
    { 0x04E8, 23 }, // U+04E8
    { 0x04E9, 45 }, // U+04E9
    { 0x04EA, 23 }, // U+04EA
    { 0x04EB, 45 }, // U+04EB
    { 0x04ED, 45 }, // U+04ED
    { 0x04EF, 54 }, // U+04EF
    { 0x04F1, 54 }, // U+04F1
    { 0x04F3, 54 }, // U+04F3
    { 0x04F5, 44 }, // U+04F5
    { 0x04F6, 35 }, // U+04F6
    { 0x04F7, 50 }, // U+04F7
    { 0x04F9, 44 }, // U+04F9
    { 0x04FA, 35 }, // U+04FA
    { 0x04FB, 50 }, // U+04FB
    { 0x04FC, 38 }, // U+04FC
    { 0x04FD, 56 }, // U+04FD
    { 0x04FE, 38 }, // U+04FE
    { 0x04FF, 56 }, // U+04FF
    { 0x1EA0, 24 }, // U+1EA0
    { 0x1EA1, 44 }, // U+1EA1
    { 0x1EA2, 24 }, // U+1EA2
    { 0x1EA3, 44 }, // U+1EA3
    { 0x1EA4, 24 }, // U+1EA4
    { 0x1EA5, 44 }, // U+1EA5
    { 0x1EA6, 24 }, // U+1EA6
    { 0x1EA7, 44 }, // U+1EA7
    { 0x1EA8, 24 }, // U+1EA8
    { 0x1EA9, 44 }, // U+1EA9
    { 0x1EAA, 24 }, // U+1EAA
    { 0x1EAB, 44 }, // U+1EAB
    { 0x1EAC, 24 }, // U+1EAC
    { 0x1EAD, 44 }, // U+1EAD
    { 0x1EAE, 24 }, // U+1EAE
    { 0x1EAF, 44 }, // U+1EAF
    { 0x1EB0, 24 }, // U+1EB0
    { 0x1EB1, 44 }, // U+1EB1
    { 0x1EB2, 24 }, // U+1EB2
    { 0x1EB3, 44 }, // U+1EB3
    { 0x1EB4, 24 }, // U+1EB4
    { 0x1EB5, 44 }, // U+1EB5
    { 0x1EB6, 24 }, // U+1EB6
    { 0x1EB7, 44 }, // U+1EB7
    { 0x1EB8, 27 }, // U+1EB8
    { 0x1EB9, 45 }, // U+1EB9
    { 0x1EBA, 27 }, // U+1EBA
    { 0x1EBB, 45 }, // U+1EBB
    { 0x1EBC, 27 }, // U+1EBC
    { 0x1EBD, 45 }, // U+1EBD
    { 0x1EBE, 27 }, // U+1EBE
    { 0x1EBF, 45 }, // U+1EBF
    { 0x1EC0, 27 }, // U+1EC0
    { 0x1EC1, 45 }, // U+1EC1
    { 0x1EC2, 27 }, // U+1EC2
    { 0x1EC3, 45 }, // U+1EC3
    { 0x1EC4, 27 }, // U+1EC4
    { 0x1EC5, 45 }, // U+1EC5
    { 0x1EC6, 27 }, // U+1EC6
    { 0x1EC7, 45 }, // U+1EC7
    { 0x1EC8, 12 }, // U+1EC8
    { 0x1EC9, 106 }, // U+1EC9
    { 0x1ECA, 12 }, // U+1ECA
    { 0x1ECB, 116 }, // U+1ECB
    { 0x1ECC, 23 }, // U+1ECC
    { 0x1ECD, 45 }, // U+1ECD
    { 0x1ECE, 23 }, // U+1ECE
    { 0x1ECF, 45 }, // U+1ECF
    { 0x1ED0, 23 }, // U+1ED0
    { 0x1ED1, 45 }, // U+1ED1
    { 0x1ED2, 23 }, // U+1ED2
    { 0x1ED3, 45 }, // U+1ED3
    { 0x1ED4, 23 }, // U+1ED4
    { 0x1ED5, 117 }, // U+1ED5
    { 0x1ED6, 23 }, // U+1ED6
    { 0x1ED7, 45 }, // U+1ED7
    { 0x1ED8, 23 }, // U+1ED8
    { 0x1ED9, 45 }, // U+1ED9
    { 0x1EDA, 23 }, // U+1EDA
    { 0x1EDB, 45 }, // U+1EDB
    { 0x1EDC, 23 }, // U+1EDC
    { 0x1EDD, 45 }, // U+1EDD
    { 0x1EDE, 23 }, // U+1EDE
    { 0x1EDF, 45 }, // U+1EDF
    { 0x1EE0, 23 }, // U+1EE0
    { 0x1EE1, 45 }, // U+1EE1
    { 0x1EE2, 23 }, // U+1EE2
    { 0x1EE3, 45 }, // U+1EE3
    { 0x1EE4, 30 }, // U+1EE4
    { 0x1EE5, 53 }, // U+1EE5
    { 0x1EE6, 30 }, // U+1EE6
    { 0x1EE7, 53 }, // U+1EE7
    { 0x1EE8, 118 }, // U+1EE8
    { 0x1EE9, 53 }, // U+1EE9
    { 0x1EEA, 118 }, // U+1EEA
    { 0x1EEB, 53 }, // U+1EEB
    { 0x1EEC, 118 }, // U+1EEC
    { 0x1EED, 99 }, // U+1EED
    { 0x1EEE, 118 }, // U+1EEE
    { 0x1EEF, 53 }, // U+1EEF
    { 0x1EF0, 118 }, // U+1EF0
    { 0x1EF1, 53 }, // U+1EF1
    { 0x1EF2, 39 }, // U+1EF2
    { 0x1EF3, 54 }, // U+1EF3
    { 0x1EF4, 119 }, // U+1EF4
    { 0x1EF5, 54 }, // U+1EF5
    { 0x1EF6, 119 }, // U+1EF6
    { 0x1EF7, 54 }, // U+1EF7
    { 0x1EF8, 119 }, // U+1EF8
    { 0x1EF9, 54 }, // U+1EF9
    { 0x2018, 120 }, // U+2018
    { 0x2019, 121 }, // U+2019
    { 0x201A, 122 }, // U+201A
    { 0x201C, 120 }, // U+201C
    { 0x201D, 121 }, // U+201D
    { 0x201E, 122 }, // U+201E
    { 0x2020, 61 }, // U+2020
    { 0x2021, 61 }, // U+2021
    { 0x2022, 123 }, // U+2022
    { 0x2023, 123 }, // U+2023
    { 0x2026, 124 }, // U+2026
    { 0x2034, 121 }, // U+2034
    { 0x2039, 62 }, // U+2039
    { 0x203A, 67 }, // U+203A
    { 0x203D, 22 }, // U+203D
    { 0x2043, 123 }, // U+2043
    { 0x204B, 33 }, // U+204B
    { 0x204C, 44 }, // U+204C
    { 0x204D, 123 }, // U+204D
    { 0x204F, 19 }, // U+204F
    { 0x2071, 125 }, // U+2071
    { 0x2074, 126 }, // U+2074
    { 0x2077, 127 }, // U+2077
    { 0x207A, 128 }, // U+207A
    { 0x207B, 128 }, // U+207B
    { 0x2080, 129 }, // U+2080
    { 0x2081, 129 }, // U+2081
    { 0x2082, 129 }, // U+2082
    { 0x2083, 129 }, // U+2083
    { 0x2084, 129 }, // U+2084
    { 0x2085, 130 }, // U+2085
    { 0x2086, 129 }, // U+2086
    { 0x2087, 131 }, // U+2087
    { 0x2088, 129 }, // U+2088
    { 0x2089, 129 }, // U+2089
    { 0x208A, 129 }, // U+208A
    { 0x208B, 129 }, // U+208B
    { 0x208C, 129 }, // U+208C
    { 0x208D, 129 }, // U+208D
    { 0x208E, 129 }, // U+208E
    { 0x2090, 129 }, // U+2090
    { 0x2091, 129 }, // U+2091
    { 0x2092, 129 }, // U+2092
    { 0x2093, 129 }, // U+2093
    { 0x2095, 129 }, // U+2095
    { 0x2096, 129 }, // U+2096
    { 0x2097, 129 }, // U+2097
    { 0x2098, 129 }, // U+2098
    { 0x2099, 129 }, // U+2099
    { 0x209A, 129 }, // U+209A
    { 0x209B, 129 }, // U+209B
    { 0x209C, 129 }, // U+209C
    { 0x20A1, 26 }, // U+20A1
    { 0x20A7, 52 }, // U+20A7
    { 0x20A8, 51 }, // U+20A8
    { 0x20A9, 132 }, // U+20A9
    { 0x20AF, 45 }, // U+20AF
    { 0x20B2, 29 }, // U+20B2
    { 0x20B5, 26 }, // U+20B5
    { 0x20BD, 133 }, // U+20BD
    { 0x20BF, 25 }, // U+20BF
    { 0x2190, 8 }, // U+2190
    { 0x21D0, 20 }, // U+21D0
    { 0x2206, 24 }, // U+2206
    { 0x2212, 8 }, // U+2212
    { 0x221E, 88 }, // U+221E
    { 0x2248, 20 }, // U+2248
    { 0x2260, 20 }, // U+2260
    { 0x2264, 20 }, // U+2264
    { 0x2265, 20 }, // U+2265
};

static const EpdKernClassEntry inter_ui_10_regularKernRightClasses[] = {
    { 0x0022, 1 }, // "
    { 0x0023, 2 }, // #
    { 0x0024, 3 }, // $
    { 0x0026, 4 }, // &
    { 0x0027, 1 }, // '
    { 0x0029, 5 }, // )
    { 0x002A, 6 }, // *
    { 0x002B, 7 }, // +
    { 0x002C, 8 }, // ,
    { 0x002D, 9 }, // -
    { 0x002E, 10 }, // .
    { 0x002F, 11 }, // /
    { 0x0030, 12 }, // 0
    { 0x0031, 13 }, // 1
    { 0x0032, 14 }, // 2
    { 0x0033, 15 }, // 3
    { 0x0034, 16 }, // 4
    { 0x0035, 17 }, // 5
    { 0x0036, 12 }, // 6
    { 0x0037, 18 }, // 7
    { 0x0038, 19 }, // 8
    { 0x0039, 20 }, // 9
    { 0x003A, 21 }, // :
    { 0x003B, 21 }, // ;
    { 0x003C, 22 }, // <
    { 0x003D, 23 }, // =
    { 0x003F, 24 }, // ?
    { 0x0040, 25 }, // @
    { 0x0041, 26 }, // A
    { 0x0042, 27 }, // B
    { 0x0043, 28 }, // C
    { 0x0044, 27 }, // D
    { 0x0045, 27 }, // E
    { 0x0046, 27 }, // F
    { 0x0047, 28 }, // G
    { 0x0048, 27 }, // H
    { 0x0049, 27 }, // I
    { 0x004A, 29 }, // J
    { 0x004B, 27 }, // K
    { 0x004C, 27 }, // L
    { 0x004D, 27 }, // M
    { 0x004E, 27 }, // N
    { 0x004F, 28 }, // O
    { 0x0050, 27 }, // P
    { 0x0051, 28 }, // Q
    { 0x0052, 27 }, // R
    { 0x0053, 3 }, // S
    { 0x0054, 30 }, // T
    { 0x0055, 31 }, // U
    { 0x0056, 32 }, // V
    { 0x0057, 33 }, // W
    { 0x0058, 34 }, // X
    { 0x0059, 35 }, // Y
    { 0x005A, 36 }, // Z
    { 0x005C, 32 }, // <backslash>
    { 0x005D, 5 }, // ]
    { 0x005E, 37 }, // ^
    { 0x005F, 38 }, // _
    { 0x0061, 39 }, // a
    { 0x0062, 27 }, // b
    { 0x0063, 40 }, // c
    { 0x0064, 40 }, // d
    { 0x0065, 40 }, // e
    { 0x0066, 41 }, // f
    { 0x0067, 40 }, // g
    { 0x0068, 27 }, // h
    { 0x0069, 42 }, // i
    { 0x006A, 43 }, // j
    { 0x006B, 27 }, // k
    { 0x006C, 27 }, // l
    { 0x006D, 44 }, // m
    { 0x006E, 44 }, // n
    { 0x006F, 40 }, // o
    { 0x0070, 44 }, // p
    { 0x0071, 40 }, // q
    { 0x0072, 44 }, // r
    { 0x0073, 45 }, // s
    { 0x0074, 46 }, // t
    { 0x0075, 47 }, // u
    { 0x0076, 48 }, // v
    { 0x0077, 49 }, // w
    { 0x0078, 50 }, // x
    { 0x0079, 48 }, // y
    { 0x007A, 51 }, // z
    { 0x007C, 27 }, // |
    { 0x007D, 5 }, // }
    { 0x007E, 52 }, // ~
    { 0x00A2, 40 }, // U+00A2
    { 0x00A9, 28 }, // U+00A9
    { 0x00AA, 53 }, // U+00AA
    { 0x00AB, 54 }, // U+00AB
    { 0x00AC, 55 }, // U+00AC
    { 0x00AE, 56 }, // U+00AE
    { 0x00B0, 57 }, // U+00B0
    { 0x00B1, 23 }, // U+00B1
    { 0x00B2, 58 }, // U+00B2
    { 0x00B5, 59 }, // U+00B5
    { 0x00B6, 60 }, // U+00B6
    { 0x00B7, 61 }, // U+00B7
    { 0x00B9, 62 }, // U+00B9
    { 0x00BA, 53 }, // U+00BA
    { 0x00BB, 63 }, // U+00BB
    { 0x00BF, 64 }, // U+00BF
    { 0x00C0, 26 }, // U+00C0
    { 0x00C1, 26 }, // U+00C1
    { 0x00C2, 26 }, // U+00C2
    { 0x00C3, 26 }, // U+00C3
    { 0x00C4, 26 }, // U+00C4
    { 0x00C5, 26 }, // U+00C5
    { 0x00C6, 26 }, // U+00C6
    { 0x00C7, 28 }, // U+00C7
    { 0x00C8, 27 }, // U+00C8
    { 0x00C9, 27 }, // U+00C9
    { 0x00CA, 27 }, // U+00CA
    { 0x00CB, 27 }, // U+00CB
    { 0x00CC, 27 }, // U+00CC
    { 0x00CD, 27 }, // U+00CD
    { 0x00CE, 65 }, // U+00CE
    { 0x00CF, 65 }, // U+00CF
    { 0x00D0, 66 }, // U+00D0
    { 0x00D1, 27 }, // U+00D1
    { 0x00D2, 28 }, // U+00D2
    { 0x00D3, 28 }, // U+00D3
    { 0x00D4, 28 }, // U+00D4
    { 0x00D5, 28 }, // U+00D5
    { 0x00D6, 28 }, // U+00D6
    { 0x00D7, 67 }, // U+00D7
    { 0x00D8, 28 }, // U+00D8
    { 0x00D9, 31 }, // U+00D9
    { 0x00DA, 31 }, // U+00DA
    { 0x00DB, 31 }, // U+00DB
    { 0x00DC, 31 }, // U+00DC
    { 0x00DD, 35 }, // U+00DD
    { 0x00DE, 27 }, // U+00DE
    { 0x00DF, 27 }, // U+00DF
    { 0x00E0, 39 }, // U+00E0
    { 0x00E1, 39 }, // U+00E1
    { 0x00E2, 39 }, // U+00E2
    { 0x00E3, 68 }, // U+00E3
    { 0x00E4, 69 }, // U+00E4
    { 0x00E5, 39 }, // U+00E5
    { 0x00E6, 39 }, // U+00E6
    { 0x00E7, 40 }, // U+00E7
    { 0x00E8, 40 }, // U+00E8
    { 0x00E9, 40 }, // U+00E9
    { 0x00EA, 40 }, // U+00EA
    { 0x00EB, 70 }, // U+00EB
    { 0x00EC, 71 }, // U+00EC
    { 0x00ED, 72 }, // U+00ED
    { 0x00EE, 73 }, // U+00EE
    { 0x00EF, 74 }, // U+00EF
    { 0x00F0, 40 }, // U+00F0
    { 0x00F1, 44 }, // U+00F1
    { 0x00F2, 40 }, // U+00F2
    { 0x00F3, 40 }, // U+00F3
    { 0x00F4, 40 }, // U+00F4
    { 0x00F5, 75 }, // U+00F5
    { 0x00F6, 70 }, // U+00F6
    { 0x00F7, 7 }, // U+00F7
    { 0x00F8, 40 }, // U+00F8
    { 0x00F9, 47 }, // U+00F9
    { 0x00FA, 47 }, // U+00FA
    { 0x00FB, 47 }, // U+00FB
    { 0x00FC, 76 }, // U+00FC
    { 0x00FD, 48 }, // U+00FD
    { 0x00FE, 27 }, // U+00FE
    { 0x00FF, 77 }, // U+00FF
    { 0x0100, 26 }, // U+0100
    { 0x0101, 78 }, // U+0101
    { 0x0102, 26 }, // U+0102
    { 0x0103, 39 }, // U+0103
    { 0x0104, 26 }, // U+0104
    { 0x0105, 39 }, // U+0105
    { 0x0106, 28 }, // U+0106
    { 0x0107, 40 }, // U+0107
    { 0x0108, 28 }, // U+0108
    { 0x0109, 40 }, // U+0109
    { 0x010A, 28 }, // U+010A
    { 0x010B, 40 }, // U+010B
    { 0x010C, 28 }, // U+010C
    { 0x010D, 40 }, // U+010D
    { 0x010E, 27 }, // U+010E
    { 0x010F, 40 }, // U+010F
    { 0x0110, 79 }, // U+0110
    { 0x0111, 40 }, // U+0111
    { 0x0112, 27 }, // U+0112
    { 0x0113, 40 }, // U+0113
    { 0x0114, 27 }, // U+0114
    { 0x0115, 40 }, // U+0115
    { 0x0116, 27 }, // U+0116
    { 0x0117, 40 }, // U+0117
    { 0x0118, 27 }, // U+0118
    { 0x0119, 40 }, // U+0119
    { 0x011A, 27 }, // U+011A
    { 0x011B, 40 }, // U+011B
    { 0x011C, 28 }, // U+011C
    { 0x011D, 40 }, // U+011D
    { 0x011E, 28 }, // U+011E
    { 0x011F, 40 }, // U+011F
    { 0x0120, 28 }, // U+0120
    { 0x0121, 40 }, // U+0121
    { 0x0122, 28 }, // U+0122
    { 0x0123, 40 }, // U+0123
    { 0x0124, 27 }, // U+0124
    { 0x0125, 27 }, // U+0125
    { 0x0126, 27 }, // U+0126
    { 0x0127, 80 }, // U+0127
    { 0x0128, 65 }, // U+0128
    { 0x0129, 81 }, // U+0129
    { 0x012A, 65 }, // U+012A
    { 0x012B, 82 }, // U+012B
    { 0x012C, 65 }, // U+012C
    { 0x012D, 74 }, // U+012D
    { 0x012E, 27 }, // U+012E
    { 0x012F, 42 }, // U+012F
    { 0x0130, 27 }, // U+0130
    { 0x0131, 42 }, // U+0131
    { 0x0133, 42 }, // U+0133
    { 0x0134, 29 }, // U+0134
    { 0x0135, 83 }, // U+0135
    { 0x0136, 27 }, // U+0136
    { 0x0137, 27 }, // U+0137
    { 0x0138, 44 }, // U+0138
    { 0x0139, 27 }, // U+0139
    { 0x013A, 27 }, // U+013A
    { 0x013B, 27 }, // U+013B
    { 0x013C, 27 }, // U+013C
    { 0x013D, 27 }, // U+013D
    { 0x013E, 27 }, // U+013E
    { 0x0140, 27 }, // U+0140
    { 0x0141, 27 }, // U+0141
    { 0x0142, 27 }, // U+0142
    { 0x0143, 27 }, // U+0143
    { 0x0144, 44 }, // U+0144
    { 0x0145, 27 }, // U+0145
    { 0x0146, 44 }, // U+0146
    { 0x0147, 27 }, // U+0147
    { 0x0148, 44 }, // U+0148
    { 0x014A, 27 }, // U+014A
    { 0x014B, 44 }, // U+014B
    { 0x014C, 28 }, // U+014C
    { 0x014D, 84 }, // U+014D
    { 0x014E, 28 }, // U+014E
    { 0x014F, 40 }, // U+014F
    { 0x0150, 28 }, // U+0150
    { 0x0151, 40 }, // U+0151
    { 0x0152, 28 }, // U+0152
    { 0x0153, 40 }, // U+0153
    { 0x0154, 27 }, // U+0154
    { 0x0155, 44 }, // U+0155
    { 0x0156, 27 }, // U+0156
    { 0x0157, 44 }, // U+0157
    { 0x0158, 27 }, // U+0158
    { 0x0159, 44 }, // U+0159
    { 0x015A, 3 }, // U+015A
    { 0x015B, 45 }, // U+015B
    { 0x015C, 3 }, // U+015C
    { 0x015D, 45 }, // U+015D
    { 0x015E, 3 }, // U+015E
    { 0x015F, 45 }, // U+015F
    { 0x0160, 3 }, // U+0160
    { 0x0161, 45 }, // U+0161
    { 0x0162, 85 }, // U+0162
    { 0x0163, 46 }, // U+0163
    { 0x0164, 86 }, // U+0164
    { 0x0165, 46 }, // U+0165
    { 0x0166, 87 }, // U+0166
    { 0x0167, 46 }, // U+0167
    { 0x0168, 31 }, // U+0168
    { 0x0169, 88 }, // U+0169
    { 0x016A, 31 }, // U+016A
    { 0x016B, 47 }, // U+016B
    { 0x016C, 31 }, // U+016C
    { 0x016D, 47 }, // U+016D
    { 0x016E, 31 }, // U+016E
    { 0x016F, 47 }, // U+016F
    { 0x0170, 31 }, // U+0170
    { 0x0171, 47 }, // U+0171
    { 0x0172, 31 }, // U+0172
    { 0x0173, 47 }, // U+0173
    { 0x0174, 33 }, // U+0174
    { 0x0175, 49 }, // U+0175
    { 0x0176, 35 }, // U+0176
    { 0x0177, 48 }, // U+0177
    { 0x0178, 35 }, // U+0178
    { 0x0179, 36 }, // U+0179
    { 0x017A, 51 }, // U+017A
    { 0x017B, 36 }, // U+017B
    { 0x017C, 51 }, // U+017C
    { 0x017D, 36 }, // U+017D
    { 0x017E, 51 }, // U+017E
    { 0x017F, 27 }, // U+017F
    { 0x01A0, 28 }, // U+01A0
    { 0x01A1, 40 }, // U+01A1
    { 0x01AF, 31 }, // U+01AF
    { 0x01B0, 47 }, // U+01B0
    { 0x01C5, 89 }, // U+01C5
    { 0x01C6, 40 }, // U+01C6
    { 0x01C8, 27 }, // U+01C8
    { 0x01C9, 27 }, // U+01C9
    { 0x01CB, 27 }, // U+01CB
    { 0x01CC, 44 }, // U+01CC
    { 0x01CD, 26 }, // U+01CD
    { 0x01CE, 39 }, // U+01CE
    { 0x01CF, 27 }, // U+01CF
    { 0x01D0, 90 }, // U+01D0
    { 0x01D1, 28 }, // U+01D1
    { 0x01D2, 40 }, // U+01D2
    { 0x01D3, 31 }, // U+01D3
    { 0x01D4, 47 }, // U+01D4
    { 0x01D5, 31 }, // U+01D5
    { 0x01D6, 47 }, // U+01D6
    { 0x01D7, 31 }, // U+01D7
    { 0x01D8, 47 }, // U+01D8
    { 0x01D9, 31 }, // U+01D9
    { 0x01DA, 47 }, // U+01DA
    { 0x01DB, 31 }, // U+01DB
    { 0x01DC, 47 }, // U+01DC
    { 0x01DD, 84 }, // U+01DD
    { 0x01DE, 26 }, // U+01DE
    { 0x01DF, 39 }, // U+01DF
    { 0x01E0, 26 }, // U+01E0
    { 0x01E1, 39 }, // U+01E1
    { 0x01E2, 26 }, // U+01E2
    { 0x01E3, 39 }, // U+01E3
    { 0x01E4, 28 }, // U+01E4
    { 0x01E5, 40 }, // U+01E5
    { 0x01E6, 28 }, // U+01E6
    { 0x01E7, 40 }, // U+01E7
    { 0x01E8, 27 }, // U+01E8
    { 0x01E9, 27 }, // U+01E9
    { 0x01EA, 28 }, // U+01EA
    { 0x01EB, 40 }, // U+01EB
    { 0x01EC, 28 }, // U+01EC
    { 0x01ED, 40 }, // U+01ED
    { 0x01EF, 46 }, // U+01EF
    { 0x01F0, 43 }, // U+01F0
    { 0x01F2, 27 }, // U+01F2
    { 0x01F3, 84 }, // U+01F3
    { 0x01F4, 28 }, // U+01F4
    { 0x01F5, 40 }, // U+01F5
    { 0x01F6, 89 }, // U+01F6
    { 0x01F8, 27 }, // U+01F8
    { 0x01F9, 44 }, // U+01F9
    { 0x01FA, 26 }, // U+01FA
    { 0x01FB, 39 }, // U+01FB
    { 0x01FC, 26 }, // U+01FC
    { 0x01FD, 39 }, // U+01FD
    { 0x01FE, 28 }, // U+01FE
    { 0x01FF, 40 }, // U+01FF
    { 0x0200, 26 }, // U+0200
    { 0x0201, 39 }, // U+0201
    { 0x0202, 26 }, // U+0202
    { 0x0203, 39 }, // U+0203
    { 0x0204, 27 }, // U+0204
    { 0x0205, 40 }, // U+0205
    { 0x0206, 27 }, // U+0206
    { 0x0207, 40 }, // U+0207
    { 0x0208, 65 }, // U+0208
    { 0x0209, 91 }, // U+0209
    { 0x020A, 65 }, // U+020A
    { 0x020B, 92 }, // U+020B
    { 0x020C, 28 }, // U+020C
    { 0x020D, 40 }, // U+020D
    { 0x020E, 28 }, // U+020E
    { 0x020F, 40 }, // U+020F
    { 0x0210, 27 }, // U+0210
    { 0x0211, 44 }, // U+0211
    { 0x0212, 27 }, // U+0212
    { 0x0213, 44 }, // U+0213
    { 0x0214, 31 }, // U+0214
    { 0x0215, 47 }, // U+0215
    { 0x0216, 31 }, // U+0216
    { 0x0217, 47 }, // U+0217
    { 0x0218, 3 }, // U+0218
    { 0x0219, 45 }, // U+0219
    { 0x021A, 30 }, // U+021A
    { 0x021B, 46 }, // U+021B
    { 0x021E, 27 }, // U+021E
    { 0x021F, 27 }, // U+021F
    { 0x0400, 27 }, // U+0400
    { 0x0401, 27 }, // U+0401
    { 0x0402, 30 }, // U+0402
    { 0x0403, 27 }, // U+0403
    { 0x0404, 28 }, // U+0404
    { 0x0405, 3 }, // U+0405
    { 0x0406, 27 }, // U+0406
    { 0x0407, 65 }, // U+0407
    { 0x0408, 29 }, // U+0408
    { 0x0409, 93 }, // U+0409
    { 0x040A, 27 }, // U+040A
    { 0x040B, 30 }, // U+040B
    { 0x040C, 27 }, // U+040C
    { 0x040D, 27 }, // U+040D
    { 0x040F, 27 }, // U+040F
    { 0x0410, 26 }, // U+0410
    { 0x0411, 27 }, // U+0411
    { 0x0412, 27 }, // U+0412
    { 0x0413, 27 }, // U+0413
    { 0x0414, 94 }, // U+0414
    { 0x0415, 27 }, // U+0415
    { 0x0416, 95 }, // U+0416
    { 0x0417, 96 }, // U+0417
    { 0x0418, 89 }, // U+0418
    { 0x0419, 27 }, // U+0419
    { 0x041A, 27 }, // U+041A
    { 0x041B, 93 }, // U+041B
    { 0x041C, 27 }, // U+041C
    { 0x041D, 27 }, // U+041D
    { 0x041E, 28 }, // U+041E
    { 0x041F, 27 }, // U+041F
    { 0x0420, 27 }, // U+0420
    { 0x0421, 28 }, // U+0421
    { 0x0422, 30 }, // U+0422
    { 0x0423, 32 }, // U+0423
    { 0x0424, 97 }, // U+0424
    { 0x0425, 34 }, // U+0425
    { 0x0426, 27 }, // U+0426
    { 0x0427, 98 }, // U+0427
    { 0x0428, 27 }, // U+0428
    { 0x0429, 27 }, // U+0429
    { 0x042A, 99 }, // U+042A
    { 0x042B, 27 }, // U+042B
    { 0x042C, 27 }, // U+042C
    { 0x042D, 28 }, // U+042D
    { 0x042E, 27 }, // U+042E
    { 0x0430, 39 }, // U+0430
    { 0x0431, 12 }, // U+0431
    { 0x0432, 44 }, // U+0432
    { 0x0433, 44 }, // U+0433
    { 0x0434, 100 }, // U+0434
    { 0x0435, 40 }, // U+0435
    { 0x0436, 50 }, // U+0436
    { 0x0437, 40 }, // U+0437
    { 0x0438, 44 }, // U+0438
    { 0x0439, 44 }, // U+0439
    { 0x043A, 44 }, // U+043A
    { 0x043B, 101 }, // U+043B
    { 0x043C, 44 }, // U+043C
    { 0x043D, 44 }, // U+043D
    { 0x043E, 40 }, // U+043E
    { 0x043F, 44 }, // U+043F
    { 0x0440, 44 }, // U+0440
    { 0x0441, 40 }, // U+0441
    { 0x0442, 102 }, // U+0442
    { 0x0443, 48 }, // U+0443
    { 0x0444, 40 }, // U+0444
    { 0x0445, 50 }, // U+0445
    { 0x0446, 44 }, // U+0446
    { 0x0447, 103 }, // U+0447
    { 0x0448, 44 }, // U+0448
    { 0x0449, 44 }, // U+0449
    { 0x044A, 104 }, // U+044A
    { 0x044B, 42 }, // U+044B
    { 0x044C, 44 }, // U+044C
    { 0x044D, 40 }, // U+044D
    { 0x044E, 44 }, // U+044E
    { 0x044F, 105 }, // U+044F
    { 0x0450, 40 }, // U+0450
    { 0x0451, 40 }, // U+0451
    { 0x0452, 27 }, // U+0452
    { 0x0453, 44 }, // U+0453
    { 0x0454, 40 }, // U+0454
    { 0x0455, 45 }, // U+0455
    { 0x0456, 42 }, // U+0456
    { 0x0457, 74 }, // U+0457
    { 0x0458, 43 }, // U+0458
    { 0x0459, 101 }, // U+0459
    { 0x045A, 44 }, // U+045A
    { 0x045B, 27 }, // U+045B
    { 0x045C, 44 }, // U+045C
    { 0x045D, 44 }, // U+045D
    { 0x045E, 48 }, // U+045E
    { 0x045F, 47 }, // U+045F
    { 0x0460, 27 }, // U+0460
    { 0x0463, 46 }, // U+0463
    { 0x0464, 27 }, // U+0464
    { 0x0465, 44 }, // U+0465
    { 0x0466, 26 }, // U+0466
    { 0x0467, 26 }, // U+0467
    { 0x0468, 27 }, // U+0468
    { 0x046C, 27 }, // U+046C
    { 0x046E, 27 }, // U+046E
    { 0x0472, 28 }, // U+0472
    { 0x0473, 40 }, // U+0473
    { 0x0474, 32 }, // U+0474
    { 0x0475, 48 }, // U+0475
    { 0x0476, 32 }, // U+0476
    { 0x0477, 48 }, // U+0477
    { 0x0478, 28 }, // U+0478
    { 0x0479, 40 }, // U+0479
    { 0x0481, 40 }, // U+0481
    { 0x048A, 89 }, // U+048A
    { 0x048B, 44 }, // U+048B
    { 0x048D, 46 }, // U+048D
    { 0x048E, 27 }, // U+048E
    { 0x048F, 44 }, // U+048F
    { 0x0490, 27 }, // U+0490
    { 0x0491, 44 }, // U+0491
    { 0x0493, 46 }, // U+0493
    { 0x0494, 27 }, // U+0494
    { 0x0495, 44 }, // U+0495
    { 0x0497, 50 }, // U+0497
    { 0x049A, 27 }, // U+049A
    { 0x049B, 44 }, // U+049B
    { 0x049C, 27 }, // U+049C
    { 0x049D, 44 }, // U+049D
    { 0x04A0, 30 }, // U+04A0
    { 0x04A1, 46 }, // U+04A1
    { 0x04A2, 27 }, // U+04A2
    { 0x04A3, 44 }, // U+04A3
    { 0x04A4, 27 }, // U+04A4
    { 0x04A5, 44 }, // U+04A5
    { 0x04A6, 27 }, // U+04A6
    { 0x04A7, 44 }, // U+04A7
    { 0x04A9, 40 }, // U+04A9
    { 0x04AA, 28 }, // U+04AA
    { 0x04AB, 40 }, // U+04AB
    { 0x04AC, 30 }, // U+04AC
    { 0x04AD, 46 }, // U+04AD
    { 0x04AE, 35 }, // U+04AE
    { 0x04AF, 48 }, // U+04AF
    { 0x04B0, 106 }, // U+04B0
    { 0x04B1, 48 }, // U+04B1
    { 0x04B2, 34 }, // U+04B2
    { 0x04B3, 50 }, // U+04B3
    { 0x04B4, 30 }, // U+04B4
    { 0x04B5, 46 }, // U+04B5
    { 0x04B7, 39 }, // U+04B7
    { 0x04B9, 39 }, // U+04B9
    { 0x04BA, 27 }, // U+04BA
    { 0x04BB, 27 }, // U+04BB
    { 0x04BD, 46 }, // U+04BD
    { 0x04C0, 27 }, // U+04C0
    { 0x04C1, 34 }, // U+04C1
    { 0x04C3, 27 }, // U+04C3
    { 0x04C4, 44 }, // U+04C4
    { 0x04C6, 101 }, // U+04C6
    { 0x04C7, 89 }, // U+04C7
    { 0x04C8, 44 }, // U+04C8
    { 0x04C9, 27 }, // U+04C9
    { 0x04CA, 44 }, // U+04CA
    { 0x04CD, 27 }, // U+04CD
    { 0x04CE, 44 }, // U+04CE
    { 0x04CF, 27 }, // U+04CF
    { 0x04D0, 26 }, // U+04D0
    { 0x04D1, 39 }, // U+04D1
    { 0x04D2, 26 }, // U+04D2
    { 0x04D3, 39 }, // U+04D3
    { 0x04D4, 26 }, // U+04D4
    { 0x04D5, 39 }, // U+04D5
    { 0x04D6, 27 }, // U+04D6
    { 0x04D7, 40 }, // U+04D7
    { 0x04D9, 40 }, // U+04D9
    { 0x04DA, 28 }, // U+04DA
    { 0x04DB, 40 }, // U+04DB
    { 0x04DC, 34 }, // U+04DC
    { 0x04E1, 46 }, // U+04E1
    { 0x04E2, 27 }, // U+04E2
    { 0x04E3, 44 }, // U+04E3
    { 0x04E4, 27 }, // U+04E4
    { 0x04E5, 44 }, // U+04E5
    { 0x04E6, 28 }, // U+04E6
    { 0x04E7, 40 }, // U+04E7
    { 0x04E8, 28 }, // U+04E8
    { 0x04E9, 40 }, // U+04E9
    { 0x04EA, 28 }, // U+04EA
    { 0x04EB, 40 }, // U+04EB
    { 0x04ED, 40 }, // U+04ED
    { 0x04EF, 48 }, // U+04EF
    { 0x04F1, 48 }, // U+04F1
    { 0x04F3, 48 }, // U+04F3
    { 0x04F7, 44 }, // U+04F7
    { 0x04F9, 44 }, // U+04F9
    { 0x04FB, 46 }, // U+04FB
    { 0x04FC, 34 }, // U+04FC
    { 0x04FD, 50 }, // U+04FD
    { 0x04FE, 34 }, // U+04FE
    { 0x04FF, 50 }, // U+04FF
    { 0x1EA0, 26 }, // U+1EA0
    { 0x1EA1, 39 }, // U+1EA1
    { 0x1EA2, 26 }, // U+1EA2
    { 0x1EA3, 39 }, // U+1EA3
    { 0x1EA4, 26 }, // U+1EA4
    { 0x1EA5, 39 }, // U+1EA5
    { 0x1EA6, 26 }, // U+1EA6
    { 0x1EA7, 39 }, // U+1EA7
    { 0x1EA8, 26 }, // U+1EA8
    { 0x1EA9, 39 }, // U+1EA9
    { 0x1EAA, 26 }, // U+1EAA
    { 0x1EAB, 39 }, // U+1EAB
    { 0x1EAC, 26 }, // U+1EAC
    { 0x1EAD, 39 }, // U+1EAD
    { 0x1EAE, 26 }, // U+1EAE
    { 0x1EAF, 39 }, // U+1EAF
    { 0x1EB0, 26 }, // U+1EB0
    { 0x1EB1, 39 }, // U+1EB1
    { 0x1EB2, 26 }, // U+1EB2
    { 0x1EB3, 39 }, // U+1EB3
    { 0x1EB4, 26 }, // U+1EB4
    { 0x1EB5, 39 }, // U+1EB5
    { 0x1EB6, 26 }, // U+1EB6
    { 0x1EB7, 39 }, // U+1EB7
    { 0x1EB8, 27 }, // U+1EB8
    { 0x1EB9, 40 }, // U+1EB9
    { 0x1EBA, 27 }, // U+1EBA
    { 0x1EBB, 40 }, // U+1EBB
    { 0x1EBC, 27 }, // U+1EBC
    { 0x1EBD, 40 }, // U+1EBD
    { 0x1EBE, 27 }, // U+1EBE
    { 0x1EBF, 40 }, // U+1EBF
    { 0x1EC0, 27 }, // U+1EC0
    { 0x1EC1, 40 }, // U+1EC1
    { 0x1EC2, 27 }, // U+1EC2
    { 0x1EC3, 40 }, // U+1EC3
    { 0x1EC4, 27 }, // U+1EC4
    { 0x1EC5, 40 }, // U+1EC5
    { 0x1EC6, 27 }, // U+1EC6
    { 0x1EC7, 40 }, // U+1EC7
    { 0x1EC8, 27 }, // U+1EC8
    { 0x1EC9, 42 }, // U+1EC9
    { 0x1ECA, 27 }, // U+1ECA
    { 0x1ECB, 42 }, // U+1ECB
    { 0x1ECC, 28 }, // U+1ECC
    { 0x1ECD, 40 }, // U+1ECD
    { 0x1ECE, 28 }, // U+1ECE
    { 0x1ECF, 40 }, // U+1ECF
    { 0x1ED0, 28 }, // U+1ED0
    { 0x1ED1, 40 }, // U+1ED1
    { 0x1ED2, 28 }, // U+1ED2
    { 0x1ED3, 40 }, // U+1ED3
    { 0x1ED4, 28 }, // U+1ED4
    { 0x1ED5, 40 }, // U+1ED5
    { 0x1ED6, 28 }, // U+1ED6
    { 0x1ED7, 40 }, // U+1ED7
    { 0x1ED8, 28 }, // U+1ED8
    { 0x1ED9, 40 }, // U+1ED9
    { 0x1EDA, 28 }, // U+1EDA
    { 0x1EDB, 40 }, // U+1EDB
    { 0x1EDC, 28 }, // U+1EDC
    { 0x1EDD, 40 }, // U+1EDD
    { 0x1EDE, 28 }, // U+1EDE
    { 0x1EDF, 40 }, // U+1EDF
    { 0x1EE0, 28 }, // U+1EE0
    { 0x1EE1, 40 }, // U+1EE1
    { 0x1EE2, 28 }, // U+1EE2
    { 0x1EE3, 40 }, // U+1EE3
    { 0x1EE4, 31 }, // U+1EE4
    { 0x1EE5, 47 }, // U+1EE5
    { 0x1EE6, 31 }, // U+1EE6
    { 0x1EE7, 47 }, // U+1EE7
    { 0x1EE8, 31 }, // U+1EE8
    { 0x1EE9, 47 }, // U+1EE9
    { 0x1EEA, 31 }, // U+1EEA
    { 0x1EEB, 47 }, // U+1EEB
    { 0x1EEC, 31 }, // U+1EEC
    { 0x1EED, 47 }, // U+1EED
    { 0x1EEE, 31 }, // U+1EEE
    { 0x1EEF, 47 }, // U+1EEF
    { 0x1EF0, 31 }, // U+1EF0
    { 0x1EF1, 47 }, // U+1EF1
    { 0x1EF2, 35 }, // U+1EF2
    { 0x1EF3, 48 }, // U+1EF3
    { 0x1EF4, 107 }, // U+1EF4
    { 0x1EF5, 48 }, // U+1EF5
    { 0x1EF6, 107 }, // U+1EF6
    { 0x1EF7, 48 }, // U+1EF7
    { 0x1EF8, 107 }, // U+1EF8
    { 0x1EF9, 48 }, // U+1EF9
    { 0x2018, 108 }, // U+2018
    { 0x2019, 109 }, // U+2019
    { 0x201A, 110 }, // U+201A
    { 0x201B, 111 }, // U+201B
    { 0x201C, 108 }, // U+201C
    { 0x201D, 109 }, // U+201D
    { 0x201E, 110 }, // U+201E
    { 0x201F, 112 }, // U+201F
    { 0x2020, 53 }, // U+2020
    { 0x2021, 53 }, // U+2021
    { 0x2022, 113 }, // U+2022
    { 0x2023, 113 }, // U+2023
    { 0x2026, 114 }, // U+2026
    { 0x2034, 115 }, // U+2034
    { 0x2039, 54 }, // U+2039
    { 0x203A, 63 }, // U+203A
    { 0x203D, 24 }, // U+203D
    { 0x2043, 113 }, // U+2043
    { 0x2044, 116 }, // U+2044
    { 0x204A, 46 }, // U+204A
    { 0x204B, 27 }, // U+204B
    { 0x204C, 113 }, // U+204C
    { 0x204D, 44 }, // U+204D
    { 0x204F, 21 }, // U+204F
    { 0x2074, 117 }, // U+2074
    { 0x2077, 118 }, // U+2077
    { 0x2079, 119 }, // U+2079
    { 0x207E, 120 }, // U+207E
    { 0x207F, 121 }, // U+207F
    { 0x2080, 122 }, // U+2080
    { 0x2081, 122 }, // U+2081
    { 0x2082, 122 }, // U+2082
    { 0x2083, 122 }, // U+2083
    { 0x2084, 123 }, // U+2084
    { 0x2086, 122 }, // U+2086
    { 0x2087, 124 }, // U+2087
    { 0x2088, 122 }, // U+2088
    { 0x2089, 122 }, // U+2089
    { 0x208A, 122 }, // U+208A
    { 0x208B, 122 }, // U+208B
    { 0x208C, 122 }, // U+208C
    { 0x208D, 122 }, // U+208D
    { 0x208E, 122 }, // U+208E
    { 0x2091, 122 }, // U+2091
    { 0x2092, 122 }, // U+2092
    { 0x2093, 122 }, // U+2093
    { 0x2095, 122 }, // U+2095
    { 0x2096, 122 }, // U+2096
    { 0x2097, 122 }, // U+2097
    { 0x2098, 122 }, // U+2098
    { 0x2099, 122 }, // U+2099
    { 0x209A, 122 }, // U+209A
    { 0x209B, 122 }, // U+209B
    { 0x209C, 122 }, // U+209C
    { 0x20A1, 28 }, // U+20A1
    { 0x20A7, 27 }, // U+20A7
    { 0x20A8, 27 }, // U+20A8
    { 0x20AB, 40 }, // U+20AB
    { 0x20B2, 28 }, // U+20B2
    { 0x20B4, 125 }, // U+20B4
    { 0x20B5, 28 }, // U+20B5
    { 0x20B8, 126 }, // U+20B8
    { 0x20BF, 27 }, // U+20BF
    { 0x2192, 7 }, // U+2192
    { 0x21D2, 23 }, // U+21D2
    { 0x2206, 26 }, // U+2206
    { 0x2212, 7 }, // U+2212
    { 0x221E, 127 }, // U+221E
    { 0x222B, 43 }, // U+222B
    { 0x2236, 21 }, // U+2236
    { 0x2248, 23 }, // U+2248
    { 0x2260, 23 }, // U+2260
    { 0x2264, 23 }, // U+2264
    { 0x2265, 23 }, // U+2265
};

static const int8_t inter_ui_10_regularKernMatrix[] = {
       0,    0,    0,  -11,    0,    0,    0,  -27,    0,  -27,    0,    0,    0,    0,    0,  -21,    0,    0,    0,    0,    0,    0,    0,    0,    0,  -26,    0,    0,  -55,    0,    0,    0,    0,    0,    0,    0,    0,    0,    0,   -5,    0,    0,    0,    0,    0,    0,    0,    0,    0,    0,    0,    0,    0,    0,    0,    0,    0,    0,    0,    0,    0,    0,    0,    0,    0,    0,    0,    0,    0,   -5,    0,    0,    0,    0,   -5,    0,    0,    0,    0,    0,    0,    0,    0,   -5,    0,    0,    0,    0,    0,    0,    0,    0,  -15,  -15,    0,    0,    0,    0,    0,    0,    0,    0,    0,    0,    0,    0,    0,    0,    0,    0,    0,    0,    0,  -27,    0,    0,    0,    0,    0,    0,    0,    0,    0,    0,    0,    0,    0,
       0,    0,    0,    0,    0,    0,    0,    0,    0,    0,    0,    0,    0,    0,    0,    0,    0,    0,    0,    0,    0,    0,    0,    0,    0,    0,    0,    0,    0,   -2,    0,    0,    0,   -3,    0,    0,    0,    0,    0,    0,    0,    0,    0,    0,    0,    0,    0,    0,    0,    0,    0,    0,    0,    0,    0,    0,    0,    0,    0,    0,    0,    0,    0,    0,    0,    0,    0,    0,    0,    0,    0,    0,    0,   15,    0,    0,    0,    0,    0,    0,   15,   15,    0,    0,   -2,   -2,   -2,    0,    0,    0,    0,   15,    0,    0,   -3,    0,    0,    0,   -2,    0,    0,    0,    0,    0,    0,    0,    0,    0,    0,    0,    0,    0,    0,    0,    0,    0,    0,    0,    0,    0,    0,    0,  -23,    0,    0,    0,    0,
       0,    0,    0,    0,    0,    0,    0,    0,    0,    0,    0,    0,    0,    0,    0,    0,    0,    0,    0,    0,    0,    0,    0,    0,    0,    0,    0,    0,    0,    0,    0,    0,    0,    0,    0,    0,    0,    0,    0,    0,    0,    0,    0,    0,    0,    0,    0,    0,    0,    0,    0,    0,    0,    0,    0,    0,    0,    0,    0,    0,    0,    0,    0,    0,    0,    0,    0,    0,    0,    0,    0,    0,    0,    0,    0,    0,    0,    0,    0,    0,    0,    0,    0,    0,    0,    0,    0,    0,    0,    0,    0,    0,    0,    0,    0,    0,    0,    0,    0,    0,    0,    0,    0,    0,    0,    0,    0,  -21,  -23,    0,    0,    0,    0,    0,  -23,    0,    0,    0,    0,    0,    0,    0,    0,    0,    0,    0,    0,
     -11,    0,    0,    0,    0,    0,    0,    0,    0,    0,    0,    0,    0,    0,    0,    0,    0,    0,    0,    0,    0,    0,    0,    0,    0,    0,    0,    0,    0,  -19,    0,  -21,  -13,    0,  -25,    0,    0,    0,    0,    0,    0,    0,    0,    0,    0,    0,    0,  -11,  -11,    0,    0,    0,  -13,    0,    0,   -7,    0,    0,    0,    0,    0,    0,    0,    0,    0,    0,    0,    0,    0,    0,    0,    0,    0,    0,    0,    0,  -11,    0,    0,    0,    0,    0,    0,    0,  -19,  -19,  -19,    0,    0,    0,    0,    0,    0,    0,    0,    0,    0,    0,  -19,    0,    0,    0,    0,    0,    0,  -25,  -25,  -30,    0,    0,    0,    0,    0,    0,    0,    0,    0,    0,    0,    0,    0,    0,    0,    0,    0,    0,    0,
       0,    0,    0,    0,    0,    0,    0,    0,    0,    0,    0,    0,    0,    0,    0,    0,    0,    0,    0,    0,    0,    0,    0,    0,    0,    0,    0,    0,    0,    0,    0,    0,    0,    0,    0,    0,    0,    0,    0,   -4,    0,    0,    9,    0,    0,    0,    0,    0,    0,    0,    0,    0,    0,    0,    0,    0,    0,    0,    0,    0,    0,    0,    0,    0,    0,    0,    0,    0,    0,   -4,    0,    0,    0,    0,   -4,    0,    0,    0,    0,    0,    0,    0,    9,   -4,    0,    0,    0,    0,    0,    0,   47,    0,    0,    0,    0,    0,    0,    0,    0,    0,    0,    0,    0,    0,    0,    0,    0,    0,    0,    0,    0,    0,    0,    0,    0,    0,    0,    0,    0,    0,    0,    0,    0,    0,    0,    0,    0,
       0,    0,    0,    0,    0,    0,    0,    0,    0,    0,    0,    0,    0,    0,    0,    0,    0,    0,    0,    0,    0,    0,    0,    0,    0,    0,    0,    0,    0,    0,    0,    0,    0,    0,    0,    0,    0,    0,    0,    0,    0,    0,    0,    0,    0,    0,    0,    0,    0,    0,    0,    0,    0,    0,    0,    0,    0,    0,    0,    0,    0,    0,    0,    0,    0,    0,    0,    0,    0,    0,    0,    0,    0,    0,    0,    0,    0,    0,    0,    0,    0,    0,    0,    0,    0,    0,    0,    0,    0,    0,    0,    0,    0,    0,    0,    0,    0,    0,    0,    0,    0,    0,    0,    0,    0,    0,    0,  -11,    0,    0,    0,    0,    0,    0,    0,    0,    0,    0,    0,    0,    0,    0,    0,    0,    0,    0,    0,
       0,    0,    0,  -11,    0,    0,    0,  -45,    0,  -45,    0,    0,    0,    0,    0,  -15,    0,    0,    0,    0,    0,    0,    0,    0,   -4,  -26,    0,   -4,  -32,    0,    0,    0,    0,    0,    0,    0,    0,  -23,    0,    0,    0,    0,    0,    0,    0,    0,    0,    0,    0,    0,    0,    0,    0,    0,    0,    0,    0,    0,    0,    0,    0,    0,    0,    0,    0,    0,    0,    0,    0,    0,    0,    0,    0,    0,    0,    0,    0,    0,    0,    0,    0,    0,    0,    0,    0,    0,    0,    0,    0,    0,    0,    0,  -11,  -11,    0,    0,   -4,    0,    0,    0,    0,    0,    0,    0,    0,    0,    0,    0,    0,    0,    0,    0,    0,  -45,    0,    0,    0,    0,    0,    0,    0,    0,    0,    0,    0,    0,    0,
       0,    0,    0,    0,    0,    0,    0,    0,    0,    0,    0,    0,    0,  -11,   -4,    0,    0,   -7,    0,    0,    0,    0,    0,    0,    0,  -11,    0,    0,  -15,  -25,    0,  -17,  -17,  -11,  -26,    0,    0,    0,    0,    0,    0,    0,    0,    0,    0,    0,    0,    0,    0,   -7,    0,    0,    0,    0,    0,    0,    0,    0,    0,   -6,    0,    0,    0,    0,    0,    0,    0,    0,    0,    0,    0,    0,    0,    0,    0,    0,    0,    0,    0,    0,    0,    0,    0,    0,  -36,  -36,  -25,    0,    0,    0,    0,    0,    0,    0,  -47,  -21,    0,    0,  -47,    0,    0,    0,    0,    0,    0,  -26,  -26,  -21,    0,    0,    0,    0,    0,    0,    0,    0,    0,    0,    0,    0,    0,    0,    0,    0,    0,    0,    0,
     -27,    0,    0,    0,    0,    0,    0,    0,    0,    0,    0,   -8,  -29,    0,   -9,    0,   -5,   -5,   -7,   -2,    0,    0,    0,  -29,  -15,    0,    0,  -15,    0,  -11,    0,    0,    0,    0,  -11,    0,    0,    0,    0,    0,    0,    0,    0,    0,    0,    0,    0,    0,    0,    0,    0,    0,    0,    0,    0,    0,    0,    0,    0,  -17,    0,    0,    0,    0,    0,    0,    0,    0,    0,    0,    0,    0,    0,    0,    0,    0,    0,    0,    0,    0,    0,    0,    0,    0,  -11,  -11,  -11,    0,    0,    0,    0,    0,    0,    0,    0,   -9,  -15,    0,  -11,    0,    0,    0,  -11,    0,    0,  -11,  -22,    0,  -19,    0,  -45,  -45,    0,    0,  -19,    0,    0,    0,    0,    0,    0,    0,    0,    0,    0,    0,    0,
       0,    0,    0,    0,    0,    0,    0,  -13,    0,  -13,    0,    0,    0,    0,    0,    0,    0,    0,    0,    0,    0,    0,    0,    0,    0,   -8,    0,    0,  -21,    0,    0,    0,    0,    0,    0,    0,    0,    0,    0,    0,    0,    0,    0,    0,    0,    0,    0,    0,    0,    0,    0,    0,    0,    0,    0,    0,    0,    0,    0,    0,    0,    0,    0,    0,    0,    0,    0,    0,    0,    0,    0,    0,    0,    0,    0,    0,    0,    0,    0,    0,    0,    0,    0,    0,    0,    0,    0,    0,    0,    0,   13,    0,    0,    0,    0,    0,    0,    0,    0,    0,    0,    0,    0,    0,    0,    0,    0,    0,    0,    0,    0,    0,    0,  -13,    0,    0,    0,    0,    0,    0,    0,    0,    0,    0,    0,    0,    0,
       0,    0,    0,    0,    0,    0,    0,   -8,    0,   -8,    0,    0,    0,    0,    0,    0,    0,   -7,    0,    0,    0,    0,    0,    0,    0,    0,    0,    0,    0,    0,    0,   -3,    0,  -11,  -11,    0,    0,  -15,    0,    0,    0,    0,    0,    0,    0,    5,    0,    0,    0,    0,    0,    0,    0,    0,    0,    0,    0,    0,    0,    0,    0,    0,    0,    0,    0,    0,    0,    0,    0,    0,    0,    0,    0,    0,    0,    0,    0,    0,    0,    0,    0,    0,    0,    0,    0,    0,    0,    0,    0,    0,    0,    0,    0,    0,  -11,    0,    0,    0,    0,    0,    0,    5,    0,    5,    0,  -11,  -11,  -15,    0,  -17,    0,    0,    0,   -8,    0,    0,    0,    0,    0,    0,    0,    0,    0,    0,    0,    0,    0,
       0,    0,    0,    0,    0,    0,    0,    0,    0,    0,    0,    0,    0,    0,    0,    0,    0,    0,    0,    0,    0,    0,    0,    0,    0,    0,    0,    0,    0,    0,    0,    0,    0,    0,    0,    0,    0,    0,    0,    0,    0,    0,    0,    0,    0,    5,    0,    2,    0,    0,    0,    0,    0,    0,    0,    0,    0,    0,    0,    0,    0,    0,    0,    0,    0,   11,    0,    0,    0,    0,    0,    0,    0,   20,    0,    0,    2,    0,   11,    0,   20,   20,    0,    0,    0,    0,    0,    0,    0,    0,   11,   20,    0,    0,    0,    0,    0,    0,    0,    0,    0,    5,    0,    5,    0,    0,    0,    0,    0,    0,    0,    0,    0,    0,    0,    0,    0,    0,    0,    0,    0,    0,    0,    0,    0,    0,    0,
       0,    0,    0,    0,    0,    0,    0,    0,    0,    0,    0,    0,    0,    0,    0,   -5,    0,    0,    0,    0,    0,    0,    0,    0,    0,    0,    0,    0,    0,    0,    0,    0,    0,    0,    0,    0,    0,    0,    0,    0,    0,    0,    0,    0,    0,    0,    0,    0,    0,    0,    0,    0,    0,    0,    0,    0,    0,    0,    0,    0,    0,    0,    0,    0,    0,    0,    0,    0,    0,    0,    0,    0,    0,    0,    0,    0,    0,    0,    0,    0,    0,    0,    0,    0,    0,    0,    0,    0,    0,    0,    0,    0,    0,    0,    0,    0,    0,    0,    0,    0,    0,    0,    0,    0,    0,    0,    0,    0,    0,    0,    0,    0,    0,    0,    0,    0,    0,    0,    0,    0,    0,    0,    0,    0,    0,    0,    0,
       0,    0,    0,    0,    0,   -5,    0,   -7,    0,   -7,    0,    0,    0,    0,    0,    0,    0,    0,    0,    0,    0,    0,    0,    0,    0,    0,    0,    0,    0,    0,    0,    0,    0,   -7,    0,    0,   -5,    0,    0,    0,    0,    0,    0,    0,    0,    0,    0,    0,    0,    0,    0,    0,    0,  -11,    0,    0,   -5,    0,    0,    0,    0,    0,    0,    0,    0,    0,    0,    0,    0,    0,    0,    0,    0,    0,    0,    0,    0,    0,    0,    0,    0,    0,    0,    0,    0,    0,    0,    0,    0,    0,    0,    0,    0,    0,   -7,    0,    0,    0,    0,    0,    0,    0,    0,    0,    0,    0,    0,    0,    0,  -17,    0,    0,    0,   -7,    0,    0,    0,    0,    0,    0,    0,    0,    0,    0,    0,    0,    0,
       0,    0,    0,    0,    0,   -7,    0,  -11,    0,  -11,    0,    0,   -7,    0,    0,    0,    0,    0,    0,    0,    0,    0,    0,    0,    0,    0,    0,    0,    0,    0,    0,    0,    0,    0,    0,    0,   -7,    0,    0,    0,    0,    0,    0,    0,    0,    0,    0,    0,    0,    0,    0,    0,    0,    0,    0,   -2,   -7,    0,    0,  -13,    0,    0,    0,    0,    0,    0,    0,    0,    0,    0,    0,    0,    0,    0,    0,    0,    0,    0,    0,    0,    0,    0,    0,    0,    0,    0,    0,    0,    0,    0,    0,    0,    0,    0,    0,    0,    0,    0,    0,    0,    0,    0,    0,    0,    0,    0,    0,    0,    0,    0,    0,    0,    0,  -11,    0,    0,    0,    0,    0,    0,    0,    0,    0,    0,    0,    0,    0,
       0,    0,    0,    0,    0,    0,    0,   -9,    0,   -9,    0,    0,    0,    0,    0,    0,    0,    0,    0,    0,    0,    0,    0,    0,    0,    0,    0,    0,    0,    0,    0,    0,    0,    0,    0,    0,    0,    0,    0,    0,    0,    0,    0,    0,    0,    0,    0,    0,    0,    0,    0,    0,    0,    0,    0,   -2,    0,    0,    0,    0,    0,    0,    0,    0,    0,    0,    0,    0,    0,    0,    0,    0,    0,    0,    0,    0,    0,    0,    0,    0,    0,    0,    0,    0,    0,    0,    0,    0,    0,    0,    0,    0,    0,    0,    0,    0,    0,    0,    0,    0,    0,    0,    0,    0,    0,    0,    0,    0,    0,    0,    0,    0,    0,   -9,    0,    0,    0,    0,    0,    0,    0,    0,    0,    0,    0,    0,    0,
       0,    0,    0,    0,    0,    0,    0,  -11,    0,  -11,    0,    0,    0,    0,    0,    0,    0,    0,    0,    0,    0,    0,    0,    0,    0,    0,    0,    0,    0,    0,    0,    0,    0,    0,    0,    0,    0,  -15,    0,    0,    0,    0,    0,    0,    0,    0,    0,    0,    0,    0,    0,    0,    0,    0,    0,    0,    0,    0,    0,    0,    0,    0,    0,    0,    0,    0,    0,    0,    0,    0,    0,    0,    0,    0,    0,    0,    0,    0,    0,    0,    0,    0,    0,    0,    0,    0,    0,    0,    0,    0,    0,    0,    0,    0,    0,    0,    0,    0,    0,    0,    0,    0,    0,    0,    0,    0,    0,    0,    0,  -15,    0,    0,    0,  -11,    0,    0,    0,    0,    0,    0,    0,    0,    0,    0,    0,    0,    0,
       0,  -19,    0,  -15,    0,    0,    0,  -42,    0,  -42,    0,   -5,    0,    0,   -6,  -19,   -3,    7,   -5,   -3,  -11,  -30,    0,    0,    0,  -36,    0,    0,  -32,    0,    0,    0,    0,    0,    0,    0,    0,  -53,  -15,  -17,    0,    0,    0,  -17,  -13,    0,    0,    0,    0,    0,    0,    0,    0,  -21,    0,    0,    0,    0,    0,    0,    0,    0,    0,    0,    0,    0,    0,  -15,  -15,  -17,    0,    0,    0,   30,  -17,    0,    0,  -15,    0,    0,   30,   30,    0,  -17,    0,    0,    0,    0,    0,    0,    0,   30,  -34,  -34,    0,   -6,    0,    0,    0,    0,    0,    0,    0,    0,  -13,    0,    0,    0,    0,  -47,    0,    0,    0,  -42,    0,    0,    0,    0,    0,    0,    0,    0,  -30,    0,    0,    0,    0,
       0,    0,    0,    0,    0,    0,    0,    0,    0,    0,    0,    0,    0,    0,    0,    0,    0,    0,    0,    0,    0,    0,    0,    0,    0,    0,    0,    0,    0,  -11,    0,  -21,    0,    0,    0,    0,    0,    0,    0,    0,    0,    0,    0,    0,    0,    0,    0,    0,    0,    0,    0,    0,    0,    0,    0,    0,    0,    0,    0,    0,    0,    0,    0,    0,    0,    0,    0,    0,    0,    0,    0,    0,    0,    0,    0,    0,    0,    0,    0,    0,    0,    0,    0,    0,  -11,  -11,  -11,    0,    0,    0,    0,    0,    0,    0,    0,    0,    0,    0,  -28,    0,    0,    0,    0,    0,    0,    0,    0,  -15,    0,    0,    0,    0,    0,    0,    0,    0,    0,    0,    0,    0,    0,    0,    0,    0,    0,    0,    0,
       0,    0,    0,    0,    0,    0,    0,    0,    0,    0,    0,    0,    0,    0,    0,    0,    0,    0,    0,    0,    0,    0,    0,    0,    0,  -17,    0,    0,    0,  -15,    0,  -23,  -21,  -17,  -32,    0,    0,    0,    0,    0,    0,    0,    0,    0,    0,    0,    0,  -13,    0,  -11,    0,    0,    0,    0,    0,    0,    0,    0,    0,    0,    0,    0,    0,    0,    0,    0,    0,    0,    0,    0,    0,    0,    0,    0,    0,    0,  -13,    0,    0,    0,    0,    0,    0,    0,  -15,  -15,  -15,    0,    0,    0,    0,    0,    0,    0,  -17,    0,    0,    0,  -15,    0,    0,    0,    0,    0,    0,  -32,  -32,  -19,    0,    0,    0,    0,    0,    0,    0,    0,    0,    0,    0,    0,    0,    0,    0,    0,    0,  -13,    0,
       0,    0,    0,    0,    0,    0,    0,    0,    0,    0,    0,    0,    0,    0,    0,    0,    0,  -25,    0,    0,    0,    0,    0,    0,    0,    0,    0,    0,    0,  -26,    0,  -25,  -25,  -19,  -30,  -21,    0,    0,    0,    0,    0,    0,    0,    0,    0,    0,    0,    0,    0,    0,    0,    0,    0,    0,    0,    0,    0,    0,    0,    0,    0,    0,    0,    0,    0,    0,    0,    0,    0,    0,    0,    0,    0,    0,    0,    0,    0,    0,    0,    0,    0,    0,    0,    0,  -26,  -26,  -26,    0,    0,    0,    0,    0,  -11,  -11,  -17,    0,    0,    0,  -25,    0,    0,    0,    0,    0,    0,  -30,  -30,  -32,    0,    0,    0,    0,    0,    0,    0,    0,    0,    0,    0,    0,    0,    0,    0,    0,    0,  -25,    0,
       0,    0,    0,    0,    0,    0,    0,    0,    0,    0,    0,    0,    0,    0,    0,    0,    0,    0,    0,    0,    0,    0,    0,    0,    0,  -21,    0,    0,    0,    0,    0,    0,    0,    0,    0,    0,    0,    0,    0,    0,    0,    0,    0,    0,    0,    0,    0,    0,    0,    0,    0,    0,    0,    0,    0,    0,    0,    0,    0,    0,    0,    0,    0,    0,    0,    0,    0,    0,    0,    0,    0,    0,    0,    0,    0,    0,    0,    0,    0,    0,    0,    0,    0,    0,    0,    0,    0,    0,    0,    0,    0,    0,    0,    0,    0,    0,    0,    0,    0,    0,    0,    0,    0,    0,    0,    0,    0,    0,    0,    0,    0,    0,    0,    0,    0,    0,    0,    0,    0,    0,    0,    0,    0,    0,    0,    0,    0,
       0,    0,    0,    0,    0,    0,    0,  -15,    0,  -15,  -13,    0,    0,    0,    0,    0,    0,    0,    0,    0,    0,    0,    0,    0,    0,  -11,    0,    0,    0,  -10,    0,  -11,    0,  -11,  -11,    0,    0,  -13,    0,    0,    0,    0,    0,    0,    0,    0,    0,    0,    0,    0,    0,    0,    0,    0,    0,   -2,    0,    0,    0,    0,    0,    0,    0,    0,    0,    0,    0,    0,    0,    0,    0,    0,    0,    0,    0,    0,    0,    0,    0,    0,    0,    0,    0,    0,  -10,  -10,  -10,    0,    0,    0,    0,    0,    0,    0,  -28,    0,    0,    0,  -21,    0,    0,    0,    0,    0,    0,  -11,  -11,  -11,    0,  -13,    0,    0,    0,  -15,    0,    0,    0,    0,    0,    0,    0,  -13,  -33,    0,    0,    0,    0,
     -26,    0,    0,    0,    0,  -26,  -11,    0,  -11,    0,    7,    0,  -11,    0,    0,    0,    0,    0,    0,    0,    0,    0,  -17,  -21,  -11,    5,    0,  -11,    0,  -28,   -7,  -23,  -19,    0,  -25,    0,  -26,    0,    0,    0,    0,    2,    0,    0,    0,   -7,    0,  -23,  -23,    0,    0,  -11,  -25,  -11,  -11,  -24,  -26,    0,    0,  -16,  -11,    0,  -11,    0,    0,    0,  -11,    0,    0,    0,    2,    2,    2,    0,    0,    0,  -23,    0,    0,    0,    0,    0,    0,    0,  -28,  -28,  -47,    0,    0,    2,    0,    0,    0,    0,    0,    0,  -11,    0,  -28,    0,    0,   -7,  -23,   -7,    0,  -25,  -25,  -43,  -34,    0,    0,    0,  -11,    0,  -34,   -2,    0,    0,    0,    0,    0,    0,    0,    0,    0,  -17,    0,
       0,    0,    0,    0,    0,    0,    0,    0,    0,    0,    0,    0,    0,    0,    0,    0,    0,    0,    0,    0,    0,    0,    0,    0,    0,    0,    0,    0,    0,  -19,    0,    0,    0,    0,    0,    0,    0,    0,    0,    0,    0,    0,    0,    0,    0,    0,    0,    0,    0,    0,    0,    0,    0,    0,    0,    0,    0,    0,    0,    0,    0,    0,    0,    0,    0,    0,    0,    0,    0,    0,    0,    0,    0,   11,    0,    0,    0,    0,    0,    0,   11,   11,    0,    0,  -19,  -19,  -19,    0,    0,    0,    0,   11,    0,    0,    0,    0,    0,    0,  -19,    0,    0,    0,    0,    0,    0,    0,    0,  -21,    0,    0,    0,    0,    0,    0,    0,    0,    0,    0,    0,    0,    0,    0,    0,    0,    0,    0,    0,
       0,    0,    0,    0,    0,    0,    0,    0,    0,    0,    0,    0,    0,    0,    0,    0,    0,    0,    0,    0,    0,    0,    0,    0,    0,   -7,    0,    0,    0,    0,    0,    0,    0,   -2,    0,    0,    0,  -13,    0,    0,    0,    0,    0,    0,    0,    0,    0,    0,    0,    0,    0,    0,    0,    0,    0,    0,    0,    0,    0,    0,    0,    0,    0,    0,    0,    0,    0,    0,    0,    0,    0,    0,    0,   11,    0,    0,    0,    0,    0,    0,   11,   11,    0,    0,    0,    0,    0,    0,    0,    0,    0,   11,    0,    0,   -2,    0,    0,    0,    0,    0,    0,    0,    0,    0,    0,    0,    0,    0,    0,    0,    0,    0,    0,    0,    0,    0,    0,    0,    0,    0,    0,    0,    0,    0,    0,    0,    0,
       0,    0,    0,    0,    0,    0,    0,    0,    0,    0,    0,    0,    0,    0,    0,    0,    0,    0,    0,    0,    0,    0,    0,    0,    0,    0,    0,    0,    0,    0,    0,    0,    0,    0,    0,    0,    0,    0,    0,    0,    0,    0,    0,    0,    0,    0,    0,    0,    0,    0,    0,    0,    0,    0,    0,    0,    0,    0,    0,    0,    0,    0,    0,    0,    0,    0,    0,    0,    0,    0,    0,    0,    0,   25,    0,    0,    0,    0,    0,    0,   25,   25,    0,    0,    0,    0,    0,    0,    0,    0,   11,   25,    0,    0,    0,    0,    0,    0,    0,    0,    0,    0,    0,    0,    0,    0,    0,    0,    0,    0,    0,    0,    0,    0,    0,    0,    0,    0,    0,    0,    0,    0,    0,    0,    0,    0,    0,
       0,    0,    0,    0,    0,    0,    0,  -13,    0,  -24,    0,    0,    0,    0,    0,    0,    0,    0,    0,    0,    0,    0,    0,    0,    0,  -30,    0,    0,  -23,    0,    0,    0,    0,    0,    0,    0,    0,  -11,   -8,  -13,    0,    0,    0,  -10,    0,    0,  -11,  -11,    0,    0,  -11,    0,    0,    0,    0,    0,    0,    0,  -11,    0,    0,    0,    0,    0,    0,    0,    0,   -8,   -8,  -13,    0,    0,    0,    0,  -13,  -11,  -11,   -8,    0,    0,    0,    0,    0,  -13,    0,    0,    0,  -11,    0,    0,   24,    0,    0,    0,    0,    0,    0,    0,    0,    0,    0,    0,    0,    0,    0,    0,    0,    0,    0,  -40,    0,    0,    0,  -42,    0,    0,    0,    0,    0,    0,    0,    0,  -19,    0,    0,    0,    0,
       0,    0,    0,    0,    0,    0,    0,    0,    0,    0,    0,    0,    0,    0,    0,    0,    0,    0,    0,    0,    0,    0,    0,    0,    0,   -7,    0,    0,    0,  -10,    0,   -7,    0,   -2,   -7,    0,    0,    0,    0,    0,    0,    0,    0,    0,    0,    0,    0,    0,    0,    0,    0,    0,    0,    0,    0,    0,    0,    0,    0,    0,    0,    0,    0,    0,    0,    0,    0,    0,    0,    0,    0,    0,    0,   11,    0,    0,    0,    0,    0,    0,   11,   11,    0,    0,  -10,  -10,  -10,    0,    0,    0,    0,   11,    0,    0,   -2,    0,    0,    0,  -10,    0,    0,    0,    0,    0,    0,   -7,   -7,    0,    0,    0,    0,    0,    0,    0,    0,    0,    0,    0,    0,    0,    0,    0,    0,    0,    0,    0,    0,
       0,    0,    0,    0,    0,    0,    0,  -11,    0,  -11,  -19,    0,    0,    0,    0,    0,    0,    0,    0,    0,    0,    0,    0,    0,    0,   -7,    0,    0,    0,    0,    0,    0,    0,    0,    0,    0,    0,  -17,    0,    0,    0,    0,    0,    0,    0,    0,    0,    0,    0,    0,    0,    0,    0,    0,    0,    0,    0,    0,    0,    0,    0,    0,    0,    0,    0,    0,    0,    0,    0,    0,    0,    0,    0,    0,    0,    0,    0,    0,    0,    0,    0,    0,    0,    0,    0,    0,    0,    0,    0,    0,   11,    0,    0,    0,    0,    0,    0,    0,    0,    0,    0,    0,    0,    0,    0,    0,    0,    0,    0,  -26,    0,    0,    0,  -11,    0,    0,    0,    0,    0,    0,    0,    0,    0,    0,    0,    0,    0,
       0,    0,   -3,    0,    0,    0,  -36,    0,  -36,    0,    0,    0,    0,    0,    0,    0,    0,    0,    0,    0,    0,  -23,  -11,    0,  -11,    0,    0,  -11,    0,    0,    0,    0,    0,    0,    0,    0,    0,    0,    0,  -13,    0,    5,    0,    0,    0,    0,  -11,  -13,  -21,    0,    0,  -36,    0,  -17,  -53,   -5,    0,    0,  -11,    0,  -51,    0,    0,    0,    0,    0,  -11,    0,    0,  -13,    5,    5,    5,   28,  -13,  -11,  -13,    0,    0,    0,   28,   28,    0,  -13,    0,    0,    0,  -11,    0,    5,   28,   28,    0,    0,    0,    0,  -11,    0,    0,    0,    0,    0,  -33,    0,    0,    0,    0,    0,    0,    0,    0,    0,  -11,    0,    0,    0,    0,    0,    0,    0,    0,    0,    0,    0,    0,    0,  -11,
     -30,    0,    0,    0,    0,  -57,  -28,    0,  -45,    0,    0,    0,  -15,    0,    0,    0,    0,    0,    0,    0,    0,    0,    0,    0,   -9,    0,    0,   -9,    0,  -32,    0,  -23,    0,    0,  -11,    0,  -43,    0,    0,    0,    0,    0,    0,    0,    0,   -7,    0,  -23,    0,    0,    0,  -42,  -32,  -21,  -72,  -27,  -59,    0,    0,  -29,  -49,    0,    0,    0,    0,    0,  -11,    0,    0,    0,    0,    0,    0,    0,    0,    0,  -23,    0,    0,    0,    0,    0,    0,    0,  -32,  -32,  -32,    0,    0,    0,    0,    0,    0,    0,    0,    0,   -9,    0,  -32,    0,    0,   -7,  -47,   -7,    0,  -11,  -22,  -28,  -13,    0,  -15,  -15,  -11,    0,  -36,    0,    0,    0,    0,    0,    0,    0,    0,    0,    0,    0,    0,
       0,    0,    0,  -11,    0,    0,  -15,  -13,  -15,  -24,    0,    0,    0,    0,    0,    0,    0,    0,    0,    0,    0,    0,    0,    0,    0,  -25,    0,    0,  -32,    0,    0,    0,    0,    0,    0,    0,    0,    0,    0,   -2,    0,    0,    0,    0,    0,    0,    0,    0,    0,    0,    0,  -15,    0,    0,  -15,    0,    0,    0,    0,    0,  -15,    0,    0,    0,    0,    0,    0,    0,    0,   -2,    0,    0,    0,    0,   -2,    0,    0,    0,    0,    0,    0,    0,    0,   -2,    0,    0,    0,    0,    0,    0,    0,    0,    0,    0,    0,    0,    0,    0,    0,    0,    0,    0,    0,    0,    0,    0,    0,    0,    0,  -47,    0,    0,    0,  -45,    0,    0,    0,    0,    0,    0,    0,    0,  -26,    0,    0,    0,    0,
       0,    0,    0,    0,    0,    0,    0,    0,    0,    0,    0,    0,    0,    0,    0,    0,    0,    0,    0,    0,    0,    0,    0,    0,    0,    0,    0,    0,    0,    0,    0,   -6,    0,    0,   -8,    0,    0,    0,   -2,   -5,    0,    0,    0,    0,    0,    0,    0,    0,    0,    0,    0,    0,    0,    0,    0,    0,    0,    0,    0,    0,    0,    0,    0,    0,    0,    0,    0,   -2,   -2,   -5,    0,    0,    0,   15,   -5,    0,    0,   -2,    0,    0,   15,   15,    0,   -5,    0,    0,    0,    0,    0,    0,    0,   15,    0,    0,    0,    0,    0,    0,    0,    0,    0,    0,    0,    0,    0,   -8,   -8,    0,    0,    0,    0,    0,    0,    0,    0,    0,    0,    0,    0,    0,    0,    0,    0,    0,    0,    0,    0,
       0,    0,    0,  -11,    0,    0,  -25,  -11,  -25,  -11,  -43,  -11,    0,    0,    0,  -23,    0,  -26,    0,    0,  -11,  -26,  -11,    0,  -10,  -28,    0,  -10,  -30,    0,    0,    0,    0,    0,    7,    0,    0,  -19,  -24,  -26,    0,    0,    0,  -19,  -25,  -34,  -25,  -21,  -21,  -21,  -15,  -25,    0,  -43,  -25,    0,    0,    0,  -59,    0,  -51,    0,  -17,    0,    0,    0,  -11,  -38,  -38,  -43,    0,    0,    0,   30,  -43,  -42,  -32,  -24,    0,    0,   30,   30,    0,  -26,    0,    0,    0,  -38,    0,    0,   42,   30,  -46,  -46,    0,    0,  -10,    0,    0,    0,    0,  -34,  -18,  -34,  -25,    7,    7,    0,    0,  -40,    0,    0,  -11,  -40,    0,    0,    0,    0,    0,    0,    0,    0,  -42,    0,    0,    0,    0,
       0,    0,    0,  -17,    0,    0,  -17,  -32,  -17,  -32,  -16,   -3,    0,    0,    0,  -11,    0,    0,    0,    0,  -21,  -25,  -21,    0,  -22,  -23,    0,  -11,  -32,    0,    0,    5,    0,    0,    0,    0,    0,  -26,  -17,  -17,    0,    0,    0,    0,  -15,    0,    0,    0,    0,    0,    0,  -17,    0,  -19,  -38,    0,    0,    0,    0,    0,  -30,    0,    0,    0,    0,    0,  -13,  -17,  -30,  -17,    0,    0,    0,   28,  -32,    0,    0,  -17,    0,    0,   28,   28,    0,  -17,    0,    0,    0,    0,    0,    0,   13,   28,  -42,  -42,    0,    0,  -11,    0,    0,    0,    0,    0,   -3,    0,  -15,    0,    0,    0,    0,  -38,    0,    0,  -13,  -32,    0,    0,    0,    0,    0,    0,    0,  -41,  -50,    0,    0,    0,    0,
       0,    0,    0,  -17,    0,    0,  -17,  -32,  -17,  -32,    0,    0,    0,    0,    0,  -11,    0,    0,    0,    0,  -17,  -25,  -21,    0,    0,  -19,    0,    0,  -21,    0,    0,    0,    8,    0,    0,    0,    0,    0,  -17,  -17,    0,    0,    0,  -11,  -11,    0,    0,    0,    0,    0,    0,  -17,    0,  -19,  -17,    0,    0,    0,    0,    0,  -28,    0,    0,    0,    0,    0,    0,  -17,  -17,  -17,    0,    0,    0,    0,  -17,    0,    0,  -17,    0,    0,    0,    0,    0,  -17,    0,    0,    0,    0,    0,    0,   28,    0,    0,    0,    0,    0,    0,    0,    0,    0,    0,    0,  -11,    0,  -11,    0,    0,    0,    0,  -36,    0,    0,    0,  -32,    0,    0,    0,    0,    0,    0,    0,  -28,  -36,    0,    0,    0,    0,
       0,    0,   -3,    0,    0,    0,  -11,    0,  -11,    0,    0,  -11,    0,    0,   -7,  -13,    0,    0,   -7,    0,    0,  -19,  -17,    0,  -11,    0,    0,  -11,    0,  -13,    0,    0,    0,    0,    0,    0,    0,    0,  -19,   -9,    0,    0,    0,    0,    0,    0,    0,    0,    0,    0,    0,  -23,    0,  -13,  -28,   -2,    0,    0,    0,    0,  -27,    0,    0,    0,    0,    0,  -15,  -19,  -19,   -9,    0,    0,    0,    0,   -9,    0,    0,  -19,    0,    0,    0,    0,    0,   -9,  -13,  -13,  -13,    0,    0,    0,   28,    0,    0,    0,    0,   -7,  -28,  -11,  -13,    0,    0,  -21,  -26,    0,    0,    0,    0,    0,    0,    0,    0,    0,  -15,    0,    0,    0,    0,    0,    0,    0,    0,    0,    0,    0,  -11,    0,    0,
       0,    0,    0,  -21,    0,    0,  -26,  -11,  -26,  -11,    0,    0,    0,    0,    0,  -23,    0,    0,    0,    0,  -21,  -34,  -32,    0,  -11,  -25,    0,  -11,  -11,    7,    0,    0,    0,    0,    0,    0,    0,    0,  -24,  -26,    0,   -9,    0,  -13,  -23,    0,  -13,    0,    0,    0,    0,  -26,    0,  -30,  -43,   -3,    0,    0,  -13,    0,  -43,    0,  -21,    0,    0,    0,  -28,  -47,  -40,  -26,   -9,  -19,   -9,    0,  -26,  -13,    0,  -39,    0,    0,    0,    0,    0,  -44,    7,    7,    7,  -13,    0,   -9,   28,    0,    0,    0,    0,    0,  -11,    0,    7,    0,    0,    0,  -16,    0,  -23,    0,    0,    0,    0,  -36,    0,    0,  -13,  -43,    0,    0,    0,    0,    0,    0,    0,  -49,  -59,    0,    0,    0,  -11,
       0,    0,    0,    0,    0,    0,  -13,    0,  -13,    0,    0,    0,    0,    0,    0,    0,    0,    0,    0,    0,    0,  -21,    0,    0,  -11,    0,    0,  -11,    0,    0,    0,    0,    0,    0,    0,    0,    0,    0,    0,    0,    0,    0,    0,    0,    0,    0,    0,    0,    0,    0,    0,  -13,    0,  -11,  -13,    0,    0,    0,    0,    0,  -24,    0,    0,    0,    0,    0,    0,    0,    0,    0,    0,    0,    0,   28,    0,    0,    0,    0,    0,    0,   28,   28,    0,    0,    0,    0,    0,    0,    0,    0,   11,   28,    0,    0,    0,    0,  -11,    0,    0,    0,    0,    0,   -8,    0,    0,    0,    0,    0,    0,    0,    0,    0,    0,    0,    0,    0,    0,    0,    0,    0,    0,    0,    0,    0,    0,    0,    0,
       0,    0,    0,    0,    0,    0,    0,    0,    0,    0,    0,    0,    0,    0,    0,    0,    0,    0,    0,    0,    0,    0,    0,    0,    0,    0,    0,    0,    0,    0,    0,    0,    0,    0,    0,    0,    0,    0,    0,   -4,    0,    0,    9,    0,    0,    0,    0,    0,    0,    0,    0,    0,    0,    0,    0,    0,    0,    0,    0,    0,    0,    0,    0,    0,    0,    0,    0,    0,    0,   -4,    0,    0,    0,    0,   -4,    0,    0,    0,    0,    0,    0,    0,    9,   -4,    0,    0,    0,    0,    0,    0,   28,    0,    0,    0,    0,    0,    0,    0,    0,    0,    0,    0,    0,    0,    0,    0,    0,    0,    0,    0,    0,    0,    0,    0,    0,    0,    0,    0,    0,    0,    0,    0,    0,    0,    0,    0,    0,
     -26,    0,    0,    0,    0,  -26,  -11,    0,  -11,    0,    7,    0,  -11,    0,    0,    0,    0,    0,    0,    0,    0,    0,  -17,  -21,  -11,    5,    0,  -11,    0,  -42,   -7,  -39,  -38,    0,  -25,    0,  -26,    0,    0,    0,    0,    2,    0,    0,    0,   -7,    0,  -40,  -23,    0,    0,  -11,  -25,  -11,  -11,  -24,  -26,    0,    0,  -16,  -11,    0,  -11,    0,    0,    0,  -11,    0,    0,    0,    2,    2,    2,    0,    0,    0,  -40,    0,    0,    0,    0,    0,    0,    0,  -42,  -42,  -42,    0,    0,    2,    0,    0,    0,    0,    0,    0,  -11,    0,  -42,    0,    0,   -7,  -23,   -7,    0,  -25,  -25,  -58,  -53,    0,    0,    0,  -11,    0,  -53,   -2,    0,    0,    0,    0,    0,    0,    0,    0,    0,  -17,    0,
       0,    0,    0,    0,    0,  -23,    0,    0,    0,    0,    0,  -15,  -36,    0,  -15,  -19,  -15,    0,  -15,  -15,    0,    0,    0,    0,  -13,    0,   11,  -13,    0,  -19,  -13,  -26,    0,    0,    0,    0,  -23,    0,    0,    0,    0,   11,   32,   11,    0,    0,    0,  -26,    0,    0,    0,    0,    0,    0,    0,    0,  -23,    0,    0,  -15,    0,    0,    0,    0,    0,    0,    0,    0,    0,    0,   11,   11,   11,    0,    0,    0,  -26,    0,    0,   11,    0,    0,   32,    0,  -19,  -19,  -19,    0,   11,   11,    0,    0,   19,   19,    0,  -15,  -13,  -36,  -17,   15,   15,    0,    0,    0,    0,    0,    0,  -13,    0,    0,    0,    0,    0,    0,    0,    0,    0,    0,    0,    0,    0,    0,    0,    0,    0,  -17,    0,
       0,    0,    0,    0,    0,    0,    0,    0,    0,    0,    0,    0,  -13,    0,    0,    0,    0,    0,    0,    0,    0,    0,    0,    0,    0,    0,    0,    0,    0,  -23,    0,  -17,  -17,    0,  -25,    0,    0,    0,    0,    0,    0,    0,    0,    0,    0,    0,    0,   -5,    0,    0,    0,    0,    0,    0,    0,   -3,    0,    0,    0,    0,    0,    0,    0,    0,    0,    0,    0,    0,    0,    0,    0,    0,    0,    0,    0,    0,   -5,    0,    0,    0,    0,    0,    0,    0,  -23,  -23,  -23,    0,    0,    0,    0,    0,    0,    0,    0,    0,    0,    0,  -23,    0,    0,    0,    0,    0,    0,  -25,  -25,  -15,   -7,    0,    0,    0,    0,    0,   -7,    0,    0,    0,    0,    0,    0,    0,    0,    0,    0,    0,    0,
      -5,    0,    0,    0,   -4,    0,    0,    0,    0,    0,    0,    0,  -11,    0,    0,    0,    0,    0,    0,    0,    0,    0,    0,    0,    0,  -11,    0,    0,    0,  -26,    0,  -17,  -17,   -9,  -28,    0,    0,    0,    3,    0,    0,    0,    0,    0,    0,    0,    0,   -7,   -6,   -7,   -5,    0,  -11,    0,    0,   -4,    0,    0,    0,    0,    0,    0,    0,    0,    0,    0,    0,    3,    3,    0,    0,    0,    0,    0,    0,    0,   -7,    3,    0,    0,    0,    0,    0,    0,  -26,  -26,  -26,    0,    0,    0,   15,    0,    0,    0,   -9,    0,    0,    0,  -26,    0,    0,    0,   -3,    0,    0,  -57,  -28,  -21,   -8,    0,    0,    0,    0,    0,   -8,    0,    0,    0,    0,    0,    0,    0,    0,    0,    0,    0,    0,
       0,    0,    0,    0,    0,    0,   -9,  -19,   -9,  -19,   -9,    0,    0,    0,    0,  -21,    0,    0,    0,    0,    0,    0,    0,    0,    0,  -11,    0,    0,  -21,    0,    0,    0,    0,    0,    3,    0,    0,   -5,   -5,  -10,  -13,    0,    0,    0,   -7,  -11,    0,    0,    5,    0,    0,   -9,    0,  -13,   -9,    0,    0,    0,    0,    0,   -9,    0,    0,    0,    0,    0,   -7,   -5,   -5,  -10,    0,    0,    0,   34,  -10,    0,    0,   -5,    0,    0,   34,   47,    0,  -10,    0,    0,    0,    0,    0,    0,   15,   45,  -24,  -24,    0,    0,    0,    0,    0,    0,    0,  -11,    0,  -11,   -7,    3,    3,    0,    0,  -30,    0,    0,   -7,  -19,    0,    0,    0,    0,    0,    0,    0,    0,  -13,    0,    0,    0,    0,
       0,    0,    0,    0,    0,    0,    0,    0,    0,    0,    0,    0,    0,    0,    0,    0,    0,    0,    0,    0,    0,    0,    0,    0,    0,    0,    0,    0,    0,  -17,    0,    0,    0,    0,    0,    0,    0,    0,    0,    0,    0,    0,    0,    0,    0,    0,    0,    0,    0,    0,    0,    0,    0,    0,    0,    0,    0,    0,    0,    0,    0,    0,    0,    0,    0,    0,    0,    0,    0,    0,    0,    0,    0,    0,    0,    0,    0,    0,    0,    0,    0,    0,    0,    0,  -17,  -17,  -17,    0,    0,    0,    0,    0,    0,    0,    0,    0,    0,    0,  -17,    0,    0,    0,    0,    0,    0,    0,    0,    0,    0,    0,    0,    0,    0,    0,    0,    0,    0,    0,    0,    0,    0,    0,    0,    0,    0,    0,    0,
       0,    0,    0,    0,    0,    0,    0,    0,    0,    0,    0,    0,    0,    0,    0,    0,    0,    0,    0,    0,    0,    0,    0,    0,    0,    0,    0,    0,    0,    0,    0,    0,    0,    0,    0,    0,    0,    0,    0,    0,    0,    0,    0,    0,    0,    0,    0,    0,    0,    0,    0,    0,    0,    0,    0,    0,    0,    0,    0,    0,    0,    0,    0,    0,    0,    0,    0,    0,    0,    0,    0,    0,    0,   21,    0,    0,    0,    0,    0,    0,   32,   21,    0,    0,    0,    0,    0,    0,    0,    0,   28,   32,    0,    0,    0,    0,    0,    0,    0,    0,    0,    0,    0,    0,    0,    0,    0,    0,    0,    0,    0,    0,    0,    0,    0,    0,    0,    0,    0,    0,    0,    0,    0,    0,    0,    0,    0,
       0,    0,    0,    0,    0,    0,  -15,    0,  -15,    0,    0,    0,    0,    0,    0,  -15,    0,    0,    0,    0,    0,  -28,    0,    0,    0,    0,    0,    0,    0,  -19,    0,    0,    0,    0,    0,    0,    0,    0,    0,   -7,    0,    0,    0,    0,    0,    0,    0,    0,    0,    0,    0,  -15,    0,  -17,  -38,    0,    0,    0,    0,    0,  -15,    0,    0,    0,    0,    0,    0,    0,    0,   -7,    0,    0,    0,    0,   -7,    0,    0,    0,    0,    0,    0,    0,    0,   -7,  -19,  -19,  -19,    0,    0,    0,    0,    0,    0,    0,    0,    0,    0,    0,  -19,    0,    0,    0,    0,    0,    0,    0,    0,    0,    0,    0,    0,    0,    0,    0,    0,    0,    0,    0,    0,    0,    0,    0,    0,    0,    0,    0,    0,
       0,    0,    0,    0,    0,    0,  -13,  -21,  -13,  -21,  -11,    0,    0,    0,    0,    0,    0,    0,    0,    0,    0,  -13,    0,    0,    0,  -13,    5,    0,  -19,  -19,    0,    0,    0,    0,    0,  -11,    0,    0,    0,   -6,    5,    3,    5,    5,    0,    5,    0,    5,    3,    5,    0,  -13,    0,    0,  -24,    0,    0,    0,    0,    0,  -13,    0,    0,    0,    0,    0,    0,    0,    0,   -6,    3,    3,    3,   11,   -6,    0,    5,    0,    0,    5,   11,   11,    5,   -6,  -19,  -19,  -19,    0,    5,    3,    0,   11,    0,    0,    0,    0,    0,    0,  -19,   -5,   -5,    5,    0,    5,    0,    0,    0,  -13,    5,  -26,    0,    0,    0,  -21,    5,    0,    0,    0,    0,    0,    0,    0,  -17,    0,    0,    0,    0,
       0,    0,    0,    0,    0,    0,    0,    0,    0,    0,    0,    0,    0,    0,    0,    0,    0,    0,    0,    0,    0,    0,    0,    0,    0,    0,    0,    0,    0,  -25,    0,  -15,  -11,    0,  -25,    0,    0,    0,    0,    0,    0,    0,    0,    0,    0,    0,    0,    0,    0,    0,    0,    0,    0,    0,    0,   -3,    0,    0,    0,    0,    0,    0,    0,    0,    0,    0,    0,    0,    0,    0,    0,    0,    0,    0,    0,    0,    0,    0,    0,    0,    0,    0,    0,    0,  -25,  -25,  -25,    0,    0,    0,    0,    0,    0,    0,    0,    0,    0,    0,  -25,    0,    0,    0,    0,    0,    0,  -25,  -25,  -17,    0,   -5,    0,    0,    0,    0,    0,    0,    0,    0,    0,    0,    0,    0,    0,    0,    0,    0,    0,
       0,    0,    0,    0,    0,    0,   -7,    0,   -7,    0,    0,    0,    0,    0,    0,   -5,    0,    0,    0,    0,    0,   -9,    0,    0,    0,    0,    0,    0,    0,  -11,    0,   -3,   -3,    0,   -5,    0,    0,    0,    2,   -3,   -8,    0,    3,    0,   -3,    0,    0,    7,    5,    0,    0,   -7,    0,    0,   -7,    0,    0,    0,    0,    0,   -7,    0,    0,    0,    0,    0,   -4,    2,    2,   -3,    0,    0,    0,    0,   -3,    0,    7,    2,    0,    0,    0,    0,    3,   -3,  -11,  -11,  -11,    0,    0,    0,   15,    0,    0,    0,    0,    0,    0,    0,  -11,    0,    0,    0,    0,    0,   -3,   -5,   -5,  -13,    0,    0,    0,    0,   -4,    0,    0,    0,    0,    0,    0,    0,    0,    0,   11,    0,    0,    0,    0,
       0,    0,    0,    0,    0,    0,  -13,    0,  -13,    0,  -11,    0,    0,    0,    0,    0,    0,    0,    0,    0,    0,  -13,    0,    0,    0,    0,    0,    0,    0,  -17,    0,    0,    0,    0,  -19,    0,    0,  -11,    0,    0,    0,    0,    0,    0,    0,    0,    0,    0,    0,    0,    0,  -13,    0,    0,  -24,    0,    0,    0,    0,    0,  -13,    0,    0,    0,    0,    0,    0,    0,    0,    0,    0,    0,    0,    0,    0,    0,    0,    0,    0,    0,    0,    0,    0,    0,  -17,  -42,  -17,    0,    0,    0,    0,    0,    0,    0,    0,    0,    0,    0,  -17,    0,    0,    0,    0,    0,    0,  -19,  -19,  -13,    5,    0,    0,    0,    0,    0,    5,    0,    0,    0,    0,    0,    0,    0,  -21,    0,    0,    0,    0,
       0,    0,    0,    0,    0,    0,  -13,  -15,  -13,  -15,  -19,    0,    0,    0,    0,    0,    0,    0,    0,    0,    0,  -11,  -13,    0,    0,  -23,    2,    0,  -21,  -11,    0,    0,    0,    0,  -11,    0,    0,  -26,   -2,   -7,    5,    0,    0,    0,    0,    5,    0,    0,    0,    0,    0,  -13,    0,  -13,  -13,    0,    0,    0,    0,    0,  -13,    0,    0,    0,    0,    0,    0,   -2,   -2,   -7,    0,    0,    0,    0,   -7,    0,    0,   -2,    0,    2,    0,    0,    0,   -7,  -11,  -32,  -11,    0,    2,    0,    0,    0,    0,    0,    0,    0,    0,    0,  -11,  -15,  -15,    5,    0,    5,    0,  -11,  -11,    0,    0,  -26,    0,    0,    0,  -39,    0,    0,    0,    0,    0,    0,    0,    0,  -17,    0,    0,    0,    0,
       0,    0,    0,  -11,    0,    0,    0,  -25,    0,  -25,    0,    0,    0,    0,    0,    0,    0,    0,    0,    0,    0,    0,    0,    0,    0,  -23,    0,    0,  -19,  -17,    0,    0,    0,    0,    0,  -11,    0,    0,    0,   -6,    0,    0,    0,    0,    0,    0,    0,    0,    0,    0,    0,    0,    0,  -11,    0,    0,    0,    0,    0,    0,    0,    0,    0,    0,    0,    0,    0,    0,    0,   -6,    0,    0,    0,    0,   -6,    0,    0,    0,    0,    0,    0,    0,    0,   -6,  -17,  -17,  -17,    0,    0,    0,    0,    0,    0,    0,    0,    0,    0,    0,  -17,    0,    0,    0,    0,    0,    0,    0,    0,    0,    0,  -26,    0,    0,    0,  -25,    0,    0,    0,    0,    0,    0,    0,    0,    0,    0,    0,    0,    0,
       0,    0,    0,    0,    0,    0,   -7,    0,   -7,    0,    0,    0,    0,    0,    0,    0,    0,    0,    0,    0,    0,    0,  -11,    0,    0,    0,    0,    0,    0,  -21,    0,    0,    0,    0,    0,    0,    0,    0,    0,   -7,    7,    0,    0,    0,    0,    7,    0,    0,    0,    0,    0,   -7,    0,  -11,   -7,    0,    0,    0,    0,    0,   -7,    0,    0,    0,    0,    0,    0,    0,    0,   -7,    0,    0,    0,    0,   -7,    0,    0,    0,    0,    0,    0,    0,    0,   -7,  -21,  -21,  -21,    0,    0,    0,    0,    0,    0,    0,    0,    0,    0,    0,  -21,    0,    0,    7,    0,    7,    0,    0,    0,    0,    0,    0,    0,    0,    0,    0,    0,    0,    0,    0,    0,    0,    0,    0,    0,    0,    0,    0,    0,
       0,    0,    0,    0,    0,    0,    0,    0,    0,    0,    0,    0,    0,    0,    0,    0,    0,    0,    0,    0,    0,    0,    0,    0,    0,    0,    0,    0,    0,  -11,    0,    0,    0,    0,    0,    0,    0,    0,    0,   -5,    0,    0,    0,    0,    0,    0,    0,    0,    0,    0,    0,    0,    0,    0,    0,    0,    0,    0,    0,    0,    0,    0,    0,    0,    0,    0,    0,    0,    0,   -5,    0,    0,    0,    0,   -5,    0,    0,    0,    0,    0,    0,    0,    0,   -5,  -11,  -11,  -11,    0,    0,    0,    0,    0,    0,    0,    0,    0,    0,    0,  -11,    0,    0,    0,    0,    0,    0,    0,    0,    0,    0,    0,    0,    0,    0,    0,    0,    0,    0,    0,    0,    0,    0,    0,    0,    0,    0,    0,    0,
       0,    0,    0,    0,    0,    0,    0,    0,    0,    0,    0,    0,    0,  -11,   -4,    0,    0,   -7,    0,    0,    0,    0,    0,    0,    0,  -11,    0,    0,  -15,  -25,    0,  -17,  -17,  -23,  -26,    0,    0,    0,    0,    0,    0,    0,    0,    0,    0,    0,    0,    0,    0,   -7,    0,    0,    0,    0,    0,    0,    0,    0,    0,   -6,    0,    0,    0,    0,    0,    0,    0,    0,    0,    0,    0,    0,    0,    0,    0,    0,    0,    0,    0,    0,    0,    0,    0,    0,  -36,  -36,  -25,    0,    0,    0,    0,    0,    0,    0,  -23,  -21,    0,    0,  -47,    0,    0,    0,    0,    0,    0,  -26,  -26,  -21,    0,    0,    0,    0,    0,    0,    0,    0,    0,    0,    0,    0,    0,    0,    0,    0,    0,    0,    0,
       0,    0,    0,    0,    0,    0,    0,    0,    0,    0,    0,    0,    0,    0,    0,    0,    0,    0,    0,    0,    0,    0,    0,    0,    0,    0,    0,    0,    0,  -23,    0,  -11,    0,    0,  -23,    0,    0,    0,    0,    0,    0,    0,    0,    0,    0,    0,    0,    0,    0,    0,    0,    0,    0,    0,    0,    0,    0,    0,    0,    0,    0,    0,    0,    0,    0,    0,    0,    0,    0,    0,    0,    0,    0,    0,    0,    0,    0,    0,    0,    0,    0,    0,    0,    0,  -23,  -23,  -23,    0,    0,    0,    0,    0,    0,    0,    0,    0,    0,    0,  -23,    0,    0,    0,    0,    0,    0,  -23,  -23,  -11,    0,    0,    0,    0,    0,    0,    0,    0,    0,    0,    0,    0,    0,    0,    0,    0,    0,    0,    0,
       0,    0,    0,    0,    0,    0,    0,    0,    0,    0,    0,    0,    0,    0,    0,    0,    0,    0,    0,    0,    0,    0,    0,    0,    0,    0,    0,    0,    0,    0,    0,    0,    0,    0,    0,    0,    0,    0,    0,    0,    0,   11,    0,    0,    0,    0,    0,    0,    0,    0,    0,    0,    0,    0,    0,    0,    0,    0,    0,    0,    0,    0,    0,    0,    0,    0,    0,    0,    0,    0,   11,   11,   11,    0,    0,    0,    0,    0,    0,    0,    0,    0,    0,    0,    0,    0,    0,    0,    0,   11,   15,    0,    0,    0,    0,    0,    0,    0,    0,    0,    0,    0,    0,    0,    0,    0,    0,    0,    0,    0,    0,    0,    0,    0,    0,    0,    0,    0,    0,    0,    0,    0,    0,    0,    0,    0,    0,
       0,    0,    0,  -13,    0,    0,    0,    0,    0,    0,    0,    0,    0,    0,    0,    0,    0,    0,    0,    0,    0,    0,    0,    0,    0,  -25,    0,    0,  -25,    0,    0,    0,    0,    0,    0,    0,    0,    0,    0,  -11,    0,    0,    0,    0,    0,    0,    0,    0,    0,    0,    0,    0,    0,    0,    0,    0,    0,    0,    0,    0,    0,    0,    0,    0,    0,    0,    0,    0,    0,  -11,    0,    0,    0,    0,  -11,    0,    0,    0,    0,    0,    0,    0,    0,  -11,    0,    0,    0,    0,    0,    0,    0,    0,    0,    0,    0,    0,    0,    0,    0,    0,    0,    0,    0,    0,    0,    0,    0,    0,    0,    0,    0,    0,    0,    0,    0,    0,    0,    0,    0,    0,    0,    0,    0,    0,    0,    0,    0,
       0,    0,    0,    0,    0,    0,    0,    0,    0,    0,    0,    0,    0,    0,    0,    0,    0,    0,    0,    0,    0,    0,    0,    0,    0,  -11,    0,    0,    0,  -17,    0,    0,    0,    0,  -21,    0,    0,    0,    0,    0,    0,    0,    0,    0,    0,    0,    0,    0,    0,    0,    0,    0,    0,    0,    0,    0,    0,    0,    0,    0,    0,    0,    0,    0,    0,    0,    0,    0,    0,    0,    0,    0,    0,    0,    0,    0,    0,    0,    0,    0,    0,    0,    0,    0,  -17,  -17,  -17,    0,    0,    0,    0,    0,    0,    0,    0,    0,    0,    0,  -40,    0,    0,    0,    0,    0,    0,  -21,  -21,    0,    0,    0,    0,    0,    0,    0,    0,    0,    0,    0,    0,    0,    0,    0,    0,    0,    0,    0,    0,
       0,    0,    0,  -11,    0,    0,    0,    0,    0,    0,    0,    0,    0,    0,    0,  -16,    0,    0,    0,    0,    0,    0,    0,    0,   -2,  -24,    0,   -2,  -24,    0,    0,    0,    0,   -2,   -3,    0,    0,    0,   -4,   -9,    0,    0,    0,    0,   -4,    0,    0,    0,    0,    0,    0,    0,    0,    0,    0,    0,    0,    0,    0,    0,    0,    0,    0,    0,    0,    0,    0,   -4,   -4,   -9,    0,    0,    0,    0,   -9,    0,    0,   -4,    0,    0,    0,    0,    0,   -9,    0,    0,    0,    0,    0,    0,    0,    0,    0,    0,   -2,    0,   -2,    0,    0,    0,    0,    0,    0,    0,   -4,   -3,   -3,    0,    0,    0,    0,    0,    0,    0,    0,    0,    0,    0,    0,    0,    0,    0,    0,    0,    0,    0,    0,
       0,    0,    0,    0,    0,    0,    0,    0,    0,    0,    0,    0,    0,    0,    0,    0,    0,    0,    0,    0,    0,    0,    0,    0,    0,    0,    0,    0,    0,    0,    0,    0,    0,    0,    0,    0,    0,    0,    0,    0,    0,    0,    0,    0,    0,    0,    0,    0,    0,    0,    0,    0,    0,    0,    0,    0,    0,    0,    0,    0,    0,    0,    0,    0,    0,    0,    0,    0,    0,    0,    0,    0,    0,    0,    0,    0,    0,    0,    0,    0,    0,    0,    0,    0,    0,    0,    0,    0,    0,    0,    0,    0,    0,    0,    0,    0,    0,    0,    0,    0,    0,    0,    0,    0,    0,    0,    0,    0,    0,    0,    0,    0,    0,    0,    0,    0,   -3,    0,    0,    0,    0,    0,    0,    0,    0,    0,    0,
       0,    0,    0,    0,    0,    0,  -13,    0,  -13,    0,  -11,    0,    0,    0,    0,    0,    0,    0,    0,    0,    0,  -13,    0,    0,    0,    0,    0,    0,    0,  -17,    0,    0,    0,    0,  -19,    0,    0,  -11,    0,    0,    0,    0,    0,    0,    0,    0,    0,    0,    0,    0,    0,  -13,    0,    0,  -24,    0,    0,    0,    0,    0,  -13,    0,    0,    0,    0,    0,    0,    0,    0,    0,    0,    0,    0,    0,    0,    0,    0,    0,    0,    0,    0,    0,    0,    0,  -17,  -42,  -17,    0,    0,    0,    0,    0,    0,    0,    0,    0,    0,    0,  -17,    0,    0,    0,    0,    0,    0,  -19,  -19,  -30,    5,    0,    0,    0,    0,    0,    5,    0,    0,    0,    0,    0,    0,    0,  -21,    0,    0,    0,    0,
       0,    0,    0,    0,    0,    0,    0,    0,    0,    0,    0,    0,    0,  -11,   -4,    0,    0,   -7,    0,    0,    0,    0,    0,    0,    0,  -11,    0,    0,  -15,  -51,    0,  -30,  -17,  -27,  -43,    0,    0,    0,    0,    0,    0,    0,    0,    0,    0,    0,    0,    0,    0,   -7,    0,    0,    0,    0,    0,    0,    0,    0,    0,   -6,    0,    0,    0,    0,    0,    0,    0,    0,    0,    0,    0,    0,    0,    0,    0,    0,    0,    0,    0,    0,    0,    0,    0,    0,  -51,  -51,  -51,    0,    0,    0,    0,    0,    0,    0,  -27,  -21,    0,    0,  -51,    0,    0,    0,    0,    0,    0,  -43,  -43,  -21,    0,    0,    0,    0,    0,    0,    0,    0,    0,    0,    0,    0,    0,    0,    0,    0,    0,    0,    0,
       0,    0,    0,    0,    0,    0,    0,    0,    0,    0,    0,    0,  -13,  -17,  -15,    0,    0,  -17,  -11,    0,    0,    0,    0,    0,    0,  -11,    0,    0,    0,  -43,    0,  -21,  -19,  -13,  -30,  -11,    0,    0,    0,    0,    0,    0,    0,    0,    0,    0,    0,  -11,  -11,  -11,    0,    0,    0,    0,    0,    0,    0,    0,    0,    0,    0,    0,    0,    0,    0,    0,    0,    0,    0,    0,    0,    0,    0,    0,    0,    0,  -11,    0,    0,    0,    0,    0,    0,    0,  -43,  -43,  -43,    0,    0,    0,    0,    0,  -11,  -11,  -30,  -15,    0,    0,  -66,    0,    0,    0,    0,    0,    0,  -30,  -30,  -28,    0,    0,    0,    0,    0,    0,    0,    0,    0,    0,    0,    0,    0,    0,    0,    0,    0,    0,    0,
       0,    0,    0,    0,    0,    0,    0,    0,    0,    0,    0,    0,    0,    0,    0,    0,    0,    0,    0,    0,    0,    0,    0,    0,    0,    0,    0,    0,    0,  -23,    0,  -26,  -24,    0,    0,    0,    0,    0,    0,    0,    0,    0,    0,    0,    0,    0,    0,    0,    0,    0,    0,    0,    0,    0,    0,    0,    0,    0,    0,    0,    0,    0,    0,    0,    0,    0,    0,    0,    0,    0,    0,    0,    0,    0,    0,    0,    0,    0,    0,    0,    0,    0,    0,    0,  -23,  -23,  -23,    0,    0,    0,    0,    0,    0,    0,    0,    0,    0,    0,  -23,    0,    0,    0,    0,    0,    0,    0,    0,  -21,  -11,    0,    0,    0,    0,    0,  -11,    0,    0,    0,    0,    0,    0,    0,    0,    0,    0,    0,    0,
       0,    0,    0,    0,    0,    0,    0,    0,    0,    0,    0,    0,    0,    0,    0,    0,    0,    0,    0,    0,    0,    0,    0,    0,    0,    0,    0,    0,    0,    0,    0,    0,    0,    0,    0,    0,    0,    0,    0,    0,    0,    0,    0,    0,    0,    0,    0,    0,    0,    0,    0,    0,    0,    0,    0,    0,    0,    0,    0,    0,    0,    0,    0,    0,    0,    0,    0,    0,    0,    0,    0,    0,    0,    7,    0,    0,    0,    0,    0,    0,    7,    7,    0,    0,    0,    0,    0,    0,    0,    0,   13,    7,    0,    0,    0,    0,    0,    0,    0,    0,    0,    0,    0,    0,    0,    0,    0,    0,    0,    0,    0,    0,    0,    0,    0,    0,    0,    0,    0,    0,    0,    0,    0,    0,    0,    0,    0,
       0,    0,    0,    0,    0,    0,    0,    0,    0,    0,    0,    0,    0,    0,    0,    0,    0,    0,    0,    0,    0,    0,    0,    0,    0,  -11,    0,    0,    0,  -30,    0,  -13,    0,  -15,  -15,    0,    0,    0,    0,    0,    0,    0,    0,    0,    0,    0,    0,    0,    0,    0,    0,    0,    0,    0,    0,    0,    0,    0,    0,    0,    0,    0,    0,    0,    0,    0,    0,    0,    0,    0,    0,    0,    0,    0,    0,    0,    0,    0,    0,    0,    0,    0,    0,    0,  -30,  -30,  -30,    0,    0,    0,    0,    0,    0,    0,  -15,    0,    0,    0,  -30,    0,    0,    0,    0,    0,    0,  -15,  -15,    0,    0,    0,    0,    0,    0,    0,    0,    0,    0,    0,    0,    0,    0,    0,    0,    0,    0,  -11,    0,
       0,    0,    0,    0,    0,    0,    0,  -34,    0,  -34,    0,    0,    0,    0,    0,    0,    0,    0,    0,    0,    0,    0,    0,    0,    0,  -13,    0,    0,  -13,  -19,    0,  -17,    0,    0,    0,  -13,    0,    0,    0,    0,    0,    0,    0,    0,    0,    0,    0,    0,    0,    0,    0,    0,    0,    0,    0,    0,    0,    0,    0,    0,    0,    0,    0,    0,    0,    0,    0,    0,    0,    0,    0,    0,    0,    0,    0,    0,    0,    0,    0,    0,    0,    0,    0,    0,  -19,  -19,  -19,    0,    0,    0,    0,    0,    0,    0,    0,    0,    0,    0,  -19,    0,    0,    0,    0,    0,    0,    0,    0,  -19,    0,  -42,    0,    0,    0,  -34,    0,    0,    0,    0,    0,    0,    0,    0,    0,    0,    0,    0,    0,
       0,    0,    0,    0,    0,    0,    0,    0,    0,    0,    0,    0,    0,    0,    0,    0,    0,    0,    0,    0,    0,    0,    0,    0,    0,    0,    0,    0,    0,  -19,    0,    0,    0,    0,    0,    0,    0,    0,    0,    0,    0,    0,    0,    0,    0,    0,    0,    0,    0,    0,    0,    0,    0,    0,    0,    0,    0,    0,    0,    0,    0,    0,    0,    0,    0,    0,    0,    0,    0,    0,    0,    0,    0,   11,    0,    0,    0,    0,    0,    0,   11,   11,    0,    0,  -19,  -19,  -19,    0,    0,    0,    0,   11,    0,    0,    0,    0,    0,    0,  -19,    0,    0,    0,    0,    0,    0,    0,    0,  -43,    0,    0,    0,    0,    0,    0,    0,    0,    0,    0,    0,    0,    0,    0,    0,    0,    0,    0,    0,
       0,    0,    0,    0,    0,    0,    0,    0,    0,    0,    0,    0,    0,    0,    0,    0,    0,    0,    0,    0,    0,    0,    0,    0,    0,    0,    0,    0,    0,  -26,    0,    0,    0,    0,    0,    0,    0,    0,    0,    0,    0,    0,    0,    0,    0,    0,    0,    0,    0,    0,    0,    0,    0,    0,    0,    0,    0,    0,    0,    0,    0,    0,    0,    0,    0,    0,    0,    0,    0,    0,    0,    0,    0,    0,    0,    0,    0,    0,    0,    0,    0,    0,    0,    0,  -26,  -26,  -26,    0,    0,    0,    0,    0,    0,    0,    0,    0,    0,    0,  -26,    0,    0,    0,    0,    0,    0,    0,    0,    0,    0,    0,    0,    0,    0,    0,    0,    0,    0,    0,    0,    0,    0,    0,    0,    0,    0,    0,    0,
       0,    0,    0,    0,    0,    0,    0,    0,    0,    0,    0,    0,    0,    0,    0,    0,    0,    0,    0,    0,    0,    0,    0,    0,    0,    0,    0,    0,    0,    0,    0,    0,    0,    0,    0,    0,    0,    0,    0,    0,    0,    0,    0,    0,    0,    0,    0,    0,    0,    0,    0,    0,    0,    0,    0,    0,    0,    0,    0,    0,    0,    0,    0,    0,    0,    0,    0,    0,    0,    0,    0,    0,    0,   32,    0,    0,    0,    0,    0,    0,   34,   32,    0,    0,    0,    0,    0,    0,    0,    0,   24,   32,    0,    0,    0,    0,    0,    0,    0,    0,    0,    0,    0,    0,    0,    0,    0,    0,    0,    0,    0,    0,    0,    0,    0,    0,    0,    0,    0,    0,    0,    0,    0,    0,    0,    0,    0,
       0,    0,    0,    0,    0,    0,    0,    0,    0,    0,    0,    0,   15,    0,    0,    0,    0,   30,    0,    0,    0,    0,    0,    0,    0,    0,   20,    0,    0,   30,    0,   28,    0,    0,    0,   30,    0,    0,    0,    0,   13,   21,   21,   11,    0,   17,    0,    0,    0,    0,    0,    0,    0,    0,    0,    0,    0,    0,    0,    0,    0,    0,    0,    0,    7,    0,    0,    0,    0,    0,   32,   21,   32,   55,    0,    0,    0,    0,    0,   20,   55,   55,   32,    0,   30,   30,   30,    0,   44,   32,   17,   55,    0,    0,    0,    0,    0,    0,   30,    0,    0,   17,    0,   17,    0,    0,    0,    0,    0,    0,    0,    0,    0,    0,    0,    0,    0,    0,    0,    0,    0,    0,    0,    0,    0,    0,    0,
       0,    0,    0,    0,    0,    0,    0,    0,    0,    0,    0,    0,  -13,    0,    0,    0,    0,    0,    0,    0,    0,    0,    0,    0,    0,    0,    0,    0,    0,  -40,    0,  -17,  -17,    0,  -25,    0,    0,    0,    0,    0,    0,    0,    0,    0,    0,    0,    0,   -5,    0,    0,    0,    0,    0,    0,    0,   -3,    0,    0,    0,    0,    0,    0,    0,    0,    0,    0,    0,    0,    0,    0,    0,    0,    0,    0,    0,    0,   -5,    0,    0,    0,    0,    0,    0,    0,  -40,  -40,  -40,    0,    0,    0,    0,    0,    0,    0,    0,    0,    0,    0,  -40,    0,    0,    0,    0,    0,    0,  -25,  -25,  -15,   -7,    0,    0,    0,    0,    0,   -7,    0,    0,    0,    0,    0,    0,    0,    0,    0,    0,    0,    0,
      -5,    0,    0,    0,   -4,    0,    0,    0,    0,    0,    0,    0,  -11,    0,    0,    0,    0,    0,    0,    0,    0,    0,    0,    0,    0,  -11,    0,    0,    0,  -43,    0,  -17,  -17,   -9,  -28,    0,    0,    0,    3,    0,    0,    0,    0,    0,    0,    0,    0,   -7,   -6,   -7,   -5,    0,  -11,    0,    0,   -4,    0,    0,    0,    0,    0,    0,    0,    0,    0,    0,    0,    3,    3,    0,    0,    0,    0,    0,    0,    0,   -7,    3,    0,    0,    0,    0,    0,    0,  -43,  -43,  -43,    0,    0,    0,   15,    0,    0,    0,   -9,    0,    0,    0,  -43,    0,    0,    0,   -3,    0,    0,  -57,  -28,  -21,   -8,    0,    0,    0,    0,    0,   -8,    0,    0,    0,    0,    0,    0,    0,    0,    0,    0,    0,    0,
       0,    0,    0,    0,    0,    0,    0,    0,    0,    0,    0,    0,  -13,    0,    0,    0,    0,    0,    0,    0,    0,    0,    0,    0,    0,    0,    0,    0,    0,  -47,    0,  -17,  -17,    0,  -25,    0,    0,    0,    0,    0,    0,    0,    0,    0,    0,    0,    0,   -5,    0,    0,    0,    0,    0,    0,    0,   -3,    0,    0,    0,    0,    0,    0,    0,    0,    0,    0,    0,    0,    0,    0,    0,    0,    0,    0,    0,    0,   -5,    0,    0,    0,    0,    0,    0,    0,  -47,  -47,  -47,    0,    0,    0,    0,    0,    0,    0,    0,    0,    0,    0,  -47,    0,    0,    0,    0,    0,    0,  -25,  -25,  -15,   -7,    0,    0,    0,    0,    0,   -7,    0,    0,    0,    0,    0,    0,    0,    0,    0,    0,    0,    0,
      11,    0,    0,    0,   29,   19,    0,    0,    0,    0,    0,    0,   15,    0,    0,    0,    0,   15,    0,    0,    0,    0,    0,    0,    0,    0,   11,    0,    0,   13,    0,    0,    0,    0,    0,    0,   19,    0,    0,    0,    0,   13,   11,   11,    0,    0,    0,    0,    0,    0,    0,    0,   13,    0,    0,    6,   19,    0,    0,    0,    0,    0,    0,    0,    0,    0,    0,    0,    0,    0,   13,   13,   24,   11,    0,    0,    0,    0,    0,   11,   11,   11,   11,    0,   13,   13,   13,    0,   11,   24,   15,   11,    0,    0,    0,    0,    0,    0,   13,    0,    0,    0,    0,    0,    0,    0,    0,   11,    0,    0,    0,    0,    0,    0,    0,    0,    0,    0,    0,    0,    0,    0,  -13,    0,    0,    0,    0,
       0,    0,    0,    0,    0,    0,    0,    0,    0,    0,    0,    0,    0,    0,    0,    0,    0,    0,    0,    0,    0,    0,    0,    0,    0,    0,   11,    0,    0,   11,    0,    0,    0,    0,    0,    0,    0,    0,    0,    0,    0,   11,   13,    0,    0,    0,    0,    0,    0,    0,    0,    0,    0,    0,    0,    0,    0,    0,    0,    0,    0,    0,    0,    0,    0,    0,    0,    0,    0,    0,   11,   11,   13,   13,    0,    0,    0,    0,    0,   13,   13,   13,   13,    0,   11,   11,   11,    0,   11,   11,   13,   13,    0,    0,    0,    0,    0,    0,   11,    0,    0,    0,    0,    0,    0,    0,    0,    0,    0,    0,    0,    0,    0,    0,    0,    0,    0,    0,    0,    0,    0,    0,    0,    0,    0,    0,    0,
       0,    0,    0,    0,    0,    0,    0,    0,    0,    0,    0,    0,   15,    0,    0,    0,    0,   30,    0,    0,    0,    0,    0,    0,    0,    0,   20,    0,    0,   30,    0,   28,    0,    0,    0,   30,    0,    0,    0,    0,   13,   34,   32,   11,    0,   17,    0,    0,    0,    0,    0,    0,    0,    0,    0,    0,    0,    0,    0,    0,    0,    0,    0,    0,    7,    0,    0,    0,    0,    0,   34,   34,   34,   55,    0,    0,    0,    0,    0,   20,   55,   55,   32,    0,   30,   30,   30,    0,   44,   34,   36,   55,    0,    0,    0,    0,    0,    0,   30,    0,    0,   17,    0,   17,    0,    0,    0,    0,    0,    0,    0,    0,    0,    0,    0,    0,    0,    0,    0,    0,    0,    0,    0,    0,    0,    0,    0,
       0,    0,    0,    0,    0,    0,    0,    0,    0,    0,    0,    0,   15,    0,    0,    0,    0,   30,    0,    0,    0,    0,    0,    0,    0,    0,   20,    0,    0,   30,    0,   28,    0,    0,    0,   30,    0,    0,    0,    0,   13,   34,   34,   11,    0,   17,    0,    0,    0,    0,    0,    0,    0,    0,    0,    0,    0,    0,    0,    0,    0,    0,    0,    0,    7,    0,    0,    0,    0,    0,   34,   34,   34,   55,    0,    0,    0,    0,    0,   20,   55,   55,   34,    0,   30,   30,   30,    0,   44,   34,   17,   55,    0,    0,    0,    0,    0,    0,   30,    0,    0,   17,    0,   17,    0,    0,    0,    0,    0,    0,    0,    0,    0,    0,    0,    0,    0,    0,    0,    0,    0,    0,    0,    0,    0,    0,    0,
       0,    0,    0,    0,    0,    0,    0,    0,    0,    0,    0,    0,   15,    0,    0,    0,    0,   30,    0,    0,    0,    0,    0,    0,    0,    0,   20,    0,    0,   30,    0,   28,    0,    0,    0,   30,    0,    0,    0,    0,   13,   34,   21,   11,    0,   17,    0,    0,    0,    0,    0,    0,    0,    0,    0,    0,    0,    0,    0,    0,    0,    0,    0,    0,    7,    0,    0,    0,    0,    0,   34,   34,   34,   55,    0,    0,    0,    0,    0,   20,   55,   55,   32,    0,   30,   30,   30,    0,   44,   34,   17,   55,    0,    0,    0,    0,    0,    0,   30,    0,    0,   17,    0,   17,    0,    0,    0,    0,    0,    0,    0,    0,    0,    0,    0,    0,    0,    0,    0,    0,    0,    0,    0,    0,    0,    0,    0,
       0,    0,    0,    0,    0,    0,    0,    0,    0,    0,    0,    0,    0,    0,    0,    0,    0,    0,    0,    0,    0,    0,    0,    0,    0,    0,    0,    0,    0,    0,    0,    0,    0,    0,    0,    0,    0,    0,    0,    0,    0,    0,    0,    0,    0,    0,    0,    0,    0,    0,    0,    0,    0,    0,    0,    0,    0,    0,    0,    0,    0,    0,    0,    0,    0,    0,    0,    0,    0,    0,    0,    0,    0,   32,    0,    0,    0,    0,    0,    0,   34,   32,    0,    0,    0,    0,    0,    0,    0,    0,   24,   34,    0,    0,    0,    0,    0,    0,    0,    0,    0,    0,    0,    0,    0,    0,    0,    0,    0,    0,    0,    0,    0,    0,    0,    0,    0,    0,    0,    0,    0,    0,    0,    0,    0,    0,    0,
     -30,    0,    0,    0,    0,  -59,  -45,    0,  -45,    0,    0,    0,  -15,    0,    0,    0,    0,    0,    0,    0,    0,    0,    0,    0,   -9,    0,    0,   -9,    0,  -32,    0,  -23,    0,    0,  -11,    0,  -59,    0,    0,    0,    0,    0,    0,    0,    0,   -7,    0,  -23,    0,    0,    0,  -43,  -32,  -21,  -45,  -27,  -59,    0,    0,  -29,  -45,    0,    0,    0,    0,    0,  -11,    0,    0,    0,    0,    0,    0,    0,    0,    0,  -23,    0,    0,    0,    0,    0,    0,    0,  -32,  -32,  -32,    0,    0,    0,    0,    0,    0,    0,    0,    0,   -9,    0,  -32,    0,    0,   -7,  -47,   -7,    0,  -11,  -22,  -28,  -13,    0,  -15,  -15,  -11,    0,  -36,    0,    0,    0,    0,    0,    0,    0,    0,    0,    0,    0,    0,
       0,    0,    0,    0,    0,    0,    0,    0,    0,    0,    0,    0,    0,    0,    0,    0,    0,    0,    0,    0,    0,    0,    0,    0,    0,    0,    0,    0,    0,    0,    0,    0,    0,    0,    0,    0,    0,    0,    0,    0,    0,    0,    0,    0,    0,    5,    0,    2,    0,    0,    0,    0,    0,    0,    0,    0,    0,    0,    0,    0,    0,    0,    0,    0,    0,   11,    0,    0,    0,    0,    0,    0,    0,   20,    0,    0,    2,    0,   11,    0,   20,   20,    0,    0,    0,    0,    0,    0,    0,    0,   24,   20,    0,    0,    0,    0,    0,    0,    0,    0,    0,    5,    0,    5,    0,    0,    0,    0,    0,    0,    0,    0,    0,    0,    0,    0,    0,    0,    0,    0,    0,    0,    0,    0,    0,    0,    0,
     -30,    0,    0,    0,    0,  -57,  -42,    0,  -42,    0,    0,    0,  -15,    0,    0,    0,    0,    0,    0,    0,    0,    0,    0,    0,   -9,    0,    0,   -9,    0,  -32,    0,  -23,    0,    0,  -11,    0,  -43,    0,    0,    0,    0,    0,    0,    0,    0,   -7,    0,  -23,    0,    0,    0,  -40,  -32,  -21,  -42,  -27,  -59,    0,    0,  -29,  -42,    0,    0,    0,    0,    0,  -11,    0,    0,    0,    0,    0,    0,    0,    0,    0,  -23,    0,    0,    0,    0,    0,    0,    0,  -32,  -32,  -32,    0,    0,    0,    0,    0,    0,    0,    0,    0,   -9,    0,  -32,    0,    0,   -7,  -47,   -7,    0,  -11,  -22,  -28,  -13,    0,  -15,  -15,  -11,    0,  -36,    0,    0,    0,    0,    0,    0,    0,    0,    0,    0,    0,    0,
       0,    0,    0,    0,    0,    0,    0,    0,    0,    0,    0,    0,    0,    0,    0,    0,    0,    0,    0,    0,    0,    0,    0,    0,    0,    0,    0,    0,    0,    0,    0,    0,    0,    0,  -11,    0,    0,    0,    0,    0,    0,    0,    0,    0,    0,    0,    0,    0,    0,    0,    0,    0,    0,    0,    0,    0,    0,    0,    0,    0,    0,    0,    0,    0,    0,    0,    0,    0,    0,    0,    0,    0,    0,    0,    0,    0,    0,    0,    0,    0,    0,    0,    0,    0,    0,    0,    0,    0,    0,    0,    0,    0,    0,    0,    0,    0,    0,    0,    0,    0,    0,    0,    0,    0,    0,  -11,  -11,    0,    0,    0,    0,    0,    0,    0,    0,    0,    0,    0,    0,    0,    0,    0,    0,    0,    0,    0,    0,
       0,    0,    0,    0,    0,    0,    0,    0,    0,    0,    0,    0,    0,    0,    0,    0,    0,    0,    0,    0,    0,    0,    0,    0,    0,    0,    0,    0,    0,    0,    0,    0,    0,    0,    0,    0,    0,    0,    0,    0,    0,    0,    0,    0,    0,    5,    0,    2,    0,    0,    0,    0,    0,    0,    0,    0,    0,    0,    0,    0,    0,    0,    0,    0,    0,   22,    0,    0,    0,    0,    0,    0,    0,   20,    0,    0,    2,    0,   11,    0,   20,   20,    0,    0,    0,    0,    0,    0,    0,    0,   11,   20,    0,    0,    0,    0,    0,    0,    0,    0,    0,    5,    0,    5,    0,    0,    0,    0,    0,    0,    0,    0,    0,    0,    0,    0,    0,    0,    0,    0,    0,    0,    0,    0,    0,    0,    0,
     -30,    0,    0,    0,    0,  -55,  -28,    0,  -45,    0,    0,    0,  -15,    0,    0,    0,    0,    0,    0,    0,    0,    0,    0,    0,   -9,    0,    0,   -9,    0,  -32,    0,  -23,    0,    0,  -22,    0,  -55,    0,    0,    0,    0,    0,    0,    0,    0,   -7,    0,  -23,    0,    0,    0,  -42,  -32,  -21,  -72,  -27,  -55,    0,    0,  -29,  -49,    0,    0,    0,    0,    0,  -11,    0,    0,    0,    0,    0,    0,    0,    0,    0,  -23,    0,    0,    0,    0,    0,    0,    0,  -32,  -32,  -32,    0,    0,    0,    0,    0,    0,    0,    0,    0,   -9,    0,  -32,    0,    0,   -7,  -47,   -7,    0,  -22,  -22,  -28,  -24,    0,  -15,  -15,  -11,    0,  -24,    0,    0,    0,    0,    0,    0,    0,    0,    0,    0,    0,    0,
       0,    0,    0,    0,    0,    0,    0,    0,    0,    0,    0,    0,    0,    0,    0,    0,    0,    0,    0,    0,    0,    0,    0,    0,    0,    0,    0,    0,    0,    0,    0,    0,    0,    0,    0,    0,    0,    0,    0,    0,    0,    0,    0,    0,    0,   10,    0,    2,    0,    0,    0,    0,    0,    0,    0,    0,    0,    0,    0,    0,    0,    0,    0,    0,    0,   22,    0,    0,    0,    0,    0,    0,    0,   20,    0,    0,    2,    0,   11,    0,   20,   20,    0,    0,    0,    0,    0,    0,    0,    0,   11,   20,    0,    0,    0,    0,    0,    0,    0,    0,    0,   10,    0,   10,    0,    0,    0,    0,    0,    0,    0,    0,    0,    0,    0,    0,    0,    0,    0,    0,    0,    0,    0,    0,    0,    0,    0,
       0,    0,    0,  -11,    0,    0,  -36,  -11,  -36,  -11,  -43,  -11,    0,    0,    0,  -23,    0,  -26,    0,    0,  -11,  -26,  -11,    0,  -10,  -28,    0,  -10,  -30,    0,    0,    0,    0,    0,    7,    0,    0,  -19,  -24,  -26,    0,    0,    0,  -19,  -25,  -34,  -36,  -21,  -21,  -42,  -26,  -36,    0,  -43,  -36,    0,    0,    0,  -36,    0,  -36,    0,  -17,    0,    0,    0,  -11,  -38,  -38,  -43,    0,    0,    0,   30,  -43,  -36,  -32,  -24,    0,    0,   30,   30,    0,  -26,    0,    0,    0,  -36,    0,    0,   42,   30,  -46,  -46,    0,    0,  -10,    0,    0,    0,    0,  -34,  -18,  -34,  -25,    7,    7,    0,    0,  -40,    0,    0,  -11,  -40,    0,    0,    0,    0,    0,    0,    0,    0,  -42,    0,    0,    0,    0,
       0,    0,    0,  -11,    0,    0,  -36,  -11,  -36,  -11,  -43,  -11,    0,    0,    0,  -23,    0,  -26,    0,    0,  -11,  -26,  -11,    0,  -10,  -28,    0,  -10,  -30,    0,    0,    0,    0,    0,    7,    0,    0,  -19,  -24,  -26,    0,    0,    0,  -19,  -25,  -34,  -25,  -21,  -21,  -21,  -15,  -36,    0,  -43,  -36,    0,    0,    0,  -59,    0,  -36,    0,  -17,    0,    0,    0,  -11,  -38,  -38,  -43,    0,    0,    0,   30,  -43,  -42,  -32,  -24,    0,    0,   30,   30,    0,  -26,    0,    0,    0,  -38,    0,    0,   42,   30,  -46,  -46,    0,    0,  -10,    0,    0,    0,    0,  -34,  -18,  -34,  -25,    7,    7,    0,    0,  -40,    0,    0,  -11,  -40,    0,    0,    0,    0,    0,    0,    0,    0,  -42,    0,    0,    0,    0,
       0,    0,    0,  -11,    0,    0,  -25,  -11,  -25,  -11,  -43,  -11,    0,    0,    0,  -23,    0,  -26,    0,    0,  -11,  -26,  -11,    0,  -10,  -47,    0,  -10,  -70,    0,    0,    0,    0,    0,    7,    0,    0,  -19,  -24,  -26,    0,    0,    0,  -19,  -25,  -34,  -25,  -21,  -21,  -21,  -15,  -25,    0,  -43,  -25,    0,    0,    0,  -59,    0,  -51,    0,  -17,    0,    0,    0,  -11,  -38,  -38,  -43,    0,    0,    0,   30,  -43,  -42,  -32,  -24,    0,    0,   30,   30,    0,  -26,    0,    0,    0,  -38,    0,    0,   42,   30,  -46,  -46,    0,    0,  -10,    0,    0,    0,    0,  -34,  -18,  -34,  -25,    7,    7,    0,    0,  -40,    0,    0,  -11,  -40,    0,    0,    0,    0,    0,    0,    0,    0,  -66,    0,    0,    0,    0,
       0,    0,    0,    0,    0,    0,    0,    0,    0,    0,    0,    0,    0,    0,    0,    0,    0,    0,    0,    0,    0,    0,    0,    0,    0,    0,    0,    0,    0,    0,    0,    0,    0,    0,    0,    0,    0,    0,  -20,  -23,  -10,    0,    0,  -20,  -20,  -10,  -20,  -20,  -20,  -20,  -20,    0,    0,    0,    0,    0,    0,    0,  -20,    0,    0,    0,    0,    0,    0,    0,    0,  -20,  -20,  -23,    0,    0,    0,    0,  -23,  -20,  -20,  -20,    0,    0,    0,    0,    0,  -23,    0,    0,    0,  -20,    0,    0,    0,    0,    0,    0,    0,    0,    0,    0,    0,    0,    0,  -10,    0,  -10,  -20,    0,    0,    0,    0,    0,    0,    0,    0,    0,    0,    0,    0,    0,    0,    0,    0,    0,    0,    0,    0,    0,    0,
       0,    0,    0,    0,    0,    0,    0,  -15,    0,  -15,    0,    0,    0,    0,    0,    0,    0,    0,    0,    0,    0,    0,    0,    0,    0,  -11,    0,    0,    0,    0,    0,    0,    0,    0,    0,    0,    0,    0,    0,    0,    0,    0,    0,    0,    0,    0,    0,    0,    0,    0,    0,    0,    0,    0,    0,    0,    0,    0,    0,    0,    0,    0,    0,    0,    0,    0,    0,    0,    0,    0,    0,    0,    0,    0,    0,    0,    0,    0,    0,    0,    0,    0,    0,    0,    0,    0,    0,    0,    0,    0,    0,    0,    0,    0,    0,    0,    0,    0,    0,    0,    0,    0,    0,    0,    0,    0,    0,    0,    0,    0,    0,    0,    0,  -15,    0,    0,    0,    0,    0,    0,    0,    0,    0,    0,    0,    0,    0,
       0,    0,    0,    0,    0,    0,    0,  -15,    0,  -15,    0,    0,    0,    0,    0,    0,    0,    0,    0,    0,    0,    0,    0,    0,    0,    0,    0,    0,    0,    0,    0,    0,    0,    0,    0,    0,    0,    0,    0,    0,    0,    0,    0,    0,    0,    0,    0,    0,    0,    0,    0,    0,    0,    0,    0,    0,    0,    0,    0,    0,    0,    0,    0,    0,    0,    0,    0,    0,    0,    0,    0,    0,    0,    0,    0,    0,    0,    0,    0,    0,    0,    0,    0,    0,    0,    0,    0,    0,    0,    0,    0,    0,    0,    0,    0,    0,    0,    0,    0,    0,    0,    0,    0,    0,    0,    0,    0,    0,    0,    0,    0,    0,    0,  -15,    0,    0,    0,    0,    0,    0,    0,    0,    0,    0,    0,    0,    0,
       0,    0,    0,    0,    0,    0,    0,    0,    0,    0,    0,    0,    0,    0,    0,    0,    0,    0,    0,    0,    0,    0,    0,    0,    0,    0,    0,    0,    0,   13,    0,    0,    0,    0,    0,    0,    0,    0,    0,    0,    0,    0,    0,    0,    0,    0,    0,    0,    0,    0,    0,    0,    0,    0,    0,    0,    0,    0,    0,    0,    0,    0,    0,    0,    0,    0,    0,    0,    0,    0,    0,    0,    0,    0,    0,    0,    0,    0,    0,    0,    0,    0,    0,    0,   13,   13,   13,    0,    0,    0,    0,    0,    0,    0,    0,    0,    0,    0,   13,    0,    0,    0,    0,    0,    0,    0,    0,    0,    0,    0,    0,    0,    0,    0,    0,    0,    0,    0,    0,    0,    0,    0,    0,    0,    0,    0,    0,
       0,    0,    0,    0,    0,    0,    0,    0,    0,    0,    0,    0,    0,    0,    0,    0,    0,    0,    0,    0,    0,    0,    0,    0,    0,    0,    0,    0,    0,    0,    0,    0,    0,    0,    0,    0,    0,    0,    0,  -11,    0,    0,    0,    0,    0,   10,    0,    5,    0,    0,    0,    0,    0,    0,    0,    0,    0,    0,    0,    0,    0,    0,    0,    0,    0,    0,    0,    0,    0,  -11,    0,    0,    0,    0,  -11,    0,    5,    0,    0,    0,    0,    0,    0,  -11,    0,    0,    0,    0,    0,    0,    0,    0,    0,    0,    0,    0,    0,    0,    0,    0,    0,   10,    0,   10,    0,    0,    0,    0,    0,    0,    0,    0,    0,    0,    0,    0,    0,    0,    0,    0,    0,    0,    0,    0,    0,    0,    0,
       0,    0,    0,    0,    0,    0,    0,    0,    0,    0,    0,    0,    0,    0,    0,    0,    0,    0,    0,    0,    0,    0,    0,    0,    0,    0,    0,    0,    0,  -24,    0,    0,    0,    0,    0,    0,    0,    0,    0,   -5,    0,    0,    0,    0,    0,    0,    0,    0,    0,    0,    0,    0,    0,    0,    0,    0,    0,    0,    0,    0,    0,    0,    0,    0,    0,    0,    0,    0,    0,   -5,    0,    0,    0,    0,   -5,    0,    0,    0,    0,    0,    0,    0,    0,   -5,  -24,  -24,  -24,    0,    0,    0,    0,    0,    0,    0,    0,    0,    0,    0,  -24,    0,    0,    0,    0,    0,    0,    0,    0,    0,    0,    0,    0,    0,    0,    0,    0,    0,    0,    0,    0,    0,    0,    0,    0,    0,    0,    0,    0,
       0,    0,    0,    0,    0,    0,    0,    0,    0,    0,    0,    0,    0,    0,    0,    0,    0,    0,    0,    0,    0,    0,    0,    0,    0,    0,    0,    0,    0,    0,    0,    0,    0,    0,    0,    0,    0,    0,    0,    0,    0,    0,    0,    0,    0,    0,    0,    0,    0,    0,    0,    0,    0,    0,    0,    0,    0,    0,    0,    0,    0,    0,    0,    0,    0,    0,    0,    0,    0,    0,    0,    0,    0,   32,    0,    0,    0,    0,    0,    0,   32,   32,    0,    0,    0,    0,    0,    0,    0,    0,   30,   32,    0,    0,    0,    0,    0,    0,    0,    0,    0,    0,    0,    0,    0,    0,    0,    0,    0,    0,    0,    0,    0,    0,    0,    0,    0,    0,    0,    0,    0,    0,    0,    0,    0,    0,    0,
      -5,    0,    0,    0,   -4,    0,    0,    0,    0,    0,    0,    0,  -11,    0,    0,    0,    0,    0,    0,    0,    0,    0,    0,    0,    0,  -11,    0,    0,    0,  -52,    0,  -17,  -17,   -9,  -28,    0,    0,    0,    3,    0,    0,    0,    0,    0,    0,    0,    0,   -7,   -6,   -7,   -5,    0,  -11,    0,    0,   -4,    0,    0,    0,    0,    0,    0,    0,    0,    0,    0,    0,    3,    3,    0,    0,    0,    0,    0,    0,    0,   -7,    3,    0,    0,    0,    0,    0,    0,  -52,  -52,  -52,    0,    0,    0,   15,    0,    0,    0,   -9,    0,    0,    0,  -52,    0,    0,    0,   -3,    0,    0,  -57,  -28,  -21,   -8,    0,    0,    0,    0,    0,   -8,    0,    0,    0,    0,    0,    0,    0,    0,    0,    0,    0,    0,
       0,    0,    0,    0,    0,    0,    0,    0,    0,    0,    0,    0,    0,    0,    0,    0,    0,    0,    0,    0,    0,    0,    0,    0,    0,    0,    0,    0,    0,    0,    0,    0,    0,    0,    0,    0,    0,    0,    0,    0,    0,    0,    0,    0,    0,    0,    0,    0,    0,    0,    0,    0,    0,    0,    0,    0,    0,    0,    0,    0,    0,    0,    0,    0,    0,    0,    0,    0,    0,    0,    0,    0,    0,    0,    0,    0,    0,    0,    0,    0,    0,    0,    0,    0,    0,    0,    0,    0,    0,    0,   11,    0,    0,    0,    0,    0,    0,    0,    0,    0,    0,    0,    0,    0,    0,    0,    0,    0,    0,    0,    0,    0,    0,    0,    0,    0,    0,    0,    0,    0,    0,    0,    0,    0,    0,    0,    0,
       0,    0,    0,    0,    0,    0,  -13,    0,  -13,    0,  -11,    0,    0,    0,    0,    0,    0,    0,    0,    0,    0,  -13,    0,    0,    0,    0,    0,    0,    0,  -32,    0,    0,    0,    0,  -19,    0,    0,  -11,    0,    0,    0,    0,    0,    0,    0,    0,    0,    0,    0,    0,    0,  -13,    0,    0,  -24,    0,    0,    0,    0,    0,  -13,    0,    0,    0,    0,    0,    0,    0,    0,    0,    0,    0,    0,    0,    0,    0,    0,    0,    0,    0,    0,    0,    0,    0,  -32,  -32,  -32,    0,    0,    0,    0,    0,    0,    0,    0,    0,    0,    0,  -32,    0,    0,    0,    0,    0,    0,  -19,  -19,  -13,    5,    0,    0,    0,    0,    0,    5,    0,    0,    0,    0,    0,    0,    0,  -21,    0,    0,    0,    0,
       0,    0,    0,    0,    0,    0,    0,    0,    0,    0,    0,    0,    0,    0,    0,    0,    0,    0,    0,    0,    0,    0,    0,    0,    0,    0,    0,    0,    0,    0,    0,    0,    0,    0,    0,    0,    0,    0,    0,    0,    0,    0,    0,    0,    0,    0,    0,    0,    0,    0,    0,    0,    0,    0,    0,    0,    0,    0,    0,    0,    0,    0,    0,    0,    0,    0,    0,    0,    0,    0,    0,    0,    0,    7,    0,    0,    0,    0,    0,    0,    7,    7,    0,    0,    0,    0,    0,    0,    0,    0,   24,    7,    0,    0,    0,    0,    0,    0,    0,    0,    0,    0,    0,    0,    0,    0,    0,    0,    0,    0,    0,    0,    0,    0,    0,    0,    0,    0,    0,    0,    0,    0,    0,    0,    0,    0,    0,
       0,    0,    0,    0,    0,    0,    0,    0,    0,    0,    0,    0,    0,    0,    0,    0,    0,    0,    0,    0,    0,    0,    0,    0,    0,    0,    0,    0,    0,    0,    0,    0,    0,    0,    0,    0,    0,    0,    0,    0,    0,    0,    0,    0,    0,    0,    0,    0,    0,    0,    0,    0,    0,    0,    0,    0,    0,    0,    0,    0,    0,    0,    0,    0,    0,    0,    0,    0,    0,    0,    0,    0,    0,   32,    0,    0,    0,    0,    0,    0,   32,   32,    0,    0,    0,    0,    0,    0,    0,    0,   28,   32,    0,    0,    0,    0,    0,    0,    0,    0,    0,    0,    0,    0,    0,    0,    0,    0,    0,    0,    0,    0,    0,    0,    0,    0,    0,    0,    0,    0,    0,    0,    0,    0,    0,    0,    0,
       0,    0,    0,    0,    0,    0,    0,    0,    0,    0,    0,    0,   15,    0,    0,    0,    0,   30,    0,    0,    0,    0,    0,    0,    0,    0,   20,    0,    0,   30,    0,   28,    0,    0,    0,   30,    0,    0,    0,    0,   13,   32,   34,   11,    0,   17,    0,    0,    0,    0,    0,    0,    0,    0,    0,    0,    0,    0,    0,    0,    0,    0,    0,    0,    7,    0,    0,    0,    0,    0,   32,   32,   32,   55,    0,    0,    0,    0,    0,   20,   55,   55,   34,    0,   30,   30,   30,    0,   44,   32,   32,   69,    0,    0,    0,    0,    0,    0,   30,    0,    0,   17,    0,   17,    0,    0,    0,    0,    0,    0,    0,    0,    0,    0,    0,    0,    0,    0,    0,    0,    0,    0,    0,    0,    0,    0,    0,
       0,    0,    0,    0,    0,    0,    0,    0,    0,    0,    0,    0,    0,    0,    0,    0,    0,    0,    0,    0,    0,    0,    0,    0,    0,    0,    0,    0,    0,  -11,    0,    0,    0,    0,    0,    0,    0,   21,    0,    0,    0,    0,    0,    0,    0,    0,    0,    0,    0,    0,    0,    0,    0,    0,    0,    0,    0,    0,    0,    0,    0,    0,    0,    0,    0,    0,    0,    0,    0,    0,    0,    0,    0,    0,    0,    0,    0,    0,    0,    0,    0,    0,    0,    0,  -11,  -11,  -11,    0,    0,    0,    0,    0,    8,    8,    0,    0,    0,    0,  -11,    0,    0,    0,    0,    0,    0,    0,    0,    0,    0,    0,    0,    0,    0,    0,    0,    0,    0,    0,    0,    0,    0,    0,    0,    0,    0,    0,    0,
       0,    0,   -3,    0,    0,    0,  -47,    0,  -47,    0,    0,  -11,    0,    0,   -7,  -13,    0,    0,   -7,    0,    0,  -17,  -17,    0,  -11,    0,    0,  -11,    0,  -13,    0,    0,    0,    0,    0,    0,    0,    0,  -19,   -9,    0,    0,    0,    0,    0,    0,    0,    0,    0,    0,    0,  -47,    0,  -30,  -47,   -2,    0,    0,    0,    0,  -47,    0,    0,    0,    0,    0,  -15,  -19,  -19,   -9,    0,    0,    0,    0,   -9,    0,    0,  -19,    0,    0,    0,    0,    0,   -9,  -13,  -13,  -13,    0,    0,    0,   28,    0,    0,    0,    0,   -7,  -28,  -11,  -13,    0,    0,  -21,  -26,    0,    0,    0,    0,    0,    0,    0,    0,    0,  -15,    0,    0,    0,    0,    0,    0,    0,    0,    0,    0,    0,  -11,    0,    0,
       0,    0,    0,    0,    0,    0,    0,  -15,    0,  -15,  -13,    0,    0,    0,    0,    0,    0,    0,    0,    0,    0,    0,    0,    0,    0,  -11,    0,    0,    0,  -10,    0,  -11,    0,  -11,  -11,    0,    0,  -13,    0,    0,    0,    0,    0,    0,    0,    0,    0,    0,    0,    0,    0,    0,    0,    0,    0,   -2,    0,    0,    0,    0,    0,    0,    0,    0,    0,    0,    0,    0,    0,    0,    0,    0,    0,    0,    0,    0,    0,    0,    0,    0,    0,    0,    0,    0,  -10,  -10,  -10,    0,    0,    0,    0,    0,    0,    0,  -28,    0,    0,    0,  -21,    0,    0,    0,    0,    0,    0,  -11,  -11,  -11,    0,  -30,    0,    0,    0,  -15,    0,    0,    0,    0,    0,    0,    0,  -13,  -33,    0,    0,    0,    0,
       0,    0,    0,    0,    0,    0,    0,  -15,    0,  -15,    0,    0,    0,    0,    0,    0,    0,    0,    0,    0,    0,    0,    0,    0,    0,    0,    0,    0,    0,    0,    0,    0,    0,    0,    0,    0,    0,  -13,    0,    0,    0,    0,    0,    0,    0,    0,    0,    0,    0,    0,    0,    0,    0,    0,    0,    0,    0,    0,    0,    0,    0,    0,    0,    0,    0,    0,    0,    0,    0,    0,    0,    0,    0,    0,    0,    0,    0,    0,    0,    0,    0,    0,    0,    0,    0,    0,    0,    0,    0,    0,    0,    0,    0,    0,    0,    0,    0,    0,    0,    0,    0,    0,    0,    0,    0,    0,    0,    0,    0,  -11,    0,    0,    0,  -15,    0,    0,    0,    0,    0,    0,    0,    0,    0,    0,    0,    0,    0,
     -10,    0,    0,    0,    0,  -10,  -10,    5,  -10,    5,    0,   -3,    0,    0,    0,   -8,    0,    0,   -3,    0,    0,    0,    0,    0,    0,    0,    0,    0,    0,    0,    0,    0,    0,    0,    0,    0,  -10,    0,    0,   -5,   -8,    0,    0,    0,    0,   -8,    0,   -7,   -8,    0,    0,  -10,    0,    0,  -10,    0,  -10,    0,    0,   -8,  -10,    0,    0,    0,    0,    0,    0,    0,    0,   -5,    0,    0,    0,    0,   -5,    0,   -7,    0,    0,    0,    0,    0,    0,   -5,    0,    0,    0,    0,    0,    0,    0,    0,    0,    0,    0,    0,    0,    0,    0,    0,    0,   -8,   -5,   -8,    0,    0,    0,    0,  -10,    0,    0,    0,    0,    5,  -10,    0,    0,    0,    0,    0,    0,    0,    0,    0,    0,    0,    0,
       0,    0,    0,    0,    0,    0,  -13,  -42,  -13,  -42,  -11,    0,    0,    0,    0,    0,    0,    0,    0,    0,    0,  -13,    0,    0,    0,  -13,    5,    0,  -19,  -19,    0,    0,    0,    0,    0,  -11,    0,    0,    0,   -6,    5,    3,    5,    5,    0,    5,    0,    5,    3,    5,    0,  -13,    0,    0,  -24,    0,    0,    0,    0,    0,  -13,    0,    0,    0,    0,    0,    0,    0,    0,   -6,    3,    3,    3,   11,   -6,    0,    5,    0,    0,    5,   11,   11,    5,   -6,  -19,  -19,  -19,    0,    5,    3,    0,   11,    0,    0,    0,    0,    0,    0,  -19,   -5,   -5,    5,    0,    5,    0,    0,    0,  -13,    5,  -51,    0,    0,    0,  -42,    5,    0,    0,    0,    0,    0,    0,    0,  -17,    0,    0,    0,    0,
       0,    0,    0,    0,   -9,    0,    0,    0,    0,    0,    0,    0,    0,    0,    0,    0,    0,    0,    0,    0,    0,    0,    0,    0,    0,    0,    0,    0,    0,  -33,    0,  -33,    0,   -9,  -57,    0,    0,    0,    0,    0,    0,    0,    0,    0,    0,   -7,    0,   -9,   -9,   -7,    0,    0,  -19,    0,    0,    0,    0,    0,    0,    0,    0,    0,    0,    0,    0,    0,    0,    0,    0,    0,    0,    0,    0,    0,    0,    0,   -9,    0,    0,    0,    0,    0,    0,    0,  -33,  -33,  -33,    0,    0,    0,    0,    0,    0,    0,   -9,    0,    0,    0,  -33,    0,    0,   -7,    0,  -36,    0,  -57,  -57,  -24,    0,    0,    0,    0,    0,    0,    0,    0,    0,    0,    0,    0,    0,    0,    0,    0,    0,    0,    0,
       0,    0,    0,  -21,    0,    0,  -26,  -11,  -26,  -11,    0,    0,    0,    0,    0,  -23,    0,    0,    0,    0,  -21,  -34,  -32,    0,  -11,  -25,    0,  -11,  -11,    7,    0,    0,    0,    0,    0,    0,    0,    0,  -24,  -51,    0,   -9,    0,  -13,  -23,    0,  -13,    0,    0,    0,    0,  -26,    0,  -30,  -43,   -3,    0,    0,  -13,    0,  -43,    0,  -21,    0,    0,    0,  -28,  -47,  -40,  -51,   -9,  -19,   -9,    0,  -51,  -13,    0,  -39,    0,    0,    0,    0,    0,  -51,    7,    7,    7,  -13,    0,   -9,   28,    0,    0,    0,    0,    0,  -11,    0,    7,    0,    0,    0,  -16,    0,  -23,    0,    0,    0,    0,  -36,    0,    0,  -13,  -43,    0,    0,    0,    0,    0,    0,    0,  -49,  -59,    0,    0,    0,  -11,
       0,    0,    0,    0,    0,    0,    0,    0,    0,    0,    0,    0,    0,    0,    0,    0,    0,    0,    0,    0,    0,    0,    0,    0,    0,    0,    0,    0,    0,    0,    0,    0,    0,    0,    0,    0,    0,    0,    0,    0,    0,    0,    0,    0,    0,    0,    0,    0,    0,    0,    0,    0,    0,    0,    0,    0,    0,    0,    0,    0,    0,    0,    0,    0,    0,    0,    0,    0,    0,    0,    0,    0,    0,   21,    0,    0,    0,    0,    0,    0,   32,   21,    0,    0,    0,    0,    0,    0,    0,    0,   24,   32,    0,    0,    0,    0,    0,    0,    0,    0,    0,    0,    0,    0,    0,    0,    0,    0,    0,    0,    0,    0,    0,    0,    0,    0,    0,    0,    0,    0,    0,    0,    0,    0,    0,    0,    0,
      -5,    0,    0,    0,   -4,    0,    0,    0,    0,    0,    0,    0,  -11,    0,    0,    0,    0,    0,    0,    0,    0,    0,    0,    0,    0,  -11,    0,    0,    0,  -26,    0,  -17,  -17,   -9,  -28,    0,    0,    0,    3,    0,    0,    0,    0,    0,    0,    0,    0,   -7,   -6,   -7,   -5,    0,  -11,    0,    0,   -4,    0,    0,    0,    0,    0,    0,    0,    0,    0,    0,    0,    3,    3,    0,    0,    0,    0,    0,    0,    0,   -7,    3,    0,    0,    0,    0,    0,    0,  -26,  -26,  -26,    0,    0,    0,   30,    0,    0,    0,   -9,    0,    0,    0,  -26,    0,    0,    0,   -3,    0,    0,  -57,  -28,  -21,   -8,    0,    0,    0,    0,    0,   -8,    0,    0,    0,    0,    0,    0,    0,    0,    0,    0,    0,    0,
       0,    0,    0,    0,    0,    0,    0,  -11,    0,  -11,    0,    0,    0,    0,    0,    0,    0,    0,    0,    0,    0,    0,    0,    0,    0,    0,    0,    0,    0,    0,    0,    0,    0,    0,    0,    0,    0,    0,    0,    0,    0,    0,    0,    0,    0,    0,    0,    0,    0,    0,    0,    0,    0,    0,    0,    0,    0,    0,    0,    0,    0,    0,    0,    0,    0,    0,    0,    0,    0,    0,    0,    0,    0,    0,    0,    0,    0,    0,    0,    0,    0,    0,    0,    0,    0,    0,    0,    0,    0,    0,   13,    0,    0,    0,    0,    0,    0,    0,    0,    0,    0,    0,    0,    0,    0,    0,    0,    0,    0,    0,    0,    0,    0,  -11,    0,    0,    0,    0,    0,    0,    0,    0,    0,    0,    0,    0,    0,
       0,    0,    0,  -21,    0,    0,  -26,  -22,  -26,  -22,    0,    0,    0,    0,    0,  -23,    0,    0,    0,    0,  -21,  -34,  -32,    0,  -11,  -25,    0,  -11,  -11,    7,    0,    0,    0,    0,    0,    0,    0,    0,  -24,  -26,    0,   -9,    0,  -13,  -23,    0,  -13,    0,    0,    0,    0,  -26,    0,  -30,  -43,   -3,    0,    0,  -13,    0,  -43,    0,  -21,    0,    0,    0,  -28,  -47,  -40,  -26,   -9,  -19,   -9,    0,  -26,  -13,    0,  -39,    0,    0,    0,    0,    0,  -44,    7,    7,    7,  -13,    0,   -9,   28,    0,    0,    0,    0,    0,  -11,    0,    7,    0,    0,    0,  -16,    0,  -23,    0,    0,    0,    0,  -36,    0,    0,  -13,  -22,    0,    0,    0,    0,    0,    0,    0,  -49,  -59,    0,    0,    0,  -11,
       0,    0,    0,  -21,    0,    0,    0,  -28,    0,  -28,  -32,    0,    0,    0,    0,  -21,    0,    0,    0,    0,    0,    0,    0,    0,    0,  -32,    0,    0,  -49,    0,    0,    0,    0,    0,    0,    0,    0,    0,    0,  -13,    0,    0,    0,    0,   -7,    0,    0,    0,    0,    0,    0,    0,    0,    0,    0,    0,    0,    0,    0,    0,    0,    0,    0,  -21,    0,    0,    0,    0,    0,  -13,    0,    0,    0,    0,  -13,    0,    0,    0,    0,    0,    0,    0,    0,  -13,    0,    0,    0,    0,    0,    0,    0,    0,  -21,  -38,    0,    0,    0,    0,    0,  -47,  -28,    0,    0,    0,   -7,    0,    0,    0,    0,  -21,    0,    0,    0,  -28,    0,    0,    0,    0,    0,    0,    0,    0,    0,    0,    0,    0,    0,
       0,  -42,    0,  -23,    0,    0,  -21,  -33,  -21,  -33,  -47,  -15,    0,    0,    0,  -32,    0,  -21,  -13,    0,  -19,  -32,  -19,    0,  -19,  -46,    0,  -19,  -42,    0,    0,    0,    0,    0,    0,    0,    0,  -13,  -19,  -21,    0,    0,    0,   -7,  -26,    5,  -13,    5,    0,    0,    0,  -36,    0,  -28,  -21,    0,    0,    0,  -28,   -4,  -21,    0,    0,  -23,    0,    0,    0,  -19,  -19,  -21,    0,    0,    0,    0,  -21,  -13,    5,  -19,    0,    0,    0,    0,    0,  -21,    0,    0,    0,  -13,    0,    0,    0,    0,  -17,  -30,    0,    0,  -19,    0,    0,  -40,  -21,    5,    0,    5,  -37,    0,    0,    0,    0,    0,    0,    0,    0,  -33,    0,    0,    0,    0,    0,    0,    0,    0,    0,    0,    0,    0,    0,
       0,    0,    0,    0,    0,    0,    0,    0,    0,    0,    0,    0,  -23,    0,    0,    0,    0,    0,    0,    0,    0,    0,    0,    0,    0,    0,    0,    0,    0,  -32,    0,  -30,  -21,    0,  -36,    0,    0,    0,  -11,    0,    0,    0,    0,    0,    0,    0,    0,  -17,    0,    0,    0,    0,    0,    0,    0,    0,    0,    0,    0,    0,    0,    0,    0,    0,    0,    0,    0,  -11,  -11,    0,    0,    0,    0,    0,    0,    0,  -17,  -11,    0,    0,    0,    0,    0,    0,  -32,  -32,  -32,    0,    0,    0,    0,    0,   17,   17,    0,    0,    0,  -21,  -49,   21,   21,  -17,    0,    0,    0,  -36,  -36,  -42,  -32,    0,    0,    0,    0,    0,  -32,    0,    0,    0,    0,    0,    0,    0,    0,    0,    0,    0,    0,
       0,    0,    0,    0,    0,    0,    0,    0,    0,    0,    0,    0,    0,    0,    0,    0,    0,    0,    0,    0,    0,    0,    0,    0,    0,  -11,    0,    0,    0,  -11,    0,  -13,    0,  -15,  -15,    0,    0,    0,    0,    0,    0,    0,    0,    0,    0,    0,    0,    0,    0,    0,    0,    0,    0,    0,    0,    0,    0,    0,    0,    0,    0,    0,    0,    0,    0,    0,    0,    0,    0,    0,    0,    0,    0,    0,    0,    0,    0,    0,    0,    0,    0,    0,    0,    0,  -11,  -11,  -11,    0,    0,    0,    0,    0,    0,    0,  -15,    0,    0,    0,  -36,    0,    0,    0,    0,    0,    0,  -15,  -15,    0,    0,    0,    0,    0,    0,    0,    0,    0,    0,    0,    0,    0,    0,    0,    0,    0,    0,  -11,    0,
     -27,    0,    0,    0,    0,    0,    0,    0,    0,    0,    0,   -8,  -29,    0,   -9,    0,   -5,   -5,   -7,   -2,    0,    0,    0,  -29,  -15,    0,    0,  -15,    0,  -11,    0,    0,    0,    0,  -11,    0,    0,    0,    0,    0,    0,    0,    0,    0,    0,    0,    0,    0,    0,    0,    0,    0,    0,    0,    0,    0,    0,    0,    0,  -17,    0,    0,    0,    0,    0,    0,    0,    0,    0,    0,    0,    0,    0,    0,    0,    0,    0,    0,    0,    0,    0,    0,    0,    0,  -11,  -11,  -11,    0,    0,    0,    0,    0,    0,    0,    0,   -9,  -15,    0,  -11,    0,    0,    0,  -11,    0,    0,  -11,  -22,    0,  -19,    0,  -45,  -61,    0,    0,  -19,    0,    0,    0,    0,    0,    0,    0,    0,    0,    0,    0,    0,
       0,    0,    0,    0,    0,    0,    0,    0,    0,    0,    0,    0,    0,    0,    0,    0,    0,    0,    0,    0,    0,    0,    0,    0,    0,    0,    0,    0,    0,    0,    0,    0,    0,    0,    0,    0,    0,    0,    0,    0,    0,    0,    0,    0,    0,    0,    0,    0,    0,    0,    0,    0,    0,    0,    0,    0,    0,    0,    0,    0,    0,    0,    0,    0,    0,    0,    0,    0,    0,    0,    0,    0,    0,    0,    0,    0,    0,    0,    0,    0,    0,    0,    0,    0,    0,    0,    0,    0,    0,    0,    0,    0,    0,    0,    0,    0,    0,    0,    0,    0,    0,    0,    0,    0,    0,    0,    0,    0,    0,    0,    0,    0,    0,    0,    0,    0,    0,    0,    0,    7,    0,    0,    0,    0,    0,    0,    0,
       0,    0,    0,    0,    0,    0,    0,    0,    0,    0,    0,    0,    0,    0,    0,    0,    0,    0,    0,    0,    0,    0,    0,    0,    0,    0,    0,    0,    0,    0,    0,    0,    0,    0,    0,    0,    0,    0,    0,    0,    0,    0,    0,    0,    0,    0,    0,    0,    0,    0,    0,    0,    0,    0,    0,    0,    0,    0,    0,    0,    0,   -2,    0,    0,    0,    0,    0,    0,    0,    0,    0,    0,    0,    0,    0,    0,    0,    0,    0,    0,    0,    0,    0,    0,    0,    0,    0,    0,    0,    0,    0,    0,    0,    0,    0,    0,    0,    0,    0,    0,    0,    0,    0,    0,    0,    0,    0,    0,    0,    0,    0,    0,    0,    0,    0,    0,    0,   -5,    0,    0,    0,    0,    0,    0,    0,    0,    0,
       0,    0,    0,    0,    0,    0,    0,    0,    0,    0,    0,    0,    0,    0,    0,    0,    0,    0,    0,    0,    0,    0,    0,    0,    0,    0,    0,    0,    0,    0,    0,    0,    0,    0,    0,    0,    0,    0,    0,    0,    0,    0,    0,    0,    0,    0,    0,    0,    0,    0,    0,    0,    0,    0,    0,    0,    0,    0,    0,    0,    0,    0,    0,    0,    0,    0,    0,    0,    0,    0,    0,    0,    0,    0,    0,    0,    0,    0,    0,    0,    0,    0,    0,    0,    0,    0,    0,    0,    0,    0,    0,    0,    0,    0,    0,    0,    0,    0,    0,    0,    0,    0,    0,    0,    0,    0,    0,    0,    0,    0,    0,    0,    0,    0,    0,    0,  -18,    4,   -2,    0,  -11,    0,    0,    0,    0,    0,    0,
       0,    0,    0,    0,    0,    0,    0,    0,    0,    0,    0,    0,    0,    0,    0,    0,    0,    0,    0,    0,    0,    0,    0,    0,    0,    0,    0,    0,    0,    0,    0,    0,    0,    0,    0,    0,    0,    0,    0,    0,    0,    0,    0,    0,    0,    0,    0,    0,    0,    0,    0,    0,    0,    0,    0,    0,    0,   -7,    0,    0,    0,    0,    0,    0,    0,    0,    0,    0,    0,    0,    0,    0,    0,    0,    0,    0,    0,    0,    0,    0,    0,    0,    0,    0,    0,    0,    0,    0,    0,    0,    0,    0,    0,    0,    0,    0,    0,    0,    0,    0,    0,    0,    0,    0,    0,    0,    0,    0,    0,    0,    0,    0,    0,    0,    0,    0,    0,   -5,    0,    0,    0,    0,    0,    0,    0,    0,    0,
       0,    0,    0,    0,    0,    0,    0,    0,    0,    0,    0,    0,  -30,    0,    0,    0,    0,    0,    0,    0,    0,    0,    0,    0,  -13,    0,    0,  -13,    0,  -42,    0,  -41,  -28,    0,  -49,    0,    0,    0,    0,    0,    0,    0,    0,    0,    0,    0,    0,  -17,    0,    0,    0,    0,    0,    0,    0,    0,    0,    0,    0,    0,    0,    0,    0,    0,    0,    0,    0,    0,    0,    0,    0,    0,    0,    0,    0,    0,  -17,    0,    0,    0,    0,    0,    0,    0,  -42,  -42,  -66,    0,    0,    0,    0,    0,    0,    0,    0,    0,  -13,  -13,  -53,    0,    0,    0,    0,    0,    0,  -49,  -49,    0,    0,    0,    0,    0,    0,    0,    0,    0,    0,    0,    0,    0,    0,    0,   -8,   -5,    0,    0,    0,
       0,    0,    0,    0,    0,    0,    0,    0,    0,    0,    0,    0,    0,    0,    0,    0,    0,    0,    0,    0,    0,    0,    0,    0,    0,    0,    0,    0,    0,    0,    0,    0,    0,    0,    0,    0,    0,    0,    0,    0,    0,    0,    0,    0,    0,    0,    0,    0,    0,    0,    0,    0,    0,    0,    0,    0,    0,    0,    0,    0,    0,    0,    0,    0,    0,    0,    0,    0,    0,    0,    0,    0,    0,    0,    0,    0,    0,    0,    0,    0,    0,    0,    0,    0,    0,    0,    0,    0,    0,    0,    0,    0,    0,    0,    0,    0,    0,    0,    0,    0,    0,    0,    0,    0,    0,    0,    0,    0,    0,    0,    0,    0,    0,    0,    0,    0,    0,    0,    0,    0,    0,   -5,    0,    0,    0,    0,    0,
       0,    0,    0,    0,    0,    0,    0,    0,    0,    0,    0,    0,    0,    0,    0,    0,    0,    0,    0,    0,    0,    0,    0,    0,    0,    0,    0,    0,    0,    0,    0,    0,    0,    0,    0,    0,    0,    0,    0,    0,    0,    0,    0,    0,    0,    0,    0,    0,    0,    0,    0,    0,    0,    0,    0,    0,    0,    0,    0,    0,    0,    0,    0,    0,    0,    0,    0,    0,    0,    0,    0,    0,    0,    0,    0,    0,    0,    0,    0,    0,    0,    0,    0,    0,    0,    0,    0,    0,    0,    0,    0,    0,    0,    0,    0,    0,    0,    0,    0,    0,    0,    0,    0,    0,    0,    0,    0,    0,    0,    0,    0,    0,    0,    0,    0,    0,    0,    0,    0,    0,    0,    0,  -16,    0,    0,    0,    0,
       0,    0,    0,    0,    0,    0,    0,    0,    0,    0,    0,    0,    0,    0,    0,    0,    0,    0,    0,    0,    0,    0,    0,    0,    0,    0,    0,    0,    0,    0,    0,    0,    0,    0,    0,    0,    0,    0,    0,    0,    0,    0,    0,    0,    0,    0,    0,    0,    0,    0,    0,    0,    0,    0,    0,    0,    0,    0,    0,    0,    0,    0,    0,    0,    0,    0,    0,    0,    0,    0,    0,    0,    0,    0,    0,    0,    0,    0,    0,    0,    0,    0,    0,    0,    0,    0,    0,    0,    0,    0,   13,    0,    0,    0,    0,    0,    0,    0,    0,    0,    0,    0,    0,    0,    0,    0,    0,    0,    0,    0,    0,    0,    0,    0,    0,    0,    0,    0,    0,    0,    0,    0,    0,    0,    0,    0,    0,
       0,    0,    0,    0,    0,    0,    0,  -23,    0,  -23,  -13,    0,    0,    0,    0,    0,    0,    0,    0,    0,    0,    0,    0,    0,    0,    0,    0,    0,    0,    0,    0,    0,    0,    0,    0,    0,    0,  -17,    0,    0,    0,    0,    0,    0,    0,    0,    0,    0,    0,    0,    0,    0,    0,    0,    0,    0,    0,    0,    0,    0,    0,    0,    0,    0,    0,    0,    0,    0,    0,    0,    0,    0,    0,    0,    0,    0,    0,    0,    0,    0,    0,    0,    0,    0,    0,    0,    0,    0,    0,    0,    0,    0,    0,    0,    0,    0,    0,    0,    0,    0,    0,    0,    0,    0,    0,    0,    0,    0,    0,    0,    0,    0,    0,  -23,    0,    0,    0,    0,    0,    0,    0,    0,    0,    0,    0,    0,    0,
};

static const EpdFontData inter_ui_10_regular = {
    inter_ui_10_regularBitmaps,
    inter_ui_10_regularGlyphs,
    inter_ui_10_regularIntervals,
    62,
    25,
    21,
    -6,
    false,
    nullptr,
    0,
    nullptr,
    inter_ui_10_regularKernLeftClasses,
    inter_ui_10_regularKernRightClasses,
    inter_ui_10_regularKernMatrix,
    744,
    743,
    133,
    127,
    nullptr,
    0,
};
