/**
 * generated by fontconvert.py
 * name: inter_ui_12_regular
 * size: 12
 * mode: 1-bit
 * Command used: fontconvert.py inter_ui_12_regular 12 ../builtinFonts/source/Inter/Inter-Regular.ttf --additional-intervals 0x0000,0x007F --additional-intervals 0x0080,0x00FF --additional-intervals 0x0100,0x017F --additional-intervals 0x01A0,0x01A1 --additional-intervals 0x01AF,0x01B0 --additional-intervals 0x01C4,0x021F --additional-intervals 0x0300,0x036F --additional-intervals 0x0400,0x04FF --additional-intervals 0x1EA0,0x1EF9 --additional-intervals 0x2010,0x206F --additional-intervals 0x20A0,0x20CF --additional-intervals 0xFB00,0xFB06 --additional-intervals 0xFFFD,0xFFFD
 */
#pragma once
#include "EpdFontData.h"

static const uint8_t inter_ui_12_regularBitmaps[29799] = {
    0x00, 0x00, 0xFF, 0xFF, 0xFF, 0xFF, 0xF0, 0x07, 0xFC, 0xCF, 0x3C, 0xF3, 0xCF, 0x3C, 0xC0, 0x06,
    0x0C, 0x0C, 0x30, 0x18, 0x60, 0x30, 0xC0, 0xC1, 0x87, 0xFF, 0xDF, 0xFF, 0x86, 0x18, 0x0C, 0x30,
    0x18, 0x60, 0x20, 0xC3, 0xFF, 0xEF, 0xFF, 0xC3, 0x0C, 0x06, 0x18, 0x0C, 0x30, 0x10, 0x60, 0x60,
    0xC0, 0x03, 0x00, 0x0C, 0x00, 0x30, 0x07, 0xF8, 0x3F, 0xF1, 0xCC, 0xE6, 0x31, 0x98, 0xC0, 0x63,
    0x01, 0xCC, 0x03, 0xF0, 0x07, 0xF0, 0x03, 0xF0, 0x0D, 0xE0, 0x31, 0x80, 0xC7, 0xE3, 0x1D, 0x8C,
    0x67, 0x33, 0x8F, 0xFC, 0x1F, 0xE0, 0x0C, 0x00, 0x30, 0x00, 0xC0, 0x7C, 0x03, 0x99, 0xC0, 0xC3,
    0x18, 0x18, 0x63, 0x06, 0x0C, 0x61, 0x81, 0x8C, 0x30, 0x1F, 0x0C, 0x01, 0xC3, 0x00, 0x00, 0xE0,
    0x00, 0x18, 0x00, 0x06, 0x1E, 0x01, 0x87, 0xE0, 0x30, 0xC6, 0x0C, 0x18, 0xC3, 0x02, 0x18, 0x60,
    0x63, 0x18, 0x0C, 0xC6, 0x00, 0xF8, 0x1F, 0x80, 0x7F, 0x80, 0xC3, 0x01, 0x87, 0x03, 0x0E, 0x07,
    0x38, 0x06, 0xE0, 0x0F, 0x80, 0x1E, 0x00, 0x7E, 0x01, 0xCE, 0x73, 0x0C, 0xEE, 0x1D, 0x9C, 0x1F,
    0x38, 0x1C, 0x30, 0x3C, 0x3F, 0xF8, 0x3F, 0x1C, 0xFF, 0xFC, 0x39, 0x9C, 0xC6, 0x73, 0x98, 0xC6,
    0x31, 0x8C, 0x63, 0x18, 0xE3, 0x18, 0xE3, 0x1C, 0xE3, 0x1C, 0x63, 0x1C, 0x63, 0x18, 0xC6, 0x31,
    0x8C, 0x63, 0x39, 0xCC, 0xE6, 0x70, 0x0C, 0x03, 0x06, 0x4F, 0xDE, 0x1F, 0x07, 0xCF, 0x7D, 0x33,
    0x0C, 0x03, 0x00, 0x06, 0x00, 0x60, 0x06, 0x00, 0x60, 0x06, 0x0F, 0xFF, 0xFF, 0xF0, 0x60, 0x06,
    0x00, 0x60, 0x06, 0x00, 0x60, 0x7F, 0x6D, 0xA0, 0xFF, 0xFF, 0xFF, 0x80, 0x06, 0x0C, 0x18, 0x70,
    0xC1, 0x83, 0x0C, 0x18, 0x30, 0x61, 0x83, 0x06, 0x1C, 0x30, 0x60, 0xC3, 0x06, 0x0C, 0x18, 0x00,
    0x0F, 0xC0, 0xFF, 0x0E, 0x1C, 0xE0, 0x66, 0x03, 0xB0, 0x0D, 0x80, 0x6C, 0x03, 0xE0, 0x1F, 0x00,
    0xD8, 0x06, 0xC0, 0x36, 0x01, 0xB0, 0x1D, 0xC0, 0xC7, 0x0E, 0x1F, 0xE0, 0x7E, 0x00, 0x1E, 0x7F,
    0xDE, 0x38, 0x60, 0xC1, 0x83, 0x06, 0x0C, 0x18, 0x30, 0x60, 0xC1, 0x83, 0x06, 0x0C, 0x3F, 0x8F,
    0xFB, 0x83, 0xE0, 0x3C, 0x06, 0x00, 0xC0, 0x38, 0x06, 0x01, 0xC0, 0x70, 0x1C, 0x07, 0x01, 0xC0,
    0x70, 0x0C, 0x03, 0x00, 0xFF, 0xFF, 0xFC, 0x3F, 0x87, 0xFC, 0xE0, 0xEC, 0x06, 0x00, 0x60, 0x06,
    0x00, 0xE0, 0x3C, 0x0F, 0x00, 0xFC, 0x00, 0xE0, 0x07, 0x00, 0x3C, 0x03, 0xC0, 0x7E, 0x0E, 0x7F,
    0xC3, 0xF8, 0x00, 0xE0, 0x07, 0x80, 0x1E, 0x00, 0xD8, 0x07, 0x60, 0x19, 0x80, 0xE6, 0x03, 0x18,
    0x18, 0x60, 0xE1, 0x83, 0x06, 0x18, 0x18, 0xFF, 0xFF, 0xFF, 0xF0, 0x06, 0x00, 0x18, 0x00, 0x60,
    0x01, 0x80, 0x7F, 0xCF, 0xF9, 0x80, 0x70, 0x0E, 0x01, 0x80, 0x33, 0xC7, 0xFC, 0xE1, 0xC0, 0x1C,
    0x01, 0x80, 0x30, 0x07, 0x80, 0xF0, 0x3F, 0x06, 0x7F, 0xC7, 0xE0, 0x0F, 0xC0, 0xFF, 0x8E, 0x1C,
    0x60, 0x76, 0x00, 0x30, 0x01, 0x9E, 0x0D, 0xFC, 0xF8, 0x77, 0x81, 0xB8, 0x0E, 0xC0, 0x36, 0x01,
    0xB0, 0x0D, 0xC0, 0xE7, 0x0E, 0x1F, 0xE0, 0x7E, 0x00, 0xFF, 0xFF, 0xFF, 0x00, 0x70, 0x06, 0x00,
    0xE0, 0x0C, 0x01, 0xC0, 0x18, 0x03, 0x80, 0x30, 0x07, 0x00, 0x60, 0x0E, 0x00, 0xC0, 0x1C, 0x01,
    0x80, 0x38, 0x07, 0x00, 0x1F, 0xC1, 0xFF, 0x0C, 0x1C, 0xE0, 0x66, 0x03, 0x38, 0x18, 0xC1, 0xC7,
    0xBC, 0x0F, 0x81, 0xFF, 0x1C, 0x1C, 0xC0, 0x7E, 0x01, 0xF0, 0x0D, 0x80, 0xEE, 0x0E, 0x3F, 0xF0,
    0xFE, 0x00, 0x1F, 0xC1, 0xFF, 0x1C, 0x1C, 0xC0, 0x66, 0x03, 0xF0, 0x0D, 0x80, 0xEC, 0x07, 0x70,
    0x79, 0xCF, 0xC7, 0xF6, 0x0C, 0x30, 0x03, 0xB0, 0x19, 0x80, 0xCE, 0x0C, 0x3F, 0xE0, 0xFC, 0x00,
    0xFF, 0x80, 0x00, 0x03, 0xFE, 0x6F, 0x60, 0x00, 0x00, 0x00, 0x06, 0xEC, 0xCC, 0xC8, 0x00, 0x10,
    0x07, 0x01, 0xF0, 0x7C, 0x1F, 0x07, 0xC0, 0xF0, 0x0F, 0x00, 0x3C, 0x00, 0xF0, 0x03, 0xC0, 0x0F,
    0x00, 0x30, 0xFF, 0xFF, 0xFC, 0x00, 0x00, 0x00, 0x00, 0x00, 0x3F, 0xFF, 0xFF, 0x80, 0x18, 0x03,
    0xC0, 0x1E, 0x00, 0xF0, 0x07, 0x80, 0x38, 0x0F, 0x07, 0xC3, 0xE1, 0xF0, 0x78, 0x0C, 0x00, 0x3F,
    0x8F, 0xFB, 0x83, 0x60, 0x60, 0x0E, 0x01, 0x80, 0x70, 0x1C, 0x07, 0x01, 0xC0, 0x30, 0x06, 0x00,
    0xC0, 0x00, 0x00, 0x00, 0x60, 0x1C, 0x03, 0x80, 0x00, 0x18, 0x00, 0x0F, 0xFC, 0x00, 0xF8, 0x3C,
    0x07, 0x00, 0x38, 0x38, 0x00, 0x70, 0xC0, 0x00, 0xE7, 0x0F, 0xB1, 0x98, 0x7F, 0xC6, 0x63, 0x87,
    0x0D, 0x8C, 0x0C, 0x3E, 0x30, 0x30, 0xF8, 0xC0, 0xC3, 0xE3, 0x03, 0x0D, 0x8C, 0x0C, 0x26, 0x30,
    0x71, 0x98, 0x77, 0xC6, 0x60, 0xFB, 0xF0, 0xC0, 0x83, 0x83, 0x80, 0x00, 0x07, 0x00, 0x00, 0x0F,
    0x01, 0x80, 0x0F, 0xFE, 0x00, 0x0F, 0xE0, 0x00, 0x03, 0x80, 0x03, 0xC0, 0x06, 0xC0, 0x06, 0xC0,
    0x06, 0xE0, 0x0C, 0x60, 0x0C, 0x60, 0x1C, 0x70, 0x18, 0x30, 0x18, 0x30, 0x38, 0x38, 0x3F, 0xF8,
    0x3F, 0xFC, 0x70, 0x0C, 0x60, 0x0C, 0x60, 0x0E, 0xE0, 0x06, 0xC0, 0x07, 0xFF, 0xC7, 0xFF, 0x38,
    0x1D, 0xC0, 0x6E, 0x03, 0x70, 0x1B, 0x81, 0xDC, 0x1C, 0xFF, 0x87, 0xFF, 0x38, 0x1D, 0xC0, 0x7E,
    0x01, 0xF0, 0x0F, 0x80, 0xFC, 0x0E, 0xFF, 0xF7, 0xFE, 0x00, 0x07, 0xF0, 0x1F, 0xFC, 0x3C, 0x1E,
    0x38, 0x06, 0x70, 0x07, 0x60, 0x03, 0x60, 0x00, 0x60, 0x00, 0xE0, 0x00, 0xE0, 0x00, 0x60, 0x00,
    0x60, 0x00, 0x60, 0x03, 0x70, 0x07, 0x38, 0x0E, 0x1C, 0x1E, 0x0F, 0xFC, 0x07, 0xF0, 0xFF, 0xC1,
    0xFF, 0xE3, 0x81, 0xE7, 0x01, 0xCE, 0x01, 0xDC, 0x01, 0xB8, 0x03, 0x70, 0x06, 0xE0, 0x0F, 0xC0,
    0x1F, 0x80, 0x37, 0x00, 0x6E, 0x00, 0xDC, 0x03, 0xB8, 0x0E, 0x70, 0x38, 0xFF, 0xE1, 0xFF, 0x00,
    0xFF, 0xFF, 0xFF, 0x80, 0x70, 0x0E, 0x01, 0xC0, 0x38, 0x07, 0x00, 0xFF, 0xFF, 0xFF, 0x80, 0x70,
    0x0E, 0x01, 0xC0, 0x38, 0x07, 0x00, 0xFF, 0xFF, 0xFC, 0xFF, 0xFF, 0xFF, 0x80, 0x70, 0x0E, 0x01,
    0xC0, 0x38, 0x07, 0x00, 0xFF, 0xDF, 0xFB, 0x80, 0x70, 0x0E, 0x01, 0xC0, 0x38, 0x07, 0x00, 0xE0,
    0x1C, 0x00, 0x07, 0xF0, 0x1F, 0xFC, 0x3C, 0x1E, 0x30, 0x0E, 0x70, 0x07, 0x60, 0x03, 0x60, 0x00,
    0x60, 0x00, 0xE0, 0x00, 0xE0, 0x7F, 0x60, 0x7F, 0x60, 0x03, 0x60, 0x03, 0x70, 0x07, 0x38, 0x06,
    0x1C, 0x1E, 0x0F, 0xFC, 0x07, 0xF0, 0xE0, 0x0F, 0x80, 0x3E, 0x00, 0xF8, 0x03, 0xE0, 0x0F, 0x80,
    0x3E, 0x00, 0xF8, 0x03, 0xFF, 0xFF, 0xFF, 0xFE, 0x00, 0xF8, 0x03, 0xE0, 0x0F, 0x80, 0x3E, 0x00,
    0xF8, 0x03, 0xE0, 0x0F, 0x80, 0x30, 0xFF, 0xFF, 0xFF, 0xFF, 0xFF, 0xFF, 0xFC, 0x00, 0x60, 0x0C,
    0x01, 0x80, 0x30, 0x06, 0x00, 0xC0, 0x18, 0x03, 0x00, 0x60, 0x0C, 0x01, 0x80, 0x3E, 0x07, 0xC0,
    0xF8, 0x3B, 0x87, 0x7F, 0xC3, 0xF0, 0xE0, 0x3F, 0x81, 0xEE, 0x07, 0x38, 0x38, 0xE1, 0xC3, 0x8E,
    0x0E, 0x70, 0x3B, 0x80, 0xFE, 0x03, 0xFC, 0x0F, 0x38, 0x38, 0x60, 0xE1, 0xC3, 0x83, 0x8E, 0x07,
    0x38, 0x0C, 0xE0, 0x3B, 0x80, 0x70, 0xE0, 0x1C, 0x03, 0x80, 0x70, 0x0E, 0x01, 0xC0, 0x38, 0x07,
    0x00, 0xE0, 0x1C, 0x03, 0x80, 0x70, 0x0E, 0x01, 0xC0, 0x38, 0x07, 0x00, 0xFF, 0xFF, 0xFC, 0xF0,
    0x01, 0xFC, 0x00, 0xFF, 0x80, 0x3F, 0x60, 0x0F, 0xD8, 0x06, 0xF7, 0x01, 0xBC, 0xC0, 0xEF, 0x38,
    0x33, 0xC6, 0x0C, 0xF1, 0x87, 0x3C, 0x71, 0x8F, 0x0C, 0x63, 0xC3, 0x30, 0xF0, 0xEC, 0x3C, 0x1B,
    0x0F, 0x07, 0x83, 0xC0, 0xE0, 0xF0, 0x38, 0x30, 0xE0, 0x0F, 0xE0, 0x1F, 0xE0, 0x3E, 0xC0, 0x7D,
    0xC0, 0xF9, 0xC1, 0xF9, 0x83, 0xF3, 0x87, 0xE3, 0x0F, 0xC7, 0x1F, 0x87, 0x3F, 0x06, 0x7E, 0x0E,
    0xFC, 0x0F, 0xF8, 0x0F, 0xF0, 0x1F, 0xE0, 0x1F, 0xC0, 0x1C, 0x07, 0xF0, 0x0F, 0xFE, 0x0F, 0x07,
    0x86, 0x00, 0xC7, 0x00, 0x73, 0x00, 0x19, 0x80, 0x0C, 0xC0, 0x07, 0xE0, 0x03, 0xF0, 0x01, 0xD8,
    0x00, 0xEC, 0x00, 0x66, 0x00, 0x33, 0x80, 0x38, 0xE0, 0x38, 0x38, 0x3C, 0x0F, 0xFC, 0x03, 0xF8,
    0x00, 0xFF, 0xC7, 0xFF, 0x38, 0x1D, 0xC0, 0x6E, 0x03, 0xF0, 0x1F, 0x80, 0xFC, 0x06, 0xE0, 0x77,
    0xFF, 0x3F, 0xF1, 0xC0, 0x0E, 0x00, 0x70, 0x03, 0x80, 0x1C, 0x00, 0xE0, 0x07, 0x00, 0x00, 0x07,
    0xF0, 0x0F, 0xFE, 0x0F, 0x07, 0x86, 0x00, 0xC7, 0x00, 0x73, 0x00, 0x19, 0x80, 0x0C, 0xC0, 0x07,
    0xE0, 0x03, 0xF0, 0x01, 0xD8, 0x00, 0xEC, 0x00, 0x66, 0x0C, 0x33, 0x83, 0x38, 0xE1, 0xF8, 0x38,
    0x7C, 0x0F, 0xFC, 0x03, 0xFE, 0x00, 0x03, 0x80, 0x00, 0xE0, 0xFF, 0xC7, 0xFF, 0x38, 0x1D, 0xC0,
    0x6E, 0x03, 0xF0, 0x1F, 0x80, 0xFC, 0x06, 0xE0, 0xF7, 0xFF, 0x3F, 0xE1, 0xC3, 0x8E, 0x0C, 0x70,
    0x73, 0x81, 0x9C, 0x0E, 0xE0, 0x3F, 0x01, 0xC0, 0x1F, 0xE0, 0xFF, 0xC7, 0x03, 0x98, 0x06, 0x60,
    0x01, 0x80, 0x07, 0x00, 0x0F, 0x80, 0x1F, 0xC0, 0x0F, 0xC0, 0x07, 0x80, 0x06, 0x00, 0x1F, 0x80,
    0x76, 0x01, 0x9C, 0x0E, 0x3F, 0xF0, 0x7F, 0x80, 0xFF, 0xFF, 0xFF, 0xF0, 0x30, 0x00, 0xC0, 0x03,
    0x00, 0x0C, 0x00, 0x30, 0x00, 0xC0, 0x03, 0x00, 0x0C, 0x00, 0x30, 0x00, 0xC0, 0x03, 0x00, 0x0C,
    0x00, 0x30, 0x00, 0xC0, 0x03, 0x00, 0x0C, 0x00, 0xE0, 0x0F, 0x80, 0x3E, 0x00, 0xF8, 0x03, 0xE0,
    0x0F, 0x80, 0x3E, 0x00, 0xF8, 0x03, 0xE0, 0x0F, 0x80, 0x3E, 0x00, 0xF8, 0x03, 0xE0, 0x0F, 0x80,
    0x36, 0x01, 0xDE, 0x0E, 0x3F, 0xF0, 0x3F, 0x80, 0xC0, 0x07, 0xE0, 0x06, 0x60, 0x0E, 0x60, 0x0C,
    0x70, 0x1C, 0x30, 0x1C, 0x30, 0x18, 0x38, 0x38, 0x18, 0x30, 0x1C, 0x30, 0x0C, 0x70, 0x0C, 0x60,
    0x0E, 0x60, 0x06, 0xE0, 0x06, 0xC0, 0x06, 0xC0, 0x03, 0xC0, 0x03, 0x80, 0xC0, 0x38, 0x0F, 0x80,
    0x70, 0x1F, 0x81, 0xE0, 0x33, 0x03, 0xE0, 0x66, 0x06, 0xC1, 0xCC, 0x1D, 0x83, 0x1C, 0x33, 0x06,
    0x18, 0x67, 0x0C, 0x30, 0xC6, 0x38, 0x73, 0x8C, 0x60, 0x66, 0x18, 0xC0, 0xCC, 0x19, 0x81, 0x98,
    0x37, 0x03, 0x70, 0x6C, 0x03, 0xC0, 0xD8, 0x07, 0x80, 0xF0, 0x0F, 0x01, 0xC0, 0x1C, 0x03, 0x80,
    0xE0, 0x0E, 0xE0, 0x38, 0xE0, 0x60, 0xC1, 0x81, 0xC7, 0x01, 0xDC, 0x01, 0xB0, 0x03, 0xE0, 0x03,
    0x80, 0x07, 0x80, 0x1B, 0x00, 0x77, 0x00, 0xC7, 0x03, 0x06, 0x0E, 0x0E, 0x38, 0x0E, 0x60, 0x0D,
    0xC0, 0x1C, 0xE0, 0x0E, 0xC0, 0x19, 0xC0, 0x71, 0xC1, 0xC1, 0x83, 0x03, 0x8E, 0x03, 0x18, 0x07,
    0x70, 0x06, 0xC0, 0x07, 0x00, 0x0E, 0x00, 0x1C, 0x00, 0x38, 0x00, 0x70, 0x00, 0xE0, 0x01, 0xC0,
    0x03, 0x80, 0x07, 0x00, 0xFF, 0xFF, 0xFF, 0xC0, 0x0C, 0x00, 0xE0, 0x06, 0x00, 0x60, 0x07, 0x00,
    0x30, 0x03, 0x00, 0x38, 0x01, 0x80, 0x18, 0x01, 0xC0, 0x1C, 0x00, 0xC0, 0x0E, 0x00, 0x7F, 0xFB,
    0xFF, 0xC0, 0xFF, 0xF1, 0x8C, 0x63, 0x18, 0xC6, 0x31, 0x8C, 0x63, 0x18, 0xC6, 0x31, 0x8C, 0x7C,
    0xC1, 0x83, 0x03, 0x06, 0x0C, 0x18, 0x18, 0x30, 0x60, 0xC0, 0xC1, 0x83, 0x07, 0x06, 0x0C, 0x18,
    0x18, 0x30, 0x60, 0xC0, 0xFF, 0xC6, 0x31, 0x8C, 0x63, 0x18, 0xC6, 0x31, 0x8C, 0x63, 0x18, 0xC6,
    0x31, 0xFC, 0x0C, 0x07, 0x81, 0xE0, 0xCC, 0x33, 0x18, 0xE6, 0x1B, 0x07, 0xFF, 0xFF, 0xFC, 0xE6,
    0x63, 0x0F, 0x07, 0xF9, 0xC3, 0xF0, 0x30, 0x06, 0x00, 0xC7, 0xFB, 0xFB, 0xE0, 0x78, 0x0F, 0x01,
    0xF0, 0x77, 0xFE, 0x7E, 0xC0, 0xC0, 0x0C, 0x00, 0xC0, 0x0C, 0x00, 0xC7, 0x0D, 0xFC, 0xF0, 0xEE,
    0x06, 0xE0, 0x7C, 0x03, 0xC0, 0x3C, 0x03, 0xC0, 0x3C, 0x07, 0xE0, 0x6F, 0x0E, 0xDF, 0xCC, 0xF8,
    0x0F, 0x81, 0xFC, 0x38, 0xE7, 0x07, 0x60, 0x4E, 0x00, 0xE0, 0x0E, 0x00, 0xE0, 0x06, 0x00, 0x60,
    0x37, 0x07, 0x3F, 0xE1, 0xFC, 0x00, 0x30, 0x03, 0x00, 0x30, 0x03, 0x0F, 0x33, 0xFB, 0x38, 0xF7,
    0x07, 0x60, 0x3E, 0x03, 0xE0, 0x3E, 0x03, 0xE0, 0x3E, 0x03, 0x60, 0x77, 0x07, 0x3F, 0xF1, 0xFB,
    0x0F, 0x01, 0xFC, 0x38, 0xE6, 0x07, 0x60, 0x3E, 0x03, 0xFF, 0xFF, 0xFF, 0xE0, 0x0E, 0x00, 0x60,
    0x27, 0x07, 0x3F, 0xE1, 0xFC, 0x07, 0x87, 0x87, 0x03, 0x01, 0x87, 0xFB, 0xFC, 0x30, 0x18, 0x0C,
    0x06, 0x03, 0x01, 0x80, 0xC0, 0x60, 0x30, 0x18, 0x0C, 0x06, 0x00, 0x0F, 0x33, 0xFB, 0x38, 0xF7,
    0x07, 0x60, 0x3E, 0x03, 0xE0, 0x3E, 0x03, 0xE0, 0x36, 0x03, 0x60, 0x77, 0x8F, 0x3F, 0xB0, 0xE3,
    0x00, 0x32, 0x03, 0x70, 0x77, 0xFE, 0x1F, 0xC0, 0xC0, 0x18, 0x03, 0x00, 0x60, 0x0C, 0xF1, 0xBF,
    0xBC, 0x77, 0x07, 0xC0, 0x78, 0x0F, 0x01, 0xE0, 0x3C, 0x07, 0x80, 0xF0, 0x1E, 0x03, 0xC0, 0x78,
    0x0C, 0xDF, 0x01, 0xB6, 0xDB, 0x6D, 0xB6, 0xDB, 0x00, 0x33, 0xCC, 0x00, 0x18, 0xC6, 0x31, 0x8C,
    0x63, 0x18, 0xC6, 0x31, 0x8C, 0x63, 0x3B, 0xDC, 0xC0, 0x18, 0x03, 0x00, 0x60, 0x0C, 0x0F, 0x83,
    0xB0, 0xE6, 0x38, 0xCE, 0x1B, 0x83, 0xE0, 0x7E, 0x0E, 0xE1, 0x8E, 0x30, 0xE6, 0x0C, 0xC1, 0xD8,
    0x1C, 0xFF, 0xFF, 0xFF, 0xFF, 0xF0, 0xCF, 0x0E, 0x37, 0xEF, 0xEF, 0x1A, 0x3F, 0x83, 0x03, 0xC0,
    0xC0, 0xF0, 0x30, 0x3C, 0x0C, 0x0F, 0x03, 0x03, 0xC0, 0xC0, 0xF0, 0x30, 0x3C, 0x0C, 0x0F, 0x03,
    0x03, 0xC0, 0xC0, 0xF0, 0x30, 0x30, 0xCF, 0x1B, 0xFB, 0xC7, 0x70, 0x7C, 0x07, 0x80, 0xF0, 0x1E,
    0x03, 0xC0, 0x78, 0x0F, 0x01, 0xE0, 0x3C, 0x07, 0x80, 0xC0, 0x0F, 0x80, 0xFE, 0x0E, 0x38, 0xE0,
    0xE6, 0x03, 0x70, 0x1F, 0x80, 0xFC, 0x07, 0xE0, 0x3B, 0x01, 0x98, 0x0C, 0xE0, 0xE3, 0xFE, 0x0F,
    0xE0, 0xC7, 0x0D, 0xFC, 0xF0, 0xEE, 0x06, 0xE0, 0x7C, 0x03, 0xC0, 0x3C, 0x03, 0xC0, 0x3C, 0x07,
    0xE0, 0x6F, 0x0E, 0xDF, 0xCC, 0xF8, 0xC0, 0x0C, 0x00, 0xC0, 0x0C, 0x00, 0xC0, 0x00, 0x0F, 0x33,
    0xFB, 0x38, 0xF7, 0x07, 0x60, 0x3E, 0x03, 0xE0, 0x3E, 0x03, 0xE0, 0x3E, 0x03, 0x60, 0x77, 0x07,
    0x3F, 0xF1, 0xFB, 0x00, 0x30, 0x03, 0x00, 0x30, 0x03, 0x00, 0x30, 0xCF, 0xBF, 0xE7, 0x0C, 0x18,
    0x30, 0x60, 0xC1, 0x83, 0x06, 0x0C, 0x18, 0x00, 0x0F, 0x07, 0xF9, 0xC7, 0x30, 0x76, 0x00, 0xE0,
    0x0F, 0x80, 0xFE, 0x01, 0xE0, 0x1F, 0x01, 0xB0, 0x77, 0xFC, 0x7F, 0x00, 0x38, 0x38, 0x38, 0xFE,
    0xFE, 0x38, 0x38, 0x38, 0x38, 0x38, 0x38, 0x38, 0x38, 0x38, 0x38, 0x1E, 0x0F, 0xC0, 0x78, 0x0F,
    0x01, 0xE0, 0x3C, 0x07, 0x80, 0xF0, 0x1E, 0x03, 0xC0, 0x78, 0x0F, 0x03, 0xF0, 0xF7, 0xF6, 0x7C,
    0xC0, 0xC0, 0x3C, 0x03, 0xE0, 0x76, 0x06, 0x70, 0xE3, 0x0C, 0x30, 0xC3, 0x9C, 0x19, 0x81, 0x98,
    0x0F, 0x80, 0xF0, 0x0F, 0x00, 0x60, 0xC0, 0xC0, 0xFC, 0x1C, 0x19, 0x87, 0x83, 0x30, 0xF0, 0xE6,
    0x1B, 0x18, 0xE3, 0x63, 0x0C, 0xCC, 0x61, 0x99, 0x98, 0x33, 0x1B, 0x03, 0x43, 0x60, 0x78, 0x6C,
    0x0F, 0x07, 0x00, 0xE0, 0xE0, 0x18, 0x1C, 0x00, 0xE0, 0x76, 0x0E, 0x30, 0xC3, 0x9C, 0x1B, 0x80,
    0xF0, 0x0F, 0x00, 0xE0, 0x0F, 0x01, 0xB8, 0x39, 0x87, 0x0C, 0x60, 0xEE, 0x07, 0xC0, 0x3C, 0x03,
    0xE0, 0x76, 0x06, 0x70, 0xE3, 0x0C, 0x30, 0xC3, 0x9C, 0x19, 0x81, 0x98, 0x0F, 0x80, 0xF0, 0x0F,
    0x00, 0x60, 0x06, 0x00, 0xE0, 0x0C, 0x07, 0xC0, 0x78, 0x00, 0xFF, 0xFF, 0xF0, 0x1C, 0x0E, 0x03,
    0x01, 0x80, 0xE0, 0x70, 0x18, 0x0C, 0x07, 0x03, 0x80, 0xFF, 0xFF, 0xF0, 0x0E, 0x3C, 0x61, 0xC3,
    0x06, 0x0C, 0x18, 0x30, 0x63, 0x87, 0x07, 0x06, 0x0C, 0x18, 0x30, 0x60, 0xE0, 0xC1, 0xE1, 0xC0,
    0xFF, 0xFF, 0xFF, 0xFF, 0xFF, 0xFF, 0xFF, 0xF0, 0xF0, 0xF8, 0x18, 0x18, 0x18, 0x18, 0x18, 0x18,
    0x18, 0x1C, 0x0F, 0x07, 0x0C, 0x18, 0x18, 0x18, 0x18, 0x18, 0x18, 0x18, 0x78, 0xF0, 0x10, 0x03,
    0xE1, 0xBF, 0x8D, 0x87, 0xEC, 0x1E, 0x00, 0x00, 0xFF, 0x80, 0x3F, 0xFF, 0xFF, 0xFF, 0xFC, 0x02,
    0x00, 0x20, 0x0F, 0x83, 0xFE, 0x72, 0x76, 0x23, 0x62, 0x0E, 0x20, 0xE2, 0x0E, 0x20, 0xE2, 0x06,
    0x24, 0x62, 0x73, 0xAE, 0x3F, 0xE0, 0xF8, 0x02, 0x00, 0x20, 0x0F, 0xE0, 0xFF, 0x86, 0x0C, 0x70,
    0x73, 0x00, 0x18, 0x00, 0xC0, 0x06, 0x00, 0xFF, 0xC7, 0xFE, 0x0C, 0x00, 0x60, 0x03, 0x00, 0x1C,
    0x00, 0xC0, 0x66, 0x03, 0xFF, 0xFF, 0xFF, 0x80, 0x67, 0xE6, 0xFF, 0xFF, 0x3C, 0x3C, 0x30, 0x0C,
    0x70, 0x0E, 0x60, 0x06, 0x60, 0x06, 0x60, 0x06, 0x60, 0x06, 0x60, 0x06, 0x60, 0x0E, 0x30, 0x0C,
    0x38, 0x1E, 0xFF, 0xFF, 0x67, 0xE2, 0xE0, 0x1B, 0x81, 0xCC, 0x0C, 0x70, 0xE1, 0x86, 0x0E, 0x70,
    0x33, 0x01, 0xB8, 0x07, 0x81, 0xFF, 0x8F, 0xFC, 0x06, 0x03, 0xFF, 0x1F, 0xF8, 0x0C, 0x00, 0x60,
    0x03, 0x00, 0x18, 0x00, 0xFF, 0xFF, 0x00, 0x3F, 0xFF, 0xC0, 0x1F, 0x83, 0xDC, 0x30, 0xE3, 0x04,
    0x30, 0x03, 0x80, 0x1E, 0x06, 0x78, 0x63, 0xCC, 0x0E, 0x60, 0x67, 0x03, 0x38, 0x31, 0xE6, 0x07,
    0xC0, 0x1C, 0x00, 0xC2, 0x0E, 0x60, 0xE3, 0x9C, 0x3F, 0xC0, 0x60, 0x63, 0xE3, 0x63, 0x07, 0xFC,
    0x01, 0xFF, 0xC0, 0x70, 0x1C, 0x1C, 0x01, 0xC7, 0x1F, 0x1C, 0xCF, 0xF1, 0xB9, 0x83, 0x36, 0x70,
    0x73, 0xCC, 0x00, 0x79, 0x80, 0x0F, 0x38, 0x33, 0xF3, 0x8E, 0x66, 0x3F, 0x8C, 0xE3, 0xE3, 0x8E,
    0x00, 0xE0, 0xE0, 0x78, 0x0F, 0xFE, 0x00, 0x7F, 0x00, 0x7F, 0x71, 0xD0, 0x60, 0x33, 0xFF, 0x8F,
    0x07, 0x87, 0xFF, 0xBE, 0xC0, 0x0F, 0x78, 0x63, 0x06, 0x30, 0x63, 0x07, 0x38, 0x73, 0x81, 0xCE,
    0x07, 0x30, 0x18, 0xC0, 0x63, 0x03, 0xDE, 0xFF, 0xFF, 0xF0, 0x0C, 0x03, 0x00, 0xC0, 0x0F, 0xE0,
    0xF1, 0xC3, 0x01, 0x99, 0xE3, 0x44, 0xCF, 0x11, 0x1C, 0x4C, 0x71, 0xE1, 0xC4, 0xCD, 0x91, 0x37,
    0x01, 0x8E, 0x0E, 0x1F, 0xE0, 0x1E, 0x00, 0xFF, 0xF0, 0x7C, 0xFE, 0xC3, 0x83, 0xC3, 0xC6, 0x7E,
    0x38, 0x0C, 0x01, 0x80, 0x30, 0x06, 0x0F, 0xFF, 0xFF, 0xC3, 0x00, 0x60, 0x0C, 0x01, 0x80, 0x00,
    0x7F, 0xFF, 0xFE, 0x3E, 0x3F, 0xB8, 0xC0, 0x60, 0x70, 0x70, 0x70, 0x60, 0xFF, 0xFF, 0xC0, 0x3E,
    0x3F, 0xB8, 0xE0, 0x61, 0xE0, 0xF8, 0x07, 0x83, 0x7F, 0x9F, 0x80, 0x36, 0x6C, 0xC0, 0x66, 0x03,
    0x30, 0x19, 0x80, 0xCC, 0x06, 0x60, 0x33, 0x01, 0x98, 0x0C, 0xC0, 0x66, 0x03, 0x30, 0x39, 0xC1,
    0xCF, 0xFF, 0xEF, 0x9F, 0x00, 0x18, 0x00, 0xC0, 0x06, 0x00, 0x30, 0x00, 0x1F, 0xF3, 0xFF, 0x7E,
    0x37, 0xE3, 0xFE, 0x3F, 0xE3, 0xFE, 0x37, 0xE3, 0x7E, 0x33, 0xE3, 0x1E, 0x30, 0x03, 0x00, 0x30,
    0x03, 0x00, 0x30, 0x03, 0x00, 0x30, 0x03, 0xFF, 0x80, 0x44, 0xE3, 0x3F, 0x3F, 0xF7, 0x31, 0x8C,
    0x63, 0x18, 0xC0, 0x3F, 0x1C, 0xEE, 0x1F, 0x03, 0xC0, 0xF0, 0x3C, 0x0D, 0x87, 0x7F, 0x8F, 0xC0,
    0xE7, 0x07, 0x38, 0x39, 0xC1, 0xCE, 0x0E, 0x70, 0x63, 0x0E, 0x61, 0xCE, 0x39, 0xC7, 0x38, 0xE7,
    0x00, 0x70, 0x07, 0x3C, 0x01, 0x8B, 0x00, 0xC2, 0xC0, 0x60, 0x30, 0x18, 0x0C, 0x0C, 0x03, 0x06,
    0x00, 0xC1, 0x80, 0x30, 0xC3, 0x8C, 0x60, 0xE0, 0x38, 0x78, 0x0C, 0x36, 0x06, 0x0D, 0x83, 0x06,
    0x60, 0xC1, 0x18, 0x60, 0xFF, 0x30, 0x01, 0x9C, 0x00, 0x60, 0x70, 0x07, 0x1E, 0x00, 0xC2, 0xC0,
    0x30, 0x58, 0x0C, 0x03, 0x01, 0x80, 0x60, 0x60, 0x0C, 0x18, 0x01, 0x83, 0x00, 0x30, 0xC3, 0xC6,
    0x30, 0xFC, 0x0E, 0x31, 0x81, 0x80, 0x30, 0x60, 0x0C, 0x18, 0x03, 0x03, 0x00, 0xE0, 0xC0, 0x38,
    0x30, 0x0F, 0xEE, 0x01, 0xFC, 0x3C, 0x01, 0xC7, 0xE0, 0x18, 0x86, 0x03, 0x00, 0x60, 0x60, 0x1C,
    0x06, 0x01, 0xE0, 0xC0, 0x06, 0x18, 0x00, 0x31, 0x80, 0xFE, 0x30, 0xE7, 0xC6, 0x1E, 0x00, 0xE1,
    0xE0, 0x0C, 0x36, 0x01, 0x83, 0x60, 0x30, 0x66, 0x03, 0x04, 0x60, 0x60, 0xFF, 0x0C, 0x00, 0x61,
    0xC0, 0x06, 0x06, 0x01, 0xE0, 0x38, 0x00, 0x00, 0x00, 0x00, 0x01, 0x80, 0x30, 0x0E, 0x03, 0x80,
    0xE0, 0x38, 0x0E, 0x01, 0xC0, 0x38, 0x3F, 0x07, 0x71, 0xC7, 0xF0, 0x38, 0x00, 0x0E, 0x00, 0x07,
    0x00, 0x03, 0x00, 0x01, 0x80, 0x00, 0x00, 0x00, 0x00, 0x03, 0x80, 0x03, 0xC0, 0x06, 0xC0, 0x06,
    0xC0, 0x06, 0xE0, 0x0C, 0x60, 0x0C, 0x60, 0x1C, 0x70, 0x18, 0x30, 0x18, 0x30, 0x38, 0x38, 0x3F,
    0xF8, 0x3F, 0xFC, 0x70, 0x0C, 0x60, 0x0C, 0x60, 0x0E, 0xE0, 0x06, 0xC0, 0x07, 0x00, 0xE0, 0x00,
    0xC0, 0x01, 0x80, 0x01, 0x80, 0x00, 0x00, 0x00, 0x00, 0x03, 0x80, 0x03, 0xC0, 0x06, 0xC0, 0x06,
    0xC0, 0x06, 0xE0, 0x0C, 0x60, 0x0C, 0x60, 0x1C, 0x70, 0x18, 0x30, 0x18, 0x30, 0x38, 0x38, 0x3F,
    0xF8, 0x3F, 0xFC, 0x70, 0x0C, 0x60, 0x0C, 0x60, 0x0E, 0xE0, 0x06, 0xC0, 0x07, 0x03, 0x80, 0x06,
    0xC0, 0x0E, 0x60, 0x00, 0x10, 0x00, 0x00, 0x00, 0x00, 0x03, 0x80, 0x03, 0xC0, 0x06, 0xC0, 0x06,
    0xC0, 0x06, 0xE0, 0x0C, 0x60, 0x0C, 0x60, 0x1C, 0x70, 0x18, 0x30, 0x18, 0x30, 0x38, 0x38, 0x3F,
    0xF8, 0x3F, 0xFC, 0x70, 0x0C, 0x60, 0x0C, 0x60, 0x0E, 0xE0, 0x06, 0xC0, 0x07, 0x02, 0x20, 0x0F,
    0xE0, 0x0C, 0xC0, 0x00, 0x00, 0x00, 0x00, 0x00, 0x00, 0x03, 0x80, 0x03, 0xC0, 0x06, 0xC0, 0x06,
    0xC0, 0x06, 0xE0, 0x0C, 0x60, 0x0C, 0x60, 0x1C, 0x70, 0x18, 0x30, 0x18, 0x30, 0x38, 0x38, 0x3F,
    0xF8, 0x3F, 0xFC, 0x70, 0x0C, 0x60, 0x0C, 0x60, 0x0E, 0xE0, 0x06, 0xC0, 0x07, 0x0C, 0x20, 0x0E,
    0x70, 0x0C, 0x60, 0x00, 0x00, 0x00, 0x00, 0x00, 0x00, 0x03, 0x80, 0x03, 0xC0, 0x06, 0xC0, 0x06,
    0xC0, 0x06, 0xE0, 0x0C, 0x60, 0x0C, 0x60, 0x1C, 0x70, 0x18, 0x30, 0x18, 0x30, 0x38, 0x38, 0x3F,
    0xF8, 0x3F, 0xFC, 0x70, 0x0C, 0x60, 0x0C, 0x60, 0x0E, 0xE0, 0x06, 0xC0, 0x07, 0x03, 0x80, 0x07,
    0xC0, 0x0C, 0x60, 0x0C, 0x60, 0x06, 0xC0, 0x03, 0xC0, 0x00, 0x00, 0x03, 0x80, 0x03, 0xC0, 0x06,
    0xC0, 0x06, 0xC0, 0x06, 0xE0, 0x0C, 0x60, 0x0C, 0x60, 0x1C, 0x70, 0x18, 0x30, 0x18, 0x30, 0x38,
    0x38, 0x3F, 0xF8, 0x3F, 0xFC, 0x70, 0x0C, 0x60, 0x0C, 0x60, 0x0E, 0xE0, 0x06, 0xC0, 0x07, 0x00,
    0xFF, 0xFC, 0x03, 0x7F, 0xF0, 0x19, 0x80, 0x00, 0x66, 0x00, 0x03, 0x18, 0x00, 0x0C, 0x60, 0x00,
    0x71, 0x80, 0x01, 0x86, 0x00, 0x0E, 0x1F, 0xFC, 0x30, 0x7F, 0xF1, 0xC1, 0x80, 0x07, 0xFE, 0x00,
    0x3F, 0xF8, 0x00, 0xC0, 0x60, 0x07, 0x01, 0x80, 0x18, 0x06, 0x00, 0xE0, 0x1F, 0xFF, 0x00, 0x7F,
    0xF0, 0x07, 0xF0, 0x1F, 0xFC, 0x3C, 0x1E, 0x38, 0x06, 0x70, 0x07, 0x60, 0x03, 0x60, 0x00, 0x60,
    0x00, 0xE0, 0x00, 0xE0, 0x00, 0x60, 0x00, 0x60, 0x00, 0x60, 0x03, 0x70, 0x07, 0x38, 0x0E, 0x1C,
    0x1E, 0x0F, 0xFC, 0x07, 0xF0, 0x00, 0x80, 0x00, 0xE0, 0x00, 0x20, 0x00, 0x20, 0x01, 0xE0, 0x18,
    0x01, 0x80, 0x30, 0x03, 0x00, 0x00, 0x00, 0x3F, 0xFF, 0xFF, 0xE0, 0x1C, 0x03, 0x80, 0x70, 0x0E,
    0x01, 0xC0, 0x3F, 0xFF, 0xFF, 0xE0, 0x1C, 0x03, 0x80, 0x70, 0x0E, 0x01, 0xC0, 0x3F, 0xFF, 0xFF,
    0x03, 0x80, 0x60, 0x18, 0x03, 0x00, 0x00, 0x00, 0x3F, 0xFF, 0xFF, 0xE0, 0x1C, 0x03, 0x80, 0x70,
    0x0E, 0x01, 0xC0, 0x3F, 0xFF, 0xFF, 0xE0, 0x1C, 0x03, 0x80, 0x70, 0x0E, 0x01, 0xC0, 0x3F, 0xFF,
    0xFF, 0x0E, 0x03, 0xE0, 0xE6, 0x00, 0x20, 0x00, 0x00, 0x3F, 0xFF, 0xFF, 0xE0, 0x1C, 0x03, 0x80,
    0x70, 0x0E, 0x01, 0xC0, 0x3F, 0xFF, 0xFF, 0xE0, 0x1C, 0x03, 0x80, 0x70, 0x0E, 0x01, 0xC0, 0x3F,
    0xFF, 0xFF, 0x10, 0x87, 0x38, 0xC7, 0x00, 0x00, 0x00, 0x00, 0x3F, 0xFF, 0xFF, 0xE0, 0x1C, 0x03,
    0x80, 0x70, 0x0E, 0x01, 0xC0, 0x3F, 0xFF, 0xFF, 0xE0, 0x1C, 0x03, 0x80, 0x70, 0x0E, 0x01, 0xC0,
    0x3F, 0xFF, 0xFF, 0xE3, 0x0C, 0x60, 0x00, 0xE7, 0x39, 0xCE, 0x73, 0x9C, 0xE7, 0x39, 0xCE, 0x73,
    0x9C, 0xE7, 0x3B, 0x99, 0x80, 0x03, 0x9C, 0xE7, 0x39, 0xCE, 0x73, 0x9C, 0xE7, 0x39, 0xCE, 0x73,
    0x9C, 0x1C, 0x36, 0x67, 0x80, 0x00, 0x00, 0x1C, 0x1C, 0x1C, 0x1C, 0x1C, 0x1C, 0x1C, 0x1C, 0x1C,
    0x1C, 0x1C, 0x1C, 0x1C, 0x1C, 0x1C, 0x1C, 0x1C, 0x1C, 0x43, 0xE7, 0x63, 0x00, 0x00, 0x00, 0x1C,
    0x1C, 0x1C, 0x1C, 0x1C, 0x1C, 0x1C, 0x1C, 0x1C, 0x1C, 0x1C, 0x1C, 0x1C, 0x1C, 0x1C, 0x1C, 0x1C,
    0x1C, 0x1F, 0xF0, 0x0F, 0xFE, 0x06, 0x07, 0x83, 0x00, 0xE1, 0x80, 0x30, 0xC0, 0x18, 0x60, 0x0E,
    0x30, 0x03, 0xFF, 0xC1, 0xFF, 0xE0, 0xC6, 0x00, 0x63, 0x00, 0x71, 0x80, 0x30, 0xC0, 0x38, 0x60,
    0x18, 0x30, 0x3C, 0x1F, 0xFC, 0x0F, 0xF0, 0x00, 0x04, 0x60, 0x1F, 0xC0, 0x27, 0x00, 0x00, 0x00,
    0x00, 0x00, 0x00, 0x38, 0x03, 0xF8, 0x07, 0xF8, 0x0F, 0xB0, 0x1F, 0x70, 0x3E, 0x70, 0x7E, 0x60,
    0xFC, 0xE1, 0xF8, 0xC3, 0xF1, 0xC7, 0xE1, 0xCF, 0xC1, 0x9F, 0x83, 0xBF, 0x03, 0xFE, 0x03, 0xFC,
    0x07, 0xF8, 0x07, 0xF0, 0x07, 0x07, 0x00, 0x01, 0xC0, 0x00, 0x60, 0x00, 0x18, 0x00, 0x00, 0x00,
    0x00, 0x00, 0x1F, 0xC0, 0x3F, 0xF8, 0x3C, 0x1E, 0x18, 0x03, 0x1C, 0x01, 0xCC, 0x00, 0x66, 0x00,
    0x33, 0x00, 0x1F, 0x80, 0x0F, 0xC0, 0x07, 0x60, 0x03, 0xB0, 0x01, 0x98, 0x00, 0xCE, 0x00, 0xE3,
    0x80, 0xE0, 0xE0, 0xF0, 0x3F, 0xF0, 0x0F, 0xE0, 0x00, 0x70, 0x00, 0x30, 0x00, 0x30, 0x00, 0x10,
    0x00, 0x00, 0x00, 0x00, 0x00, 0x1F, 0xC0, 0x3F, 0xF8, 0x3C, 0x1E, 0x18, 0x03, 0x1C, 0x01, 0xCC,
    0x00, 0x66, 0x00, 0x33, 0x00, 0x1F, 0x80, 0x0F, 0xC0, 0x07, 0x60, 0x03, 0xB0, 0x01, 0x98, 0x00,
    0xCE, 0x00, 0xE3, 0x80, 0xE0, 0xE0, 0xF0, 0x3F, 0xF0, 0x0F, 0xE0, 0x01, 0xC0, 0x01, 0xB0, 0x01,
    0xCC, 0x00, 0x00, 0x00, 0x00, 0x00, 0x00, 0x00, 0x1F, 0xC0, 0x3F, 0xF8, 0x3C, 0x1E, 0x18, 0x03,
    0x1C, 0x01, 0xCC, 0x00, 0x66, 0x00, 0x33, 0x00, 0x1F, 0x80, 0x0F, 0xC0, 0x07, 0x60, 0x03, 0xB0,
    0x01, 0x98, 0x00, 0xCE, 0x00, 0xE3, 0x80, 0xE0, 0xE0, 0xF0, 0x3F, 0xF0, 0x0F, 0xE0, 0x03, 0x10,
    0x03, 0xF8, 0x01, 0x98, 0x00, 0x00, 0x00, 0x00, 0x00, 0x00, 0x00, 0x1F, 0xC0, 0x3F, 0xF8, 0x3C,
    0x1E, 0x18, 0x03, 0x1C, 0x01, 0xCC, 0x00, 0x66, 0x00, 0x33, 0x00, 0x1F, 0x80, 0x0F, 0xC0, 0x07,
    0x60, 0x03, 0xB0, 0x01, 0x98, 0x00, 0xCE, 0x00, 0xE3, 0x80, 0xE0, 0xE0, 0xF0, 0x3F, 0xF0, 0x0F,
    0xE0, 0x06, 0x30, 0x03, 0x1C, 0x01, 0x8C, 0x00, 0x00, 0x00, 0x00, 0x00, 0x00, 0x00, 0x1F, 0xC0,
    0x3F, 0xF8, 0x3C, 0x1E, 0x18, 0x03, 0x1C, 0x01, 0xCC, 0x00, 0x66, 0x00, 0x33, 0x00, 0x1F, 0x80,
    0x0F, 0xC0, 0x07, 0x60, 0x03, 0xB0, 0x01, 0x98, 0x00, 0xCE, 0x00, 0xE3, 0x80, 0xE0, 0xE0, 0xF0,
    0x3F, 0xF0, 0x0F, 0xE0, 0x80, 0x58, 0x1F, 0x87, 0x39, 0xC3, 0xF0, 0x3C, 0x07, 0x81, 0xF8, 0x73,
    0x9C, 0x3B, 0x03, 0xC0, 0x20, 0x00, 0x02, 0x03, 0xFB, 0x87, 0xFF, 0x87, 0x83, 0xC3, 0x01, 0xE3,
    0x81, 0xF9, 0x80, 0xCC, 0xC0, 0xC6, 0x60, 0xE3, 0xF0, 0x61, 0xF8, 0x60, 0xEC, 0x70, 0x76, 0x30,
    0x33, 0x30, 0x19, 0xF8, 0x1C, 0x78, 0x1C, 0x1C, 0x1E, 0x1F, 0xFE, 0x1D, 0xFC, 0x02, 0x00, 0x00,
    0x0E, 0x00, 0x18, 0x00, 0x30, 0x00, 0xC0, 0x00, 0x00, 0x00, 0x0E, 0x00, 0xF8, 0x03, 0xE0, 0x0F,
    0x80, 0x3E, 0x00, 0xF8, 0x03, 0xE0, 0x0F, 0x80, 0x3E, 0x00, 0xF8, 0x03, 0xE0, 0x0F, 0x80, 0x3E,
    0x00, 0xF8, 0x03, 0x60, 0x1D, 0xE0, 0xE3, 0xFF, 0x03, 0xF8, 0x00, 0xE0, 0x07, 0x00, 0x18, 0x00,
    0xC0, 0x00, 0x00, 0x00, 0x0E, 0x00, 0xF8, 0x03, 0xE0, 0x0F, 0x80, 0x3E, 0x00, 0xF8, 0x03, 0xE0,
    0x0F, 0x80, 0x3E, 0x00, 0xF8, 0x03, 0xE0, 0x0F, 0x80, 0x3E, 0x00, 0xF8, 0x03, 0x60, 0x1D, 0xE0,
    0xE3, 0xFF, 0x03, 0xF8, 0x03, 0x80, 0x1B, 0x00, 0xCE, 0x04, 0x00, 0x00, 0x00, 0x00, 0x0E, 0x00,
    0xF8, 0x03, 0xE0, 0x0F, 0x80, 0x3E, 0x00, 0xF8, 0x03, 0xE0, 0x0F, 0x80, 0x3E, 0x00, 0xF8, 0x03,
    0xE0, 0x0F, 0x80, 0x3E, 0x00, 0xF8, 0x03, 0x60, 0x1D, 0xE0, 0xE3, 0xFF, 0x03, 0xF8, 0x08, 0x60,
    0x73, 0x80, 0xC6, 0x00, 0x00, 0x00, 0x00, 0x00, 0x0E, 0x00, 0xF8, 0x03, 0xE0, 0x0F, 0x80, 0x3E,
    0x00, 0xF8, 0x03, 0xE0, 0x0F, 0x80, 0x3E, 0x00, 0xF8, 0x03, 0xE0, 0x0F, 0x80, 0x3E, 0x00, 0xF8,
    0x03, 0x60, 0x1D, 0xE0, 0xE3, 0xFF, 0x03, 0xF8, 0x00, 0xE0, 0x03, 0x80, 0x06, 0x00, 0x08, 0x00,
    0x00, 0x00, 0x00, 0x38, 0x03, 0xB0, 0x06, 0x70, 0x1C, 0x70, 0x70, 0x60, 0xC0, 0xE3, 0x80, 0xC6,
    0x01, 0xDC, 0x01, 0xB0, 0x01, 0xC0, 0x03, 0x80, 0x07, 0x00, 0x0E, 0x00, 0x1C, 0x00, 0x38, 0x00,
    0x70, 0x00, 0xE0, 0x01, 0xC0, 0xC0, 0x0C, 0x00, 0xC0, 0x0C, 0x00, 0xFF, 0xCF, 0xFE, 0xC0, 0x6C,
    0x07, 0xC0, 0x3C, 0x03, 0xC0, 0x7C, 0x0E, 0xFF, 0xCF, 0xF8, 0xC0, 0x0C, 0x00, 0xC0, 0x0C, 0x00,
    0x3F, 0x87, 0xFC, 0x60, 0xEE, 0x0E, 0xC0, 0x6C, 0x06, 0xC0, 0xCC, 0x1C, 0xC7, 0x0C, 0x7C, 0xC0,
    0x6C, 0x07, 0xC0, 0x3C, 0x03, 0xC0, 0x7C, 0x0E, 0xC7, 0xEC, 0x78, 0x18, 0x01, 0x80, 0x30, 0x03,
    0x00, 0x00, 0x1E, 0x0F, 0xF3, 0x87, 0xE0, 0x60, 0x0C, 0x01, 0x8F, 0xF7, 0xF7, 0xC0, 0xF0, 0x1E,
    0x03, 0xE0, 0xEF, 0xFC, 0xFD, 0x80, 0x03, 0x80, 0x60, 0x18, 0x03, 0x00, 0x00, 0x1E, 0x0F, 0xF3,
    0x87, 0xE0, 0x60, 0x0C, 0x01, 0x8F, 0xF7, 0xF7, 0xC0, 0xF0, 0x1E, 0x03, 0xE0, 0xEF, 0xFC, 0xFD,
    0x80, 0x0E, 0x03, 0xE0, 0xE6, 0x00, 0x20, 0x00, 0x1E, 0x0F, 0xF3, 0x87, 0xE0, 0x60, 0x0C, 0x01,
    0x8F, 0xF7, 0xF7, 0xC0, 0xF0, 0x1E, 0x03, 0xE0, 0xEF, 0xFC, 0xFD, 0x80, 0x08, 0x83, 0xF0, 0xCE,
    0x00, 0x00, 0x00, 0x1E, 0x0F, 0xF3, 0x87, 0xE0, 0x60, 0x0C, 0x01, 0x8F, 0xF7, 0xF7, 0xC0, 0xF0,
    0x1E, 0x03, 0xE0, 0xEF, 0xFC, 0xFD, 0x80, 0x10, 0x87, 0x38, 0xC7, 0x00, 0x00, 0x00, 0x1E, 0x0F,
    0xF3, 0x87, 0xE0, 0x60, 0x0C, 0x01, 0x8F, 0xF7, 0xF7, 0xC0, 0xF0, 0x1E, 0x03, 0xE0, 0xEF, 0xFC,
    0xFD, 0x80, 0x04, 0x03, 0xE0, 0x66, 0x08, 0xC1, 0x98, 0x3E, 0x00, 0x00, 0x78, 0x3F, 0xCE, 0x1F,
    0x81, 0x80, 0x30, 0x06, 0x3F, 0xDF, 0xDF, 0x03, 0xC0, 0x78, 0x0F, 0x83, 0xBF, 0xF3, 0xF6, 0x0F,
    0x07, 0x81, 0xFE, 0xFF, 0x1C, 0x3E, 0x3D, 0xC0, 0xE0, 0x60, 0x06, 0x03, 0x00, 0x30, 0x1C, 0x7F,
    0xFF, 0xEF, 0xFF, 0xFF, 0xE0, 0x60, 0x06, 0x03, 0x00, 0x30, 0x3C, 0x0B, 0xC1, 0xE0, 0xE7, 0xFB,
    0xFF, 0x1F, 0x87, 0xE0, 0x0F, 0x81, 0xFC, 0x38, 0xE7, 0x07, 0x60, 0x4E, 0x00, 0xE0, 0x0E, 0x00,
    0xE0, 0x06, 0x00, 0x60, 0x37, 0x07, 0x3F, 0xE1, 0xFC, 0x02, 0x00, 0x38, 0x00, 0x80, 0x08, 0x07,
    0x80, 0x1C, 0x00, 0xC0, 0x06, 0x00, 0x60, 0x00, 0x00, 0xF0, 0x1F, 0xC3, 0x8E, 0x60, 0x76, 0x03,
    0xE0, 0x3F, 0xFF, 0xFF, 0xFE, 0x00, 0xE0, 0x06, 0x02, 0x70, 0x73, 0xFE, 0x1F, 0xC0, 0x01, 0xC0,
    0x38, 0x03, 0x00, 0x60, 0x00, 0x00, 0xF0, 0x1F, 0xC3, 0x8E, 0x60, 0x76, 0x03, 0xE0, 0x3F, 0xFF,
    0xFF, 0xFE, 0x00, 0xE0, 0x06, 0x02, 0x70, 0x73, 0xFE, 0x1F, 0xC0, 0x07, 0x00, 0xD8, 0x19, 0xC2,
    0x00, 0x00, 0x00, 0xF0, 0x1F, 0xC3, 0x8E, 0x60, 0x76, 0x03, 0xE0, 0x3F, 0xFF, 0xFF, 0xFE, 0x00,
    0xE0, 0x06, 0x02, 0x70, 0x73, 0xFE, 0x1F, 0xC0, 0x10, 0xC3, 0x9C, 0x18, 0xC0, 0x00, 0x00, 0x00,
    0xF0, 0x1F, 0xC3, 0x8E, 0x60, 0x76, 0x03, 0xE0, 0x3F, 0xFF, 0xFF, 0xFE, 0x00, 0xE0, 0x06, 0x02,
    0x70, 0x73, 0xFE, 0x1F, 0xC0, 0xE6, 0x63, 0x03, 0x33, 0x33, 0x33, 0x33, 0x33, 0x33, 0x30, 0x36,
    0x6C, 0x0C, 0xCC, 0xCC, 0xCC, 0xCC, 0xCC, 0xCC, 0xC0, 0x1C, 0x3C, 0x66, 0x81, 0x00, 0x18, 0x18,
    0x18, 0x18, 0x18, 0x18, 0x18, 0x18, 0x18, 0x18, 0x18, 0x18, 0x18, 0x18, 0x42, 0xE7, 0xE7, 0x00,
    0x00, 0x18, 0x18, 0x18, 0x18, 0x18, 0x18, 0x18, 0x18, 0x18, 0x18, 0x18, 0x18, 0x18, 0x18, 0x18,
    0x21, 0xEE, 0x07, 0x80, 0xF8, 0x19, 0xC0, 0x0C, 0x0E, 0x63, 0xFE, 0x70, 0xF6, 0x07, 0x60, 0x3E,
    0x03, 0xC0, 0x3E, 0x03, 0xE0, 0x36, 0x03, 0x70, 0x63, 0xFE, 0x1F, 0x80, 0x11, 0x87, 0xF0, 0x9C,
    0x00, 0x00, 0x01, 0x9E, 0x37, 0xF7, 0x8E, 0xE0, 0xF8, 0x0F, 0x01, 0xE0, 0x3C, 0x07, 0x80, 0xF0,
    0x1E, 0x03, 0xC0, 0x78, 0x0F, 0x01, 0x80, 0x1C, 0x00, 0x60, 0x01, 0x80, 0x04, 0x00, 0x00, 0x07,
    0xC0, 0x7F, 0x07, 0x1C, 0x70, 0x73, 0x01, 0xB8, 0x0F, 0xC0, 0x7E, 0x03, 0xF0, 0x1D, 0x80, 0xCC,
    0x06, 0x70, 0x71, 0xFF, 0x07, 0xF0, 0x01, 0xC0, 0x1C, 0x00, 0xC0, 0x04, 0x00, 0x00, 0x07, 0xC0,
    0x7F, 0x07, 0x1C, 0x70, 0x73, 0x01, 0xB8, 0x0F, 0xC0, 0x7E, 0x03, 0xF0, 0x1D, 0x80, 0xCC, 0x06,
    0x70, 0x71, 0xFF, 0x07, 0xF0, 0x07, 0x00, 0x6C, 0x06, 0x30, 0x00, 0x00, 0x00, 0x07, 0xC0, 0x7F,
    0x07, 0x1C, 0x70, 0x73, 0x01, 0xB8, 0x0F, 0xC0, 0x7E, 0x03, 0xF0, 0x1D, 0x80, 0xCC, 0x06, 0x70,
    0x71, 0xFF, 0x07, 0xF0, 0x0C, 0x40, 0xFE, 0x06, 0xE0, 0x00, 0x00, 0x00, 0x07, 0xC0, 0x7F, 0x07,
    0x1C, 0x70, 0x73, 0x01, 0xB8, 0x0F, 0xC0, 0x7E, 0x03, 0xF0, 0x1D, 0x80, 0xCC, 0x06, 0x70, 0x71,
    0xFF, 0x07, 0xF0, 0x18, 0xC1, 0xC7, 0x06, 0x30, 0x00, 0x00, 0x00, 0x07, 0xC0, 0x7F, 0x07, 0x1C,
    0x70, 0x73, 0x01, 0xB8, 0x0F, 0xC0, 0x7E, 0x03, 0xF0, 0x1D, 0x80, 0xCC, 0x06, 0x70, 0x71, 0xFF,
    0x07, 0xF0, 0x0E, 0x01, 0xC0, 0x30, 0x00, 0x00, 0x01, 0xFF, 0xFF, 0xF8, 0x00, 0x00, 0x01, 0xC0,
    0x38, 0x07, 0x00, 0x0F, 0x98, 0xFF, 0x8E, 0x3C, 0xE1, 0xE6, 0x0F, 0x70, 0xDF, 0x8C, 0xFC, 0xC7,
    0xEE, 0x3B, 0xE1, 0x9E, 0x0C, 0xE0, 0xE7, 0xFE, 0x6F, 0xE1, 0x00, 0x00, 0x38, 0x03, 0x00, 0x30,
    0x06, 0x00, 0x01, 0x80, 0xF0, 0x1E, 0x03, 0xC0, 0x78, 0x0F, 0x01, 0xE0, 0x3C, 0x07, 0x80, 0xF0,
    0x1E, 0x07, 0xE1, 0xEF, 0xEC, 0xF9, 0x80, 0x03, 0x80, 0xE0, 0x18, 0x06, 0x00, 0x01, 0x80, 0xF0,
    0x1E, 0x03, 0xC0, 0x78, 0x0F, 0x01, 0xE0, 0x3C, 0x07, 0x80, 0xF0, 0x1E, 0x07, 0xE1, 0xEF, 0xEC,
    0xF9, 0x80, 0x0E, 0x03, 0x60, 0xCE, 0x20, 0x00, 0x01, 0x80, 0xF0, 0x1E, 0x03, 0xC0, 0x78, 0x0F,
    0x01, 0xE0, 0x3C, 0x07, 0x80, 0xF0, 0x1E, 0x07, 0xE1, 0xEF, 0xEC, 0xF9, 0x80, 0x31, 0x8E, 0x30,
    0xC6, 0x00, 0x00, 0x01, 0x80, 0xF0, 0x1E, 0x03, 0xC0, 0x78, 0x0F, 0x01, 0xE0, 0x3C, 0x07, 0x80,
    0xF0, 0x1E, 0x07, 0xE1, 0xEF, 0xEC, 0xF9, 0x80, 0x01, 0x80, 0x30, 0x03, 0x00, 0x60, 0x00, 0x0C,
    0x03, 0xC0, 0x3E, 0x07, 0x60, 0x67, 0x0E, 0x30, 0xC3, 0x0C, 0x39, 0xC1, 0x98, 0x19, 0x80, 0xF8,
    0x0F, 0x00, 0xF0, 0x06, 0x00, 0x60, 0x0E, 0x00, 0xC0, 0x7C, 0x07, 0x80, 0xC0, 0x0C, 0x00, 0xC0,
    0x0C, 0x00, 0xC7, 0x0D, 0xFC, 0xF0, 0xEE, 0x06, 0xE0, 0x7C, 0x03, 0xC0, 0x3C, 0x03, 0xC0, 0x3C,
    0x07, 0xE0, 0x6F, 0x0E, 0xDF, 0xCC, 0xF8, 0xC0, 0x0C, 0x00, 0xC0, 0x0C, 0x00, 0xC0, 0x00, 0x10,
    0x83, 0x9C, 0x39, 0xC0, 0x00, 0x00, 0x0C, 0x03, 0xC0, 0x3E, 0x07, 0x60, 0x67, 0x0E, 0x30, 0xC3,
    0x0C, 0x39, 0xC1, 0x98, 0x19, 0x80, 0xF8, 0x0F, 0x00, 0xF0, 0x06, 0x00, 0x60, 0x0E, 0x00, 0xC0,
    0x7C, 0x07, 0x80, 0x0F, 0xE0, 0x0F, 0xE0, 0x00, 0x00, 0x00, 0x00, 0x00, 0x00, 0x03, 0x80, 0x03,
    0xC0, 0x06, 0xC0, 0x06, 0xC0, 0x06, 0xE0, 0x0C, 0x60, 0x0C, 0x60, 0x1C, 0x70, 0x18, 0x30, 0x18,
    0x30, 0x38, 0x38, 0x3F, 0xF8, 0x3F, 0xFC, 0x70, 0x0C, 0x60, 0x0C, 0x60, 0x0E, 0xE0, 0x06, 0xC0,
    0x07, 0x3F, 0x87, 0xF0, 0x00, 0x00, 0x00, 0xF0, 0x7F, 0x9C, 0x3F, 0x03, 0x00, 0x60, 0x0C, 0x7F,
    0xBF, 0xBE, 0x07, 0x80, 0xF0, 0x1F, 0x07, 0x7F, 0xE7, 0xEC, 0x0C, 0x60, 0x0C, 0x60, 0x07, 0xC0,
    0x00, 0x00, 0x00, 0x00, 0x00, 0x00, 0x03, 0x80, 0x03, 0xC0, 0x06, 0xC0, 0x06, 0xC0, 0x06, 0xE0,
    0x0C, 0x60, 0x0C, 0x60, 0x1C, 0x70, 0x18, 0x30, 0x18, 0x30, 0x38, 0x38, 0x3F, 0xF8, 0x3F, 0xFC,
    0x70, 0x0C, 0x60, 0x0C, 0x60, 0x0E, 0xE0, 0x06, 0xC0, 0x07, 0x30, 0x83, 0x30, 0x7C, 0x00, 0x00,
    0x00, 0x1E, 0x0F, 0xF3, 0x87, 0xE0, 0x60, 0x0C, 0x01, 0x8F, 0xF7, 0xF7, 0xC0, 0xF0, 0x1E, 0x03,
    0xE0, 0xEF, 0xFC, 0xFD, 0x80, 0x03, 0x80, 0x03, 0xC0, 0x06, 0xC0, 0x06, 0xC0, 0x06, 0xE0, 0x0C,
    0x60, 0x0C, 0x60, 0x1C, 0x70, 0x18, 0x30, 0x18, 0x30, 0x38, 0x38, 0x3F, 0xF8, 0x3F, 0xFC, 0x70,
    0x0C, 0x60, 0x0C, 0x60, 0x0E, 0xE0, 0x06, 0xC0, 0x06, 0x00, 0x07, 0x00, 0x0C, 0x00, 0x1C, 0x00,
    0x1F, 0x00, 0x0F, 0x0F, 0x03, 0xFC, 0x70, 0xEE, 0x06, 0x00, 0x60, 0x06, 0x1F, 0xE7, 0xF6, 0xE0,
    0x6C, 0x06, 0xC0, 0x6E, 0x0E, 0x7F, 0xE3, 0xF6, 0x00, 0xC0, 0x18, 0x01, 0x80, 0x1E, 0x00, 0xF0,
    0x00, 0x70, 0x00, 0x60, 0x00, 0xC0, 0x00, 0x80, 0x00, 0x00, 0x00, 0x00, 0x07, 0xF0, 0x1F, 0xFC,
    0x3C, 0x1E, 0x38, 0x06, 0x70, 0x07, 0x60, 0x03, 0x60, 0x00, 0x60, 0x00, 0xE0, 0x00, 0xE0, 0x00,
    0x60, 0x00, 0x60, 0x00, 0x60, 0x03, 0x70, 0x07, 0x38, 0x0E, 0x1C, 0x1E, 0x0F, 0xFC, 0x07, 0xF0,
    0x01, 0xC0, 0x38, 0x03, 0x00, 0x20, 0x00, 0x00, 0xF8, 0x1F, 0xC3, 0x8E, 0x70, 0x76, 0x04, 0xE0,
    0x0E, 0x00, 0xE0, 0x0E, 0x00, 0x60, 0x06, 0x03, 0x70, 0x73, 0xFE, 0x1F, 0xC0, 0x01, 0xC0, 0x03,
    0x60, 0x07, 0x30, 0x00, 0x00, 0x00, 0x00, 0x00, 0x00, 0x07, 0xF0, 0x1F, 0xFC, 0x3C, 0x1E, 0x38,
    0x06, 0x70, 0x07, 0x60, 0x03, 0x60, 0x00, 0x60, 0x00, 0xE0, 0x00, 0xE0, 0x00, 0x60, 0x00, 0x60,
    0x00, 0x60, 0x03, 0x70, 0x07, 0x38, 0x0E, 0x1C, 0x1E, 0x0F, 0xFC, 0x07, 0xF0, 0x07, 0x00, 0xD8,
    0x18, 0xC0, 0x00, 0x00, 0x00, 0xF8, 0x1F, 0xC3, 0x8E, 0x70, 0x76, 0x04, 0xE0, 0x0E, 0x00, 0xE0,
    0x0E, 0x00, 0x60, 0x06, 0x03, 0x70, 0x73, 0xFE, 0x1F, 0xC0, 0x00, 0x80, 0x01, 0xC0, 0x01, 0xC0,
    0x00, 0x00, 0x00, 0x00, 0x00, 0x00, 0x07, 0xF0, 0x1F, 0xFC, 0x3C, 0x1E, 0x38, 0x06, 0x70, 0x07,
    0x60, 0x03, 0x60, 0x00, 0x60, 0x00, 0xE0, 0x00, 0xE0, 0x00, 0x60, 0x00, 0x60, 0x00, 0x60, 0x03,
    0x70, 0x07, 0x38, 0x0E, 0x1C, 0x1E, 0x0F, 0xFC, 0x07, 0xF0, 0x02, 0x00, 0x70, 0x07, 0x00, 0x00,
    0x00, 0x00, 0xF8, 0x1F, 0xC3, 0x8E, 0x70, 0x76, 0x04, 0xE0, 0x0E, 0x00, 0xE0, 0x0E, 0x00, 0x60,
    0x06, 0x03, 0x70, 0x73, 0xFE, 0x1F, 0xC0, 0x06, 0x30, 0x03, 0x60, 0x01, 0xC0, 0x00, 0x00, 0x00,
    0x00, 0x00, 0x00, 0x07, 0xF0, 0x1F, 0xFC, 0x3C, 0x1E, 0x38, 0x06, 0x70, 0x07, 0x60, 0x03, 0x60,
    0x00, 0x60, 0x00, 0xE0, 0x00, 0xE0, 0x00, 0x60, 0x00, 0x60, 0x00, 0x60, 0x03, 0x70, 0x07, 0x38,
    0x0E, 0x1C, 0x1E, 0x0F, 0xFC, 0x07, 0xF0, 0x18, 0xC0, 0xD8, 0x07, 0x00, 0x00, 0x00, 0x00, 0xF8,
    0x1F, 0xC3, 0x8E, 0x70, 0x76, 0x04, 0xE0, 0x0E, 0x00, 0xE0, 0x0E, 0x00, 0x60, 0x06, 0x03, 0x70,
    0x73, 0xFE, 0x1F, 0xC0, 0x31, 0x80, 0x36, 0x00, 0x38, 0x00, 0x00, 0x00, 0x00, 0x00, 0x00, 0x3F,
    0xF0, 0x7F, 0xF8, 0xE0, 0x79, 0xC0, 0x73, 0x80, 0x77, 0x00, 0x6E, 0x00, 0xDC, 0x01, 0xB8, 0x03,
    0xF0, 0x07, 0xE0, 0x0D, 0xC0, 0x1B, 0x80, 0x37, 0x00, 0xEE, 0x03, 0x9C, 0x0E, 0x3F, 0xF8, 0x7F,
    0xC0, 0x00, 0x03, 0x00, 0x33, 0x00, 0x33, 0x00, 0x33, 0x00, 0x33, 0x0F, 0x30, 0x3F, 0xB0, 0x38,
    0xF0, 0x70, 0x70, 0x60, 0x30, 0xE0, 0x30, 0xE0, 0x30, 0xE0, 0x30, 0xE0, 0x30, 0xE0, 0x30, 0x60,
    0x70, 0x70, 0x70, 0x3F, 0xF0, 0x1F, 0xB0, 0x1F, 0xF0, 0x0F, 0xFE, 0x06, 0x07, 0x83, 0x00, 0xE1,
    0x80, 0x30, 0xC0, 0x18, 0x60, 0x0E, 0x30, 0x03, 0xFF, 0xC1, 0xFF, 0xE0, 0xC6, 0x00, 0x63, 0x00,
    0x71, 0x80, 0x30, 0xC0, 0x38, 0x60, 0x18, 0x30, 0x3C, 0x1F, 0xFC, 0x0F, 0xF0, 0x00, 0x00, 0x30,
    0x0F, 0xF0, 0x3F, 0xC0, 0x0C, 0x0F, 0x30, 0xFE, 0xC3, 0x8F, 0x1C, 0x1C, 0x60, 0x33, 0x80, 0xCE,
    0x03, 0x38, 0x0C, 0xE0, 0x33, 0x80, 0xC6, 0x07, 0x1C, 0x1C, 0x3F, 0xF0, 0x7E, 0xC0, 0x3F, 0x87,
    0xF0, 0x00, 0x00, 0x00, 0x01, 0xFF, 0xFF, 0xFF, 0x00, 0xE0, 0x1C, 0x03, 0x80, 0x70, 0x0E, 0x01,
    0xFF, 0xFF, 0xFF, 0x00, 0xE0, 0x1C, 0x03, 0x80, 0x70, 0x0E, 0x01, 0xFF, 0xFF, 0xF8, 0x1F, 0xC1,
    0xFC, 0x00, 0x00, 0x00, 0x0F, 0x01, 0xFC, 0x38, 0xE6, 0x07, 0x60, 0x3E, 0x03, 0xFF, 0xFF, 0xFF,
    0xE0, 0x0E, 0x00, 0x60, 0x27, 0x07, 0x3F, 0xE1, 0xFC, 0x30, 0x83, 0x30, 0x7C, 0x00, 0x00, 0x00,
    0x00, 0x3F, 0xFF, 0xFF, 0xE0, 0x1C, 0x03, 0x80, 0x70, 0x0E, 0x01, 0xC0, 0x3F, 0xFF, 0xFF, 0xE0,
    0x1C, 0x03, 0x80, 0x70, 0x0E, 0x01, 0xC0, 0x3F, 0xFF, 0xFF, 0x10, 0xC1, 0x9C, 0x0F, 0x80, 0x00,
    0x00, 0x00, 0xF0, 0x1F, 0xC3, 0x8E, 0x60, 0x76, 0x03, 0xE0, 0x3F, 0xFF, 0xFF, 0xFE, 0x00, 0xE0,
    0x06, 0x02, 0x70, 0x73, 0xFE, 0x1F, 0xC0, 0x06, 0x01, 0xC0, 0x18, 0x00, 0x00, 0x00, 0x00, 0x3F,
    0xFF, 0xFF, 0xE0, 0x1C, 0x03, 0x80, 0x70, 0x0E, 0x01, 0xC0, 0x3F, 0xFF, 0xFF, 0xE0, 0x1C, 0x03,
    0x80, 0x70, 0x0E, 0x01, 0xC0, 0x3F, 0xFF, 0xFF, 0x06, 0x00, 0x70, 0x07, 0x00, 0x00, 0x00, 0x00,
    0xF0, 0x1F, 0xC3, 0x8E, 0x60, 0x76, 0x03, 0xE0, 0x3F, 0xFF, 0xFF, 0xFE, 0x00, 0xE0, 0x06, 0x02,
    0x70, 0x73, 0xFE, 0x1F, 0xC0, 0xFF, 0xEF, 0xFE, 0xE0, 0x0E, 0x00, 0xE0, 0x0E, 0x00, 0xE0, 0x0E,
    0x00, 0xFF, 0xEF, 0xFE, 0xE0, 0x0E, 0x00, 0xE0, 0x0E, 0x00, 0xE0, 0x0E, 0x00, 0xFF, 0xEF, 0xFE,
    0x00, 0xE0, 0x0C, 0x01, 0x80, 0x1F, 0x00, 0xF0, 0x0F, 0x01, 0xFC, 0x38, 0xE6, 0x07, 0x60, 0x3E,
    0x03, 0xFF, 0xFF, 0xFF, 0xE0, 0x0E, 0x00, 0x60, 0x27, 0x07, 0x3F, 0xE1, 0xFE, 0x00, 0xC0, 0x18,
    0x01, 0x80, 0x1E, 0x00, 0xF0, 0x31, 0xC3, 0x60, 0x3C, 0x00, 0x00, 0x00, 0x00, 0x3F, 0xFF, 0xFF,
    0xE0, 0x1C, 0x03, 0x80, 0x70, 0x0E, 0x01, 0xC0, 0x3F, 0xFF, 0xFF, 0xE0, 0x1C, 0x03, 0x80, 0x70,
    0x0E, 0x01, 0xC0, 0x3F, 0xFF, 0xFF, 0x38, 0xC0, 0xD8, 0x07, 0x00, 0x00, 0x00, 0x00, 0xF0, 0x1F,
    0xC3, 0x8E, 0x60, 0x76, 0x03, 0xE0, 0x3F, 0xFF, 0xFF, 0xFE, 0x00, 0xE0, 0x06, 0x02, 0x70, 0x73,
    0xFE, 0x1F, 0xC0, 0x01, 0xC0, 0x03, 0x60, 0x06, 0x30, 0x00, 0x00, 0x00, 0x00, 0x00, 0x00, 0x07,
    0xF0, 0x1F, 0xFC, 0x3C, 0x1E, 0x30, 0x0E, 0x70, 0x07, 0x60, 0x03, 0x60, 0x00, 0x60, 0x00, 0xE0,
    0x00, 0xE0, 0x7F, 0x60, 0x7F, 0x60, 0x03, 0x60, 0x03, 0x70, 0x07, 0x38, 0x06, 0x1C, 0x1E, 0x0F,
    0xFC, 0x07, 0xF0, 0x07, 0x00, 0xD8, 0x19, 0xC2, 0x00, 0x00, 0x00, 0xF3, 0x3F, 0xB3, 0x8F, 0x70,
    0x76, 0x03, 0xE0, 0x3E, 0x03, 0xE0, 0x3E, 0x03, 0x60, 0x36, 0x07, 0x78, 0xF3, 0xFB, 0x0E, 0x30,
    0x03, 0x20, 0x37, 0x07, 0x7F, 0xE1, 0xFC, 0x06, 0x30, 0x06, 0x30, 0x03, 0xE0, 0x00, 0x00, 0x00,
    0x00, 0x00, 0x00, 0x07, 0xF0, 0x1F, 0xFC, 0x3C, 0x1E, 0x30, 0x0E, 0x70, 0x07, 0x60, 0x03, 0x60,
    0x00, 0x60, 0x00, 0xE0, 0x00, 0xE0, 0x7F, 0x60, 0x7F, 0x60, 0x03, 0x60, 0x03, 0x70, 0x07, 0x38,
    0x06, 0x1C, 0x1E, 0x0F, 0xFC, 0x07, 0xF0, 0x18, 0xC1, 0x8C, 0x0F, 0x80, 0x00, 0x00, 0x00, 0xF3,
    0x3F, 0xB3, 0x8F, 0x70, 0x76, 0x03, 0xE0, 0x3E, 0x03, 0xE0, 0x3E, 0x03, 0x60, 0x36, 0x07, 0x78,
    0xF3, 0xFB, 0x0E, 0x30, 0x03, 0x20, 0x37, 0x07, 0x7F, 0xE1, 0xFC, 0x00, 0x80, 0x01, 0xC0, 0x01,
    0xC0, 0x00, 0x00, 0x00, 0x00, 0x00, 0x00, 0x07, 0xF0, 0x1F, 0xFC, 0x3C, 0x1E, 0x30, 0x0E, 0x70,
    0x07, 0x60, 0x03, 0x60, 0x00, 0x60, 0x00, 0xE0, 0x00, 0xE0, 0x7F, 0x60, 0x7F, 0x60, 0x03, 0x60,
    0x03, 0x70, 0x07, 0x38, 0x06, 0x1C, 0x1E, 0x0F, 0xFC, 0x07, 0xF0, 0x02, 0x00, 0x70, 0x07, 0x00,
    0x00, 0x00, 0x00, 0xF3, 0x3F, 0xB3, 0x8F, 0x70, 0x76, 0x03, 0xE0, 0x3E, 0x03, 0xE0, 0x3E, 0x03,
    0x60, 0x36, 0x07, 0x78, 0xF3, 0xFB, 0x0E, 0x30, 0x03, 0x20, 0x37, 0x07, 0x7F, 0xE1, 0xFC, 0x07,
    0xF0, 0x1F, 0xFC, 0x3C, 0x1E, 0x30, 0x0E, 0x70, 0x07, 0x60, 0x03, 0x60, 0x00, 0x60, 0x00, 0xE0,
    0x00, 0xE0, 0x7F, 0x60, 0x7F, 0x60, 0x03, 0x60, 0x03, 0x70, 0x07, 0x38, 0x06, 0x1C, 0x1E, 0x0F,
    0xFC, 0x07, 0xF0, 0x00, 0x00, 0x01, 0xC0, 0x01, 0x80, 0x01, 0x80, 0x01, 0x80, 0x03, 0x00, 0x03,
    0x00, 0x30, 0x02, 0x00, 0x60, 0x06, 0x00, 0x00, 0x0F, 0x33, 0xFB, 0x38, 0xF7, 0x07, 0x60, 0x3E,
    0x03, 0xE0, 0x3E, 0x03, 0xE0, 0x36, 0x03, 0x60, 0x77, 0x8F, 0x3F, 0xB0, 0xE3, 0x00, 0x32, 0x03,
    0x70, 0x77, 0xFE, 0x1F, 0xC0, 0x03, 0x80, 0x1F, 0x00, 0xCE, 0x04, 0x00, 0x00, 0x00, 0x00, 0x0E,
    0x00, 0xF8, 0x03, 0xE0, 0x0F, 0x80, 0x3E, 0x00, 0xF8, 0x03, 0xE0, 0x0F, 0x80, 0x3F, 0xFF, 0xFF,
    0xFF, 0xE0, 0x0F, 0x80, 0x3E, 0x00, 0xF8, 0x03, 0xE0, 0x0F, 0x80, 0x3E, 0x00, 0xF8, 0x03, 0x3C,
    0x00, 0xF0, 0x06, 0x60, 0x20, 0x40, 0x00, 0x00, 0x00, 0x01, 0x80, 0x06, 0x00, 0x18, 0x00, 0x60,
    0x01, 0x9E, 0x06, 0xFE, 0x1E, 0x38, 0x70, 0x71, 0x80, 0xC6, 0x03, 0x18, 0x0C, 0x60, 0x31, 0x80,
    0xC6, 0x03, 0x18, 0x0C, 0x60, 0x31, 0x80, 0xC6, 0x03, 0x30, 0x03, 0x18, 0x01, 0x8C, 0x00, 0xC6,
    0x00, 0x6F, 0xFF, 0xFF, 0xFF, 0xFC, 0xC0, 0x0C, 0x60, 0x06, 0x3F, 0xFF, 0x1F, 0xFF, 0x8C, 0x00,
    0xC6, 0x00, 0x63, 0x00, 0x31, 0x80, 0x18, 0xC0, 0x0C, 0x60, 0x06, 0x30, 0x03, 0x18, 0x01, 0x80,
    0x30, 0x07, 0xF8, 0x3F, 0xC0, 0x60, 0x03, 0x3C, 0x1B, 0xF8, 0xF1, 0xC7, 0x07, 0x30, 0x19, 0x80,
    0xCC, 0x06, 0x60, 0x33, 0x01, 0x98, 0x0C, 0xC0, 0x66, 0x03, 0x30, 0x19, 0x80, 0xC0, 0x67, 0xFE,
    0x70, 0x00, 0x00, 0x0E, 0x1C, 0x38, 0x70, 0xE1, 0xC3, 0x87, 0x0E, 0x1C, 0x38, 0x70, 0xE1, 0xC3,
    0x87, 0x0E, 0x1C, 0x23, 0x7E, 0xCE, 0x00, 0x00, 0x18, 0x18, 0x18, 0x18, 0x18, 0x18, 0x18, 0x18,
    0x18, 0x18, 0x18, 0x18, 0x18, 0x18, 0xFF, 0xFC, 0x00, 0x00, 0x07, 0x0E, 0x1C, 0x38, 0x70, 0xE1,
    0xC3, 0x87, 0x0E, 0x1C, 0x38, 0x70, 0xE1, 0xC3, 0x87, 0x0E, 0x00, 0xFF, 0xF0, 0x00, 0x30, 0xC3,
    0x0C, 0x30, 0xC3, 0x0C, 0x30, 0xC3, 0x0C, 0x30, 0xC0, 0x87, 0x9D, 0xF0, 0x00, 0x00, 0x0E, 0x1C,
    0x38, 0x70, 0xE1, 0xC3, 0x87, 0x0E, 0x1C, 0x38, 0x70, 0xE1, 0xC3, 0x87, 0x0E, 0x1C, 0xC3, 0x66,
    0x3C, 0x00, 0x00, 0x18, 0x18, 0x18, 0x18, 0x18, 0x18, 0x18, 0x18, 0x18, 0x18, 0x18, 0x18, 0x18,
    0x18, 0x39, 0xCE, 0x73, 0x9C, 0xE7, 0x39, 0xCE, 0x73, 0x9C, 0xE7, 0x39, 0xDC, 0xCC, 0x7D, 0xE0,
    0x31, 0xCC, 0x00, 0x18, 0xC6, 0x31, 0x8C, 0x63, 0x18, 0xC6, 0x31, 0x8C, 0xCC, 0x63, 0xDF, 0xDF,
    0x80, 0x3F, 0xFF, 0xFF, 0xFF, 0xFF, 0xFF, 0xFF, 0xFF, 0xFF, 0xFF, 0xF0, 0xE0, 0x03, 0xF0, 0x01,
    0xF8, 0x00, 0xFC, 0x00, 0x7E, 0x00, 0x3F, 0x00, 0x1F, 0x80, 0x0F, 0xC0, 0x07, 0xE0, 0x03, 0xF0,
    0x01, 0xF8, 0x00, 0xFC, 0x00, 0x7E, 0x30, 0x3F, 0x18, 0x1F, 0x8E, 0x0F, 0xC7, 0x0E, 0xE1, 0xFF,
    0x70, 0x7E, 0x00, 0xC3, 0x71, 0xF0, 0xC0, 0x00, 0x06, 0x1B, 0x0D, 0x86, 0xC3, 0x61, 0xB0, 0xD8,
    0x6C, 0x36, 0x1B, 0x0D, 0x86, 0xC3, 0x61, 0xB0, 0xC0, 0x60, 0x30, 0x18, 0x3C, 0x1C, 0x00, 0xE0,
    0x03, 0xC0, 0x19, 0x80, 0x81, 0x00, 0x00, 0x00, 0x00, 0x06, 0x00, 0x18, 0x00, 0x60, 0x01, 0x80,
    0x06, 0x00, 0x18, 0x00, 0x60, 0x01, 0x80, 0x06, 0x00, 0x18, 0x00, 0x60, 0x01, 0x8E, 0x06, 0x38,
    0x18, 0xE0, 0xE1, 0xC3, 0x87, 0xFC, 0x07, 0xE0, 0x3C, 0x3C, 0x66, 0x81, 0x00, 0x18, 0x18, 0x18,
    0x18, 0x18, 0x18, 0x18, 0x18, 0x18, 0x18, 0x18, 0x18, 0x18, 0x18, 0x18, 0x18, 0x38, 0x78, 0x70,
    0xE0, 0x3F, 0x81, 0xEE, 0x07, 0x38, 0x38, 0xE1, 0xC3, 0x8E, 0x0E, 0x70, 0x3B, 0x80, 0xFE, 0x03,
    0xFC, 0x0F, 0x38, 0x38, 0x60, 0xE1, 0xC3, 0x83, 0x8E, 0x07, 0x38, 0x0C, 0xE0, 0x3B, 0x80, 0x70,
    0x00, 0x01, 0xC0, 0x06, 0x00, 0x18, 0x00, 0x60, 0x03, 0x00, 0xC0, 0x18, 0x03, 0x00, 0x60, 0x0C,
    0x0F, 0x83, 0xB0, 0xE6, 0x38, 0xCE, 0x1B, 0x83, 0xE0, 0x7E, 0x0E, 0xE1, 0x8E, 0x30, 0xE6, 0x0C,
    0xC1, 0xD8, 0x1C, 0x00, 0x06, 0x00, 0xC0, 0x38, 0x06, 0x00, 0xC0, 0xC0, 0xF8, 0x3B, 0x0E, 0x61,
    0x8C, 0x61, 0x98, 0x3F, 0x07, 0xC0, 0xCC, 0x19, 0xC3, 0x1C, 0x61, 0xCC, 0x19, 0x81, 0xC0, 0x38,
    0x0E, 0x01, 0x80, 0x60, 0x00, 0x00, 0x00, 0x38, 0x07, 0x00, 0xE0, 0x1C, 0x03, 0x80, 0x70, 0x0E,
    0x01, 0xC0, 0x38, 0x07, 0x00, 0xE0, 0x1C, 0x03, 0x80, 0x70, 0x0E, 0x01, 0xC0, 0x3F, 0xFF, 0xFF,
    0x36, 0x6C, 0x00, 0xCC, 0xCC, 0xCC, 0xCC, 0xCC, 0xCC, 0xCC, 0xCC, 0xCC, 0xE0, 0x1C, 0x03, 0x80,
    0x70, 0x0E, 0x01, 0xC0, 0x38, 0x07, 0x00, 0xE0, 0x1C, 0x03, 0x80, 0x70, 0x0E, 0x01, 0xC0, 0x38,
    0x07, 0x00, 0xFF, 0xFF, 0xFC, 0x00, 0x07, 0x00, 0xC0, 0x18, 0x03, 0x00, 0xC0, 0x6D, 0xB6, 0xDB,
    0x6D, 0xB6, 0xDB, 0x6C, 0x37, 0xB6, 0x03, 0x1C, 0x63, 0x88, 0x71, 0x0E, 0x21, 0xC0, 0x38, 0x07,
    0x00, 0xE0, 0x1C, 0x03, 0x80, 0x70, 0x0E, 0x01, 0xC0, 0x38, 0x07, 0x00, 0xE0, 0x1F, 0xFF, 0xFF,
    0x80, 0x0F, 0x3C, 0xF3, 0xCB, 0x0C, 0x30, 0xC3, 0x0C, 0x30, 0xC3, 0x0C, 0x30, 0xC3, 0x0C, 0x00,
    0xE0, 0x1C, 0x03, 0x80, 0x70, 0x0E, 0x01, 0xC0, 0x38, 0x87, 0x38, 0xE7, 0x1C, 0x03, 0x80, 0x70,
    0x0E, 0x01, 0xC0, 0x38, 0x07, 0x00, 0xFF, 0xFF, 0xFC, 0xC1, 0x83, 0x06, 0x0C, 0x18, 0x30, 0x67,
    0xCF, 0x9F, 0x06, 0x0C, 0x18, 0x30, 0x60, 0xC1, 0x80, 0x30, 0x01, 0x80, 0x0C, 0x00, 0x60, 0x03,
    0x08, 0x19, 0xC0, 0xFC, 0x07, 0xC0, 0x78, 0x07, 0x80, 0x2C, 0x00, 0x60, 0x03, 0x00, 0x18, 0x00,
    0xC0, 0x06, 0x00, 0x3F, 0xF9, 0xFF, 0xC0, 0x30, 0xC3, 0x0C, 0x34, 0xF3, 0xDC, 0xF2, 0xC3, 0x0C,
    0x30, 0xC3, 0x0C, 0x30, 0xC0, 0x00, 0xE0, 0x03, 0x80, 0x06, 0x00, 0x18, 0x00, 0x00, 0x00, 0x00,
    0x38, 0x03, 0xF8, 0x07, 0xF8, 0x0F, 0xB0, 0x1F, 0x70, 0x3E, 0x70, 0x7E, 0x60, 0xFC, 0xE1, 0xF8,
    0xC3, 0xF1, 0xC7, 0xE1, 0xCF, 0xC1, 0x9F, 0x83, 0xBF, 0x03, 0xFE, 0x03, 0xFC, 0x07, 0xF8, 0x07,
    0xF0, 0x07, 0x03, 0x80, 0xE0, 0x18, 0x06, 0x00, 0x01, 0x9E, 0x37, 0xF7, 0x8E, 0xE0, 0xF8, 0x0F,
    0x01, 0xE0, 0x3C, 0x07, 0x80, 0xF0, 0x1E, 0x03, 0xC0, 0x78, 0x0F, 0x01, 0x80, 0xE0, 0x0F, 0xE0,
    0x1F, 0xE0, 0x3E, 0xC0, 0x7D, 0xC0, 0xF9, 0xC1, 0xF9, 0x83, 0xF3, 0x87, 0xE3, 0x0F, 0xC7, 0x1F,
    0x87, 0x3F, 0x06, 0x7E, 0x0E, 0xFC, 0x0F, 0xF8, 0x0F, 0xF0, 0x1F, 0xE0, 0x1F, 0xC0, 0x1C, 0x00,
    0x00, 0x1C, 0x00, 0x30, 0x00, 0x60, 0x00, 0xC0, 0x03, 0x00, 0xCF, 0x1B, 0xFB, 0xC7, 0x70, 0x7C,
    0x07, 0x80, 0xF0, 0x1E, 0x03, 0xC0, 0x78, 0x0F, 0x01, 0xE0, 0x3C, 0x07, 0x80, 0xC0, 0x00, 0x60,
    0x0C, 0x01, 0x80, 0x20, 0x0C, 0x00, 0x0C, 0x60, 0x0D, 0x80, 0x0E, 0x00, 0x00, 0x00, 0x00, 0x00,
    0x00, 0x38, 0x03, 0xF8, 0x07, 0xF8, 0x0F, 0xB0, 0x1F, 0x70, 0x3E, 0x70, 0x7E, 0x60, 0xFC, 0xE1,
    0xF8, 0xC3, 0xF1, 0xC7, 0xE1, 0xCF, 0xC1, 0x9F, 0x83, 0xBF, 0x03, 0xFE, 0x03, 0xFC, 0x07, 0xF8,
    0x07, 0xF0, 0x07, 0x71, 0x83, 0x60, 0x38, 0x00, 0x00, 0x01, 0x9E, 0x37, 0xF7, 0x8E, 0xE0, 0xF8,
    0x0F, 0x01, 0xE0, 0x3C, 0x07, 0x80, 0xF0, 0x1E, 0x03, 0xC0, 0x78, 0x0F, 0x01, 0x80, 0xE0, 0x0F,
    0xE0, 0x1F, 0xE0, 0x3E, 0xC0, 0x7D, 0xC0, 0xF9, 0xC1, 0xF9, 0x83, 0xF3, 0x87, 0xE3, 0x0F, 0xC7,
    0x1F, 0x87, 0x3F, 0x06, 0x7E, 0x0E, 0xFC, 0x0F, 0xF8, 0x0F, 0xF0, 0x1F, 0xE0, 0x1F, 0xC0, 0x1C,
    0x00, 0x38, 0x00, 0x70, 0x00, 0xE0, 0x07, 0xC0, 0x0F, 0x00, 0xCF, 0x1B, 0xFB, 0xC7, 0x70, 0x7C,
    0x07, 0x80, 0xF0, 0x1E, 0x03, 0xC0, 0x78, 0x0F, 0x01, 0xE0, 0x3C, 0x07, 0x80, 0xC0, 0x18, 0x03,
    0x00, 0x60, 0x7C, 0x0F, 0x00, 0x07, 0xF0, 0x03, 0xF8, 0x00, 0x00, 0x00, 0x00, 0x00, 0x00, 0x00,
    0x3F, 0x80, 0x7F, 0xF0, 0x78, 0x3C, 0x30, 0x06, 0x38, 0x03, 0x98, 0x00, 0xCC, 0x00, 0x66, 0x00,
    0x3F, 0x00, 0x1F, 0x80, 0x0E, 0xC0, 0x07, 0x60, 0x03, 0x30, 0x01, 0x9C, 0x01, 0xC7, 0x01, 0xC1,
    0xC1, 0xE0, 0x7F, 0xE0, 0x1F, 0xC0, 0x1F, 0xC0, 0xFE, 0x00, 0x00, 0x00, 0x00, 0xF8, 0x0F, 0xE0,
    0xE3, 0x8E, 0x0E, 0x60, 0x37, 0x01, 0xF8, 0x0F, 0xC0, 0x7E, 0x03, 0xB0, 0x19, 0x80, 0xCE, 0x0E,
    0x3F, 0xE0, 0xFE, 0x00, 0x06, 0x30, 0x03, 0x18, 0x00, 0xF8, 0x00, 0x00, 0x00, 0x00, 0x00, 0x00,
    0x00, 0x1F, 0xC0, 0x3F, 0xF8, 0x3C, 0x1E, 0x18, 0x03, 0x1C, 0x01, 0xCC, 0x00, 0x66, 0x00, 0x33,
    0x00, 0x1F, 0x80, 0x0F, 0xC0, 0x07, 0x60, 0x03, 0xB0, 0x01, 0x98, 0x00, 0xCE, 0x00, 0xE3, 0x80,
    0xE0, 0xE0, 0xF0, 0x3F, 0xF0, 0x0F, 0xE0, 0x18, 0xC0, 0xC6, 0x03, 0xE0, 0x00, 0x00, 0x00, 0x07,
    0xC0, 0x7F, 0x07, 0x1C, 0x70, 0x73, 0x01, 0xB8, 0x0F, 0xC0, 0x7E, 0x03, 0xF0, 0x1D, 0x80, 0xCC,
    0x06, 0x70, 0x71, 0xFF, 0x07, 0xF0, 0x03, 0xB8, 0x03, 0x98, 0x01, 0x98, 0x00, 0xCC, 0x00, 0x00,
    0x00, 0x00, 0x00, 0x1F, 0xC0, 0x3F, 0xF8, 0x3C, 0x1E, 0x18, 0x03, 0x1C, 0x01, 0xCC, 0x00, 0x66,
    0x00, 0x33, 0x00, 0x1F, 0x80, 0x0F, 0xC0, 0x07, 0x60, 0x03, 0xB0, 0x01, 0x98, 0x00, 0xCE, 0x00,
    0xE3, 0x80, 0xE0, 0xE0, 0xF0, 0x3F, 0xF0, 0x0F, 0xE0, 0x0C, 0xE0, 0xE6, 0x06, 0x60, 0x22, 0x00,
    0x00, 0x07, 0xC0, 0x7F, 0x07, 0x1C, 0x70, 0x73, 0x01, 0xB8, 0x0F, 0xC0, 0x7E, 0x03, 0xF0, 0x1D,
    0x80, 0xCC, 0x06, 0x70, 0x71, 0xFF, 0x07, 0xF0, 0x07, 0xFF, 0xFC, 0x3F, 0xFF, 0xF1, 0xC1, 0xC0,
    0x0E, 0x07, 0x00, 0x70, 0x1C, 0x01, 0x80, 0x70, 0x06, 0x01, 0xC0, 0x18, 0x07, 0x00, 0xE0, 0x1F,
    0xFF, 0x80, 0x7F, 0xF6, 0x01, 0xC0, 0x18, 0x07, 0x00, 0x60, 0x1C, 0x01, 0xC0, 0x70, 0x03, 0x81,
    0xC0, 0x07, 0x07, 0x00, 0x0F, 0xFF, 0xFC, 0x0F, 0xFF, 0xF0, 0x0F, 0x81, 0xE0, 0x3F, 0x8F, 0xF0,
    0xE3, 0xB8, 0xF3, 0x83, 0xE0, 0x66, 0x03, 0x80, 0xDC, 0x07, 0x01, 0xF8, 0x0F, 0xFF, 0xF0, 0x1F,
    0xFF, 0xE0, 0x38, 0x00, 0xC0, 0x70, 0x01, 0x80, 0xF0, 0x2B, 0x83, 0xE0, 0x63, 0xFE, 0xFF, 0xC3,
    0xF8, 0x7E, 0x00, 0x03, 0x80, 0x18, 0x01, 0xC0, 0x0C, 0x00, 0x00, 0x00, 0x03, 0xFF, 0x1F, 0xFC,
    0xE0, 0x77, 0x01, 0xB8, 0x0F, 0xC0, 0x7E, 0x03, 0xF0, 0x1B, 0x83, 0xDF, 0xFC, 0xFF, 0x87, 0x0E,
    0x38, 0x31, 0xC1, 0xCE, 0x06, 0x70, 0x3B, 0x80, 0xFC, 0x07, 0x0C, 0x30, 0x61, 0x80, 0x19, 0xF7,
    0xFC, 0xE1, 0x83, 0x06, 0x0C, 0x18, 0x30, 0x60, 0xC1, 0x83, 0x00, 0xFF, 0xC7, 0xFF, 0x38, 0x1D,
    0xC0, 0x6E, 0x03, 0xF0, 0x1F, 0x80, 0xFC, 0x06, 0xE0, 0xF7, 0xFF, 0x3F, 0xE1, 0xC3, 0x8E, 0x0C,
    0x70, 0x73, 0x81, 0x9C, 0x0E, 0xE0, 0x3F, 0x01, 0xC0, 0x00, 0x0C, 0x00, 0x60, 0x03, 0x00, 0x30,
    0x01, 0x80, 0x67, 0x6F, 0x7C, 0x70, 0x60, 0x60, 0x60, 0x60, 0x60, 0x60, 0x60, 0x60, 0x60, 0x60,
    0x00, 0x60, 0x60, 0xC0, 0xC0, 0xC0, 0x39, 0xC0, 0xDC, 0x03, 0xC0, 0x00, 0x00, 0x00, 0x00, 0x03,
    0xFF, 0x1F, 0xFC, 0xE0, 0x77, 0x01, 0xB8, 0x0F, 0xC0, 0x7E, 0x03, 0xF0, 0x1B, 0x83, 0xDF, 0xFC,
    0xFF, 0x87, 0x0E, 0x38, 0x31, 0xC1, 0xCE, 0x06, 0x70, 0x3B, 0x80, 0xFC, 0x07, 0xE7, 0x36, 0x3C,
    0x00, 0x00, 0x67, 0x6F, 0x7C, 0x70, 0x60, 0x60, 0x60, 0x60, 0x60, 0x60, 0x60, 0x60, 0x60, 0x60,
    0x00, 0xC0, 0x06, 0x00, 0x18, 0x00, 0xC0, 0x00, 0x00, 0x00, 0x01, 0xFE, 0x0F, 0xFC, 0x70, 0x39,
    0x80, 0x66, 0x00, 0x18, 0x00, 0x70, 0x00, 0xF8, 0x01, 0xFC, 0x00, 0xFC, 0x00, 0x78, 0x00, 0x60,
    0x01, 0xF8, 0x07, 0x60, 0x19, 0xC0, 0xE3, 0xFF, 0x07, 0xF8, 0x03, 0x80, 0x60, 0x18, 0x03, 0x00,
    0x00, 0x1E, 0x0F, 0xF3, 0x8E, 0x60, 0xEC, 0x01, 0xC0, 0x1F, 0x01, 0xFC, 0x03, 0xC0, 0x3E, 0x03,
    0x60, 0xEF, 0xF8, 0xFE, 0x00, 0x07, 0x80, 0x1E, 0x00, 0xCC, 0x04, 0x08, 0x00, 0x00, 0x00, 0x01,
    0xFE, 0x0F, 0xFC, 0x70, 0x39, 0x80, 0x66, 0x00, 0x18, 0x00, 0x70, 0x00, 0xF8, 0x01, 0xFC, 0x00,
    0xFC, 0x00, 0x78, 0x00, 0x60, 0x01, 0xF8, 0x07, 0x60, 0x19, 0xC0, 0xE3, 0xFF, 0x07, 0xF8, 0x0E,
    0x03, 0xE0, 0xE6, 0x00, 0x20, 0x00, 0x1E, 0x0F, 0xF3, 0x8E, 0x60, 0xEC, 0x01, 0xC0, 0x1F, 0x01,
    0xFC, 0x03, 0xC0, 0x3E, 0x03, 0x60, 0xEF, 0xF8, 0xFE, 0x00, 0x1F, 0xE0, 0xFF, 0xC7, 0x03, 0x98,
    0x06, 0x60, 0x01, 0x80, 0x07, 0x00, 0x0F, 0x80, 0x1F, 0xC0, 0x0F, 0xC0, 0x07, 0x80, 0x06, 0x00,
    0x1F, 0x80, 0x76, 0x01, 0x9C, 0x0E, 0x3F, 0xF0, 0x7F, 0x80, 0x30, 0x00, 0xE0, 0x00, 0xC0, 0x03,
    0x00, 0x38, 0x00, 0x0F, 0x07, 0xF9, 0xC7, 0x30, 0x76, 0x00, 0xE0, 0x0F, 0x80, 0xFE, 0x01, 0xE0,
    0x1F, 0x01, 0xB0, 0x77, 0xFC, 0x7F, 0x01, 0x00, 0x38, 0x01, 0x80, 0x30, 0x3C, 0x00, 0x1C, 0xE0,
    0x37, 0x00, 0x78, 0x00, 0x00, 0x00, 0x00, 0x00, 0x01, 0xFE, 0x0F, 0xFC, 0x70, 0x39, 0x80, 0x66,
    0x00, 0x18, 0x00, 0x70, 0x00, 0xF8, 0x01, 0xFC, 0x00, 0xFC, 0x00, 0x78, 0x00, 0x60, 0x01, 0xF8,
    0x07, 0x60, 0x19, 0xC0, 0xE3, 0xFF, 0x07, 0xF8, 0x31, 0xC3, 0x60, 0x3C, 0x00, 0x00, 0x00, 0x1E,
    0x0F, 0xF3, 0x8E, 0x60, 0xEC, 0x01, 0xC0, 0x1F, 0x01, 0xFC, 0x03, 0xC0, 0x3E, 0x03, 0x60, 0xEF,
    0xF8, 0xFE, 0x00, 0xFF, 0xFF, 0xFF, 0xF0, 0x30, 0x00, 0xC0, 0x03, 0x00, 0x0C, 0x00, 0x30, 0x00,
    0xC0, 0x03, 0x00, 0x0C, 0x00, 0x30, 0x00, 0xC0, 0x03, 0x00, 0x0C, 0x00, 0x30, 0x00, 0xC0, 0x03,
    0x00, 0x0C, 0x00, 0x30, 0x00, 0xE0, 0x00, 0xC0, 0x03, 0x00, 0x38, 0x00, 0x38, 0x38, 0x38, 0xFE,
    0xFE, 0x38, 0x38, 0x38, 0x38, 0x38, 0x38, 0x38, 0x38, 0x38, 0x38, 0x1E, 0x0F, 0x04, 0x0F, 0x03,
    0x03, 0x0F, 0x1C, 0xE0, 0x3B, 0x00, 0x78, 0x00, 0x00, 0x00, 0x00, 0x00, 0x0F, 0xFF, 0xFF, 0xFF,
    0x03, 0x00, 0x0C, 0x00, 0x30, 0x00, 0xC0, 0x03, 0x00, 0x0C, 0x00, 0x30, 0x00, 0xC0, 0x03, 0x00,
    0x0C, 0x00, 0x30, 0x00, 0xC0, 0x03, 0x00, 0x0C, 0x00, 0x30, 0x00, 0xC0, 0x03, 0x03, 0x03, 0x3B,
    0x3A, 0x38, 0xFE, 0xFE, 0x38, 0x38, 0x38, 0x38, 0x38, 0x38, 0x38, 0x38, 0x38, 0x38, 0x1E, 0x0F,
    0xFF, 0xFF, 0xFF, 0xF0, 0x30, 0x00, 0xC0, 0x03, 0x00, 0x0C, 0x00, 0x30, 0x00, 0xC0, 0x3F, 0xF0,
    0xFF, 0xC0, 0x30, 0x00, 0xC0, 0x03, 0x00, 0x0C, 0x00, 0x30, 0x00, 0xC0, 0x03, 0x00, 0x0C, 0x00,
    0x38, 0x38, 0x38, 0xFE, 0xFE, 0x38, 0x38, 0x38, 0xFE, 0xFE, 0x38, 0x38, 0x38, 0x38, 0x38, 0x1E,
    0x0F, 0x04, 0x60, 0x3F, 0x80, 0x9C, 0x00, 0x00, 0x00, 0x00, 0x00, 0x0E, 0x00, 0xF8, 0x03, 0xE0,
    0x0F, 0x80, 0x3E, 0x00, 0xF8, 0x03, 0xE0, 0x0F, 0x80, 0x3E, 0x00, 0xF8, 0x03, 0xE0, 0x0F, 0x80,
    0x3E, 0x00, 0xF8, 0x03, 0x60, 0x1D, 0xE0, 0xE3, 0xFF, 0x03, 0xF8, 0x11, 0x87, 0xF0, 0x9C, 0x00,
    0x00, 0x01, 0x80, 0xF0, 0x1E, 0x03, 0xC0, 0x78, 0x0F, 0x01, 0xE0, 0x3C, 0x07, 0x80, 0xF0, 0x1E,
    0x07, 0xE1, 0xEF, 0xEC, 0xF9, 0x80, 0x0F, 0xE0, 0x3F, 0x80, 0x00, 0x00, 0x00, 0x00, 0x03, 0x80,
    0x3E, 0x00, 0xF8, 0x03, 0xE0, 0x0F, 0x80, 0x3E, 0x00, 0xF8, 0x03, 0xE0, 0x0F, 0x80, 0x3E, 0x00,
    0xF8, 0x03, 0xE0, 0x0F, 0x80, 0x3E, 0x00, 0xD8, 0x07, 0x78, 0x38, 0xFF, 0xC0, 0xFE, 0x00, 0x3F,
    0x87, 0xF0, 0x00, 0x00, 0x0C, 0x07, 0x80, 0xF0, 0x1E, 0x03, 0xC0, 0x78, 0x0F, 0x01, 0xE0, 0x3C,
    0x07, 0x80, 0xF0, 0x3F, 0x0F, 0x7F, 0x67, 0xCC, 0x08, 0x60, 0x33, 0x80, 0x7C, 0x00, 0x00, 0x00,
    0x00, 0x00, 0x0E, 0x00, 0xF8, 0x03, 0xE0, 0x0F, 0x80, 0x3E, 0x00, 0xF8, 0x03, 0xE0, 0x0F, 0x80,
    0x3E, 0x00, 0xF8, 0x03, 0xE0, 0x0F, 0x80, 0x3E, 0x00, 0xF8, 0x03, 0x60, 0x1D, 0xE0, 0xE3, 0xFF,
    0x03, 0xF8, 0x31, 0x86, 0x30, 0x7C, 0x00, 0x00, 0x01, 0x80, 0xF0, 0x1E, 0x03, 0xC0, 0x78, 0x0F,
    0x01, 0xE0, 0x3C, 0x07, 0x80, 0xF0, 0x1E, 0x07, 0xE1, 0xEF, 0xEC, 0xF9, 0x80, 0x03, 0x80, 0x1F,
    0x00, 0xC4, 0x03, 0x18, 0x0E, 0xC0, 0x1E, 0x00, 0x00, 0x38, 0x03, 0xE0, 0x0F, 0x80, 0x3E, 0x00,
    0xF8, 0x03, 0xE0, 0x0F, 0x80, 0x3E, 0x00, 0xF8, 0x03, 0xE0, 0x0F, 0x80, 0x3E, 0x00, 0xF8, 0x03,
    0xE0, 0x0D, 0x80, 0x77, 0x83, 0x8F, 0xFC, 0x0F, 0xE0, 0x04, 0x03, 0xE0, 0xC4, 0x18, 0xC3, 0x30,
    0x3E, 0x00, 0x06, 0x03, 0xC0, 0x78, 0x0F, 0x01, 0xE0, 0x3C, 0x07, 0x80, 0xF0, 0x1E, 0x03, 0xC0,
    0x78, 0x1F, 0x87, 0xBF, 0xB3, 0xE6, 0x06, 0x70, 0x31, 0x80, 0xCC, 0x06, 0x60, 0x00, 0x00, 0x00,
    0x0E, 0x00, 0xF8, 0x03, 0xE0, 0x0F, 0x80, 0x3E, 0x00, 0xF8, 0x03, 0xE0, 0x0F, 0x80, 0x3E, 0x00,
    0xF8, 0x03, 0xE0, 0x0F, 0x80, 0x3E, 0x00, 0xF8, 0x03, 0x60, 0x1D, 0xE0, 0xE3, 0xFF, 0x03, 0xF8,
    0x19, 0xC7, 0x30, 0xCC, 0x33, 0x00, 0x01, 0x80, 0xF0, 0x1E, 0x03, 0xC0, 0x78, 0x0F, 0x01, 0xE0,
    0x3C, 0x07, 0x80, 0xF0, 0x1E, 0x07, 0xE1, 0xEF, 0xEC, 0xF9, 0x80, 0xE0, 0x0F, 0x80, 0x3E, 0x00,
    0xF8, 0x03, 0xE0, 0x0F, 0x80, 0x3E, 0x00, 0xF8, 0x03, 0xE0, 0x0F, 0x80, 0x3E, 0x00, 0xF8, 0x03,
    0xE0, 0x0F, 0x80, 0x36, 0x01, 0xDE, 0x0E, 0x3F, 0xF0, 0x3F, 0x80, 0x18, 0x00, 0xC0, 0x06, 0x00,
    0x1F, 0x00, 0x3C, 0x00, 0xC0, 0x6C, 0x06, 0xC0, 0x6C, 0x06, 0xC0, 0x6C, 0x06, 0xC0, 0x6C, 0x06,
    0xC0, 0x6C, 0x06, 0xC0, 0xEE, 0x1E, 0x7F, 0x63, 0xE6, 0x00, 0xC0, 0x18, 0x01, 0x80, 0x1E, 0x01,
    0xF0, 0x00, 0x38, 0x00, 0x00, 0xD8, 0x00, 0x03, 0x38, 0x00, 0x08, 0x00, 0x00, 0x00, 0x00, 0x00,
    0x00, 0x00, 0x30, 0x0E, 0x03, 0xE0, 0x1C, 0x07, 0xE0, 0x78, 0x0C, 0xC0, 0xF8, 0x19, 0x81, 0xB0,
    0x73, 0x07, 0x60, 0xC7, 0x0C, 0xC1, 0x86, 0x19, 0xC3, 0x0C, 0x31, 0x8E, 0x1C, 0xE3, 0x18, 0x19,
    0x86, 0x30, 0x33, 0x06, 0x60, 0x66, 0x0D, 0xC0, 0xDC, 0x1B, 0x00, 0xF0, 0x36, 0x01, 0xE0, 0x3C,
    0x03, 0xC0, 0x70, 0x07, 0x00, 0xE0, 0x00, 0xE0, 0x00, 0x3E, 0x00, 0x0C, 0xE0, 0x02, 0x00, 0x00,
    0x00, 0x01, 0x81, 0x81, 0xF8, 0x38, 0x33, 0x0F, 0x06, 0x61, 0xE1, 0xCC, 0x36, 0x31, 0xC6, 0xC6,
    0x19, 0x98, 0xC3, 0x33, 0x30, 0x66, 0x36, 0x06, 0x86, 0xC0, 0xF0, 0xD8, 0x1E, 0x0E, 0x01, 0xC1,
    0xC0, 0x30, 0x38, 0x00, 0x03, 0x80, 0x0D, 0x80, 0x31, 0x80, 0x00, 0x00, 0x00, 0x00, 0x00, 0x38,
    0x03, 0xB0, 0x06, 0x70, 0x1C, 0x70, 0x70, 0x60, 0xC0, 0xE3, 0x80, 0xC6, 0x01, 0xDC, 0x01, 0xB0,
    0x01, 0xC0, 0x03, 0x80, 0x07, 0x00, 0x0E, 0x00, 0x1C, 0x00, 0x38, 0x00, 0x70, 0x00, 0xE0, 0x01,
    0xC0, 0x07, 0x00, 0xF0, 0x19, 0x82, 0x04, 0x00, 0x0C, 0x03, 0xC0, 0x3E, 0x07, 0x60, 0x67, 0x0E,
    0x30, 0xC3, 0x0C, 0x39, 0xC1, 0x98, 0x19, 0x80, 0xF8, 0x0F, 0x00, 0xF0, 0x06, 0x00, 0x60, 0x0E,
    0x00, 0xC0, 0x7C, 0x07, 0x80, 0x0C, 0x60, 0x38, 0xE0, 0x31, 0x80, 0x00, 0x00, 0x00, 0x00, 0x00,
    0x38, 0x03, 0xB0, 0x06, 0x70, 0x1C, 0x70, 0x70, 0x60, 0xC0, 0xE3, 0x80, 0xC6, 0x01, 0xDC, 0x01,
    0xB0, 0x01, 0xC0, 0x03, 0x80, 0x07, 0x00, 0x0E, 0x00, 0x1C, 0x00, 0x38, 0x00, 0x70, 0x00, 0xE0,
    0x01, 0xC0, 0x01, 0xC0, 0x0C, 0x00, 0xC0, 0x06, 0x00, 0x00, 0x00, 0x03, 0xFF, 0xFF, 0xFF, 0x00,
    0x30, 0x03, 0x80, 0x18, 0x01, 0x80, 0x1C, 0x00, 0xC0, 0x0C, 0x00, 0xE0, 0x06, 0x00, 0x60, 0x07,
    0x00, 0x70, 0x03, 0x00, 0x38, 0x01, 0xFF, 0xEF, 0xFF, 0x07, 0x01, 0x80, 0xC0, 0x30, 0x00, 0x3F,
    0xFF, 0xFC, 0x07, 0x03, 0x80, 0xC0, 0x60, 0x38, 0x1C, 0x06, 0x03, 0x01, 0xC0, 0xE0, 0x3F, 0xFF,
    0xFC, 0x03, 0x00, 0x38, 0x00, 0xC0, 0x00, 0x00, 0x00, 0x00, 0x03, 0xFF, 0xFF, 0xFF, 0x00, 0x30,
    0x03, 0x80, 0x18, 0x01, 0x80, 0x1C, 0x00, 0xC0, 0x0C, 0x00, 0xE0, 0x06, 0x00, 0x60, 0x07, 0x00,
    0x70, 0x03, 0x00, 0x38, 0x01, 0xFF, 0xEF, 0xFF, 0x0C, 0x07, 0x00, 0xC0, 0x00, 0x00, 0x3F, 0xFF,
    0xFC, 0x07, 0x03, 0x80, 0xC0, 0x60, 0x38, 0x1C, 0x06, 0x03, 0x01, 0xC0, 0xE0, 0x3F, 0xFF, 0xFC,
    0x1C, 0xE0, 0x6E, 0x01, 0xE0, 0x00, 0x00, 0x00, 0x00, 0x03, 0xFF, 0xFF, 0xFF, 0x00, 0x30, 0x03,
    0x80, 0x18, 0x01, 0x80, 0x1C, 0x00, 0xC0, 0x0C, 0x00, 0xE0, 0x06, 0x00, 0x60, 0x07, 0x00, 0x70,
    0x03, 0x00, 0x38, 0x01, 0xFF, 0xEF, 0xFF, 0x63, 0x8D, 0x81, 0xE0, 0x00, 0x00, 0x3F, 0xFF, 0xFC,
    0x07, 0x03, 0x80, 0xC0, 0x60, 0x38, 0x1C, 0x06, 0x03, 0x01, 0xC0, 0xE0, 0x3F, 0xFF, 0xFC, 0x3D,
    0xEE, 0x30, 0xC3, 0x0C, 0x30, 0xC3, 0x0C, 0x30, 0xC3, 0x0C, 0x30, 0xC3, 0x0C, 0x00, 0x00, 0x03,
    0x80, 0x01, 0xC0, 0x00, 0xE0, 0xFF, 0xE1, 0xFF, 0xE1, 0xE0, 0xF0, 0xC0, 0x18, 0xE0, 0x0E, 0x60,
    0x03, 0x30, 0x01, 0x98, 0x00, 0xFC, 0x00, 0x7E, 0x00, 0x3B, 0x00, 0x1D, 0x80, 0x0C, 0xC0, 0x06,
    0x70, 0x07, 0x1C, 0x07, 0x07, 0x07, 0x81, 0xFF, 0x80, 0x7F, 0x00, 0x00, 0x18, 0x00, 0xC0, 0x06,
    0x1F, 0xF1, 0xFE, 0x1C, 0x71, 0xC1, 0xCC, 0x06, 0xE0, 0x3F, 0x01, 0xF8, 0x0F, 0xC0, 0x76, 0x03,
    0x30, 0x19, 0xC1, 0xC7, 0xFC, 0x1F, 0xC0, 0x00, 0x01, 0x80, 0x00, 0xC0, 0x00, 0x7C, 0x01, 0xEE,
    0x00, 0xE7, 0x00, 0x63, 0x80, 0x31, 0xC0, 0x18, 0xE0, 0x0C, 0x70, 0x06, 0x38, 0x03, 0x1C, 0x01,
    0x8E, 0x00, 0xC7, 0x00, 0x63, 0x80, 0x31, 0xC0, 0x18, 0xE0, 0x0C, 0x30, 0x0E, 0x1E, 0x0E, 0x07,
    0xFE, 0x00, 0xFE, 0x00, 0x00, 0x18, 0x00, 0xC0, 0x07, 0x80, 0xFC, 0x07, 0x60, 0x33, 0x01, 0x98,
    0x0C, 0xC0, 0x66, 0x03, 0x30, 0x19, 0x80, 0xCC, 0x06, 0x60, 0x73, 0x87, 0x8F, 0xEC, 0x3E, 0x60,
    0x00, 0x00, 0x18, 0xEF, 0xFC, 0x00, 0xDC, 0xFF, 0xF0, 0x07, 0x8E, 0x07, 0x80, 0x00, 0xE0, 0x38,
    0x00, 0x0E, 0x01, 0xC3, 0xFF, 0xE0, 0x0C, 0x3F, 0xFE, 0x00, 0xC0, 0x07, 0xE0, 0x0C, 0x00, 0xEE,
    0x00, 0xE0, 0x0C, 0xE0, 0x0E, 0x01, 0x8E, 0x00, 0xC0, 0x38, 0xE0, 0x0C, 0x07, 0x0E, 0x00, 0xC0,
    0x60, 0xE0, 0x1C, 0x0C, 0x0E, 0x03, 0x81, 0xC0, 0xE0, 0x70, 0x38, 0x0F, 0xFE, 0x03, 0xFF, 0xFF,
    0x80, 0x3F, 0xF0, 0x00, 0x00, 0x73, 0x80, 0x06, 0x07, 0x60, 0x00, 0xC0, 0x78, 0x00, 0x18, 0x00,
    0x00, 0x03, 0x00, 0x00, 0x1E, 0x61, 0xFF, 0x8F, 0xEC, 0x3F, 0xF1, 0xC7, 0x80, 0x0E, 0x70, 0x70,
    0x01, 0x8C, 0x06, 0x00, 0x73, 0x80, 0xC0, 0x1C, 0x70, 0x18, 0x07, 0x0E, 0x03, 0x00, 0xC1, 0xC0,
    0x60, 0x30, 0x38, 0x0C, 0x0E, 0x03, 0x03, 0x83, 0x80, 0x70, 0x70, 0x60, 0x07, 0xFE, 0x1F, 0xFC,
    0x7E, 0xC3, 0xFF, 0x80, 0xE0, 0x00, 0x03, 0xE0, 0x00, 0x03, 0xE0, 0x00, 0x03, 0xE0, 0x00, 0x03,
    0xE0, 0x00, 0x03, 0xE0, 0x00, 0x03, 0xE0, 0x00, 0x03, 0xE0, 0x00, 0x03, 0xE0, 0x00, 0x03, 0xE0,
    0x00, 0x03, 0xE0, 0x00, 0x03, 0xE0, 0x00, 0x03, 0xE0, 0x07, 0x03, 0xE0, 0x07, 0x03, 0xE0, 0x03,
    0x03, 0xE0, 0x03, 0x87, 0xFF, 0xE1, 0xFE, 0xFF, 0xE0, 0xFC, 0x00, 0x03, 0x70, 0x01, 0xF8, 0x00,
    0xDC, 0x00, 0x0E, 0x00, 0x07, 0x00, 0x1B, 0x80, 0x0D, 0xC0, 0x06, 0xE0, 0x03, 0x70, 0x01, 0xB8,
    0x00, 0xDC, 0x00, 0x6E, 0x00, 0x37, 0x00, 0x1B, 0x80, 0x0D, 0xC0, 0x06, 0xE0, 0x03, 0x7F, 0xF1,
    0xBF, 0xF8, 0xC0, 0x00, 0x60, 0x00, 0x30, 0x00, 0x18, 0x00, 0x3C, 0x00, 0x1C, 0x03, 0x61, 0xF0,
    0xD8, 0x0C, 0x06, 0x1B, 0x0D, 0x86, 0xC3, 0x61, 0xB0, 0xD8, 0x6C, 0x36, 0x1B, 0x0D, 0x86, 0xC3,
    0x61, 0xB0, 0xC0, 0x60, 0x30, 0x18, 0x3C, 0x1C, 0xE0, 0x0E, 0x00, 0x1F, 0x80, 0x70, 0x00, 0xFE,
    0x03, 0x80, 0x07, 0xB0, 0x1C, 0x00, 0x3D, 0xC0, 0xE0, 0x01, 0xE7, 0x07, 0x00, 0x0F, 0x98, 0x38,
    0x00, 0x7C, 0xE1, 0xC0, 0x03, 0xE3, 0x0E, 0x00, 0x1F, 0x1C, 0x70, 0x00, 0xF8, 0x73, 0x80, 0x07,
    0xC1, 0x9C, 0x00, 0x3E, 0x0E, 0xE3, 0x01, 0xF0, 0x3F, 0x18, 0x0F, 0x80, 0xF8, 0xE0, 0xFC, 0x07,
    0xC3, 0x0E, 0xE0, 0x1E, 0x1F, 0xF7, 0x00, 0x70, 0x7E, 0x00, 0x00, 0x00, 0x1F, 0x00, 0x71, 0xFC,
    0x03, 0x87, 0xF0, 0x1C, 0x0D, 0x80, 0xE0, 0x6E, 0x07, 0x0F, 0x38, 0x38, 0x7C, 0xC1, 0xC3, 0xE7,
    0x0E, 0x1F, 0x18, 0x70, 0xF8, 0xE3, 0x87, 0xC3, 0x9C, 0x3E, 0x0C, 0xE1, 0xF0, 0x77, 0x0F, 0x81,
    0xF8, 0x7C, 0x07, 0xC3, 0xE0, 0x3E, 0x1F, 0x00, 0xF0, 0xF8, 0x03, 0x86, 0x00, 0x00, 0x30, 0x00,
    0x01, 0x80, 0x00, 0x1C, 0x00, 0x01, 0xC0, 0x00, 0x0C, 0x00, 0x01, 0x80, 0x01, 0xC0, 0x00, 0x60,
    0x00, 0x00, 0x00, 0x06, 0x78, 0x0F, 0x7F, 0x07, 0xE3, 0x83, 0xE0, 0xE1, 0xE0, 0x30, 0xF0, 0x18,
    0x78, 0x0C, 0x3C, 0x06, 0x1E, 0x03, 0x0F, 0x01, 0x87, 0x80, 0xC3, 0xC0, 0x61, 0xE0, 0x30, 0xF0,
    0x18, 0x60, 0x00, 0x30, 0x00, 0x18, 0x00, 0x1C, 0x00, 0x3C, 0x00, 0x1C, 0x0C, 0x70, 0x06, 0xC0,
    0x03, 0x80, 0x00, 0x00, 0x00, 0x00, 0x00, 0x00, 0x03, 0x80, 0x03, 0xC0, 0x06, 0xC0, 0x06, 0xC0,
    0x06, 0xE0, 0x0C, 0x60, 0x0C, 0x60, 0x1C, 0x70, 0x18, 0x30, 0x18, 0x30, 0x38, 0x38, 0x3F, 0xF8,
    0x3F, 0xFC, 0x70, 0x0C, 0x60, 0x0C, 0x60, 0x0E, 0xE0, 0x06, 0xC0, 0x07, 0x31, 0xC3, 0x60, 0x3C,
    0x00, 0x00, 0x00, 0x1E, 0x0F, 0xF3, 0x87, 0xE0, 0x60, 0x0C, 0x01, 0x8F, 0xF7, 0xF7, 0xC0, 0xF0,
    0x1E, 0x03, 0xE0, 0xEF, 0xFC, 0xFD, 0x80, 0xE3, 0x36, 0x1C, 0x00, 0x00, 0x00, 0x1C, 0x1C, 0x1C,
    0x1C, 0x1C, 0x1C, 0x1C, 0x1C, 0x1C, 0x1C, 0x1C, 0x1C, 0x1C, 0x1C, 0x1C, 0x1C, 0x1C, 0x1C, 0xE7,
    0x76, 0x3C, 0x00, 0x00, 0x18, 0x18, 0x18, 0x18, 0x18, 0x18, 0x18, 0x18, 0x18, 0x18, 0x18, 0x18,
    0x18, 0x18, 0x06, 0x30, 0x01, 0xB0, 0x00, 0x70, 0x00, 0x00, 0x00, 0x00, 0x00, 0x00, 0x00, 0x1F,
    0xC0, 0x3F, 0xF8, 0x3C, 0x1E, 0x18, 0x03, 0x1C, 0x01, 0xCC, 0x00, 0x66, 0x00, 0x33, 0x00, 0x1F,
    0x80, 0x0F, 0xC0, 0x07, 0x60, 0x03, 0xB0, 0x01, 0x98, 0x00, 0xCE, 0x00, 0xE3, 0x80, 0xE0, 0xE0,
    0xF0, 0x3F, 0xF0, 0x0F, 0xE0, 0x18, 0xC0, 0x6C, 0x01, 0xC0, 0x00, 0x00, 0x00, 0x07, 0xC0, 0x7F,
    0x07, 0x1C, 0x70, 0x73, 0x01, 0xB8, 0x0F, 0xC0, 0x7E, 0x03, 0xF0, 0x1D, 0x80, 0xCC, 0x06, 0x70,
    0x71, 0xFF, 0x07, 0xF0, 0x1C, 0x60, 0x1B, 0x00, 0x38, 0x00, 0x00, 0x00, 0x00, 0x00, 0x0E, 0x00,
    0xF8, 0x03, 0xE0, 0x0F, 0x80, 0x3E, 0x00, 0xF8, 0x03, 0xE0, 0x0F, 0x80, 0x3E, 0x00, 0xF8, 0x03,
    0xE0, 0x0F, 0x80, 0x3E, 0x00, 0xF8, 0x03, 0x60, 0x1D, 0xE0, 0xE3, 0xFF, 0x03, 0xF8, 0x71, 0x83,
    0x60, 0x38, 0x00, 0x00, 0x01, 0x80, 0xF0, 0x1E, 0x03, 0xC0, 0x78, 0x0F, 0x01, 0xE0, 0x3C, 0x07,
    0x80, 0xF0, 0x1E, 0x07, 0xE1, 0xEF, 0xEC, 0xF9, 0x80, 0x0F, 0xE0, 0x3F, 0x80, 0x00, 0x00, 0x00,
    0x1C, 0x60, 0x73, 0x80, 0x00, 0x00, 0x00, 0x00, 0x03, 0x80, 0x3E, 0x00, 0xF8, 0x03, 0xE0, 0x0F,
    0x80, 0x3E, 0x00, 0xF8, 0x03, 0xE0, 0x0F, 0x80, 0x3E, 0x00, 0xF8, 0x03, 0xE0, 0x0F, 0x80, 0x3E,
    0x00, 0xD8, 0x07, 0x78, 0x38, 0xFF, 0xC0, 0xFE, 0x00, 0x3F, 0x87, 0xF0, 0x00, 0x00, 0x03, 0x18,
    0xE3, 0x00, 0x00, 0x00, 0xC0, 0x78, 0x0F, 0x01, 0xE0, 0x3C, 0x07, 0x80, 0xF0, 0x1E, 0x03, 0xC0,
    0x78, 0x0F, 0x03, 0xF0, 0xF7, 0xF6, 0x7C, 0xC0, 0x00, 0xE0, 0x06, 0x00, 0x18, 0x00, 0x80, 0x00,
    0x00, 0x71, 0x81, 0xCE, 0x00, 0x00, 0x00, 0x00, 0x00, 0x0E, 0x00, 0xF8, 0x03, 0xE0, 0x0F, 0x80,
    0x3E, 0x00, 0xF8, 0x03, 0xE0, 0x0F, 0x80, 0x3E, 0x00, 0xF8, 0x03, 0xE0, 0x0F, 0x80, 0x3E, 0x00,
    0xF8, 0x03, 0x60, 0x1D, 0xE0, 0xE3, 0xFF, 0x03, 0xF8, 0x03, 0x80, 0xE0, 0x18, 0x04, 0x00, 0x00,
    0x63, 0x1C, 0x60, 0x00, 0x00, 0x18, 0x0F, 0x01, 0xE0, 0x3C, 0x07, 0x80, 0xF0, 0x1E, 0x03, 0xC0,
    0x78, 0x0F, 0x01, 0xE0, 0x7E, 0x1E, 0xFE, 0xCF, 0x98, 0x1C, 0x60, 0x1B, 0x00, 0x38, 0x00, 0x00,
    0x00, 0x00, 0x71, 0x81, 0xCE, 0x00, 0x00, 0x00, 0x00, 0x00, 0x0E, 0x00, 0xF8, 0x03, 0xE0, 0x0F,
    0x80, 0x3E, 0x00, 0xF8, 0x03, 0xE0, 0x0F, 0x80, 0x3E, 0x00, 0xF8, 0x03, 0xE0, 0x0F, 0x80, 0x3E,
    0x00, 0xF8, 0x03, 0x60, 0x1D, 0xE0, 0xE3, 0xFF, 0x03, 0xF8, 0x31, 0x83, 0x60, 0x38, 0x00, 0x00,
    0x00, 0x63, 0x1C, 0x60, 0x00, 0x00, 0x18, 0x0F, 0x01, 0xE0, 0x3C, 0x07, 0x80, 0xF0, 0x1E, 0x03,
    0xC0, 0x78, 0x0F, 0x01, 0xE0, 0x7E, 0x1E, 0xFE, 0xCF, 0x98, 0x0E, 0x00, 0x18, 0x00, 0x30, 0x00,
    0x00, 0x00, 0x00, 0x71, 0x81, 0xCE, 0x00, 0x00, 0x00, 0x00, 0x00, 0x0E, 0x00, 0xF8, 0x03, 0xE0,
    0x0F, 0x80, 0x3E, 0x00, 0xF8, 0x03, 0xE0, 0x0F, 0x80, 0x3E, 0x00, 0xF8, 0x03, 0xE0, 0x0F, 0x80,
    0x3E, 0x00, 0xF8, 0x03, 0x60, 0x1D, 0xE0, 0xE3, 0xFF, 0x03, 0xF8, 0x38, 0x03, 0x00, 0x30, 0x00,
    0x00, 0x00, 0x63, 0x1C, 0x60, 0x00, 0x00, 0x18, 0x0F, 0x01, 0xE0, 0x3C, 0x07, 0x80, 0xF0, 0x1E,
    0x03, 0xC0, 0x78, 0x0F, 0x01, 0xE0, 0x7E, 0x1E, 0xFE, 0xCF, 0x98, 0x1F, 0x03, 0xFC, 0x70, 0xEE,
    0x07, 0x00, 0x30, 0x03, 0xFF, 0xFF, 0xFF, 0xC0, 0x3E, 0x03, 0x60, 0x77, 0x0E, 0x3F, 0xC1, 0xF8,
    0x0F, 0xE0, 0x0F, 0xE0, 0x00, 0x00, 0x00, 0x00, 0x0E, 0x70, 0x0C, 0x70, 0x00, 0x00, 0x00, 0x00,
    0x00, 0x00, 0x03, 0x80, 0x03, 0xC0, 0x06, 0xC0, 0x06, 0xC0, 0x06, 0xE0, 0x0C, 0x60, 0x0C, 0x60,
    0x1C, 0x70, 0x18, 0x30, 0x18, 0x30, 0x38, 0x38, 0x3F, 0xF8, 0x3F, 0xFC, 0x70, 0x0C, 0x60, 0x0C,
    0x60, 0x0E, 0xE0, 0x06, 0xC0, 0x07, 0x3F, 0x87, 0xF0, 0x00, 0x00, 0x03, 0x9C, 0x73, 0x80, 0x00,
    0x00, 0x0F, 0x07, 0xF9, 0xC3, 0xF0, 0x30, 0x06, 0x00, 0xC7, 0xFB, 0xFB, 0xE0, 0x78, 0x0F, 0x01,
    0xF0, 0x77, 0xFE, 0x7E, 0xC0, 0x0F, 0xE0, 0x0F, 0xE0, 0x00, 0x00, 0x00, 0x00, 0x03, 0x80, 0x03,
    0x80, 0x00, 0x00, 0x00, 0x00, 0x00, 0x00, 0x03, 0x80, 0x03, 0xC0, 0x06, 0xC0, 0x06, 0xC0, 0x06,
    0xE0, 0x0C, 0x60, 0x0C, 0x60, 0x1C, 0x70, 0x18, 0x30, 0x18, 0x30, 0x38, 0x38, 0x3F, 0xF8, 0x3F,
    0xFC, 0x70, 0x0C, 0x60, 0x0C, 0x60, 0x0E, 0xE0, 0x06, 0xC0, 0x07, 0x3F, 0x87, 0xF0, 0x00, 0x00,
    0x00, 0xE0, 0x1C, 0x00, 0x00, 0x00, 0x0F, 0x07, 0xF9, 0xC3, 0xF0, 0x30, 0x06, 0x00, 0xC7, 0xFB,
    0xFB, 0xE0, 0x78, 0x0F, 0x01, 0xF0, 0x77, 0xFE, 0x7E, 0xC0, 0x00, 0x0F, 0xE0, 0x00, 0x3F, 0x80,
    0x00, 0x00, 0x00, 0x00, 0x00, 0x00, 0x00, 0x00, 0x03, 0xFF, 0xF0, 0x0D, 0xFF, 0xC0, 0x66, 0x00,
    0x01, 0x98, 0x00, 0x0C, 0x60, 0x00, 0x31, 0x80, 0x01, 0xC6, 0x00, 0x06, 0x18, 0x00, 0x38, 0x7F,
    0xF0, 0xC1, 0xFF, 0xC7, 0x06, 0x00, 0x1F, 0xF8, 0x00, 0xFF, 0xE0, 0x03, 0x01, 0x80, 0x1C, 0x06,
    0x00, 0x60, 0x18, 0x03, 0x80, 0x7F, 0xFC, 0x01, 0xFF, 0xC0, 0x01, 0xFC, 0x00, 0x0F, 0xE0, 0x00,
    0x00, 0x00, 0x00, 0x00, 0x00, 0xF0, 0x78, 0x1F, 0xEF, 0xF1, 0xC3, 0xE3, 0xDC, 0x0E, 0x06, 0x00,
    0x60, 0x30, 0x03, 0x01, 0xC7, 0xFF, 0xFE, 0xFF, 0xFF, 0xFE, 0x06, 0x00, 0x60, 0x30, 0x03, 0x03,
    0xC0, 0xBC, 0x1E, 0x0E, 0x7F, 0xBF, 0xF1, 0xF8, 0x7E, 0x00, 0x07, 0xF0, 0x0F, 0xFE, 0x0F, 0x07,
    0x86, 0x01, 0xC7, 0x00, 0x73, 0x00, 0x19, 0x80, 0x00, 0xC0, 0x00, 0xE0, 0x00, 0x70, 0x3F, 0x98,
    0x1F, 0xCC, 0x00, 0x66, 0x07, 0xFB, 0x83, 0xFC, 0xE0, 0x18, 0x38, 0x3C, 0x0F, 0xFC, 0x03, 0xF8,
    0x00, 0x0F, 0x30, 0x7F, 0x60, 0xE3, 0xC3, 0x83, 0x86, 0x03, 0x1C, 0x06, 0x38, 0x7F, 0xF0, 0xFF,
    0xE0, 0x30, 0xC0, 0x61, 0x81, 0xC3, 0xC7, 0x83, 0xFB, 0x01, 0xC6, 0x00, 0x0C, 0x10, 0x18, 0x70,
    0x70, 0xFF, 0xC0, 0x7F, 0x00, 0x06, 0x30, 0x03, 0x60, 0x01, 0xC0, 0x00, 0x00, 0x00, 0x00, 0x00,
    0x00, 0x07, 0xF0, 0x1F, 0xFC, 0x3C, 0x1E, 0x30, 0x0E, 0x70, 0x07, 0x60, 0x03, 0x60, 0x00, 0x60,
    0x00, 0xE0, 0x00, 0xE0, 0x7F, 0x60, 0x7F, 0x60, 0x03, 0x60, 0x03, 0x70, 0x07, 0x38, 0x06, 0x1C,
    0x1E, 0x0F, 0xFC, 0x07, 0xF0, 0x38, 0xC0, 0xD8, 0x07, 0x00, 0x00, 0x00, 0x00, 0xF3, 0x3F, 0xB3,
    0x8F, 0x70, 0x76, 0x03, 0xE0, 0x3E, 0x03, 0xE0, 0x3E, 0x03, 0x60, 0x36, 0x07, 0x78, 0xF3, 0xFB,
    0x0E, 0x30, 0x03, 0x20, 0x37, 0x07, 0x7F, 0xE1, 0xFC, 0x18, 0xE0, 0x36, 0x00, 0x70, 0x00, 0x00,
    0x00, 0x00, 0x00, 0x0E, 0x03, 0xF8, 0x1E, 0xE0, 0x73, 0x83, 0x8E, 0x1C, 0x38, 0xE0, 0xE7, 0x03,
    0xB8, 0x0F, 0xE0, 0x3F, 0xC0, 0xF3, 0x83, 0x86, 0x0E, 0x1C, 0x38, 0x38, 0xE0, 0x73, 0x80, 0xCE,
    0x03, 0xB8, 0x07, 0xE7, 0x01, 0xD8, 0x03, 0xC0, 0x00, 0x00, 0x00, 0x00, 0x00, 0x01, 0x80, 0x06,
    0x00, 0x18, 0x00, 0x60, 0x01, 0x81, 0xC6, 0x0E, 0x18, 0x70, 0x63, 0x81, 0x9C, 0x06, 0xE0, 0x1F,
    0x00, 0x7E, 0x01, 0xDC, 0x06, 0x38, 0x18, 0x70, 0x60, 0xC1, 0x83, 0x86, 0x07, 0x07, 0xF0, 0x0F,
    0xFE, 0x0F, 0x07, 0x86, 0x00, 0xC7, 0x00, 0x73, 0x00, 0x19, 0x80, 0x0C, 0xC0, 0x07, 0xE0, 0x03,
    0xF0, 0x01, 0xD8, 0x00, 0xEC, 0x00, 0x66, 0x00, 0x33, 0x80, 0x38, 0xE0, 0x38, 0x38, 0x3C, 0x0F,
    0xFC, 0x03, 0xF8, 0x00, 0x38, 0x00, 0x30, 0x00, 0x38, 0x00, 0x1F, 0x00, 0x07, 0xC0, 0x0F, 0x80,
    0xFE, 0x0E, 0x38, 0xE0, 0xE6, 0x03, 0x70, 0x1F, 0x80, 0xFC, 0x07, 0xE0, 0x3B, 0x01, 0x98, 0x0C,
    0xE0, 0xE3, 0xFE, 0x0F, 0xE0, 0x0C, 0x00, 0xC0, 0x0E, 0x00, 0x7C, 0x01, 0xE0, 0x07, 0xF0, 0x03,
    0xF8, 0x00, 0x00, 0x00, 0x00, 0x00, 0x00, 0x00, 0x3F, 0x80, 0x7F, 0xF0, 0x78, 0x3C, 0x30, 0x06,
    0x38, 0x03, 0x98, 0x00, 0xCC, 0x00, 0x66, 0x00, 0x3F, 0x00, 0x1F, 0x80, 0x0E, 0xC0, 0x07, 0x60,
    0x03, 0x30, 0x01, 0x9C, 0x01, 0xC7, 0x01, 0xC1, 0xC1, 0xE0, 0x7F, 0xE0, 0x1F, 0xC0, 0x01, 0xC0,
    0x01, 0x80, 0x01, 0xC0, 0x00, 0xF8, 0x00, 0x3E, 0x00, 0x1F, 0xC0, 0xFE, 0x00, 0x00, 0x00, 0x00,
    0xF8, 0x0F, 0xE0, 0xE3, 0x8E, 0x0E, 0x60, 0x37, 0x01, 0xF8, 0x0F, 0xC0, 0x7E, 0x03, 0xB0, 0x19,
    0x80, 0xCE, 0x0E, 0x3F, 0xE0, 0xFE, 0x00, 0xC0, 0x0C, 0x00, 0xE0, 0x07, 0xC0, 0x1E, 0x00, 0x0C,
    0x60, 0x0D, 0x80, 0x0E, 0x00, 0x00, 0x00, 0x00, 0x00, 0x00, 0x1F, 0xFF, 0x3F, 0xFE, 0x00, 0x18,
    0x00, 0x60, 0x01, 0x80, 0x06, 0x00, 0x18, 0x00, 0x60, 0x01, 0xE0, 0x03, 0xF8, 0x00, 0x78, 0x00,
    0x38, 0x00, 0x70, 0x00, 0x60, 0x00, 0xE0, 0x01, 0xC0, 0x03, 0xF0, 0x07, 0xE0, 0x0C, 0xC0, 0x39,
    0xE0, 0xE1, 0xFF, 0x80, 0xFE, 0x00, 0x31, 0xC1, 0xB0, 0x0F, 0x00, 0x00, 0x00, 0x00, 0x00, 0xFF,
    0xEF, 0xFE, 0x00, 0xC0, 0x1C, 0x03, 0x80, 0x70, 0x0E, 0x00, 0xC0, 0x0F, 0xC0, 0x1E, 0x00, 0x60,
    0x07, 0x00, 0x3C, 0x03, 0xC0, 0x7E, 0x0E, 0x7F, 0xC3, 0xF8, 0xE7, 0x76, 0x3C, 0x00, 0x00, 0x18,
    0x18, 0x18, 0x18, 0x18, 0x18, 0x18, 0x18, 0x18, 0x18, 0x18, 0x18, 0x18, 0x18, 0x18, 0x18, 0x38,
    0x78, 0x70, 0xFF, 0xC0, 0x3F, 0xFF, 0xFF, 0xC0, 0xFF, 0xFE, 0x07, 0x80, 0x01, 0xF8, 0x0E, 0x00,
    0x0E, 0xE0, 0x1C, 0x00, 0x33, 0x80, 0x30, 0x01, 0x8E, 0x00, 0xC0, 0x0E, 0x38, 0x03, 0x00, 0x30,
    0xE0, 0x0E, 0x01, 0x83, 0x80, 0x38, 0x0E, 0x0E, 0x00, 0xC0, 0x30, 0x38, 0x03, 0x01, 0x80, 0xE0,
    0x0C, 0x0E, 0x03, 0x80, 0x70, 0x30, 0x0E, 0x03, 0x81, 0x80, 0x38, 0x1C, 0x0E, 0x00, 0xFF, 0xE0,
    0x3F, 0xFF, 0xFE, 0x00, 0xFF, 0xF0, 0xFF, 0xC0, 0x00, 0x0F, 0xFF, 0x00, 0x00, 0xE0, 0x78, 0x00,
    0x0E, 0x03, 0x80, 0x00, 0xE0, 0x1C, 0x3F, 0xFE, 0x00, 0xC3, 0xFF, 0xE0, 0x0C, 0x00, 0x7E, 0x00,
    0xC0, 0x0E, 0xE0, 0x0E, 0x00, 0xCE, 0x00, 0xE0, 0x18, 0xE0, 0x0C, 0x03, 0x8E, 0x00, 0xC0, 0x70,
    0xE0, 0x0C, 0x06, 0x0E, 0x01, 0xC0, 0xC0, 0xE0, 0x38, 0x1C, 0x0E, 0x07, 0x03, 0x80, 0xFF, 0xE0,
    0x3F, 0xFF, 0xF8, 0x03, 0xFF, 0x00, 0x30, 0x00, 0x00, 0x06, 0x00, 0x00, 0x00, 0xC0, 0x00, 0x00,
    0x18, 0x00, 0x00, 0xF3, 0x0F, 0xFC, 0x7F, 0x61, 0xFF, 0x8E, 0x3C, 0x00, 0x73, 0x83, 0x80, 0x0C,
    0x60, 0x30, 0x03, 0x9C, 0x06, 0x00, 0xE3, 0x80, 0xC0, 0x38, 0x70, 0x18, 0x06, 0x0E, 0x03, 0x01,
    0x81, 0xC0, 0x60, 0x70, 0x18, 0x1C, 0x1C, 0x03, 0x83, 0x83, 0x00, 0x3F, 0xF0, 0xFF, 0xE3, 0xF6,
    0x1F, 0xFC, 0x00, 0x70, 0x00, 0xE0, 0x00, 0xC0, 0x00, 0x80, 0x00, 0x00, 0x00, 0x00, 0x07, 0xF0,
    0x1F, 0xFC, 0x3C, 0x1E, 0x30, 0x0E, 0x70, 0x07, 0x60, 0x03, 0x60, 0x00, 0x60, 0x00, 0xE0, 0x00,
    0xE0, 0x7F, 0x60, 0x7F, 0x60, 0x03, 0x60, 0x03, 0x70, 0x07, 0x38, 0x06, 0x1C, 0x1E, 0x0F, 0xFC,
    0x07, 0xF0, 0x01, 0xC0, 0x38, 0x03, 0x00, 0x60, 0x00, 0x00, 0xF3, 0x3F, 0xB3, 0x8F, 0x70, 0x76,
    0x03, 0xE0, 0x3E, 0x03, 0xE0, 0x3E, 0x03, 0x60, 0x36, 0x07, 0x78, 0xF3, 0xFB, 0x0E, 0x30, 0x03,
    0x20, 0x37, 0x07, 0x7F, 0xE1, 0xFC, 0xE0, 0x0C, 0x00, 0xE0, 0x0C, 0x00, 0xE0, 0x0C, 0x00, 0xE0,
    0x0C, 0x00, 0xE0, 0x0C, 0x03, 0xE0, 0x0C, 0x03, 0xE0, 0x0C, 0x03, 0xE0, 0x0C, 0x03, 0xFF, 0xFC,
    0x03, 0xFF, 0xFC, 0x03, 0xE0, 0x0C, 0x03, 0xE0, 0x0C, 0x03, 0xE0, 0x0C, 0x03, 0xE0, 0x0E, 0x03,
    0xE0, 0x0E, 0x07, 0xE0, 0x07, 0x0E, 0xE0, 0x03, 0xFE, 0xE0, 0x01, 0xF8, 0xFF, 0xC3, 0xFF, 0xCF,
    0x07, 0x38, 0x0E, 0xE0, 0x3B, 0x80, 0x6E, 0x01, 0xB8, 0x07, 0xE0, 0x1B, 0x80, 0x6E, 0x03, 0xB8,
    0x0E, 0xE0, 0x3B, 0x81, 0xCE, 0x0E, 0x38, 0x78, 0xE3, 0xC3, 0xBE, 0x0F, 0xE0, 0x3E, 0x00, 0xE0,
    0x03, 0x80, 0x0E, 0x00, 0x00, 0x0E, 0x00, 0x0C, 0x00, 0x0C, 0x00, 0x08, 0x00, 0x00, 0x00, 0x00,
    0x38, 0x03, 0xF8, 0x07, 0xF8, 0x0F, 0xB0, 0x1F, 0x70, 0x3E, 0x70, 0x7E, 0x60, 0xFC, 0xE1, 0xF8,
    0xC3, 0xF1, 0xC7, 0xE1, 0xCF, 0xC1, 0x9F, 0x83, 0xBF, 0x03, 0xFE, 0x03, 0xFC, 0x07, 0xF8, 0x07,
    0xF0, 0x07, 0x38, 0x03, 0x00, 0x30, 0x06, 0x00, 0x01, 0x9E, 0x37, 0xF7, 0x8E, 0xE0, 0xF8, 0x0F,
    0x01, 0xE0, 0x3C, 0x07, 0x80, 0xF0, 0x1E, 0x03, 0xC0, 0x78, 0x0F, 0x01, 0x80, 0x00, 0xE0, 0x01,
    0x80, 0x01, 0x00, 0x03, 0x80, 0x07, 0xC0, 0x0C, 0x60, 0x0C, 0x60, 0x06, 0xC0, 0x03, 0xC0, 0x00,
    0x00, 0x03, 0x80, 0x03, 0xC0, 0x06, 0xC0, 0x06, 0xC0, 0x06, 0xE0, 0x0C, 0x60, 0x0C, 0x60, 0x1C,
    0x70, 0x18, 0x30, 0x18, 0x30, 0x38, 0x38, 0x3F, 0xF8, 0x3F, 0xFC, 0x70, 0x0C, 0x60, 0x0C, 0x60,
    0x0E, 0xE0, 0x06, 0xC0, 0x07, 0x01, 0x80, 0x60, 0x18, 0x02, 0x01, 0xF0, 0x33, 0x04, 0x60, 0xCC,
    0x1F, 0x00, 0x00, 0x3C, 0x1F, 0xE7, 0x0F, 0xC0, 0xC0, 0x18, 0x03, 0x1F, 0xEF, 0xEF, 0x81, 0xE0,
    0x3C, 0x07, 0xC1, 0xDF, 0xF9, 0xFB, 0x00, 0x00, 0xC0, 0x00, 0x06, 0x00, 0x00, 0x18, 0x00, 0x00,
    0xC0, 0x00, 0x00, 0x00, 0x00, 0x00, 0x00, 0x0F, 0xFF, 0xC0, 0x37, 0xFF, 0x01, 0x98, 0x00, 0x06,
    0x60, 0x00, 0x31, 0x80, 0x00, 0xC6, 0x00, 0x07, 0x18, 0x00, 0x18, 0x60, 0x00, 0xE1, 0xFF, 0xC3,
    0x07, 0xFF, 0x1C, 0x18, 0x00, 0x7F, 0xE0, 0x03, 0xFF, 0x80, 0x0C, 0x06, 0x00, 0x70, 0x18, 0x01,
    0x80, 0x60, 0x0E, 0x01, 0xFF, 0xF0, 0x07, 0xFF, 0x00, 0x1C, 0x00, 0x01, 0xC0, 0x00, 0x0C, 0x00,
    0x00, 0xC0, 0x00, 0x00, 0x00, 0x07, 0x83, 0xC0, 0xFF, 0x7F, 0x8E, 0x1F, 0x1E, 0xE0, 0x70, 0x30,
    0x03, 0x01, 0x80, 0x18, 0x0E, 0x3F, 0xFF, 0xF7, 0xFF, 0xFF, 0xF0, 0x30, 0x03, 0x01, 0x80, 0x18,
    0x1E, 0x05, 0xE0, 0xF0, 0x73, 0xFD, 0xFF, 0x8F, 0xC3, 0xF0, 0x00, 0x70, 0x00, 0x30, 0x00, 0x30,
    0x00, 0x10, 0x00, 0x00, 0x00, 0x00, 0x10, 0x1F, 0xDC, 0x3F, 0xFC, 0x3C, 0x1E, 0x18, 0x0F, 0x1C,
    0x0F, 0xCC, 0x06, 0x66, 0x06, 0x33, 0x07, 0x1F, 0x83, 0x0F, 0xC3, 0x07, 0x63, 0x83, 0xB1, 0x81,
    0x99, 0x80, 0xCF, 0xC0, 0xE3, 0xC0, 0xE0, 0xE0, 0xF0, 0xFF, 0xF0, 0xEF, 0xE0, 0x10, 0x00, 0x00,
    0x01, 0xC0, 0x1C, 0x00, 0xC0, 0x04, 0x00, 0x00, 0x07, 0xCC, 0x7F, 0xC7, 0x1E, 0x70, 0xF3, 0x07,
    0xB8, 0x6F, 0xC6, 0x7E, 0x63, 0xF7, 0x1D, 0xF0, 0xCF, 0x06, 0x70, 0x73, 0xFF, 0x37, 0xF0, 0x80,
    0x00, 0x39, 0x80, 0x18, 0xC0, 0x0C, 0xC0, 0x06, 0x60, 0x00, 0x00, 0x00, 0x00, 0x03, 0x80, 0x03,
    0xC0, 0x06, 0xC0, 0x06, 0xC0, 0x06, 0xE0, 0x0C, 0x60, 0x0C, 0x60, 0x1C, 0x70, 0x18, 0x30, 0x18,
    0x30, 0x38, 0x38, 0x3F, 0xF8, 0x3F, 0xFC, 0x70, 0x0C, 0x60, 0x0C, 0x60, 0x0E, 0xE0, 0x06, 0xC0,
    0x07, 0xE7, 0x0E, 0x60, 0xCC, 0x0C, 0xC0, 0x00, 0x1E, 0x0F, 0xF3, 0x87, 0xE0, 0x60, 0x0C, 0x01,
    0x8F, 0xF7, 0xF7, 0xC0, 0xF0, 0x1E, 0x03, 0xE0, 0xEF, 0xFC, 0xFD, 0x80, 0x07, 0xC0, 0x0E, 0xE0,
    0x0C, 0x20, 0x00, 0x00, 0x00, 0x00, 0x00, 0x00, 0x03, 0x80, 0x03, 0xC0, 0x06, 0xC0, 0x06, 0xC0,
    0x06, 0xE0, 0x0C, 0x60, 0x0C, 0x60, 0x1C, 0x70, 0x18, 0x30, 0x18, 0x30, 0x38, 0x38, 0x3F, 0xF8,
    0x3F, 0xFC, 0x70, 0x0C, 0x60, 0x0C, 0x60, 0x0E, 0xE0, 0x06, 0xC0, 0x07, 0x1F, 0x03, 0x30, 0xC2,
    0x00, 0x20, 0x00, 0x1E, 0x0F, 0xF3, 0x87, 0xE0, 0x60, 0x0C, 0x01, 0x8F, 0xF7, 0xF7, 0xC0, 0xF0,
    0x1E, 0x03, 0xE0, 0xEF, 0xFC, 0xFD, 0x80, 0xE6, 0x0E, 0x60, 0xCC, 0x0C, 0xC0, 0x00, 0x00, 0x3F,
    0xFF, 0xFF, 0xE0, 0x1C, 0x03, 0x80, 0x70, 0x0E, 0x01, 0xC0, 0x3F, 0xFF, 0xFF, 0xE0, 0x1C, 0x03,
    0x80, 0x70, 0x0E, 0x01, 0xC0, 0x3F, 0xFF, 0xFF, 0x77, 0x03, 0x30, 0x19, 0x81, 0x98, 0x00, 0x00,
    0xF0, 0x1F, 0xC3, 0x8E, 0x60, 0x76, 0x03, 0xE0, 0x3F, 0xFF, 0xFF, 0xFE, 0x00, 0xE0, 0x06, 0x02,
    0x70, 0x73, 0xFE, 0x1F, 0xC0, 0x1F, 0x03, 0x30, 0xC2, 0x00, 0x20, 0x00, 0x00, 0x3F, 0xFF, 0xFF,
    0xE0, 0x1C, 0x03, 0x80, 0x70, 0x0E, 0x01, 0xC0, 0x3F, 0xFF, 0xFF, 0xE0, 0x1C, 0x03, 0x80, 0x70,
    0x0E, 0x01, 0xC0, 0x3F, 0xFF, 0xFF, 0x0F, 0x81, 0xDC, 0x10, 0xC0, 0x00, 0x00, 0x00, 0xF0, 0x1F,
    0xC3, 0x8E, 0x60, 0x76, 0x03, 0xE0, 0x3F, 0xFF, 0xFF, 0xFE, 0x00, 0xE0, 0x06, 0x02, 0x70, 0x73,
    0xFE, 0x1F, 0xC0, 0xEE, 0x66, 0x33, 0x33, 0x00, 0x00, 0x0E, 0x0E, 0x0E, 0x0E, 0x0E, 0x0E, 0x0E,
    0x0E, 0x0E, 0x0E, 0x0E, 0x0E, 0x0E, 0x0E, 0x0E, 0x0E, 0x0E, 0x0E, 0xE7, 0x19, 0x8C, 0x63, 0x30,
    0x00, 0x30, 0x18, 0x0C, 0x06, 0x03, 0x01, 0x80, 0xC0, 0x60, 0x30, 0x18, 0x0C, 0x06, 0x03, 0x01,
    0x80, 0x7D, 0xDE, 0x18, 0x00, 0x00, 0x0E, 0x1C, 0x38, 0x70, 0xE1, 0xC3, 0x87, 0x0E, 0x1C, 0x38,
    0x70, 0xE1, 0xC3, 0x87, 0x0E, 0x1C, 0x3C, 0x66, 0xC3, 0x00, 0x00, 0x18, 0x18, 0x18, 0x18, 0x18,
    0x18, 0x18, 0x18, 0x18, 0x18, 0x18, 0x18, 0x18, 0x18, 0x1C, 0xC0, 0x06, 0x70, 0x01, 0x98, 0x00,
    0x44, 0x00, 0x00, 0x00, 0x00, 0x00, 0x1F, 0xC0, 0x3F, 0xF8, 0x3C, 0x1E, 0x18, 0x03, 0x1C, 0x01,
    0xCC, 0x00, 0x66, 0x00, 0x33, 0x00, 0x1F, 0x80, 0x0F, 0xC0, 0x07, 0x60, 0x03, 0xB0, 0x01, 0x98,
    0x00, 0xCE, 0x00, 0xE3, 0x80, 0xE0, 0xE0, 0xF0, 0x3F, 0xF0, 0x0F, 0xE0, 0x73, 0x01, 0x9C, 0x06,
    0x60, 0x11, 0x00, 0x00, 0x07, 0xC0, 0x7F, 0x07, 0x1C, 0x70, 0x73, 0x01, 0xB8, 0x0F, 0xC0, 0x7E,
    0x03, 0xF0, 0x1D, 0x80, 0xCC, 0x06, 0x70, 0x71, 0xFF, 0x07, 0xF0, 0x03, 0xE0, 0x03, 0xB8, 0x01,
    0x8C, 0x00, 0x00, 0x00, 0x00, 0x00, 0x00, 0x00, 0x1F, 0xC0, 0x3F, 0xF8, 0x3C, 0x1E, 0x18, 0x03,
    0x1C, 0x01, 0xCC, 0x00, 0x66, 0x00, 0x33, 0x00, 0x1F, 0x80, 0x0F, 0xC0, 0x07, 0x60, 0x03, 0xB0,
    0x01, 0x98, 0x00, 0xCE, 0x00, 0xE3, 0x80, 0xE0, 0xE0, 0xF0, 0x3F, 0xF0, 0x0F, 0xE0, 0x0F, 0x80,
    0xEE, 0x06, 0x30, 0x00, 0x00, 0x00, 0x07, 0xC0, 0x7F, 0x07, 0x1C, 0x70, 0x73, 0x01, 0xB8, 0x0F,
    0xC0, 0x7E, 0x03, 0xF0, 0x1D, 0x80, 0xCC, 0x06, 0x70, 0x71, 0xFF, 0x07, 0xF0, 0xE7, 0x03, 0x98,
    0x0C, 0xC0, 0x33, 0x00, 0x00, 0x00, 0x03, 0xFF, 0x1F, 0xFC, 0xE0, 0x77, 0x01, 0xB8, 0x0F, 0xC0,
    0x7E, 0x03, 0xF0, 0x1B, 0x83, 0xDF, 0xFC, 0xFF, 0x87, 0x0E, 0x38, 0x31, 0xC1, 0xCE, 0x06, 0x70,
    0x3B, 0x80, 0xFC, 0x07, 0xCE, 0x33, 0x0C, 0xC6, 0x60, 0x01, 0x9C, 0xDE, 0x7C, 0x38, 0x18, 0x0C,
    0x06, 0x03, 0x01, 0x80, 0xC0, 0x60, 0x30, 0x18, 0x0C, 0x00, 0x0F, 0x00, 0xCC, 0x0C, 0x30, 0x00,
    0x00, 0x00, 0x00, 0x03, 0xFF, 0x1F, 0xFC, 0xE0, 0x77, 0x01, 0xB8, 0x0F, 0xC0, 0x7E, 0x03, 0xF0,
    0x1B, 0x83, 0xDF, 0xFC, 0xFF, 0x87, 0x0E, 0x38, 0x31, 0xC1, 0xCE, 0x06, 0x70, 0x3B, 0x80, 0xFC,
    0x07, 0x3E, 0x66, 0x43, 0x80, 0x00, 0x67, 0x6F, 0x7C, 0x70, 0x60, 0x60, 0x60, 0x60, 0x60, 0x60,
    0x60, 0x60, 0x60, 0x60, 0x33, 0x80, 0x66, 0x00, 0xCC, 0x03, 0x30, 0x00, 0x00, 0x00, 0x0E, 0x00,
    0xF8, 0x03, 0xE0, 0x0F, 0x80, 0x3E, 0x00, 0xF8, 0x03, 0xE0, 0x0F, 0x80, 0x3E, 0x00, 0xF8, 0x03,
    0xE0, 0x0F, 0x80, 0x3E, 0x00, 0xF8, 0x03, 0x60, 0x1D, 0xE0, 0xE3, 0xFF, 0x03, 0xF8, 0xEE, 0x0C,
    0xC0, 0xCC, 0x19, 0x80, 0x01, 0x80, 0xF0, 0x1E, 0x03, 0xC0, 0x78, 0x0F, 0x01, 0xE0, 0x3C, 0x07,
    0x80, 0xF0, 0x1E, 0x07, 0xE1, 0xEF, 0xEC, 0xF9, 0x80, 0x07, 0xC0, 0x33, 0x80, 0x86, 0x00, 0x00,
    0x00, 0x00, 0x00, 0x0E, 0x00, 0xF8, 0x03, 0xE0, 0x0F, 0x80, 0x3E, 0x00, 0xF8, 0x03, 0xE0, 0x0F,
    0x80, 0x3E, 0x00, 0xF8, 0x03, 0xE0, 0x0F, 0x80, 0x3E, 0x00, 0xF8, 0x03, 0x60, 0x1D, 0xE0, 0xE3,
    0xFF, 0x03, 0xF8, 0x1F, 0x07, 0x70, 0x86, 0x00, 0x00, 0x01, 0x80, 0xF0, 0x1E, 0x03, 0xC0, 0x78,
    0x0F, 0x01, 0xE0, 0x3C, 0x07, 0x80, 0xF0, 0x1E, 0x07, 0xE1, 0xEF, 0xEC, 0xF9, 0x80, 0x1F, 0xE0,
    0xFF, 0xC7, 0x03, 0x98, 0x06, 0x60, 0x01, 0x80, 0x07, 0x00, 0x0F, 0x80, 0x1F, 0xC0, 0x0F, 0xC0,
    0x07, 0x80, 0x06, 0x00, 0x1F, 0x80, 0x76, 0x01, 0x9C, 0x0E, 0x3F, 0xF0, 0x7F, 0x80, 0x00, 0x00,
    0xC0, 0x03, 0x00, 0x18, 0x00, 0x60, 0x01, 0x80, 0x0F, 0x07, 0xF9, 0xC7, 0x30, 0x76, 0x00, 0xE0,
    0x0F, 0x80, 0xFE, 0x01, 0xE0, 0x1F, 0x01, 0xB0, 0x77, 0xFC, 0x7F, 0x00, 0x00, 0x30, 0x0E, 0x01,
    0x80, 0x30, 0x04, 0x00, 0xFF, 0xFF, 0xFF, 0xF0, 0x30, 0x00, 0xC0, 0x03, 0x00, 0x0C, 0x00, 0x30,
    0x00, 0xC0, 0x03, 0x00, 0x0C, 0x00, 0x30, 0x00, 0xC0, 0x03, 0x00, 0x0C, 0x00, 0x30, 0x00, 0xC0,
    0x03, 0x00, 0x0C, 0x00, 0x00, 0x00, 0xC0, 0x03, 0x00, 0x1C, 0x00, 0x60, 0x01, 0x80, 0x38, 0x38,
    0x38, 0xFE, 0xFE, 0x38, 0x38, 0x38, 0x38, 0x38, 0x38, 0x38, 0x38, 0x38, 0x38, 0x1E, 0x0F, 0x00,
    0x1C, 0x18, 0x18, 0x18, 0x30, 0x3F, 0xC7, 0xFE, 0xE0, 0xEC, 0x07, 0xC0, 0x70, 0x07, 0x00, 0x70,
    0x06, 0x00, 0xE0, 0x1C, 0x07, 0xE3, 0xE7, 0x78, 0x34, 0x03, 0x00, 0x30, 0x07, 0x00, 0x70, 0x07,
    0x00, 0xE0, 0x3C, 0x0F, 0x87, 0xE0, 0x70, 0x00, 0x1E, 0x1F, 0xEE, 0x3B, 0x07, 0x01, 0xC0, 0x70,
    0x38, 0x0E, 0x0F, 0x9F, 0x77, 0x1C, 0x07, 0x01, 0xC0, 0x70, 0x18, 0x1E, 0x0F, 0x1F, 0x87, 0x00,
    0x1C, 0x60, 0x1B, 0x00, 0x78, 0x00, 0x00, 0x00, 0x00, 0x00, 0x0E, 0x00, 0xF8, 0x03, 0xE0, 0x0F,
    0x80, 0x3E, 0x00, 0xF8, 0x03, 0xE0, 0x0F, 0x80, 0x3F, 0xFF, 0xFF, 0xFF, 0xE0, 0x0F, 0x80, 0x3E,
    0x00, 0xF8, 0x03, 0xE0, 0x0F, 0x80, 0x3E, 0x00, 0xF8, 0x03, 0xE7, 0x01, 0xD8, 0x03, 0xC0, 0x00,
    0x00, 0x00, 0x00, 0x00, 0x01, 0x80, 0x06, 0x00, 0x18, 0x00, 0x60, 0x01, 0x9E, 0x06, 0xFE, 0x1E,
    0x38, 0x70, 0x71, 0x80, 0xC6, 0x03, 0x18, 0x0C, 0x60, 0x31, 0x80, 0xC6, 0x03, 0x18, 0x0C, 0x60,
    0x31, 0x80, 0xC6, 0x03, 0xE6, 0x63, 0x36, 0x6C, 0x1C, 0x3E, 0xE7, 0x47, 0xFE, 0x70, 0xFF, 0xF0,
    0xC2, 0xCD, 0xF0, 0x6F, 0x60, 0x63, 0xE3, 0x63, 0xF3, 0x36, 0x23, 0xEC, 0xE3, 0xCF, 0xE0, 0xE7,
    0x76, 0x3C, 0xEE, 0x67, 0x33, 0x33, 0x6D, 0xBF, 0x90, 0x6D, 0xBF, 0x90, 0x76, 0x6E, 0x40, 0x6F,
    0x60, 0x37, 0x6E, 0x40, 0x44, 0xE3, 0x3F, 0x73, 0x31, 0xF7, 0x80, 0xE7, 0x76, 0x3C, 0x00, 0xC0,
    0x60, 0x18, 0x0C, 0x03, 0x01, 0x80, 0x60, 0x30, 0x0C, 0x06, 0x01, 0x80, 0xC0, 0x30, 0x18, 0x06,
    0x03, 0x00, 0xC0, 0x00, 0x00, 0x0C, 0x00, 0x60, 0x01, 0x00, 0x08, 0x00, 0x60, 0x01, 0x00, 0x0C,
    0x00, 0x60, 0x01, 0x00, 0x0C, 0x00, 0x20, 0x01, 0x00, 0x0C, 0x00, 0x20, 0x01, 0x80, 0x04, 0x00,
    0x20, 0x01, 0x80, 0x04, 0x00, 0x30, 0x00, 0x47, 0xFE, 0x70, 0x76, 0x66, 0xC0, 0xFF, 0xFF, 0xC3,
    0xC3, 0xC3, 0xFF, 0xFC, 0x07, 0xFF, 0xE0, 0xDE, 0xF7, 0xBD, 0x80, 0xFF, 0xC6, 0x31, 0x80, 0x07,
    0xBF, 0xFB, 0xDB, 0x40, 0x80, 0x18, 0x0E, 0x06, 0x0E, 0x3F, 0xF6, 0x78, 0x20, 0x38, 0x1C, 0x00,
    0xFB, 0xCF, 0x21, 0xFF, 0x84, 0x32, 0x18, 0x4F, 0xFB, 0xFF, 0x61, 0x0C, 0xC0, 0x21, 0xCE, 0xA9,
    0x20, 0x80, 0x00, 0xC0, 0x78, 0x1F, 0x81, 0xF0, 0x78, 0xFB, 0xE1, 0xC0, 0x80, 0x00, 0x7B, 0x30,
    0x38, 0x7E, 0xC6, 0xC3, 0x18, 0x38, 0x10, 0xCD, 0xE3, 0x1E, 0xDC, 0x0C, 0xEE, 0x3C, 0x1C, 0x10,
    0xC0, 0xF0, 0x38, 0xEE, 0x10, 0x00, 0xC0, 0xC3, 0x87, 0x07, 0x28, 0x7B, 0x6E, 0x11, 0x41, 0x8C,
    0x99, 0xB7, 0x80, 0x6F, 0x60, 0x22, 0x9F, 0xCC, 0x58, 0x7F, 0xB3, 0x3C, 0xCD, 0x73, 0x33, 0x80,
    0x6C, 0xF3, 0x32, 0xE0, 0x01, 0xCF, 0x03, 0xC0, 0xFF, 0xC0, 0x01, 0x00, 0xE0, 0x01, 0xCF, 0x03,
    0xC0, 0xFF, 0xC0, 0x01, 0x00, 0xFF, 0xFF, 0xFF, 0xF0, 0xFF, 0xFF, 0xFF, 0xF0, 0x00, 0x00, 0x02,
    0x3F, 0xFE, 0x07, 0x71, 0xFF, 0xFE, 0xC0, 0x00, 0x30, 0x07, 0xF8, 0x07, 0xCF, 0x87, 0x00, 0x3B,
    0x80, 0x03, 0x00, 0x06, 0x00, 0x00, 0xCF, 0xFF, 0xFF, 0xFF, 0xFF, 0x00, 0x03, 0x00, 0x01, 0x80,
    0x7F, 0x33, 0xFB, 0xCF, 0xF0, 0x7B, 0x3F, 0xF0, 0xC5, 0xF1, 0x00, 0xF3, 0xFF, 0xC0, 0x7F, 0x3C,
    0x71, 0xCD, 0xF1, 0x00, 0xCF, 0x3C, 0xF3, 0xCD, 0xF0, 0x7B, 0x3C, 0x30, 0xCD, 0xE1, 0x00, 0x0C,
    0x30, 0xDF, 0xCE, 0x38, 0xF3, 0x7C, 0x80, 0xC3, 0x0C, 0x3F, 0xCF, 0x3C, 0xF3, 0xCC, 0xFF, 0xF3,
    0x3C, 0xCF, 0x33, 0xCC, 0xF3, 0x30, 0xFC, 0xCC, 0xCC, 0x21, 0x3E, 0x42, 0x10, 0x86, 0xCD, 0x36,
    0x9E, 0x38, 0xC0, 0xDD, 0xE7, 0x1C, 0x7B, 0x30, 0x18, 0x01, 0x80, 0x30, 0x03, 0x00, 0x00, 0x00,
    0x3F, 0xFF, 0xFF, 0xE0, 0x1C, 0x03, 0x80, 0x70, 0x0E, 0x01, 0xC0, 0x3F, 0xFF, 0xFF, 0xE0, 0x1C,
    0x03, 0x80, 0x70, 0x0E, 0x01, 0xC0, 0x3F, 0xFF, 0xFF, 0x10, 0x87, 0x38, 0xC7, 0x00, 0x00, 0x00,
    0x00, 0x3F, 0xFF, 0xFF, 0xE0, 0x1C, 0x03, 0x80, 0x70, 0x0E, 0x01, 0xC0, 0x3F, 0xFF, 0xFF, 0xE0,
    0x1C, 0x03, 0x80, 0x70, 0x0E, 0x01, 0xC0, 0x3F, 0xFF, 0xFF, 0xFF, 0xFC, 0x1F, 0xFF, 0x80, 0x0C,
    0x00, 0x01, 0x80, 0x00, 0x30, 0x00, 0x06, 0x00, 0x00, 0xC0, 0x00, 0x1B, 0xF8, 0x03, 0xFF, 0x80,
    0x78, 0x38, 0x0E, 0x03, 0x01, 0x80, 0x70, 0x30, 0x0E, 0x06, 0x01, 0xC0, 0xC0, 0x38, 0x18, 0x06,
    0x03, 0x03, 0xC0, 0x63, 0xF0, 0x00, 0x78, 0x00, 0x03, 0x80, 0x60, 0x18, 0x03, 0x00, 0x00, 0x00,
    0x3F, 0xFF, 0xFF, 0xE0, 0x1C, 0x03, 0x80, 0x70, 0x0E, 0x01, 0xC0, 0x38, 0x07, 0x00, 0xE0, 0x1C,
    0x03, 0x80, 0x70, 0x0E, 0x01, 0xC0, 0x38, 0x07, 0x00, 0x07, 0xF0, 0x1F, 0xFC, 0x3C, 0x1E, 0x30,
    0x06, 0x70, 0x07, 0x60, 0x03, 0x60, 0x00, 0x60, 0x00, 0xFF, 0xC0, 0xFF, 0xC0, 0x60, 0x00, 0x60,
    0x00, 0x60, 0x03, 0x70, 0x07, 0x38, 0x0E, 0x1C, 0x1E, 0x0F, 0xFC, 0x07, 0xF0, 0x1F, 0xE0, 0xFF,
    0xC7, 0x03, 0x98, 0x06, 0x60, 0x01, 0x80, 0x07, 0x00, 0x0F, 0x80, 0x1F, 0xC0, 0x0F, 0xC0, 0x07,
    0x80, 0x06, 0x00, 0x1F, 0x80, 0x76, 0x01, 0x9C, 0x0E, 0x3F, 0xF0, 0x7F, 0x80, 0xFF, 0xFF, 0xFF,
    0xFF, 0xFF, 0xFF, 0xFC, 0x43, 0xE7, 0x63, 0x00, 0x00, 0x00, 0x1C, 0x1C, 0x1C, 0x1C, 0x1C, 0x1C,
    0x1C, 0x1C, 0x1C, 0x1C, 0x1C, 0x1C, 0x1C, 0x1C, 0x1C, 0x1C, 0x1C, 0x1C, 0x00, 0x60, 0x0C, 0x01,
    0x80, 0x30, 0x06, 0x00, 0xC0, 0x18, 0x03, 0x00, 0x60, 0x0C, 0x01, 0x80, 0x3E, 0x07, 0xC0, 0xF8,
    0x3B, 0x87, 0x7F, 0xC3, 0xF0, 0x0F, 0xFE, 0x00, 0x03, 0xFF, 0x80, 0x00, 0xC0, 0x60, 0x00, 0x30,
    0x18, 0x00, 0x0C, 0x06, 0x00, 0x03, 0x01, 0x80, 0x00, 0xC0, 0x60, 0x00, 0x30, 0x1F, 0xF0, 0x0C,
    0x07, 0xFF, 0x07, 0x01, 0x80, 0xE1, 0xC0, 0x60, 0x18, 0x70, 0x18, 0x07, 0x18, 0x06, 0x01, 0xC6,
    0x01, 0x80, 0x61, 0x80, 0x60, 0x18, 0xE0, 0x18, 0x0E, 0xF0, 0x07, 0xFF, 0x38, 0x01, 0xFF, 0x00,
    0xC0, 0x0C, 0x00, 0x60, 0x06, 0x00, 0x30, 0x03, 0x00, 0x18, 0x01, 0x80, 0x0C, 0x00, 0xC0, 0x06,
    0x00, 0x60, 0x03, 0x00, 0x30, 0x01, 0xFF, 0xFF, 0xF8, 0xFF, 0xFF, 0xFE, 0x60, 0x06, 0x03, 0xB0,
    0x03, 0x00, 0xF8, 0x01, 0x80, 0x7C, 0x00, 0xC0, 0x1E, 0x00, 0x60, 0x1F, 0x00, 0x30, 0x0F, 0x80,
    0x18, 0x0E, 0xC0, 0x0F, 0xFE, 0x60, 0x07, 0xFE, 0x00, 0xFF, 0xFE, 0x1F, 0xFF, 0xC0, 0x0C, 0x00,
    0x01, 0x80, 0x00, 0x30, 0x00, 0x06, 0x00, 0x00, 0xC0, 0x00, 0x19, 0xF8, 0x03, 0xFF, 0xC0, 0x78,
    0x3C, 0x0C, 0x03, 0x81, 0x80, 0x30, 0x30, 0x06, 0x06, 0x00, 0xC0, 0xC0, 0x18, 0x18, 0x03, 0x03,
    0x00, 0x60, 0x60, 0x0C, 0x01, 0xC0, 0x0E, 0x00, 0x30, 0x01, 0x80, 0x00, 0x00, 0x00, 0x0E, 0x03,
    0xF8, 0x0E, 0xE0, 0x73, 0x83, 0x8E, 0x1C, 0x38, 0x60, 0xE3, 0x83, 0x9C, 0x0F, 0xE0, 0x3F, 0xC0,
    0xE3, 0x03, 0x8E, 0x0E, 0x1C, 0x38, 0x38, 0xE0, 0x63, 0x81, 0xCE, 0x03, 0xB8, 0x07, 0x0E, 0x00,
    0x0C, 0x00, 0x0C, 0x00, 0x08, 0x00, 0x00, 0x00, 0x00, 0x38, 0x07, 0xF0, 0x0F, 0xE0, 0x3F, 0xC0,
    0x7F, 0x81, 0xBF, 0x07, 0x7E, 0x0C, 0xFC, 0x39, 0xF8, 0xE3, 0xF1, 0x87, 0xE7, 0x0F, 0xDC, 0x1F,
    0xB0, 0x3E, 0xE0, 0x7D, 0x80, 0xFF, 0x01, 0xFC, 0x03, 0xF0, 0x07, 0x18, 0x40, 0x33, 0x00, 0xF8,
    0x00, 0x00, 0x00, 0x00, 0x00, 0x0C, 0x01, 0xF8, 0x06, 0x60, 0x39, 0xC0, 0xE3, 0x03, 0x0E, 0x1C,
    0x18, 0x60, 0x61, 0x80, 0xCE, 0x03, 0x30, 0x0F, 0xC0, 0x1E, 0x00, 0x78, 0x00, 0xC0, 0x03, 0x00,
    0x1C, 0x03, 0xE0, 0x0F, 0x00, 0xE0, 0x0F, 0x80, 0x3E, 0x00, 0xF8, 0x03, 0xE0, 0x0F, 0x80, 0x3E,
    0x00, 0xF8, 0x03, 0xE0, 0x0F, 0x80, 0x3E, 0x00, 0xF8, 0x03, 0xE0, 0x0F, 0x80, 0x3E, 0x00, 0xF8,
    0x03, 0xFF, 0xFF, 0xFF, 0xF0, 0x30, 0x00, 0xC0, 0x03, 0x00, 0x0C, 0x00, 0x03, 0x80, 0x03, 0xC0,
    0x06, 0xC0, 0x06, 0xC0, 0x06, 0xE0, 0x0C, 0x60, 0x0C, 0x60, 0x1C, 0x70, 0x18, 0x30, 0x18, 0x30,
    0x38, 0x38, 0x3F, 0xF8, 0x3F, 0xFC, 0x70, 0x0C, 0x60, 0x0C, 0x60, 0x0E, 0xE0, 0x06, 0xC0, 0x07,
    0xFF, 0xE7, 0xFF, 0x38, 0x01, 0xC0, 0x0E, 0x00, 0x70, 0x03, 0x80, 0x1F, 0xC0, 0xFF, 0xE7, 0x0F,
    0xB8, 0x0D, 0xC0, 0x7E, 0x03, 0xF0, 0x1F, 0x80, 0xDC, 0x0E, 0xFF, 0xE7, 0xFC, 0x00, 0xFF, 0xC7,
    0xFF, 0x38, 0x1D, 0xC0, 0x6E, 0x03, 0x70, 0x1B, 0x81, 0xDC, 0x1C, 0xFF, 0x87, 0xFF, 0x38, 0x1D,
    0xC0, 0x7E, 0x01, 0xF0, 0x0F, 0x80, 0xFC, 0x0E, 0xFF, 0xF7, 0xFE, 0x00, 0xFF, 0xFF, 0xFF, 0x80,
    0x70, 0x0E, 0x01, 0xC0, 0x38, 0x07, 0x00, 0xE0, 0x1C, 0x03, 0x80, 0x70, 0x0E, 0x01, 0xC0, 0x38,
    0x07, 0x00, 0xE0, 0x1C, 0x00, 0x07, 0xFF, 0x01, 0xFF, 0xC0, 0x60, 0x30, 0x18, 0x0C, 0x0E, 0x03,
    0x03, 0x80, 0xC0, 0xE0, 0x30, 0x38, 0x0C, 0x0C, 0x03, 0x03, 0x00, 0xC0, 0xC0, 0x30, 0x30, 0x0C,
    0x1C, 0x03, 0x07, 0x00, 0xC1, 0x80, 0x30, 0xE0, 0x0C, 0xFF, 0xFF, 0xFF, 0xFF, 0xFC, 0x00, 0x0F,
    0x00, 0x03, 0xC0, 0x00, 0xF0, 0x00, 0x30, 0xFF, 0xFF, 0xFF, 0x80, 0x70, 0x0E, 0x01, 0xC0, 0x38,
    0x07, 0x00, 0xFF, 0xFF, 0xFF, 0x80, 0x70, 0x0E, 0x01, 0xC0, 0x38, 0x07, 0x00, 0xFF, 0xFF, 0xFC,
    0xE0, 0x30, 0x1D, 0xC0, 0xC0, 0xE3, 0x83, 0x07, 0x0E, 0x0C, 0x1C, 0x1C, 0x30, 0xE0, 0x30, 0xC3,
    0x00, 0xE3, 0x1C, 0x01, 0x8C, 0x60, 0x03, 0xFF, 0x00, 0x1F, 0xFE, 0x00, 0xE3, 0x1C, 0x03, 0x0C,
    0x30, 0x1C, 0x30, 0xE0, 0xE0, 0xC1, 0xC3, 0x03, 0x03, 0x1C, 0x0C, 0x0E, 0x60, 0x30, 0x1B, 0x80,
    0xC0, 0x70, 0x3F, 0x87, 0xFC, 0xE0, 0xEC, 0x06, 0x00, 0x60, 0x06, 0x00, 0xE0, 0x3C, 0x0F, 0x00,
    0xFC, 0x00, 0xE0, 0x07, 0x00, 0x3C, 0x03, 0xC0, 0x7E, 0x0E, 0x7F, 0xC3, 0xF8, 0xE0, 0x1F, 0xC0,
    0x3F, 0x80, 0xFF, 0x01, 0xFE, 0x06, 0xFC, 0x1D, 0xF8, 0x33, 0xF0, 0xE7, 0xE3, 0x8F, 0xC6, 0x1F,
    0x9C, 0x3F, 0x70, 0x7E, 0xC0, 0xFB, 0x81, 0xF6, 0x03, 0xFC, 0x07, 0xF0, 0x0F, 0xC0, 0x1C, 0x0C,
    0x60, 0x18, 0xC0, 0x1F, 0x00, 0x00, 0x00, 0x00, 0x00, 0x00, 0x38, 0x07, 0xF0, 0x0F, 0xE0, 0x3F,
    0xC0, 0x7F, 0x81, 0xBF, 0x07, 0x7E, 0x0C, 0xFC, 0x39, 0xF8, 0xE3, 0xF1, 0x87, 0xE7, 0x0F, 0xDC,
    0x1F, 0xB0, 0x3E, 0xE0, 0x7D, 0x80, 0xFF, 0x01, 0xFC, 0x03, 0xF0, 0x07, 0xE0, 0x3F, 0x80, 0xEE,
    0x07, 0x38, 0x38, 0xE1, 0xC3, 0x86, 0x0E, 0x38, 0x39, 0xC0, 0xFE, 0x03, 0xFC, 0x0E, 0x30, 0x38,
    0xE0, 0xE1, 0xC3, 0x83, 0x8E, 0x06, 0x38, 0x1C, 0xE0, 0x3B, 0x80, 0x70, 0x0F, 0xFF, 0x0F, 0xFF,
    0x0C, 0x07, 0x0C, 0x07, 0x0C, 0x07, 0x0C, 0x07, 0x0C, 0x07, 0x0C, 0x07, 0x0C, 0x07, 0x1C, 0x07,
    0x1C, 0x07, 0x1C, 0x07, 0x1C, 0x07, 0x18, 0x07, 0x18, 0x07, 0x38, 0x07, 0xF0, 0x07, 0xE0, 0x07,
    0xF0, 0x01, 0xFC, 0x00, 0xFF, 0x80, 0x3F, 0x60, 0x0F, 0xD8, 0x06, 0xF7, 0x01, 0xBC, 0xC0, 0xEF,
    0x38, 0x33, 0xC6, 0x0C, 0xF1, 0x87, 0x3C, 0x71, 0x8F, 0x0C, 0x63, 0xC3, 0x30, 0xF0, 0xEC, 0x3C,
    0x1B, 0x0F, 0x07, 0x83, 0xC0, 0xE0, 0xF0, 0x38, 0x30, 0xE0, 0x0F, 0x80, 0x3E, 0x00, 0xF8, 0x03,
    0xE0, 0x0F, 0x80, 0x3E, 0x00, 0xF8, 0x03, 0xFF, 0xFF, 0xFF, 0xFE, 0x00, 0xF8, 0x03, 0xE0, 0x0F,
    0x80, 0x3E, 0x00, 0xF8, 0x03, 0xE0, 0x0F, 0x80, 0x30, 0x07, 0xF0, 0x0F, 0xFE, 0x0F, 0x07, 0x86,
    0x00, 0xC7, 0x00, 0x73, 0x00, 0x19, 0x80, 0x0C, 0xC0, 0x07, 0xE0, 0x03, 0xF0, 0x01, 0xD8, 0x00,
    0xEC, 0x00, 0x66, 0x00, 0x33, 0x80, 0x38, 0xE0, 0x38, 0x38, 0x3C, 0x0F, 0xFC, 0x03, 0xF8, 0x00,
    0xFF, 0xFF, 0xFF, 0xFE, 0x00, 0xF8, 0x03, 0xE0, 0x0F, 0x80, 0x3E, 0x00, 0xF8, 0x03, 0xE0, 0x0F,
    0x80, 0x3E, 0x00, 0xF8, 0x03, 0xE0, 0x0F, 0x80, 0x3E, 0x00, 0xF8, 0x03, 0xE0, 0x0F, 0x80, 0x30,
    0xFF, 0xC7, 0xFF, 0x38, 0x1D, 0xC0, 0x6E, 0x03, 0xF0, 0x1F, 0x80, 0xFC, 0x06, 0xE0, 0x77, 0xFF,
    0x3F, 0xF1, 0xC0, 0x0E, 0x00, 0x70, 0x03, 0x80, 0x1C, 0x00, 0xE0, 0x07, 0x00, 0x00, 0x07, 0xF0,
    0x1F, 0xFC, 0x3C, 0x1E, 0x38, 0x06, 0x70, 0x07, 0x60, 0x03, 0x60, 0x00, 0x60, 0x00, 0xE0, 0x00,
    0xE0, 0x00, 0x60, 0x00, 0x60, 0x00, 0x60, 0x03, 0x70, 0x07, 0x38, 0x0E, 0x1C, 0x1E, 0x0F, 0xFC,
    0x07, 0xF0, 0xFF, 0xFF, 0xFF, 0xF0, 0x30, 0x00, 0xC0, 0x03, 0x00, 0x0C, 0x00, 0x30, 0x00, 0xC0,
    0x03, 0x00, 0x0C, 0x00, 0x30, 0x00, 0xC0, 0x03, 0x00, 0x0C, 0x00, 0x30, 0x00, 0xC0, 0x03, 0x00,
    0x0C, 0x00, 0xC0, 0x1F, 0x80, 0x66, 0x03, 0x9C, 0x0E, 0x30, 0x30, 0xE1, 0xC1, 0x86, 0x06, 0x18,
    0x0C, 0xE0, 0x33, 0x00, 0xFC, 0x01, 0xE0, 0x07, 0x80, 0x0C, 0x00, 0x30, 0x01, 0xC0, 0x3E, 0x00,
    0xF0, 0x00, 0x00, 0xE0, 0x00, 0x38, 0x00, 0x3F, 0x80, 0x3F, 0xF8, 0x3E, 0xEF, 0x0E, 0x38, 0xE7,
    0x0E, 0x1D, 0x83, 0x83, 0x60, 0xE0, 0xF8, 0x38, 0x3E, 0x0E, 0x0D, 0x83, 0x83, 0x60, 0xE1, 0xDC,
    0x38, 0x73, 0x8E, 0x38, 0x7F, 0xFC, 0x0F, 0xFE, 0x00, 0x7C, 0x00, 0x0E, 0x00, 0x03, 0x80, 0xE0,
    0x0E, 0xE0, 0x38, 0xE0, 0x60, 0xC1, 0x81, 0xC7, 0x01, 0xDC, 0x01, 0xB0, 0x03, 0xE0, 0x03, 0x80,
    0x07, 0x80, 0x1B, 0x00, 0x77, 0x00, 0xC7, 0x03, 0x06, 0x0E, 0x0E, 0x38, 0x0E, 0x60, 0x0D, 0xC0,
    0x1C, 0xE0, 0x0C, 0xE0, 0x0C, 0xE0, 0x0C, 0xE0, 0x0C, 0xE0, 0x0C, 0xE0, 0x0C, 0xE0, 0x0C, 0xE0,
    0x0C, 0xE0, 0x0C, 0xE0, 0x0C, 0xE0, 0x0C, 0xE0, 0x0C, 0xE0, 0x0C, 0xE0, 0x0C, 0xE0, 0x0C, 0xE0,
    0x0C, 0xFF, 0xFF, 0xFF, 0xFF, 0x00, 0x07, 0x00, 0x07, 0x00, 0x07, 0x00, 0x07, 0xC0, 0x1E, 0x00,
    0xF0, 0x07, 0x80, 0x3C, 0x01, 0xE0, 0x0F, 0x00, 0x7C, 0x03, 0x70, 0x3B, 0xFF, 0xC7, 0xF6, 0x00,
    0x30, 0x01, 0x80, 0x0C, 0x00, 0x60, 0x03, 0x00, 0x18, 0x00, 0xC0, 0xE0, 0x60, 0x7E, 0x06, 0x07,
    0xE0, 0x60, 0x7E, 0x06, 0x07, 0xE0, 0x60, 0x7E, 0x06, 0x07, 0xE0, 0x60, 0x7E, 0x06, 0x07, 0xE0,
    0x60, 0x7E, 0x06, 0x07, 0xE0, 0x60, 0x7E, 0x06, 0x07, 0xE0, 0x60, 0x7E, 0x06, 0x07, 0xE0, 0x60,
    0x7E, 0x06, 0x07, 0xFF, 0xFF, 0xFF, 0xFF, 0xFF, 0xE0, 0x60, 0x73, 0x81, 0x81, 0xCE, 0x06, 0x07,
    0x38, 0x18, 0x1C, 0xE0, 0x60, 0x73, 0x81, 0x81, 0xCE, 0x06, 0x07, 0x38, 0x18, 0x1C, 0xE0, 0x60,
    0x73, 0x81, 0x81, 0xCE, 0x06, 0x07, 0x38, 0x18, 0x1C, 0xE0, 0x60, 0x73, 0x81, 0x81, 0xCE, 0x06,
    0x07, 0x38, 0x18, 0x1C, 0xFF, 0xFF, 0xFF, 0xFF, 0xFF, 0xF0, 0x00, 0x01, 0xC0, 0x00, 0x07, 0x00,
    0x00, 0x1C, 0x00, 0x00, 0x70, 0xFF, 0x00, 0x3F, 0xC0, 0x00, 0x70, 0x00, 0x1C, 0x00, 0x07, 0x00,
    0x01, 0xC0, 0x00, 0x70, 0x00, 0x1F, 0xF8, 0x07, 0xFF, 0x81, 0xC0, 0xE0, 0x70, 0x1C, 0x1C, 0x03,
    0x07, 0x00, 0xC1, 0xC0, 0x30, 0x70, 0x1C, 0x1C, 0x0E, 0x07, 0xFF, 0x01, 0xFF, 0x80, 0xE0, 0x00,
    0xF8, 0x00, 0x3E, 0x00, 0x0F, 0x80, 0x03, 0xE0, 0x00, 0xF8, 0x00, 0x3E, 0x00, 0x0F, 0xFF, 0x03,
    0xFF, 0xE0, 0xF8, 0x1C, 0x3E, 0x03, 0x8F, 0x80, 0x63, 0xE0, 0x18, 0xF8, 0x06, 0x3E, 0x03, 0x8F,
    0x81, 0xC3, 0xFF, 0xE0, 0xFF, 0xF0, 0x30, 0xE0, 0x07, 0x00, 0x38, 0x01, 0xC0, 0x0E, 0x00, 0x70,
    0x03, 0x80, 0x1F, 0xF8, 0xFF, 0xE7, 0x03, 0xB8, 0x0F, 0xC0, 0x3E, 0x01, 0xF0, 0x0F, 0x80, 0xFC,
    0x0E, 0xFF, 0xE7, 0xFE, 0x00, 0x0F, 0xF0, 0x3F, 0xF8, 0x38, 0x1C, 0x70, 0x0C, 0x60, 0x0E, 0xE0,
    0x06, 0x00, 0x07, 0x00, 0x07, 0x03, 0xFF, 0x03, 0xFF, 0x00, 0x07, 0x00, 0x07, 0xE0, 0x06, 0x60,
    0x0E, 0x70, 0x0C, 0x38, 0x3C, 0x1F, 0xF8, 0x0F, 0xE0, 0xE0, 0x3F, 0xC3, 0x81, 0xFF, 0x8E, 0x0E,
    0x07, 0x38, 0x70, 0x0E, 0xE1, 0x80, 0x1B, 0x8E, 0x00, 0x6E, 0x30, 0x01, 0xF8, 0xC0, 0x03, 0xFF,
    0x00, 0x0F, 0xFC, 0x00, 0x3E, 0x30, 0x01, 0xF8, 0xC0, 0x07, 0xE3, 0x80, 0x1B, 0x86, 0x00, 0xEE,
    0x1C, 0x03, 0xB8, 0x38, 0x3C, 0xE0, 0x7F, 0xE3, 0x80, 0xFE, 0x00, 0x1F, 0xF9, 0xFF, 0xDC, 0x06,
    0xC0, 0x36, 0x01, 0xF0, 0x0D, 0x80, 0x6C, 0x03, 0x78, 0x19, 0xFF, 0xC3, 0xFE, 0x38, 0x31, 0x81,
    0x9C, 0x0C, 0xC0, 0x6E, 0x03, 0x60, 0x1F, 0x00, 0xC0, 0x0F, 0x07, 0xF9, 0xC3, 0xF0, 0x30, 0x06,
    0x00, 0xC7, 0xFB, 0xFB, 0xE0, 0x78, 0x0F, 0x01, 0xF0, 0x77, 0xFE, 0x7E, 0xC0, 0x00, 0x70, 0x1F,
    0x07, 0xF0, 0x70, 0x06, 0x00, 0x33, 0xC1, 0x3F, 0x9B, 0x0C, 0xE0, 0x37, 0x01, 0xB8, 0x0F, 0x80,
    0x7C, 0x03, 0xF0, 0x19, 0x80, 0xCE, 0x0C, 0x3F, 0xE0, 0xFC, 0x00, 0xFE, 0x1F, 0xF3, 0x0F, 0x60,
    0x6C, 0x0D, 0x83, 0xBF, 0xE7, 0xFC, 0xC0, 0xD8, 0x0F, 0x01, 0xE0, 0x7F, 0xFD, 0xFF, 0x00, 0xFF,
    0xFF, 0xC0, 0xC0, 0xC0, 0xC0, 0xC0, 0xC0, 0xC0, 0xC0, 0xC0, 0xC0, 0xC0, 0xC0, 0x0F, 0xF8, 0x1F,
    0xF0, 0x30, 0x60, 0x60, 0xC0, 0xC1, 0x81, 0x83, 0x07, 0x06, 0x0C, 0x0C, 0x18, 0x18, 0x30, 0x30,
    0x60, 0x61, 0x80, 0xCF, 0xFF, 0xFF, 0xFF, 0xF8, 0x01, 0xF0, 0x03, 0xE0, 0x07, 0xC0, 0x0C, 0x0F,
    0x01, 0xFC, 0x38, 0xE6, 0x07, 0x60, 0x3E, 0x03, 0xFF, 0xFF, 0xFF, 0xE0, 0x0E, 0x00, 0x60, 0x27,
    0x07, 0x3F, 0xE1, 0xFC, 0xE0, 0xC0, 0xD8, 0x30, 0x63, 0x0C, 0x38, 0xE3, 0x1C, 0x1C, 0xC6, 0x03,
    0x33, 0x00, 0x7F, 0x80, 0x1F, 0xE0, 0x0E, 0xCC, 0x07, 0x33, 0x81, 0x8C, 0x70, 0xC3, 0x0E, 0x70,
    0xC1, 0xB8, 0x30, 0x70, 0x0E, 0x0F, 0xE6, 0x1B, 0x87, 0x01, 0xC0, 0x60, 0xF0, 0x3E, 0x01, 0xC0,
    0x30, 0x0F, 0x87, 0x7F, 0x8F, 0xC0, 0xC0, 0x78, 0x1F, 0x07, 0xE0, 0xFC, 0x37, 0x8E, 0xF1, 0x9E,
    0x63, 0xDC, 0x7B, 0x0F, 0xC1, 0xF8, 0x3E, 0x07, 0x80, 0xC0, 0x31, 0x86, 0x30, 0x7C, 0x00, 0x00,
    0x01, 0x80, 0xF0, 0x3E, 0x0F, 0xC1, 0xF8, 0x6F, 0x1D, 0xE3, 0x3C, 0xC7, 0xB8, 0xF6, 0x1F, 0x83,
    0xF0, 0x7C, 0x0F, 0x01, 0x80, 0xC0, 0xF8, 0x3B, 0x06, 0x61, 0xCC, 0x71, 0x9C, 0x3F, 0x07, 0xE0,
    0xCE, 0x18, 0xE3, 0x0C, 0x61, 0xCC, 0x1D, 0x81, 0xC0, 0x1F, 0xF1, 0xFF, 0x18, 0x31, 0x83, 0x18,
    0x31, 0x83, 0x18, 0x31, 0x83, 0x18, 0x31, 0x83, 0x18, 0x33, 0x03, 0xF0, 0x3E, 0x03, 0xE0, 0x0F,
    0xE0, 0x3F, 0xC0, 0x7F, 0xC0, 0xFD, 0x83, 0x7B, 0x06, 0xF7, 0x1D, 0xE6, 0x33, 0xCE, 0x67, 0x8D,
    0x8F, 0x1B, 0x1E, 0x1E, 0x3C, 0x38, 0x78, 0x70, 0xC0, 0xC0, 0x78, 0x0F, 0x01, 0xE0, 0x3C, 0x07,
    0x80, 0xFF, 0xFF, 0xFF, 0xC0, 0x78, 0x0F, 0x01, 0xE0, 0x3C, 0x07, 0x80, 0xC0, 0x0F, 0x80, 0xFE,
    0x0E, 0x38, 0xE0, 0xE6, 0x03, 0x70, 0x1F, 0x80, 0xFC, 0x07, 0xE0, 0x3B, 0x01, 0x98, 0x0C, 0xE0,
    0xE3, 0xFE, 0x0F, 0xE0, 0xFF, 0xFF, 0xFF, 0x01, 0xE0, 0x3C, 0x07, 0x80, 0xF0, 0x1E, 0x03, 0xC0,
    0x78, 0x0F, 0x01, 0xE0, 0x3C, 0x07, 0x80, 0xC0, 0xC7, 0x0D, 0xFC, 0xF0, 0xEE, 0x06, 0xE0, 0x7C,
    0x03, 0xC0, 0x3C, 0x03, 0xC0, 0x3C, 0x07, 0xE0, 0x6F, 0x0E, 0xDF, 0xCC, 0xF8, 0xC0, 0x0C, 0x00,
    0xC0, 0x0C, 0x00, 0xC0, 0x00, 0x0F, 0x81, 0xFC, 0x38, 0xE7, 0x07, 0x60, 0x4E, 0x00, 0xE0, 0x0E,
    0x00, 0xE0, 0x06, 0x00, 0x60, 0x37, 0x07, 0x3F, 0xE1, 0xFC, 0xFF, 0xFF, 0xFC, 0x18, 0x03, 0x00,
    0x60, 0x0C, 0x01, 0x80, 0x30, 0x06, 0x00, 0xC0, 0x18, 0x03, 0x00, 0x60, 0x0C, 0x00, 0xC0, 0x3C,
    0x03, 0xE0, 0x76, 0x06, 0x70, 0xE3, 0x0C, 0x30, 0xC3, 0x9C, 0x19, 0x81, 0x98, 0x0F, 0x80, 0xF0,
    0x0F, 0x00, 0x60, 0x06, 0x00, 0xE0, 0x0C, 0x07, 0xC0, 0x78, 0x00, 0x03, 0x80, 0x07, 0x00, 0x0E,
    0x00, 0x1C, 0x00, 0xFE, 0x03, 0xFF, 0x0E, 0xE6, 0x39, 0xC6, 0x63, 0x8F, 0xC7, 0x0F, 0x0E, 0x1E,
    0x1C, 0x3E, 0x38, 0x6C, 0x71, 0xD8, 0xE3, 0x39, 0xCE, 0x3F, 0xF8, 0x3F, 0xE0, 0x0E, 0x00, 0x1C,
    0x00, 0x38, 0x00, 0x70, 0x00, 0xE0, 0x00, 0xE0, 0x76, 0x0E, 0x30, 0xC3, 0x9C, 0x1B, 0x80, 0xF0,
    0x0F, 0x00, 0xE0, 0x0F, 0x01, 0xB8, 0x39, 0x87, 0x0C, 0x60, 0xEE, 0x07, 0xC0, 0x66, 0x03, 0x30,
    0x19, 0x80, 0xCC, 0x06, 0x60, 0x33, 0x01, 0x98, 0x0C, 0xC0, 0x66, 0x03, 0x30, 0x19, 0x80, 0xCF,
    0xFF, 0xFF, 0xFC, 0x00, 0xE0, 0x07, 0x00, 0x38, 0x01, 0xC0, 0xC0, 0xF8, 0x1F, 0x03, 0xE0, 0x7C,
    0x0F, 0x81, 0xF8, 0x3B, 0x8F, 0x7F, 0xE1, 0xDC, 0x03, 0x80, 0x70, 0x0E, 0x01, 0xC0, 0xC1, 0x83,
    0xE0, 0xC1, 0xF0, 0x60, 0xF8, 0x30, 0x7C, 0x18, 0x3E, 0x0C, 0x1F, 0x06, 0x0F, 0x83, 0x07, 0xC1,
    0x83, 0xE0, 0xC1, 0xF0, 0x60, 0xF8, 0x30, 0x7F, 0xFF, 0xFF, 0xFF, 0xFC, 0xC1, 0x83, 0xB0, 0x60,
    0xEC, 0x18, 0x3B, 0x06, 0x0E, 0xC1, 0x83, 0xB0, 0x60, 0xEC, 0x18, 0x3B, 0x06, 0x0E, 0xC1, 0x83,
    0xB0, 0x60, 0xEC, 0x18, 0x3B, 0x06, 0x0E, 0xFF, 0xFF, 0xFF, 0xFF, 0xF0, 0x00, 0x0C, 0x00, 0x03,
    0x00, 0x00, 0xC0, 0x00, 0x30, 0xFC, 0x01, 0xF8, 0x00, 0x30, 0x00, 0x60, 0x00, 0xC0, 0x01, 0xFE,
    0x03, 0xFF, 0x06, 0x0E, 0x0C, 0x0E, 0x18, 0x0C, 0x30, 0x38, 0x60, 0xE0, 0xFF, 0xC1, 0xFE, 0x00,
    0xC0, 0x0F, 0x00, 0x3C, 0x00, 0xF0, 0x03, 0xC0, 0x0F, 0xFC, 0x3F, 0xF8, 0xF0, 0x73, 0xC0, 0xEF,
    0x03, 0xBC, 0x0E, 0xF0, 0x73, 0xFF, 0xCF, 0xFC, 0x30, 0xC0, 0x18, 0x03, 0x00, 0x60, 0x0C, 0x01,
    0xFE, 0x3F, 0xE6, 0x0E, 0xC0, 0xF8, 0x1F, 0x03, 0xE0, 0xEF, 0xFD, 0xFE, 0x00, 0x0F, 0x03, 0xFC,
    0x71, 0xEE, 0x06, 0x20, 0x70, 0x03, 0x0F, 0xF0, 0xFF, 0x00, 0x30, 0x07, 0xE0, 0x66, 0x0E, 0x7F,
    0xC1, 0xF8, 0xC0, 0x3C, 0x30, 0x3F, 0x8C, 0x1C, 0x73, 0x0E, 0x0E, 0xC3, 0x01, 0xB1, 0xC0, 0x7F,
    0xF0, 0x0F, 0xFC, 0x03, 0xC7, 0x01, 0xF0, 0xC0, 0x7C, 0x30, 0x1B, 0x0E, 0x0E, 0xC1, 0xFF, 0x30,
    0x3F, 0x80, 0x0F, 0xE7, 0xFD, 0xC1, 0xF0, 0x3C, 0x07, 0xC0, 0xD8, 0x1B, 0xFF, 0x1F, 0xE7, 0x0C,
    0xC1, 0xB8, 0x3E, 0x07, 0x80, 0xC0, 0x1C, 0x00, 0xC0, 0x06, 0x00, 0x60, 0x00, 0x00, 0xF0, 0x1F,
    0xC3, 0x8E, 0x60, 0x76, 0x03, 0xE0, 0x3F, 0xFF, 0xFF, 0xFE, 0x00, 0xE0, 0x06, 0x02, 0x70, 0x73,
    0xFE, 0x1F, 0xC0, 0x10, 0xC3, 0x9C, 0x18, 0xC0, 0x00, 0x00, 0x00, 0xF0, 0x1F, 0xC3, 0x8E, 0x60,
    0x76, 0x03, 0xE0, 0x3F, 0xFF, 0xFF, 0xFE, 0x00, 0xE0, 0x06, 0x02, 0x70, 0x73, 0xFE, 0x1F, 0xC0,
    0x30, 0x07, 0xF8, 0x3F, 0xC0, 0x60, 0x03, 0x3C, 0x1B, 0xF8, 0xF1, 0xC7, 0x07, 0x30, 0x19, 0x80,
    0xCC, 0x06, 0x60, 0x33, 0x01, 0x98, 0x0C, 0xC0, 0x66, 0x03, 0x30, 0x19, 0x80, 0xC0, 0x06, 0x00,
    0x30, 0x01, 0x80, 0x7C, 0x03, 0xC0, 0x06, 0x0C, 0x0C, 0x18, 0x00, 0xFF, 0xFF, 0xC0, 0xC0, 0xC0,
    0xC0, 0xC0, 0xC0, 0xC0, 0xC0, 0xC0, 0xC0, 0xC0, 0xC0, 0x0F, 0x81, 0xFC, 0x38, 0xE7, 0x07, 0x60,
    0x4E, 0x00, 0xFF, 0x0F, 0xF0, 0xE0, 0x06, 0x00, 0x60, 0x37, 0x07, 0x3F, 0xE1, 0xFC, 0x0F, 0x07,
    0xF9, 0xC7, 0x30, 0x76, 0x00, 0xE0, 0x0F, 0x80, 0xFE, 0x01, 0xE0, 0x1F, 0x01, 0xB0, 0x77, 0xFC,
    0x7F, 0x00, 0xDF, 0x01, 0xB6, 0xDB, 0x6D, 0xB6, 0xDB, 0x00, 0x42, 0xE7, 0xE7, 0x00, 0x00, 0x18,
    0x18, 0x18, 0x18, 0x18, 0x18, 0x18, 0x18, 0x18, 0x18, 0x18, 0x18, 0x18, 0x18, 0x33, 0xCC, 0x00,
    0x18, 0xC6, 0x31, 0x8C, 0x63, 0x18, 0xC6, 0x31, 0x8C, 0x63, 0x3B, 0xDC, 0x1F, 0xF8, 0x00, 0x7F,
    0xE0, 0x01, 0xC3, 0x80, 0x07, 0x0E, 0x00, 0x1C, 0x38, 0x00, 0x60, 0xFF, 0x81, 0x83, 0xFF, 0x86,
    0x0E, 0x0E, 0x18, 0x38, 0x1C, 0x60, 0xE0, 0x31, 0x83, 0x81, 0xCE, 0x0E, 0x0E, 0xF0, 0x3F, 0xFB,
    0x80, 0xFF, 0x80, 0xC0, 0x60, 0x18, 0x0C, 0x03, 0x01, 0x80, 0x60, 0x30, 0x0C, 0x06, 0x01, 0x80,
    0xC0, 0x3F, 0xFF, 0xE7, 0xFF, 0xFE, 0xC0, 0x60, 0xF8, 0x0C, 0x0F, 0x01, 0x81, 0xE0, 0x30, 0x7C,
    0x07, 0xFD, 0x80, 0xFF, 0x00, 0x30, 0x07, 0xF8, 0x3F, 0xC0, 0x60, 0x03, 0x3C, 0x1B, 0xF8, 0xF1,
    0xC7, 0x07, 0x30, 0x19, 0x80, 0xCC, 0x06, 0x60, 0x33, 0x01, 0x98, 0x0C, 0xC0, 0x66, 0x03, 0x30,
    0x19, 0x80, 0xC0, 0x07, 0x00, 0xC0, 0x30, 0x06, 0x00, 0x01, 0x81, 0xF0, 0x76, 0x0C, 0xC3, 0x98,
    0xE3, 0x38, 0x7E, 0x0F, 0xC1, 0x9C, 0x31, 0xC6, 0x18, 0xC3, 0x98, 0x3B, 0x03, 0x80, 0x38, 0x03,
    0x00, 0x30, 0x06, 0x00, 0x01, 0x80, 0xF0, 0x3E, 0x0F, 0xC1, 0xF8, 0x6F, 0x1D, 0xE3, 0x3C, 0xC7,
    0xB8, 0xF6, 0x1F, 0x83, 0xF0, 0x7C, 0x0F, 0x01, 0x80, 0x30, 0xC1, 0x98, 0x0F, 0x00, 0x00, 0x00,
    0x0C, 0x03, 0xC0, 0x3E, 0x07, 0x60, 0x67, 0x0E, 0x30, 0xC3, 0x0C, 0x39, 0xC1, 0x98, 0x19, 0x80,
    0xF8, 0x0F, 0x00, 0xF0, 0x06, 0x00, 0x60, 0x0E, 0x00, 0xC0, 0x7C, 0x07, 0x80, 0xC0, 0x78, 0x0F,
    0x01, 0xE0, 0x3C, 0x07, 0x80, 0xF0, 0x1E, 0x03, 0xC0, 0x78, 0x0F, 0x01, 0xE0, 0x3F, 0xFF, 0xFF,
    0xC3, 0x00, 0x60, 0x0C, 0x01, 0x80, 0xE0, 0xC0, 0xF8, 0x30, 0x3E, 0x0C, 0x0F, 0x83, 0x03, 0xE0,
    0xC0, 0xF8, 0x30, 0x3E, 0x0C, 0x0F, 0x83, 0x03, 0xE0, 0xC0, 0xF8, 0x30, 0x3E, 0x0C, 0x0F, 0x83,
    0x03, 0xE0, 0xC0, 0xF8, 0x30, 0x3E, 0x0E, 0x0D, 0x87, 0x87, 0x7F, 0xFF, 0x8F, 0xCF, 0xC0, 0xC1,
    0x83, 0xC1, 0x83, 0xC1, 0x83, 0xC1, 0x83, 0xC1, 0x83, 0xC1, 0x83, 0xC1, 0x83, 0xC1, 0x83, 0xC1,
    0x83, 0xC1, 0x83, 0xC1, 0x83, 0xE3, 0xC7, 0x7F, 0x7E, 0x3E, 0x3C, 0x1C, 0x00, 0x1C, 0x00, 0x1C,
    0x00, 0xFF, 0xC0, 0xFF, 0xC0, 0x1C, 0x00, 0x1C, 0x00, 0x1F, 0xF8, 0x1F, 0xFC, 0x1C, 0x0E, 0x1C,
    0x07, 0x1C, 0x03, 0x1C, 0x03, 0x1C, 0x07, 0x1C, 0x07, 0x1C, 0x0E, 0x1F, 0xFC, 0x1F, 0xF8, 0x18,
    0x00, 0x60, 0x01, 0x80, 0x06, 0x00, 0xFF, 0xC3, 0xFF, 0x01, 0xC0, 0x07, 0x00, 0x1C, 0x00, 0x7F,
    0x81, 0xFF, 0x87, 0x0F, 0x1C, 0x0C, 0x70, 0x31, 0xC0, 0xC7, 0x07, 0x1F, 0xF8, 0x7F, 0xC0, 0xE0,
    0x7F, 0x87, 0x07, 0xFE, 0x38, 0x70, 0x39, 0xC7, 0x00, 0xEE, 0x30, 0x03, 0x71, 0x80, 0x1F, 0x9C,
    0x00, 0x1C, 0xC0, 0x00, 0xFF, 0xFC, 0x07, 0xFF, 0xE0, 0x39, 0x80, 0x01, 0xCE, 0x00, 0x0E, 0x30,
    0x03, 0xF1, 0xC0, 0x1B, 0x86, 0x01, 0xDC, 0x3C, 0x1C, 0xE0, 0xFF, 0xC7, 0x01, 0xFC, 0x00, 0xC0,
    0x78, 0xC1, 0xFE, 0xC3, 0x8F, 0xC7, 0x03, 0xC6, 0x03, 0xC6, 0x00, 0xFF, 0xF0, 0xFF, 0xF0, 0xC6,
    0x00, 0xC6, 0x00, 0xC7, 0x03, 0xC3, 0x87, 0xC3, 0xFE, 0xC0, 0xFC, 0x03, 0x80, 0x03, 0xC0, 0x06,
    0xC0, 0x06, 0xC0, 0x06, 0xE0, 0x0C, 0x60, 0x0C, 0x60, 0x1C, 0x70, 0x18, 0x30, 0x18, 0x30, 0x3F,
    0xF8, 0x3F, 0xF8, 0x33, 0x9C, 0x73, 0x8C, 0x63, 0x8C, 0x63, 0x8E, 0xE3, 0x86, 0xC3, 0x87, 0x06,
    0x00, 0x38, 0x03, 0xC0, 0x1E, 0x01, 0xD8, 0x0C, 0xC0, 0x67, 0x06, 0x18, 0x3F, 0xC3, 0xFB, 0x19,
    0x98, 0xCC, 0xEE, 0x63, 0x63, 0x1C, 0xE0, 0x1C, 0x07, 0x00, 0xF0, 0x38, 0x0F, 0x81, 0xC0, 0x6C,
    0x0E, 0x03, 0x30, 0x70, 0x39, 0x83, 0x81, 0x8E, 0x1C, 0x0C, 0x30, 0xE0, 0xE1, 0x87, 0x06, 0x0E,
    0x3F, 0xFF, 0xF1, 0xFF, 0xFF, 0x8E, 0x18, 0xCE, 0x71, 0xC6, 0x33, 0x8E, 0x31, 0xDC, 0x61, 0x8E,
    0xE7, 0x0C, 0x37, 0x30, 0x61, 0xC0, 0xC0, 0x60, 0x60, 0x38, 0x30, 0x3C, 0x18, 0x1F, 0x0C, 0x1D,
    0x86, 0x0C, 0xC3, 0x06, 0x71, 0xFF, 0x18, 0xFF, 0xFE, 0x61, 0xFB, 0x31, 0x99, 0x98, 0xCC, 0xEC,
    0xE6, 0x36, 0x63, 0x1C, 0x7F, 0xFF, 0x1F, 0xFF, 0x06, 0x03, 0x03, 0x83, 0x80, 0xE1, 0x80, 0x31,
    0xC0, 0x1C, 0xC0, 0x06, 0xC0, 0x1F, 0xFC, 0x3F, 0xFF, 0x9C, 0x30, 0xFC, 0x18, 0x3C, 0x0C, 0x1E,
    0x06, 0x0F, 0x03, 0x07, 0x81, 0x83, 0xC0, 0xC1, 0xE0, 0x60, 0xC0, 0x7F, 0xFC, 0x7F, 0xF0, 0x60,
    0xE0, 0xE1, 0x80, 0xC7, 0x00, 0xCC, 0x01, 0xF0, 0x1F, 0xFC, 0x7F, 0xFC, 0xC3, 0x1F, 0x86, 0x1E,
    0x0C, 0x3C, 0x18, 0x78, 0x30, 0xC0, 0xE0, 0x7F, 0xFE, 0x70, 0x1F, 0xFE, 0x38, 0x0E, 0x07, 0x1C,
    0x03, 0x03, 0x0E, 0x01, 0xC3, 0x87, 0x00, 0x63, 0x83, 0x80, 0x19, 0x81, 0xC0, 0x0F, 0xC0, 0xFF,
    0xFF, 0xFC, 0x7F, 0xFF, 0xFF, 0x38, 0x38, 0x61, 0xDC, 0x38, 0x30, 0x6E, 0x1C, 0x18, 0x3F, 0x0E,
    0x0C, 0x1F, 0x87, 0x06, 0x0F, 0xC3, 0x83, 0x07, 0xE1, 0xC1, 0x83, 0xF0, 0xE0, 0xC1, 0xC0, 0xC1,
    0xFF, 0xF6, 0x07, 0xFF, 0x30, 0x38, 0x31, 0x80, 0xC3, 0x8C, 0x03, 0x18, 0x60, 0x1D, 0xC3, 0x00,
    0x6C, 0x1F, 0xFF, 0xFC, 0xFF, 0xFF, 0xF6, 0x1C, 0x61, 0xB0, 0xC3, 0x0F, 0x86, 0x18, 0x3C, 0x30,
    0xC1, 0xE1, 0x86, 0x0C, 0x71, 0x86, 0xC0, 0xE0, 0x00, 0x00, 0x3F, 0x8F, 0xF8, 0x0E, 0x01, 0xC0,
    0x70, 0x1C, 0x06, 0x07, 0x8F, 0x83, 0xF0, 0x06, 0x01, 0xC0, 0x30, 0x0C, 0x07, 0x03, 0xCF, 0xEF,
    0xF3, 0x80, 0xC0, 0x30, 0x0E, 0x01, 0xC0, 0x71, 0x86, 0xC1, 0xE0, 0x00, 0x00, 0x1F, 0x07, 0xF8,
    0x0F, 0x00, 0xC0, 0x30, 0x1C, 0xFE, 0x3F, 0x80, 0x70, 0x0C, 0x03, 0x01, 0xCF, 0xE7, 0xF3, 0x80,
    0xC0, 0x38, 0x07, 0x80, 0xE0, 0xC0, 0xC0, 0xF0, 0x30, 0x3C, 0x0C, 0x0F, 0x03, 0x03, 0xC0, 0xC0,
    0xF0, 0x30, 0x7E, 0x0C, 0x1D, 0x83, 0x06, 0x60, 0xC1, 0x9C, 0x30, 0xE3, 0xCC, 0xF0, 0x7F, 0xF8,
    0x03, 0xF0, 0x00, 0x30, 0x00, 0x0C, 0x00, 0x03, 0x00, 0x00, 0xC0, 0x00, 0x30, 0x00, 0x01, 0x80,
    0x01, 0x80, 0x01, 0x80, 0xC1, 0x87, 0xC1, 0x87, 0xC1, 0x87, 0xC1, 0x87, 0xC1, 0x87, 0xC1, 0x87,
    0xC1, 0x87, 0xC1, 0x87, 0xC1, 0x86, 0xC1, 0x86, 0x61, 0x8E, 0x71, 0x8C, 0x3F, 0xFC, 0x1F, 0xF0,
    0x01, 0x80, 0x01, 0x80, 0x01, 0x80, 0x01, 0x80, 0x01, 0x80, 0x07, 0xF0, 0x0F, 0xFE, 0x0F, 0x07,
    0x86, 0x00, 0xC7, 0x00, 0x73, 0x00, 0x19, 0x80, 0x0C, 0xC0, 0x07, 0xFF, 0xFF, 0xFF, 0xFF, 0xD8,
    0x00, 0xEC, 0x00, 0x66, 0x00, 0x33, 0x80, 0x38, 0xE0, 0x38, 0x38, 0x3C, 0x0F, 0xFC, 0x03, 0xF8,
    0x00, 0x0F, 0x80, 0xFE, 0x0E, 0x38, 0xE0, 0xE6, 0x03, 0x70, 0x1F, 0xF8, 0xFE, 0xFF, 0xE0, 0xBB,
    0x01, 0x98, 0x0C, 0xE0, 0xE3, 0xFE, 0x0F, 0xE0, 0xC0, 0x07, 0xE0, 0x0F, 0x60, 0x0C, 0x60, 0x0C,
    0x70, 0x1C, 0x30, 0x18, 0x30, 0x18, 0x38, 0x38, 0x18, 0x30, 0x18, 0x30, 0x0C, 0x70, 0x0C, 0x60,
    0x0E, 0x60, 0x06, 0xC0, 0x06, 0xC0, 0x07, 0xC0, 0x03, 0x80, 0x03, 0x80, 0xC0, 0x1E, 0x03, 0xF8,
    0x1C, 0xC1, 0xC6, 0x0C, 0x18, 0x60, 0xC7, 0x07, 0x30, 0x19, 0x80, 0xDC, 0x07, 0xC0, 0x1E, 0x00,
    0xF0, 0x07, 0x00, 0x39, 0x80, 0x1C, 0xC0, 0x0C, 0xC0, 0x06, 0x60, 0x00, 0x00, 0x00, 0x00, 0xC0,
    0x07, 0xE0, 0x0F, 0x60, 0x0C, 0x60, 0x0C, 0x70, 0x1C, 0x30, 0x18, 0x30, 0x18, 0x38, 0x38, 0x18,
    0x30, 0x18, 0x30, 0x0C, 0x70, 0x0C, 0x60, 0x0E, 0x60, 0x06, 0xC0, 0x06, 0xC0, 0x07, 0xC0, 0x03,
    0x80, 0x03, 0x80, 0xE7, 0x03, 0x98, 0x0C, 0xC0, 0x33, 0x00, 0x00, 0x60, 0x0F, 0x01, 0xFC, 0x0E,
    0x60, 0xE3, 0x06, 0x0C, 0x30, 0x63, 0x83, 0x98, 0x0C, 0xC0, 0x6E, 0x03, 0xE0, 0x0F, 0x00, 0x78,
    0x03, 0x80, 0x07, 0xF0, 0x00, 0x00, 0x1F, 0xFC, 0x00, 0x00, 0x3C, 0x1E, 0x00, 0x00, 0x30, 0x06,
    0x00, 0x00, 0x70, 0x07, 0x18, 0x07, 0x60, 0x03, 0x1C, 0x06, 0x60, 0x03, 0x0C, 0x0E, 0x60, 0x03,
    0x8C, 0x0C, 0xE0, 0x03, 0x8E, 0x0C, 0xE0, 0x03, 0x86, 0x1C, 0x60, 0x03, 0x86, 0x18, 0x60, 0x03,
    0x07, 0x18, 0x60, 0x03, 0x03, 0x30, 0x70, 0x07, 0x03, 0x30, 0x38, 0x0E, 0x01, 0xB0, 0x1C, 0x1E,
    0x01, 0xE0, 0x0F, 0xFC, 0x01, 0xE0, 0x07, 0xF0, 0x00, 0xC0, 0x00, 0x00, 0x00, 0xC0, 0x00, 0x00,
    0x01, 0xC0, 0x00, 0x00, 0x01, 0x80, 0x00, 0x00, 0x0F, 0x80, 0x00, 0x00, 0x0F, 0x00, 0x0F, 0x83,
    0x80, 0xE3, 0xF8, 0x30, 0x18, 0xE3, 0x86, 0x03, 0x38, 0x38, 0xE0, 0xE6, 0x03, 0x0C, 0x19, 0xC0,
    0x71, 0x83, 0x38, 0x0E, 0x38, 0xE7, 0x01, 0xC3, 0x18, 0xE0, 0x38, 0x63, 0x0C, 0x06, 0x06, 0xC1,
    0x80, 0xC0, 0xD8, 0x38, 0x38, 0x1B, 0x03, 0xFE, 0x01, 0xC0, 0x3F, 0x80, 0x38, 0x00, 0x00, 0x06,
    0x00, 0x00, 0x00, 0xC0, 0x00, 0x00, 0x38, 0x00, 0x00, 0x1E, 0x00, 0x00, 0x07, 0x80, 0x00, 0x0F,
    0xF0, 0x3F, 0xF0, 0xE0, 0x73, 0x80, 0x76, 0x00, 0x6C, 0x00, 0x18, 0x00, 0x70, 0x00, 0xE0, 0x00,
    0xC0, 0x01, 0x80, 0x03, 0x80, 0x33, 0x00, 0xE7, 0x03, 0xC7, 0xFD, 0x87, 0xF3, 0x00, 0x06, 0x00,
    0x0C, 0x0F, 0x81, 0xFC, 0x38, 0xE7, 0x07, 0x60, 0x3E, 0x00, 0xE0, 0x0E, 0x00, 0xE0, 0x06, 0x00,
    0x60, 0x07, 0x00, 0x3F, 0x01, 0xF0, 0x03, 0x00, 0x30, 0x03, 0x00, 0x30, 0x00, 0x38, 0x03, 0x83,
    0x18, 0x1F, 0x80, 0x3C, 0x00, 0xF0, 0x06, 0xE8, 0x63, 0x67, 0x07, 0xF0, 0x07, 0x00, 0x1E, 0x01,
    0xBC, 0x0C, 0x60, 0xC0, 0x0E, 0x00, 0x03, 0x03, 0xFF, 0xC0, 0xC0, 0x0F, 0x7F, 0xF8, 0x60, 0xDB,
    0x30, 0xFF, 0x40, 0x7C, 0x3F, 0xFC, 0x3C, 0x00, 0x38, 0x00, 0x00, 0xD8, 0x00, 0x01, 0x30, 0x00,
    0x00, 0x00, 0x03, 0xC0, 0x0F, 0x84, 0xC0, 0x11, 0x00, 0x00, 0x00, 0x00, 0x00, 0x00, 0x00, 0x00,
    0x00, 0x00, 0x00, 0x03, 0xC0, 0x00, 0x7C, 0xC0, 0x01, 0x90, 0x00, 0x00, 0x00, 0x00, 0x00, 0x00,
    0x00, 0x00, 0x00, 0x00, 0x00, 0x1C, 0x00, 0x70, 0x4C, 0x01, 0xB0, 0x00, 0x00, 0x00, 0x00, 0x00,
    0x00, 0x07, 0x80, 0x00, 0x09, 0x80, 0x00, 0x00, 0x10, 0x00, 0x00, 0x20, 0x00, 0x00, 0xC0, 0x00,
    0xC1, 0x80, 0x00, 0x80, 0x03, 0x01, 0x80, 0x3C, 0x01, 0x00, 0x20, 0x00, 0x00, 0x00, 0x00, 0x00,
    0x00, 0x00, 0x00, 0x03, 0x00, 0x00, 0x87, 0x80, 0x01, 0xE1, 0x00, 0x00, 0x60, 0x00, 0x00, 0x00,
    0x00, 0x00, 0x00, 0x00, 0x00, 0x00, 0x00, 0x40, 0x1C, 0x01, 0x80, 0x70, 0x01, 0x01, 0x80, 0x83,
    0x00, 0x03, 0x02, 0x00, 0x06, 0x00, 0x00, 0x08, 0x00, 0x00, 0x0C, 0x60, 0x06, 0x30, 0x01, 0xF0,
    0x00, 0x00, 0x00, 0x00, 0x00, 0x00, 0x03, 0x80, 0x79, 0xC0, 0x3C, 0xE0, 0x3E, 0x70, 0x1F, 0x38,
    0x1B, 0x9C, 0x1D, 0xCE, 0x0C, 0xE7, 0x0E, 0x73, 0x8E, 0x39, 0xC6, 0x1C, 0xE7, 0x0E, 0x77, 0x07,
    0x3B, 0x03, 0x9B, 0x81, 0xCD, 0x80, 0xE7, 0xC0, 0x73, 0xC0, 0x3F, 0xC0, 0x1F, 0x00, 0x03, 0x00,
    0x01, 0x80, 0x01, 0xC0, 0x00, 0xC0, 0x31, 0x81, 0x8C, 0x07, 0xC0, 0x00, 0x00, 0x00, 0x60, 0x33,
    0x03, 0x98, 0x3C, 0xC1, 0xE6, 0x1B, 0x31, 0xD9, 0x8C, 0xCC, 0xC6, 0x6E, 0x33, 0x61, 0x9E, 0x0C,
    0xF0, 0x67, 0x03, 0xF0, 0x1E, 0x00, 0x60, 0x03, 0x00, 0x18, 0x01, 0xC0, 0x1C, 0x00, 0x1C, 0x00,
    0x1C, 0x00, 0xFF, 0xC0, 0xFF, 0xC0, 0x1C, 0x00, 0x1C, 0x00, 0x1F, 0xF8, 0x1F, 0xFC, 0x1C, 0x0E,
    0x1C, 0x07, 0x1C, 0x03, 0x1C, 0x03, 0x1C, 0x07, 0x1C, 0x07, 0x1C, 0x0E, 0x1F, 0xFC, 0x1F, 0xF8,
    0x18, 0x00, 0x60, 0x01, 0x80, 0x3F, 0xF0, 0xFF, 0xC0, 0x70, 0x01, 0xC0, 0x07, 0x00, 0x1F, 0xE0,
    0x7F, 0xE1, 0xC3, 0xC7, 0x03, 0x1C, 0x0C, 0x70, 0x31, 0xC1, 0xC7, 0xFE, 0x1F, 0xF0, 0xFF, 0xC7,
    0xFF, 0x38, 0x1D, 0xC0, 0x6E, 0x03, 0xF0, 0x1F, 0x84, 0xFC, 0x76, 0xE1, 0xF7, 0xFF, 0x3F, 0xF9,
    0xC0, 0xEE, 0x02, 0x70, 0x03, 0x80, 0x1C, 0x00, 0xE0, 0x07, 0x00, 0x00, 0xC7, 0x0D, 0xFC, 0xF0,
    0xEE, 0x06, 0xE0, 0x7C, 0x03, 0xC0, 0x3C, 0x03, 0xC0, 0x3C, 0x17, 0xE3, 0xEF, 0x1E, 0xDF, 0xEC,
    0xFF, 0xC0, 0x2C, 0x00, 0xC0, 0x0C, 0x00, 0xC0, 0x00, 0x00, 0x60, 0x0C, 0x01, 0x80, 0x3F, 0xFF,
    0xFF, 0xF8, 0x07, 0x00, 0xE0, 0x1C, 0x03, 0x80, 0x70, 0x0E, 0x01, 0xC0, 0x38, 0x07, 0x00, 0xE0,
    0x1C, 0x03, 0x80, 0x70, 0x0E, 0x01, 0xC0, 0x00, 0x03, 0x03, 0x03, 0xFF, 0xFF, 0xC0, 0xC0, 0xC0,
    0xC0, 0xC0, 0xC0, 0xC0, 0xC0, 0xC0, 0xC0, 0xC0, 0xC0, 0x3F, 0xF9, 0xFF, 0xCE, 0x00, 0x70, 0x03,
    0x80, 0x1C, 0x00, 0xE0, 0x07, 0x00, 0xFF, 0xC7, 0xFE, 0x0E, 0x00, 0x70, 0x03, 0x80, 0x1C, 0x00,
    0xE0, 0x07, 0x00, 0x38, 0x01, 0xC0, 0x00, 0x3F, 0xCF, 0xF3, 0x00, 0xC0, 0x30, 0x0C, 0x0F, 0xF3,
    0xFC, 0x30, 0x0C, 0x03, 0x00, 0xC0, 0x30, 0x0C, 0x00, 0xFF, 0xE7, 0xFF, 0x38, 0x01, 0xC0, 0x0E,
    0x00, 0x70, 0x03, 0x80, 0x1D, 0xF8, 0xFF, 0xE7, 0x83, 0xB8, 0x0F, 0xC0, 0x7E, 0x01, 0xF0, 0x0F,
    0x80, 0xFC, 0x07, 0xE0, 0x77, 0x3F, 0x01, 0xF0, 0xFF, 0x3F, 0xCC, 0x03, 0x00, 0xC0, 0x30, 0x0C,
    0x43, 0x7C, 0xF3, 0xB8, 0x3C, 0x0F, 0x03, 0xC0, 0xF0, 0x30, 0x0C, 0x06, 0x0F, 0x03, 0x80, 0xE0,
    0x30, 0x1C, 0xE0, 0x60, 0x70, 0xE0, 0xC1, 0xC1, 0xC1, 0x83, 0x81, 0xC3, 0x0E, 0x01, 0x86, 0x18,
    0x03, 0x8C, 0x70, 0x03, 0x18, 0xC0, 0x03, 0xFF, 0x00, 0x0F, 0xFF, 0x00, 0x38, 0xC7, 0x00, 0x61,
    0x86, 0x01, 0xC3, 0x0E, 0x07, 0x06, 0x0E, 0x0C, 0x0C, 0x0C, 0x38, 0x18, 0x1C, 0x60, 0x30, 0x1F,
    0xC0, 0x60, 0x3C, 0x00, 0x00, 0x18, 0x00, 0x00, 0x30, 0x00, 0x00, 0x60, 0x00, 0x00, 0xC0, 0xE0,
    0xC0, 0xCC, 0x18, 0x30, 0xC3, 0x0E, 0x1C, 0x63, 0x81, 0xCC, 0x60, 0x19, 0x98, 0x01, 0xFE, 0x00,
    0x3F, 0xC0, 0x0E, 0xCC, 0x03, 0x99, 0xC0, 0x63, 0x1C, 0x18, 0x61, 0xC7, 0x0C, 0x1F, 0xC1, 0x83,
    0xC0, 0x00, 0x18, 0x00, 0x03, 0x00, 0x00, 0x60, 0x00, 0x0C, 0x3F, 0x87, 0xFC, 0xE0, 0xEC, 0x06,
    0x00, 0x60, 0x06, 0x00, 0xE0, 0x3C, 0x0F, 0x00, 0xFC, 0x00, 0xE0, 0x07, 0x00, 0x3C, 0x03, 0xC0,
    0x7E, 0x0E, 0x7F, 0xC3, 0xF8, 0x06, 0x00, 0x70, 0x01, 0x80, 0x18, 0x07, 0x00, 0x0E, 0x0F, 0xE6,
    0x1B, 0x87, 0x01, 0xC0, 0x60, 0xF0, 0x3E, 0x01, 0xC0, 0x30, 0x0F, 0x87, 0x7F, 0x8F, 0xC0, 0xC0,
    0x38, 0x03, 0x00, 0xC0, 0xF0, 0xE0, 0x3D, 0xC0, 0x73, 0x81, 0xC7, 0x07, 0x0E, 0x1C, 0x1C, 0x30,
    0x38, 0xE0, 0x73, 0x80, 0xFE, 0x01, 0xFE, 0x03, 0x8C, 0x07, 0x1C, 0x0E, 0x1C, 0x1C, 0x1C, 0x38,
    0x18, 0x70, 0x38, 0xE0, 0x3F, 0xC0, 0x3C, 0x00, 0x18, 0x00, 0x30, 0x00, 0x60, 0x00, 0xC0, 0xC0,
    0xEC, 0x1C, 0xC1, 0x8C, 0x38, 0xC7, 0x0C, 0xE0, 0xFC, 0x0F, 0xC0, 0xCE, 0x0C, 0x70, 0xC3, 0x0C,
    0x38, 0xC1, 0xFC, 0x0F, 0x00, 0x30, 0x03, 0x00, 0x30, 0x03, 0xE0, 0x1F, 0x80, 0xEE, 0x03, 0x38,
    0x1C, 0xE0, 0x63, 0xB3, 0x8E, 0xDC, 0x3B, 0x70, 0xFF, 0x83, 0xFE, 0x0E, 0xDC, 0x3B, 0x30, 0xEC,
    0xE3, 0x81, 0x8E, 0x07, 0x38, 0x0E, 0xE0, 0x1B, 0x80, 0x70, 0xC0, 0x3C, 0x06, 0xC0, 0xEC, 0x0C,
    0xD9, 0x8D, 0xB8, 0xFF, 0x0F, 0xF0, 0xDB, 0x8D, 0x98, 0xD8, 0xCC, 0x0E, 0xC0, 0x6C, 0x07, 0xFF,
    0x00, 0xFF, 0xE0, 0x38, 0x1C, 0x0E, 0x03, 0x83, 0x80, 0x70, 0x60, 0x0E, 0x1C, 0x01, 0xC7, 0x00,
    0x39, 0xC0, 0x07, 0xF0, 0x00, 0xFF, 0x00, 0x1C, 0x70, 0x03, 0x86, 0x00, 0x70, 0xE0, 0x0E, 0x0E,
    0x01, 0xC0, 0xE0, 0x38, 0x0C, 0x07, 0x01, 0xC0, 0xE0, 0x1C, 0xFC, 0x0F, 0xF8, 0x18, 0x30, 0x70,
    0x61, 0xC0, 0xC7, 0x01, 0x9C, 0x03, 0xF0, 0x07, 0xE0, 0x0C, 0xE0, 0x18, 0xE0, 0x30, 0xE0, 0x60,
    0xC0, 0xC1, 0xC1, 0x81, 0xC0, 0xE0, 0x0C, 0xE0, 0x0C, 0xE0, 0x0C, 0xE0, 0x0C, 0xE0, 0x0C, 0xE0,
    0x0C, 0xE0, 0x0C, 0xE0, 0x0C, 0xFF, 0xFC, 0xFF, 0xFC, 0xE0, 0x0C, 0xE0, 0x0C, 0xE0, 0x0C, 0xE0,
    0x0C, 0xE0, 0x0C, 0xE0, 0x0C, 0xE0, 0x0F, 0xE0, 0x0F, 0x00, 0x03, 0x00, 0x03, 0x00, 0x03, 0x00,
    0x03, 0xC0, 0x66, 0x03, 0x30, 0x19, 0x80, 0xCC, 0x06, 0x60, 0x33, 0xFF, 0x9F, 0xFC, 0xC0, 0x66,
    0x03, 0x30, 0x19, 0x80, 0xCC, 0x07, 0xE0, 0x3C, 0x00, 0xE0, 0x07, 0x00, 0x38, 0x01, 0xC0, 0xE0,
    0x0F, 0xFF, 0x00, 0x7F, 0xF8, 0x03, 0x01, 0xC0, 0x18, 0x0E, 0x00, 0xC0, 0x70, 0x06, 0x03, 0x80,
    0x30, 0x1C, 0x01, 0x80, 0xFF, 0xFC, 0x07, 0xFF, 0xE0, 0x38, 0x03, 0x01, 0xC0, 0x18, 0x0E, 0x00,
    0xC0, 0x70, 0x06, 0x03, 0x80, 0x30, 0x1C, 0x01, 0x80, 0xE0, 0x0C, 0x07, 0x00, 0x60, 0x00, 0xC0,
    0x7F, 0x80, 0xFF, 0x01, 0x86, 0x03, 0x0C, 0x06, 0x18, 0x0C, 0x3F, 0xF8, 0x7F, 0xF0, 0xC0, 0x61,
    0x80, 0xC3, 0x01, 0x86, 0x03, 0x0C, 0x06, 0x18, 0x0C, 0x00, 0xFF, 0xFC, 0x00, 0xFF, 0xFC, 0x00,
    0xE0, 0x0C, 0x00, 0xE0, 0x0C, 0x00, 0xE0, 0x0C, 0x00, 0xE0, 0x0C, 0x00, 0xE0, 0x0C, 0x00, 0xE0,
    0x0D, 0xF8, 0xE0, 0x0F, 0xFE, 0xE0, 0x0F, 0x0E, 0xE0, 0x0E, 0x07, 0xE0, 0x0C, 0x03, 0xE0, 0x0C,
    0x03, 0xE0, 0x0C, 0x03, 0xE0, 0x0C, 0x03, 0xE0, 0x0C, 0x07, 0xE0, 0x0C, 0x0E, 0xE0, 0x0C, 0x7C,
    0x00, 0x00, 0x78, 0xFF, 0xE0, 0x0F, 0xFE, 0x00, 0xC0, 0x60, 0x0C, 0x06, 0x00, 0xC0, 0x60, 0x0C,
    0x06, 0x00, 0xC0, 0x7F, 0x0C, 0x07, 0xFC, 0xC0, 0x61, 0xEC, 0x06, 0x06, 0xC0, 0x60, 0x7C, 0x06,
    0x03, 0xC0, 0x60, 0x3C, 0x06, 0x07, 0x00, 0x00, 0x60, 0x00, 0x3C, 0x00, 0x01, 0x80, 0x07, 0x80,
    0x00, 0x7E, 0x00, 0x03, 0xC0, 0xFC, 0x0E, 0x07, 0xF8, 0x70, 0x38, 0x71, 0x80, 0xC0, 0xE6, 0x07,
    0x01, 0x98, 0x18, 0x06, 0xE0, 0x60, 0x1B, 0x81, 0x80, 0x66, 0x07, 0x03, 0x98, 0x0C, 0x0E, 0x60,
    0x38, 0x71, 0xC0, 0xE3, 0x83, 0x81, 0xDE, 0x07, 0x03, 0xF0, 0x0F, 0xFF, 0xFC, 0x1F, 0xF7, 0xF0,
    0x0E, 0x00, 0x07, 0x80, 0x03, 0x87, 0xC1, 0xC3, 0xF8, 0x61, 0xC7, 0x38, 0x60, 0xCE, 0x18, 0x3B,
    0x86, 0x0E, 0xE1, 0x83, 0x18, 0x60, 0xC6, 0x1C, 0x71, 0xC3, 0xF8, 0x3F, 0xFF, 0xC3, 0xFF, 0xF0,
    0x07, 0xF0, 0x1F, 0xFC, 0x3C, 0x1E, 0x38, 0x06, 0x70, 0x07, 0x60, 0x03, 0x60, 0x00, 0x60, 0x00,
    0xE0, 0x00, 0xE0, 0x00, 0x60, 0x00, 0x60, 0x00, 0x60, 0x03, 0x70, 0x07, 0x38, 0x0E, 0x1C, 0x1E,
    0x0F, 0xFC, 0x07, 0xF0, 0x00, 0x80, 0x00, 0xE0, 0x00, 0x20, 0x00, 0x20, 0x01, 0xE0, 0x0F, 0x81,
    0xFC, 0x38, 0xE7, 0x07, 0x60, 0x4E, 0x00, 0xE0, 0x0E, 0x00, 0xE0, 0x06, 0x00, 0x60, 0x37, 0x07,
    0x3F, 0xE1, 0xFC, 0x02, 0x00, 0x38, 0x00, 0x80, 0x08, 0x07, 0x80, 0xFF, 0xFF, 0xFF, 0xF0, 0x30,
    0x00, 0xC0, 0x03, 0x00, 0x0C, 0x00, 0x30, 0x00, 0xC0, 0x03, 0x00, 0x0C, 0x00, 0x30, 0x00, 0xC0,
    0x03, 0x00, 0x0C, 0x00, 0x30, 0x00, 0xC0, 0x03, 0xC0, 0x0F, 0x00, 0x0C, 0x00, 0x30, 0x00, 0xC0,
    0x03, 0x00, 0xFF, 0xFF, 0xFC, 0x18, 0x03, 0x00, 0x60, 0x0C, 0x01, 0x80, 0x30, 0x06, 0x00, 0xC0,
    0x18, 0x03, 0x00, 0x78, 0x0F, 0x00, 0x60, 0x0C, 0x01, 0x80, 0x30, 0xE0, 0x0E, 0xC0, 0x19, 0xC0,
    0x71, 0xC1, 0xC1, 0x83, 0x03, 0x8E, 0x03, 0x18, 0x07, 0x70, 0x06, 0xC0, 0x07, 0x00, 0x0E, 0x00,
    0x1C, 0x00, 0x38, 0x00, 0x70, 0x00, 0xE0, 0x01, 0xC0, 0x03, 0x80, 0x07, 0x00, 0xC0, 0x3C, 0x03,
    0xE0, 0x76, 0x06, 0x70, 0xE3, 0x0C, 0x30, 0xC3, 0x9C, 0x19, 0x81, 0x98, 0x0F, 0x80, 0xF0, 0x0F,
    0x00, 0x60, 0x06, 0x00, 0x60, 0x06, 0x00, 0x60, 0x06, 0x00, 0xE0, 0x0E, 0xC0, 0x19, 0xC0, 0x71,
    0xC1, 0xC1, 0x83, 0x03, 0x8E, 0x03, 0x18, 0x07, 0x70, 0x06, 0xC0, 0x07, 0x00, 0x0E, 0x00, 0x1C,
    0x01, 0xFF, 0x03, 0xFE, 0x00, 0xE0, 0x01, 0xC0, 0x03, 0x80, 0x07, 0x00, 0xC0, 0x3C, 0x03, 0xE0,
    0x76, 0x06, 0x70, 0xE3, 0x0C, 0x30, 0xC3, 0x9C, 0x19, 0x81, 0x98, 0x0F, 0x80, 0xF0, 0x0F, 0x00,
    0x60, 0x3F, 0xC3, 0xFC, 0x06, 0x00, 0x60, 0x06, 0x00, 0xE0, 0x0E, 0x70, 0x1C, 0x38, 0x18, 0x18,
    0x30, 0x1C, 0x70, 0x0E, 0xE0, 0x06, 0xC0, 0x07, 0xC0, 0x03, 0x80, 0x03, 0xC0, 0x06, 0xC0, 0x0E,
    0xE0, 0x0C, 0x70, 0x18, 0x30, 0x38, 0x38, 0x70, 0x1C, 0x60, 0x0F, 0xE0, 0x0F, 0x00, 0x03, 0x00,
    0x03, 0x00, 0x03, 0x00, 0x03, 0xE0, 0x73, 0x07, 0x0C, 0x30, 0x73, 0x81, 0xB8, 0x07, 0x80, 0x3C,
    0x01, 0xC0, 0x0F, 0x00, 0xDC, 0x0E, 0x60, 0xE1, 0x86, 0x0F, 0xF0, 0x3C, 0x00, 0x60, 0x03, 0x00,
    0x18, 0x00, 0xC0, 0xFF, 0xFC, 0x77, 0xFF, 0xE3, 0x80, 0xC0, 0x1C, 0x06, 0x00, 0xE0, 0x30, 0x07,
    0x01, 0x80, 0x38, 0x0C, 0x01, 0xC0, 0x60, 0x0E, 0x03, 0x00, 0x70, 0x18, 0x03, 0x80, 0xC0, 0x1C,
    0x06, 0x00, 0xE0, 0x30, 0x07, 0x01, 0x80, 0x38, 0x0C, 0x01, 0xC0, 0x60, 0x0E, 0x03, 0xFF, 0xF8,
    0x1F, 0xFF, 0xC0, 0x00, 0x06, 0x00, 0x00, 0x30, 0x00, 0x01, 0x80, 0x00, 0x0C, 0xFF, 0x8C, 0xFF,
    0x8C, 0x1C, 0x0C, 0x1C, 0x0C, 0x1C, 0x0C, 0x1C, 0x0C, 0x1C, 0x0C, 0x1C, 0x0C, 0x1C, 0x0C, 0x1C,
    0x0C, 0x1C, 0x0C, 0x1C, 0x0C, 0x1F, 0xFF, 0x1F, 0xFF, 0x00, 0x03, 0x00, 0x03, 0x00, 0x03, 0x00,
    0x03, 0xC0, 0x19, 0x80, 0x33, 0x00, 0x66, 0x00, 0xCC, 0x01, 0x98, 0x03, 0x30, 0x06, 0x70, 0x0C,
    0x70, 0x38, 0xFF, 0xF0, 0x7F, 0x60, 0x00, 0xC0, 0x01, 0x80, 0x03, 0x00, 0x06, 0x00, 0x0C, 0x00,
    0x1E, 0x00, 0x3C, 0x00, 0x18, 0x00, 0x30, 0x00, 0x60, 0x00, 0xC0, 0xC0, 0xEC, 0x0E, 0xC0, 0xEC,
    0x0E, 0xC0, 0xEC, 0x0E, 0xE0, 0xE7, 0x1E, 0x7F, 0xE0, 0xEE, 0x00, 0xE0, 0x0E, 0x00, 0xF0, 0x0F,
    0x00, 0x30, 0x03, 0x00, 0x30, 0x03, 0xC0, 0x1E, 0x00, 0xF0, 0x07, 0x80, 0x3C, 0x01, 0xE0, 0x0F,
    0x0C, 0x7C, 0x63, 0x73, 0x3B, 0xFF, 0xC7, 0xF6, 0x06, 0x30, 0x31, 0x81, 0x8C, 0x00, 0x60, 0x03,
    0x00, 0x18, 0x00, 0xC0, 0xC0, 0xF8, 0x1F, 0x03, 0xE0, 0x7C, 0x0F, 0x99, 0xFB, 0x3B, 0xEF, 0x7F,
    0xE1, 0xDC, 0x33, 0x86, 0x70, 0xCE, 0x01, 0xC0, 0xE0, 0x03, 0x80, 0x0E, 0x00, 0x38, 0x00, 0xE0,
    0x03, 0x80, 0x0E, 0x00, 0x3F, 0xF8, 0xFF, 0xF3, 0xC0, 0xEE, 0x01, 0xB8, 0x07, 0xE0, 0x1F, 0x80,
    0x7E, 0x01, 0xF8, 0x07, 0xE0, 0x1F, 0x80, 0x70, 0xC0, 0x18, 0x03, 0x00, 0x60, 0x0C, 0xF1, 0xBF,
    0xBC, 0x77, 0x07, 0xC0, 0x78, 0x0F, 0x01, 0xE0, 0x3C, 0x07, 0x80, 0xF0, 0x1E, 0x03, 0xC0, 0x78,
    0x0C, 0x00, 0xFF, 0x00, 0x3F, 0xF0, 0x0E, 0x07, 0x03, 0x80, 0x60, 0x60, 0x0F, 0x9C, 0x00, 0xF3,
    0x00, 0x1F, 0x60, 0x03, 0x7F, 0xFF, 0xE7, 0xFF, 0xFC, 0x30, 0x00, 0x06, 0x00, 0x00, 0xE0, 0x06,
    0x0C, 0x01, 0xC1, 0xC0, 0x38, 0x1C, 0x1E, 0x01, 0xFF, 0x80, 0x1F, 0xC0, 0x00, 0x78, 0x00, 0xFE,
    0x00, 0xE3, 0x80, 0xE0, 0x6C, 0x60, 0x33, 0x30, 0x1D, 0xFF, 0xFE, 0x3F, 0xFF, 0x06, 0x00, 0x03,
    0x00, 0x01, 0x80, 0x80, 0x60, 0xE0, 0x3F, 0xE0, 0x07, 0xE0, 0x00, 0xFF, 0x00, 0x3F, 0xF0, 0x0E,
    0x07, 0x03, 0x80, 0x60, 0x60, 0x0F, 0x9C, 0x00, 0xF3, 0x00, 0x1F, 0x60, 0x03, 0x7F, 0xFF, 0xE7,
    0xFF, 0xFC, 0x30, 0x00, 0x06, 0x00, 0x00, 0xE0, 0x06, 0x0C, 0x01, 0xC1, 0xC0, 0x38, 0x1C, 0x1E,
    0x01, 0xFF, 0x80, 0x1F, 0xC0, 0x00, 0x60, 0x00, 0x0C, 0x00, 0x01, 0x80, 0x00, 0x30, 0x00, 0x00,
    0x78, 0x00, 0xFE, 0x00, 0xE3, 0x80, 0xE0, 0x6C, 0x60, 0x33, 0x30, 0x1D, 0xFF, 0xFE, 0x3F, 0xFF,
    0x06, 0x00, 0x03, 0x00, 0x01, 0x80, 0x80, 0x60, 0xE0, 0x3F, 0xE0, 0x07, 0xE0, 0x00, 0x80, 0x00,
    0x70, 0x00, 0x0C, 0x00, 0x06, 0x00, 0x1E, 0x00, 0xFF, 0xFF, 0xFF, 0xFF, 0xFF, 0xFF, 0xFC, 0x01,
    0x86, 0x00, 0x03, 0x30, 0x00, 0x07, 0x80, 0x00, 0x00, 0x00, 0x00, 0x00, 0x00, 0x00, 0x00, 0x0E,
    0x03, 0x01, 0xDC, 0x0C, 0x0E, 0x38, 0x30, 0x70, 0xE0, 0xC1, 0xC1, 0xC3, 0x0E, 0x03, 0x0C, 0x30,
    0x0E, 0x31, 0xC0, 0x18, 0xC6, 0x00, 0x3F, 0xF0, 0x01, 0xFF, 0xE0, 0x0E, 0x31, 0xC0, 0x30, 0xC3,
    0x01, 0xC3, 0x0E, 0x0E, 0x0C, 0x1C, 0x30, 0x30, 0x31, 0xC0, 0xC0, 0xE6, 0x03, 0x01, 0xB8, 0x0C,
    0x07, 0x02, 0x18, 0x00, 0xCC, 0x00, 0x1F, 0x00, 0x00, 0x00, 0x00, 0x00, 0x38, 0x30, 0x36, 0x0C,
    0x18, 0xC3, 0x0E, 0x38, 0xC7, 0x07, 0x31, 0x80, 0xCC, 0xC0, 0x1F, 0xE0, 0x07, 0xF8, 0x03, 0xB3,
    0x01, 0xCC, 0xE0, 0x63, 0x1C, 0x30, 0xC3, 0x9C, 0x30, 0x6E, 0x0C, 0x1C, 0xE0, 0x3F, 0x81, 0xCE,
    0x06, 0x38, 0x38, 0xE1, 0xC3, 0x8E, 0x0E, 0x30, 0x39, 0x80, 0xFF, 0xC3, 0xFF, 0x8E, 0x07, 0x38,
    0x0E, 0xE0, 0x1B, 0x80, 0x6E, 0x01, 0xB8, 0x06, 0xE0, 0x1B, 0x80, 0x60, 0x03, 0x80, 0x3C, 0x01,
    0xE0, 0x06, 0x00, 0xC0, 0xF8, 0x3B, 0x06, 0x61, 0xCC, 0x71, 0x9C, 0x3F, 0x07, 0xFC, 0xC3, 0xD8,
    0x1F, 0x01, 0xE0, 0x3C, 0x07, 0x80, 0xC0, 0x38, 0x1E, 0x03, 0x80, 0x0F, 0xFF, 0x03, 0xFF, 0xC0,
    0xC0, 0x70, 0x30, 0x1C, 0x0C, 0x07, 0x03, 0x01, 0xC0, 0xC0, 0x70, 0x30, 0x1C, 0x0C, 0x07, 0x07,
    0x01, 0xC1, 0xC0, 0x70, 0x70, 0x1C, 0x1C, 0x07, 0x06, 0x01, 0xC1, 0x80, 0x70, 0xE0, 0x1C, 0xF0,
    0x07, 0xF8, 0x01, 0xE0, 0x00, 0x18, 0x00, 0x06, 0x00, 0x03, 0x80, 0x00, 0xC0, 0x1F, 0xF0, 0x3F,
    0xE0, 0x60, 0xC0, 0xC1, 0x81, 0x83, 0x03, 0x06, 0x06, 0x0C, 0x0C, 0x18, 0x18, 0x30, 0x30, 0x60,
    0x60, 0xC1, 0x81, 0x8F, 0x03, 0xFC, 0x07, 0x80, 0x03, 0x00, 0x06, 0x00, 0x18, 0x00, 0x30, 0xE0,
    0x0F, 0x80, 0x3E, 0x00, 0xF8, 0x03, 0xE0, 0x0F, 0x80, 0x3E, 0x00, 0xF8, 0x03, 0xFF, 0xFF, 0xFF,
    0xFE, 0x00, 0xF8, 0x03, 0xE0, 0x0F, 0x80, 0x3E, 0x00, 0xF8, 0x03, 0xE0, 0x0F, 0x80, 0x30, 0x00,
    0xC0, 0x03, 0x00, 0x0C, 0x00, 0xF0, 0x03, 0x80, 0xC0, 0x78, 0x0F, 0x01, 0xE0, 0x3C, 0x07, 0x80,
    0xFF, 0xFF, 0xFF, 0xC0, 0x78, 0x0F, 0x01, 0xE0, 0x3C, 0x07, 0x80, 0xC0, 0x18, 0x03, 0x00, 0xE0,
    0x7C, 0x0F, 0x00, 0xE0, 0x0C, 0x70, 0x06, 0x38, 0x03, 0x1C, 0x01, 0x8E, 0x00, 0xC7, 0x00, 0x63,
    0x80, 0x31, 0xC0, 0x18, 0xFF, 0xFC, 0x7F, 0xFE, 0x38, 0x03, 0x1C, 0x01, 0x8E, 0x00, 0xC7, 0x00,
    0x63, 0x80, 0x31, 0xC0, 0x18, 0xE0, 0x0F, 0xF0, 0x07, 0x80, 0x00, 0xC0, 0x00, 0xE0, 0x00, 0x60,
    0x00, 0x30, 0xC0, 0x66, 0x03, 0x30, 0x19, 0x80, 0xCC, 0x06, 0x60, 0x33, 0xFF, 0x9F, 0xFC, 0xC0,
    0x66, 0x03, 0x30, 0x19, 0x80, 0xCC, 0x07, 0xE0, 0x3C, 0x00, 0xC0, 0x06, 0x00, 0x30, 0x03, 0x80,
    0xC0, 0x19, 0x80, 0x33, 0x00, 0x66, 0x00, 0xCC, 0x01, 0x98, 0x03, 0x30, 0x06, 0x70, 0x0C, 0x70,
    0x38, 0xFF, 0xF0, 0x7F, 0x60, 0x00, 0xC0, 0x01, 0x80, 0x03, 0x00, 0x06, 0x00, 0x0C, 0x00, 0x1E,
    0x00, 0x3C, 0x00, 0x18, 0x00, 0x30, 0x00, 0x60, 0x00, 0xC0, 0xC0, 0xEC, 0x0E, 0xC0, 0xEC, 0x0E,
    0xC0, 0xEC, 0x0E, 0xE0, 0xE7, 0x1E, 0x7F, 0xE0, 0xEE, 0x00, 0xE0, 0x0E, 0x00, 0xF0, 0x0F, 0x00,
    0x30, 0x03, 0x00, 0x30, 0x03, 0xF0, 0x01, 0xC7, 0x80, 0x1E, 0x3E, 0x00, 0xF1, 0xB0, 0x07, 0x8D,
    0x80, 0x6C, 0x6E, 0x03, 0x63, 0x30, 0x3B, 0x19, 0xC1, 0x98, 0xC6, 0x0C, 0xC6, 0x30, 0xE6, 0x31,
    0xC6, 0x31, 0x86, 0x31, 0x8C, 0x33, 0x0C, 0x61, 0xD8, 0x63, 0x06, 0xC3, 0x18, 0x3C, 0x18, 0xC0,
    0xE0, 0xFE, 0x07, 0x07, 0x80, 0x00, 0x0C, 0x00, 0x00, 0xE0, 0x00, 0x06, 0x00, 0x00, 0x30, 0xE0,
    0x0E, 0x3C, 0x07, 0x8F, 0x01, 0xE3, 0xE0, 0x78, 0xD8, 0x36, 0x36, 0x0D, 0x8D, 0xC7, 0x63, 0x31,
    0x98, 0xCE, 0x66, 0x31, 0xB1, 0x8C, 0x6C, 0x63, 0x0F, 0x18, 0xC3, 0x87, 0xF0, 0xE1, 0xE0, 0x00,
    0x18, 0x00, 0x0E, 0x00, 0x03, 0x00, 0x00, 0xC0, 0xFF, 0xFF, 0xFF, 0xFF, 0xF0, 0x0C, 0x60, 0x0C,
    0x60, 0x07, 0xC0, 0x00, 0x00, 0x00, 0x00, 0x00, 0x00, 0x03, 0x80, 0x03, 0xC0, 0x06, 0xC0, 0x06,
    0xC0, 0x06, 0xE0, 0x0C, 0x60, 0x0C, 0x60, 0x1C, 0x70, 0x18, 0x30, 0x18, 0x30, 0x38, 0x38, 0x3F,
    0xF8, 0x3F, 0xFC, 0x70, 0x0C, 0x60, 0x0C, 0x60, 0x0E, 0xE0, 0x06, 0xC0, 0x07, 0x30, 0x83, 0x30,
    0x7C, 0x00, 0x00, 0x00, 0x1E, 0x0F, 0xF3, 0x87, 0xE0, 0x60, 0x0C, 0x01, 0x8F, 0xF7, 0xF7, 0xC0,
    0xF0, 0x1E, 0x03, 0xE0, 0xEF, 0xFC, 0xFD, 0x80, 0x0C, 0x20, 0x0E, 0x70, 0x0C, 0x60, 0x00, 0x00,
    0x00, 0x00, 0x00, 0x00, 0x03, 0x80, 0x03, 0xC0, 0x06, 0xC0, 0x06, 0xC0, 0x06, 0xE0, 0x0C, 0x60,
    0x0C, 0x60, 0x1C, 0x70, 0x18, 0x30, 0x18, 0x30, 0x38, 0x38, 0x3F, 0xF8, 0x3F, 0xFC, 0x70, 0x0C,
    0x60, 0x0C, 0x60, 0x0E, 0xE0, 0x06, 0xC0, 0x07, 0x10, 0x87, 0x38, 0xC7, 0x00, 0x00, 0x00, 0x1E,
    0x0F, 0xF3, 0x87, 0xE0, 0x60, 0x0C, 0x01, 0x8F, 0xF7, 0xF7, 0xC0, 0xF0, 0x1E, 0x03, 0xE0, 0xEF,
    0xFC, 0xFD, 0x80, 0x00, 0xFF, 0xFC, 0x03, 0x7F, 0xF0, 0x19, 0x80, 0x00, 0x66, 0x00, 0x03, 0x18,
    0x00, 0x0C, 0x60, 0x00, 0x71, 0x80, 0x01, 0x86, 0x00, 0x0E, 0x1F, 0xFC, 0x30, 0x7F, 0xF1, 0xC1,
    0x80, 0x07, 0xFE, 0x00, 0x3F, 0xF8, 0x00, 0xC0, 0x60, 0x07, 0x01, 0x80, 0x18, 0x06, 0x00, 0xE0,
    0x1F, 0xFF, 0x00, 0x7F, 0xF0, 0x0F, 0x07, 0x81, 0xFE, 0xFF, 0x1C, 0x3E, 0x3D, 0xC0, 0xE0, 0x60,
    0x06, 0x03, 0x00, 0x30, 0x1C, 0x7F, 0xFF, 0xEF, 0xFF, 0xFF, 0xE0, 0x60, 0x06, 0x03, 0x00, 0x30,
    0x3C, 0x0B, 0xC1, 0xE0, 0xE7, 0xFB, 0xFF, 0x1F, 0x87, 0xE0, 0x30, 0x83, 0x30, 0x7C, 0x00, 0x00,
    0x00, 0x00, 0x3F, 0xFF, 0xFF, 0xE0, 0x1C, 0x03, 0x80, 0x70, 0x0E, 0x01, 0xC0, 0x3F, 0xFF, 0xFF,
    0xE0, 0x1C, 0x03, 0x80, 0x70, 0x0E, 0x01, 0xC0, 0x3F, 0xFF, 0xFF, 0x10, 0xC1, 0x9C, 0x0F, 0x80,
    0x00, 0x00, 0x00, 0xF0, 0x1F, 0xC3, 0x8E, 0x60, 0x76, 0x03, 0xE0, 0x3F, 0xFF, 0xFF, 0xFE, 0x00,
    0xE0, 0x06, 0x02, 0x70, 0x73, 0xFE, 0x1F, 0xC0, 0x1F, 0xE0, 0x7F, 0xE1, 0xC0, 0xE7, 0x00, 0xEE,
    0x00, 0xD8, 0x01, 0xC0, 0x01, 0x80, 0x03, 0xFF, 0xFF, 0xFF, 0xFF, 0x00, 0x1E, 0x00, 0x3C, 0x00,
    0xFC, 0x01, 0x98, 0x07, 0x3C, 0x1C, 0x3F, 0xF0, 0x1F, 0xC0, 0x1F, 0x03, 0xFC, 0x70, 0xEE, 0x07,
    0x00, 0x30, 0x03, 0xFF, 0xFF, 0xFF, 0xC0, 0x3E, 0x03, 0x60, 0x77, 0x0E, 0x3F, 0xC1, 0xF8, 0x08,
    0x40, 0x39, 0xC0, 0x71, 0x80, 0x00, 0x00, 0x00, 0x00, 0x00, 0x07, 0xF8, 0x1F, 0xF8, 0x70, 0x39,
    0xC0, 0x3B, 0x80, 0x36, 0x00, 0x70, 0x00, 0x60, 0x00, 0xFF, 0xFF, 0xFF, 0xFF, 0xC0, 0x07, 0x80,
    0x0F, 0x00, 0x3F, 0x00, 0x66, 0x01, 0xCF, 0x07, 0x0F, 0xFC, 0x07, 0xF0, 0x10, 0xC3, 0x9C, 0x18,
    0xC0, 0x00, 0x00, 0x01, 0xF0, 0x3F, 0xC7, 0x0E, 0xE0, 0x70, 0x03, 0x00, 0x3F, 0xFF, 0xFF, 0xFC,
    0x03, 0xE0, 0x36, 0x07, 0x70, 0xE3, 0xFC, 0x1F, 0x80, 0x00, 0x84, 0x00, 0x07, 0x38, 0x00, 0x1C,
    0xE0, 0x00, 0x00, 0x00, 0x00, 0x00, 0x00, 0x00, 0x00, 0x0E, 0x03, 0x01, 0xDC, 0x0C, 0x0E, 0x38,
    0x30, 0x70, 0xE0, 0xC1, 0xC1, 0xC3, 0x0E, 0x03, 0x0C, 0x30, 0x0E, 0x31, 0xC0, 0x18, 0xC6, 0x00,
    0x3F, 0xF0, 0x01, 0xFF, 0xE0, 0x0E, 0x31, 0xC0, 0x30, 0xC3, 0x01, 0xC3, 0x0E, 0x0E, 0x0C, 0x1C,
    0x30, 0x30, 0x31, 0xC0, 0xC0, 0xE6, 0x03, 0x01, 0xB8, 0x0C, 0x07, 0x02, 0x10, 0x01, 0xCE, 0x00,
    0x71, 0x80, 0x00, 0x00, 0x00, 0x00, 0x38, 0x30, 0x36, 0x0C, 0x18, 0xC3, 0x0E, 0x38, 0xC7, 0x07,
    0x31, 0x80, 0xCC, 0xC0, 0x1F, 0xE0, 0x07, 0xF8, 0x03, 0xB3, 0x01, 0xCC, 0xE0, 0x63, 0x1C, 0x30,
    0xC3, 0x9C, 0x30, 0x6E, 0x0C, 0x1C, 0x30, 0x83, 0x9C, 0x31, 0x80, 0x00, 0x00, 0x00, 0x00, 0x3F,
    0x87, 0xFC, 0xE0, 0xEC, 0x06, 0x00, 0x60, 0x06, 0x00, 0xE0, 0x3C, 0x0F, 0x00, 0xFC, 0x00, 0xE0,
    0x07, 0x00, 0x3C, 0x03, 0xC0, 0x7E, 0x0E, 0x7F, 0xC3, 0xF8, 0x21, 0x1C, 0xE7, 0x18, 0x00, 0x00,
    0x03, 0x83, 0xF9, 0x86, 0xE1, 0xC0, 0x70, 0x18, 0x3C, 0x0F, 0x80, 0x70, 0x0C, 0x03, 0xE1, 0xDF,
    0xE3, 0xF0, 0xFF, 0xEF, 0xFE, 0x00, 0xC0, 0x1C, 0x03, 0x80, 0x70, 0x0E, 0x00, 0xC0, 0x0F, 0xC0,
    0x1E, 0x00, 0x60, 0x07, 0x00, 0x3C, 0x03, 0xC0, 0x7E, 0x0E, 0x7F, 0xC3, 0xF8, 0xFF, 0xEF, 0xFE,
    0x00, 0xC0, 0x1C, 0x03, 0x80, 0x70, 0x0E, 0x00, 0xC0, 0x0F, 0xC0, 0x1E, 0x00, 0x60, 0x07, 0x00,
    0x3C, 0x03, 0xC0, 0x7E, 0x0E, 0x7F, 0xC3, 0xF8, 0x0F, 0xE0, 0x1F, 0xC0, 0x00, 0x00, 0x00, 0x00,
    0x00, 0x1C, 0x03, 0xF8, 0x07, 0xF0, 0x1F, 0xE0, 0x3F, 0xC0, 0xDF, 0x83, 0xBF, 0x06, 0x7E, 0x1C,
    0xFC, 0x71, 0xF8, 0xC3, 0xF3, 0x87, 0xEE, 0x0F, 0xD8, 0x1F, 0x70, 0x3E, 0xC0, 0x7F, 0x80, 0xFE,
    0x01, 0xF8, 0x03, 0x80, 0x3F, 0x87, 0xF0, 0x00, 0x00, 0x0C, 0x07, 0x81, 0xF0, 0x7E, 0x0F, 0xC3,
    0x78, 0xEF, 0x19, 0xE6, 0x3D, 0xC7, 0xB0, 0xFC, 0x1F, 0x83, 0xE0, 0x78, 0x0C, 0x0C, 0x60, 0x38,
    0xC0, 0x31, 0x80, 0x00, 0x00, 0x00, 0x00, 0x00, 0x38, 0x07, 0xF0, 0x0F, 0xE0, 0x3F, 0xC0, 0x7F,
    0x81, 0xBF, 0x07, 0x7E, 0x0C, 0xFC, 0x39, 0xF8, 0xE3, 0xF1, 0x87, 0xE7, 0x0F, 0xDC, 0x1F, 0xB0,
    0x3E, 0xE0, 0x7D, 0x80, 0xFF, 0x01, 0xFC, 0x03, 0xF0, 0x07, 0x31, 0x8E, 0x30, 0xC6, 0x00, 0x00,
    0x01, 0x80, 0xF0, 0x3E, 0x0F, 0xC1, 0xF8, 0x6F, 0x1D, 0xE3, 0x3C, 0xC7, 0xB8, 0xF6, 0x1F, 0x83,
    0xF0, 0x7C, 0x0F, 0x01, 0x80, 0x06, 0x30, 0x03, 0x1C, 0x01, 0x8C, 0x00, 0x00, 0x00, 0x00, 0x00,
    0x00, 0x00, 0x1F, 0xC0, 0x3F, 0xF8, 0x3C, 0x1E, 0x18, 0x03, 0x1C, 0x01, 0xCC, 0x00, 0x66, 0x00,
    0x33, 0x00, 0x1F, 0x80, 0x0F, 0xC0, 0x07, 0x60, 0x03, 0xB0, 0x01, 0x98, 0x00, 0xCE, 0x00, 0xE3,
    0x80, 0xE0, 0xE0, 0xF0, 0x3F, 0xF0, 0x0F, 0xE0, 0x18, 0xC1, 0xC7, 0x06, 0x30, 0x00, 0x00, 0x00,
    0x07, 0xC0, 0x7F, 0x07, 0x1C, 0x70, 0x73, 0x01, 0xB8, 0x0F, 0xC0, 0x7E, 0x03, 0xF0, 0x1D, 0x80,
    0xCC, 0x06, 0x70, 0x71, 0xFF, 0x07, 0xF0, 0x07, 0xF0, 0x0F, 0xFE, 0x0F, 0x07, 0x86, 0x00, 0xC7,
    0x00, 0x73, 0x00, 0x19, 0x80, 0x0C, 0xC0, 0x07, 0xFF, 0xFF, 0xFF, 0xFF, 0xD8, 0x00, 0xEC, 0x00,
    0x66, 0x00, 0x33, 0x80, 0x38, 0xE0, 0x38, 0x38, 0x3C, 0x0F, 0xFC, 0x03, 0xF8, 0x00, 0x0F, 0x80,
    0xFE, 0x0E, 0x38, 0xE0, 0xE6, 0x03, 0x70, 0x1F, 0xF8, 0xFE, 0xFF, 0xE0, 0xBB, 0x01, 0x98, 0x0C,
    0xE0, 0xE3, 0xFE, 0x0F, 0xE0, 0x06, 0x30, 0x03, 0x1C, 0x01, 0x8C, 0x00, 0x00, 0x00, 0x00, 0x00,
    0x00, 0x00, 0x1F, 0xC0, 0x3F, 0xF8, 0x3C, 0x1E, 0x18, 0x03, 0x1C, 0x01, 0xCC, 0x00, 0x66, 0x00,
    0x33, 0x00, 0x1F, 0xFF, 0xFF, 0xFF, 0xFF, 0x60, 0x03, 0xB0, 0x01, 0x98, 0x00, 0xCE, 0x00, 0xE3,
    0x80, 0xE0, 0xE0, 0xF0, 0x3F, 0xF0, 0x0F, 0xE0, 0x18, 0xC1, 0xC7, 0x06, 0x30, 0x00, 0x00, 0x00,
    0x07, 0xC0, 0x7F, 0x07, 0x1C, 0x70, 0x73, 0x01, 0xB8, 0x0F, 0xFC, 0x7F, 0x7F, 0xF0, 0x5D, 0x80,
    0xCC, 0x06, 0x70, 0x71, 0xFF, 0x07, 0xF0, 0x0C, 0x20, 0x0E, 0x70, 0x0C, 0x60, 0x00, 0x00, 0x00,
    0x00, 0x00, 0x00, 0x0F, 0xF0, 0x3F, 0xF8, 0x38, 0x1C, 0x70, 0x0C, 0x60, 0x0E, 0xE0, 0x06, 0x00,
    0x07, 0x00, 0x07, 0x03, 0xFF, 0x03, 0xFF, 0x00, 0x07, 0x00, 0x07, 0xE0, 0x06, 0x60, 0x0E, 0x70,
    0x0C, 0x38, 0x3C, 0x1F, 0xF8, 0x0F, 0xE0, 0x10, 0x83, 0x9C, 0x31, 0xC0, 0x00, 0x00, 0x00, 0xF0,
    0x3F, 0xC7, 0x1E, 0xE0, 0x62, 0x07, 0x00, 0x30, 0xFF, 0x0F, 0xF0, 0x03, 0x00, 0x7E, 0x06, 0x60,
    0xE7, 0xFC, 0x1F, 0x80, 0x1F, 0xC0, 0x7F, 0x00, 0x00, 0x00, 0x00, 0x00, 0x03, 0x00, 0x7E, 0x01,
    0x98, 0x0E, 0x70, 0x38, 0xC0, 0xC3, 0x87, 0x06, 0x18, 0x18, 0x60, 0x33, 0x80, 0xCC, 0x03, 0xF0,
    0x07, 0x80, 0x1E, 0x00, 0x30, 0x00, 0xC0, 0x07, 0x00, 0xF8, 0x03, 0xC0, 0x00, 0x1F, 0x81, 0xF8,
    0x00, 0x00, 0x00, 0xC0, 0x3C, 0x03, 0xE0, 0x76, 0x06, 0x70, 0xE3, 0x0C, 0x30, 0xC3, 0x9C, 0x19,
    0x81, 0x98, 0x0F, 0x80, 0xF0, 0x0F, 0x00, 0x60, 0x06, 0x00, 0xE0, 0x0C, 0x07, 0xC0, 0x78, 0x00,
    0x08, 0x40, 0x73, 0x81, 0x8E, 0x00, 0x00, 0x00, 0x00, 0x00, 0x0C, 0x01, 0xF8, 0x06, 0x60, 0x39,
    0xC0, 0xE3, 0x03, 0x0E, 0x1C, 0x18, 0x60, 0x61, 0x80, 0xCE, 0x03, 0x30, 0x0F, 0xC0, 0x1E, 0x00,
    0x78, 0x00, 0xC0, 0x03, 0x00, 0x1C, 0x03, 0xE0, 0x0F, 0x00, 0x10, 0x83, 0x9C, 0x39, 0xC0, 0x00,
    0x00, 0x0C, 0x03, 0xC0, 0x3E, 0x07, 0x60, 0x67, 0x0E, 0x30, 0xC3, 0x0C, 0x39, 0xC1, 0x98, 0x19,
    0x80, 0xF8, 0x0F, 0x00, 0xF0, 0x06, 0x00, 0x60, 0x0E, 0x00, 0xC0, 0x7C, 0x07, 0x80, 0x0E, 0x60,
    0x33, 0x01, 0x8C, 0x06, 0x60, 0x00, 0x00, 0x00, 0x0C, 0x01, 0xF8, 0x06, 0x60, 0x39, 0xC0, 0xE3,
    0x03, 0x0E, 0x1C, 0x18, 0x60, 0x61, 0x80, 0xCE, 0x03, 0x30, 0x0F, 0xC0, 0x1E, 0x00, 0x78, 0x00,
    0xC0, 0x03, 0x00, 0x1C, 0x03, 0xE0, 0x0F, 0x00, 0x1C, 0xE1, 0x9C, 0x19, 0x83, 0x30, 0x00, 0x0C,
    0x03, 0xC0, 0x3E, 0x07, 0x60, 0x67, 0x0E, 0x30, 0xC3, 0x0C, 0x39, 0xC1, 0x98, 0x19, 0x80, 0xF8,
    0x0F, 0x00, 0xF0, 0x06, 0x00, 0x60, 0x0E, 0x00, 0xC0, 0x7C, 0x07, 0x80, 0x18, 0x40, 0xE7, 0x06,
    0x30, 0x00, 0x00, 0x00, 0x00, 0x03, 0x00, 0x78, 0x03, 0xC0, 0x1E, 0x00, 0xF0, 0x07, 0x80, 0x3C,
    0x01, 0xF0, 0x0D, 0xC0, 0xEF, 0xFF, 0x1F, 0xD8, 0x00, 0xC0, 0x06, 0x00, 0x30, 0x01, 0x80, 0x0C,
    0x00, 0x60, 0x03, 0x31, 0x8E, 0x70, 0xC6, 0x00, 0x00, 0x01, 0x81, 0xF0, 0x3E, 0x07, 0xC0, 0xF8,
    0x1F, 0x03, 0xF0, 0x77, 0x1E, 0xFF, 0xC3, 0xB8, 0x07, 0x00, 0xE0, 0x1C, 0x03, 0x80, 0xFF, 0xFF,
    0xFF, 0x80, 0x70, 0x0E, 0x01, 0xC0, 0x38, 0x07, 0x00, 0xE0, 0x1C, 0x03, 0x80, 0x70, 0x0E, 0x01,
    0xC0, 0x38, 0x07, 0x00, 0xF0, 0x1E, 0x00, 0xC0, 0x18, 0x03, 0x00, 0x60, 0x00, 0xFF, 0xFF, 0xC0,
    0xC0, 0xC0, 0xC0, 0xC0, 0xC0, 0xC0, 0xC0, 0xC0, 0xC0, 0xF0, 0xF0, 0x30, 0x30, 0x30, 0x30, 0x06,
    0x10, 0x01, 0xCE, 0x00, 0x63, 0x00, 0x00, 0x00, 0x00, 0x00, 0x00, 0x00, 0x0E, 0x00, 0x0F, 0x80,
    0x03, 0xE0, 0x00, 0xF8, 0x00, 0x3E, 0x00, 0x0F, 0x80, 0x03, 0xE0, 0x00, 0xFF, 0xF0, 0x3F, 0xFE,
    0x0F, 0x81, 0xC3, 0xE0, 0x38, 0xF8, 0x06, 0x3E, 0x01, 0x8F, 0x80, 0x63, 0xE0, 0x38, 0xF8, 0x1C,
    0x3F, 0xFE, 0x0F, 0xFF, 0x03, 0x08, 0x40, 0x73, 0x81, 0xC6, 0x00, 0x00, 0x00, 0x03, 0x00, 0x3C,
    0x00, 0xF0, 0x03, 0xC0, 0x0F, 0x00, 0x3F, 0xF0, 0xFF, 0xE3, 0xC1, 0xCF, 0x03, 0xBC, 0x0E, 0xF0,
    0x3B, 0xC1, 0xCF, 0xFF, 0x3F, 0xF0, 0xC0, 0x1F, 0xFC, 0x7F, 0xF1, 0x80, 0x06, 0x00, 0x18, 0x00,
    0x60, 0x01, 0x80, 0x06, 0x00, 0xFF, 0xC3, 0xFF, 0x01, 0x80, 0x06, 0x00, 0x18, 0x00, 0x60, 0x01,
    0x80, 0x06, 0x00, 0x1E, 0x00, 0x78, 0x00, 0x60, 0x01, 0x80, 0x0E, 0x00, 0xF0, 0x03, 0x80, 0x00,
    0x3F, 0xCF, 0xF3, 0x00, 0xC0, 0x30, 0x0C, 0x0F, 0xF3, 0xFC, 0x30, 0x0C, 0x03, 0x00, 0xC0, 0x3C,
    0x0F, 0x00, 0xC0, 0x30, 0x0C, 0x1F, 0x07, 0x80, 0xE0, 0x0E, 0x38, 0x0E, 0x0E, 0x06, 0x03, 0x06,
    0x01, 0xC7, 0x00, 0x77, 0x00, 0x1B, 0x00, 0x0F, 0x80, 0x03, 0x80, 0x01, 0xE0, 0x01, 0xB0, 0x01,
    0xDC, 0x00, 0xC7, 0x00, 0xC1, 0x80, 0xE0, 0xE0, 0xE0, 0x38, 0x60, 0x0F, 0xF0, 0x07, 0xC0, 0x00,
    0xE0, 0x00, 0x60, 0x00, 0x30, 0x00, 0xF8, 0x00, 0x78, 0xC0, 0x6C, 0x1D, 0xC7, 0x18, 0xC3, 0xB8,
    0x36, 0x03, 0x80, 0x70, 0x1F, 0x03, 0x60, 0xC6, 0x38, 0xE6, 0x0D, 0xC1, 0xC0, 0x18, 0x03, 0x00,
    0x60, 0x7C, 0x0F, 0x00, 0xE0, 0x0E, 0xE0, 0x38, 0xE0, 0x60, 0xC1, 0x81, 0xC7, 0x01, 0xDC, 0x01,
    0xB0, 0x03, 0xE0, 0x7F, 0xFC, 0x07, 0x80, 0x1B, 0x00, 0x77, 0x00, 0xC7, 0x03, 0x06, 0x0E, 0x0E,
    0x38, 0x0E, 0x60, 0x0D, 0xC0, 0x1C, 0xE0, 0x76, 0x0E, 0x30, 0xC3, 0x9C, 0x1B, 0x80, 0xF0, 0xFF,
    0xEF, 0xFE, 0x0F, 0x01, 0xB8, 0x39, 0x87, 0x0C, 0x60, 0xEE, 0x07, 0x03, 0x80, 0x03, 0xC0, 0x06,
    0xC0, 0x06, 0xC0, 0x06, 0xE0, 0x0C, 0x60, 0x0C, 0x60, 0x1C, 0x70, 0x18, 0x30, 0x18, 0x30, 0x38,
    0x38, 0x3F, 0xF8, 0x3F, 0xFC, 0x70, 0x0C, 0x60, 0x0C, 0x60, 0x0E, 0xE0, 0x06, 0xC0, 0x07, 0x00,
    0x00, 0x00, 0x00, 0x01, 0x00, 0x03, 0x80, 0x03, 0x80, 0x0F, 0x07, 0xF9, 0xC3, 0xF0, 0x30, 0x06,
    0x00, 0xC7, 0xFB, 0xFB, 0xE0, 0x78, 0x0F, 0x01, 0xF0, 0x77, 0xFE, 0x7E, 0xC0, 0x00, 0x00, 0x06,
    0x01, 0xC0, 0x18, 0x00, 0x03, 0x80, 0x01, 0x80, 0x01, 0x80, 0x01, 0x00, 0x00, 0x00, 0x00, 0x00,
    0x03, 0x80, 0x03, 0xC0, 0x06, 0xC0, 0x06, 0xC0, 0x06, 0xE0, 0x0C, 0x60, 0x0C, 0x60, 0x1C, 0x70,
    0x18, 0x30, 0x18, 0x30, 0x38, 0x38, 0x3F, 0xF8, 0x3F, 0xFC, 0x70, 0x0C, 0x60, 0x0C, 0x60, 0x0E,
    0xE0, 0x06, 0xC0, 0x07, 0x0E, 0x00, 0x60, 0x18, 0x03, 0x00, 0x00, 0x1E, 0x0F, 0xF3, 0x87, 0xE0,
    0x60, 0x0C, 0x01, 0x8F, 0xF7, 0xF7, 0xC0, 0xF0, 0x1E, 0x03, 0xE0, 0xEF, 0xFC, 0xFD, 0x80, 0x00,
    0x1C, 0x00, 0x30, 0x00, 0x30, 0x00, 0x40, 0x03, 0x80, 0x03, 0xC0, 0x06, 0xE0, 0x0C, 0x70, 0x00,
    0x00, 0x00, 0x00, 0x03, 0x80, 0x03, 0xC0, 0x06, 0xC0, 0x06, 0xC0, 0x06, 0xE0, 0x0C, 0x60, 0x0C,
    0x60, 0x1C, 0x70, 0x18, 0x30, 0x18, 0x30, 0x38, 0x38, 0x3F, 0xF8, 0x3F, 0xFC, 0x70, 0x0C, 0x60,
    0x0C, 0x60, 0x0E, 0xE0, 0x06, 0xC0, 0x07, 0x00, 0x70, 0x0E, 0x00, 0xC0, 0x00, 0x06, 0x00, 0xF0,
    0x19, 0x83, 0x1C, 0x00, 0x00, 0xF0, 0x3F, 0xC7, 0x0E, 0xE0, 0x60, 0x06, 0x00, 0x61, 0xFE, 0x7F,
    0x6E, 0x06, 0xC0, 0x6C, 0x06, 0xE0, 0xE7, 0xFE, 0x3F, 0x60, 0x00, 0xC0, 0x00, 0x60, 0x00, 0x60,
    0x00, 0x10, 0x03, 0x80, 0x03, 0xC0, 0x06, 0xE0, 0x0C, 0x70, 0x00, 0x00, 0x00, 0x00, 0x03, 0x80,
    0x03, 0xC0, 0x06, 0xC0, 0x06, 0xC0, 0x06, 0xE0, 0x0C, 0x60, 0x0C, 0x60, 0x1C, 0x70, 0x18, 0x30,
    0x18, 0x30, 0x38, 0x38, 0x3F, 0xF8, 0x3F, 0xFC, 0x70, 0x0C, 0x60, 0x0C, 0x60, 0x0E, 0xE0, 0x06,
    0xC0, 0x07, 0x03, 0x80, 0x30, 0x03, 0x00, 0x00, 0x60, 0x1E, 0x06, 0x61, 0x8E, 0x00, 0x01, 0xE0,
    0xFF, 0x38, 0x7E, 0x06, 0x00, 0xC0, 0x18, 0xFF, 0x7F, 0x7C, 0x0F, 0x01, 0xE0, 0x3E, 0x0E, 0xFF,
    0xCF, 0xD8, 0x00, 0xF0, 0x00, 0x30, 0x00, 0x20, 0x00, 0x40, 0x03, 0x80, 0x03, 0xC0, 0x06, 0xE0,
    0x0C, 0x70, 0x00, 0x00, 0x00, 0x00, 0x03, 0x80, 0x03, 0xC0, 0x06, 0xC0, 0x06, 0xC0, 0x06, 0xE0,
    0x0C, 0x60, 0x0C, 0x60, 0x1C, 0x70, 0x18, 0x30, 0x18, 0x30, 0x38, 0x38, 0x3F, 0xF8, 0x3F, 0xFC,
    0x70, 0x0C, 0x60, 0x0C, 0x60, 0x0E, 0xE0, 0x06, 0xC0, 0x07, 0x03, 0xC0, 0x18, 0x03, 0x00, 0x80,
    0x60, 0x1E, 0x06, 0x61, 0x8E, 0x00, 0x01, 0xE0, 0xFF, 0x38, 0x7E, 0x06, 0x00, 0xC0, 0x18, 0xFF,
    0x7F, 0x7C, 0x0F, 0x01, 0xE0, 0x3E, 0x0E, 0xFF, 0xCF, 0xD8, 0x06, 0x20, 0x0F, 0xE0, 0x0C, 0xC0,
    0x00, 0x00, 0x03, 0x80, 0x03, 0xC0, 0x06, 0xE0, 0x0C, 0x70, 0x00, 0x00, 0x00, 0x00, 0x03, 0x80,
    0x03, 0xC0, 0x06, 0xC0, 0x06, 0xC0, 0x06, 0xE0, 0x0C, 0x60, 0x0C, 0x60, 0x1C, 0x70, 0x18, 0x30,
    0x18, 0x30, 0x38, 0x38, 0x3F, 0xF8, 0x3F, 0xFC, 0x70, 0x0C, 0x60, 0x0C, 0x60, 0x0E, 0xE0, 0x06,
    0xC0, 0x07, 0x08, 0x83, 0xF0, 0xCE, 0x00, 0x00, 0x60, 0x1E, 0x06, 0x61, 0x8E, 0x00, 0x01, 0xE0,
    0xFF, 0x38, 0x7E, 0x06, 0x00, 0xC0, 0x18, 0xFF, 0x7F, 0x7C, 0x0F, 0x01, 0xE0, 0x3E, 0x0E, 0xFF,
    0xCF, 0xD8, 0x03, 0x80, 0x06, 0xC0, 0x0E, 0x60, 0x00, 0x10, 0x00, 0x00, 0x00, 0x00, 0x03, 0x80,
    0x03, 0xC0, 0x06, 0xC0, 0x06, 0xC0, 0x06, 0xE0, 0x0C, 0x60, 0x0C, 0x60, 0x1C, 0x70, 0x18, 0x30,
    0x18, 0x30, 0x38, 0x38, 0x3F, 0xF8, 0x3F, 0xFC, 0x70, 0x0C, 0x60, 0x0C, 0x60, 0x0E, 0xE0, 0x06,
    0xC0, 0x07, 0x00, 0x00, 0x00, 0x00, 0x01, 0x00, 0x03, 0x80, 0x03, 0x80, 0x0E, 0x03, 0xE0, 0xE6,
    0x00, 0x20, 0x00, 0x1E, 0x0F, 0xF3, 0x87, 0xE0, 0x60, 0x0C, 0x01, 0x8F, 0xF7, 0xF7, 0xC0, 0xF0,
    0x1E, 0x03, 0xE0, 0xEF, 0xFC, 0xFD, 0x80, 0x00, 0x00, 0x0C, 0x03, 0x80, 0x30, 0x00, 0xE0, 0x00,
    0xC0, 0x01, 0x80, 0x00, 0x00, 0x0C, 0x20, 0x0C, 0x60, 0x07, 0xC0, 0x01, 0x80, 0x00, 0x00, 0x00,
    0x00, 0x03, 0x80, 0x03, 0xC0, 0x06, 0xC0, 0x06, 0xC0, 0x06, 0xE0, 0x0C, 0x60, 0x0C, 0x60, 0x1C,
    0x70, 0x18, 0x30, 0x18, 0x30, 0x38, 0x38, 0x3F, 0xF8, 0x3F, 0xFC, 0x70, 0x0C, 0x60, 0x0C, 0x60,
    0x0E, 0xE0, 0x06, 0xC0, 0x07, 0x03, 0x80, 0x60, 0x18, 0x00, 0x03, 0x08, 0x23, 0x07, 0xE0, 0x30,
    0x00, 0x01, 0xE0, 0xFF, 0x38, 0x7E, 0x06, 0x00, 0xC0, 0x18, 0xFF, 0x7F, 0x7C, 0x0F, 0x01, 0xE0,
    0x3E, 0x0E, 0xFF, 0xCF, 0xD8, 0x0E, 0x00, 0x07, 0x00, 0x03, 0x00, 0x00, 0x00, 0x0C, 0x60, 0x0C,
    0x60, 0x07, 0xC0, 0x03, 0x80, 0x00, 0x00, 0x00, 0x00, 0x03, 0x80, 0x03, 0xC0, 0x06, 0xC0, 0x06,
    0xC0, 0x06, 0xE0, 0x0C, 0x60, 0x0C, 0x60, 0x1C, 0x70, 0x18, 0x30, 0x18, 0x30, 0x38, 0x38, 0x3F,
    0xF8, 0x3F, 0xFC, 0x70, 0x0C, 0x60, 0x0C, 0x60, 0x0E, 0xE0, 0x06, 0xC0, 0x07, 0x38, 0x01, 0x80,
    0x30, 0x01, 0x03, 0x08, 0x63, 0x07, 0xE0, 0x30, 0x00, 0x01, 0xE0, 0xFF, 0x38, 0x7E, 0x06, 0x00,
    0xC0, 0x18, 0xFF, 0x7F, 0x7C, 0x0F, 0x01, 0xE0, 0x3E, 0x0E, 0xFF, 0xCF, 0xD8, 0x03, 0x80, 0x00,
    0xC0, 0x01, 0x80, 0x00, 0x00, 0x0C, 0x20, 0x0C, 0x60, 0x07, 0xC0, 0x01, 0x80, 0x00, 0x00, 0x00,
    0x00, 0x03, 0x80, 0x03, 0xC0, 0x06, 0xC0, 0x06, 0xC0, 0x06, 0xE0, 0x0C, 0x60, 0x0C, 0x60, 0x1C,
    0x70, 0x18, 0x30, 0x18, 0x30, 0x38, 0x38, 0x3F, 0xF8, 0x3F, 0xFC, 0x70, 0x0C, 0x60, 0x0C, 0x60,
    0x0E, 0xE0, 0x06, 0xC0, 0x07, 0x0E, 0x00, 0x60, 0x18, 0x00, 0x03, 0x08, 0x23, 0x07, 0xE0, 0x30,
    0x00, 0x01, 0xE0, 0xFF, 0x38, 0x7E, 0x06, 0x00, 0xC0, 0x18, 0xFF, 0x7F, 0x7C, 0x0F, 0x01, 0xE0,
    0x3E, 0x0E, 0xFF, 0xCF, 0xD8, 0x06, 0x20, 0x0F, 0xE0, 0x0C, 0xE0, 0x00, 0x00, 0x0C, 0x20, 0x0C,
    0x60, 0x07, 0xC0, 0x01, 0x80, 0x00, 0x00, 0x00, 0x00, 0x03, 0x80, 0x03, 0xC0, 0x06, 0xC0, 0x06,
    0xC0, 0x06, 0xE0, 0x0C, 0x60, 0x0C, 0x60, 0x1C, 0x70, 0x18, 0x30, 0x18, 0x30, 0x38, 0x38, 0x3F,
    0xF8, 0x3F, 0xFC, 0x70, 0x0C, 0x60, 0x0C, 0x60, 0x0E, 0xE0, 0x06, 0xC0, 0x07, 0x08, 0x83, 0xF0,
    0xCE, 0x00, 0x03, 0x08, 0x23, 0x07, 0xE0, 0x30, 0x00, 0x01, 0xE0, 0xFF, 0x38, 0x7E, 0x06, 0x00,
    0xC0, 0x18, 0xFF, 0x7F, 0x7C, 0x0F, 0x01, 0xE0, 0x3E, 0x0E, 0xFF, 0xCF, 0xD8, 0x0C, 0x60, 0x0C,
    0x60, 0x07, 0xC0, 0x00, 0x00, 0x00, 0x00, 0x00, 0x00, 0x03, 0x80, 0x03, 0xC0, 0x06, 0xC0, 0x06,
    0xC0, 0x06, 0xE0, 0x0C, 0x60, 0x0C, 0x60, 0x1C, 0x70, 0x18, 0x30, 0x18, 0x30, 0x38, 0x38, 0x3F,
    0xF8, 0x3F, 0xFC, 0x70, 0x0C, 0x60, 0x0C, 0x60, 0x0E, 0xE0, 0x06, 0xC0, 0x07, 0x00, 0x00, 0x00,
    0x00, 0x01, 0x00, 0x03, 0x80, 0x03, 0x80, 0x30, 0x83, 0x30, 0x7C, 0x00, 0x00, 0x00, 0x1E, 0x0F,
    0xF3, 0x87, 0xE0, 0x60, 0x0C, 0x01, 0x8F, 0xF7, 0xF7, 0xC0, 0xF0, 0x1E, 0x03, 0xE0, 0xEF, 0xFC,
    0xFD, 0x80, 0x00, 0x00, 0x0C, 0x03, 0x80, 0x30, 0xFF, 0xFF, 0xFF, 0x80, 0x70, 0x0E, 0x01, 0xC0,
    0x38, 0x07, 0x00, 0xFF, 0xFF, 0xFF, 0x80, 0x70, 0x0E, 0x01, 0xC0, 0x38, 0x07, 0x00, 0xFF, 0xFF,
    0xFC, 0x00, 0x00, 0x00, 0x60, 0x1C, 0x01, 0x80, 0x0F, 0x01, 0xFC, 0x38, 0xE6, 0x07, 0x60, 0x3E,
    0x03, 0xFF, 0xFF, 0xFF, 0xE0, 0x0E, 0x00, 0x60, 0x27, 0x07, 0x3F, 0xE1, 0xFC, 0x00, 0x00, 0x00,
    0x02, 0x00, 0x70, 0x07, 0x00, 0x0E, 0x00, 0x60, 0x18, 0x03, 0x00, 0x00, 0x00, 0x3F, 0xFF, 0xFF,
    0xE0, 0x1C, 0x03, 0x80, 0x70, 0x0E, 0x01, 0xC0, 0x3F, 0xFF, 0xFF, 0xE0, 0x1C, 0x03, 0x80, 0x70,
    0x0E, 0x01, 0xC0, 0x3F, 0xFF, 0xFF, 0x0F, 0x00, 0x30, 0x03, 0x00, 0x60, 0x00, 0x00, 0xF0, 0x1F,
    0xC3, 0x8E, 0x60, 0x76, 0x03, 0xE0, 0x3F, 0xFF, 0xFF, 0xFE, 0x00, 0xE0, 0x06, 0x02, 0x70, 0x73,
    0xFE, 0x1F, 0xC0, 0x08, 0x83, 0xF0, 0xCE, 0x00, 0x00, 0x00, 0x00, 0x3F, 0xFF, 0xFF, 0xE0, 0x1C,
    0x03, 0x80, 0x70, 0x0E, 0x01, 0xC0, 0x3F, 0xFF, 0xFF, 0xE0, 0x1C, 0x03, 0x80, 0x70, 0x0E, 0x01,
    0xC0, 0x3F, 0xFF, 0xFF, 0x0C, 0xC1, 0xFC, 0x13, 0x80, 0x00, 0x00, 0x00, 0xF0, 0x1F, 0xC3, 0x8E,
    0x60, 0x76, 0x03, 0xE0, 0x3F, 0xFF, 0xFF, 0xFE, 0x00, 0xE0, 0x06, 0x02, 0x70, 0x73, 0xFE, 0x1F,
    0xC0, 0x00, 0x70, 0x0E, 0x00, 0xC0, 0x00, 0x06, 0x00, 0xF0, 0x19, 0x83, 0x1C, 0x00, 0x00, 0x00,
    0xFF, 0xEF, 0xFE, 0xE0, 0x0E, 0x00, 0xE0, 0x0E, 0x00, 0xE0, 0x0E, 0x00, 0xFF, 0xEF, 0xFE, 0xE0,
    0x0E, 0x00, 0xE0, 0x0E, 0x00, 0xE0, 0x0E, 0x00, 0xFF, 0xEF, 0xFE, 0x00, 0x70, 0x06, 0x00, 0xC0,
    0x00, 0x07, 0x00, 0xF8, 0x1D, 0x81, 0x8C, 0x00, 0x00, 0xF0, 0x1F, 0xC3, 0x8E, 0x60, 0x76, 0x03,
    0xE0, 0x3F, 0xFF, 0xFF, 0xFE, 0x00, 0xE0, 0x06, 0x02, 0x70, 0x73, 0xFE, 0x1F, 0xC0, 0x03, 0x80,
    0x30, 0x03, 0x00, 0x00, 0x60, 0x1E, 0x06, 0x61, 0x8E, 0x00, 0x00, 0x03, 0xFF, 0xFF, 0xFE, 0x01,
    0xC0, 0x38, 0x07, 0x00, 0xE0, 0x1C, 0x03, 0xFF, 0xFF, 0xFE, 0x01, 0xC0, 0x38, 0x07, 0x00, 0xE0,
    0x1C, 0x03, 0xFF, 0xFF, 0xF0, 0x03, 0x80, 0x1C, 0x00, 0xC0, 0x02, 0x07, 0x00, 0xF8, 0x1D, 0x81,
    0x8C, 0x00, 0x00, 0xF0, 0x1F, 0xC3, 0x8E, 0x60, 0x76, 0x03, 0xE0, 0x3F, 0xFF, 0xFF, 0xFE, 0x00,
    0xE0, 0x06, 0x02, 0x70, 0x73, 0xFE, 0x1F, 0xC0, 0x03, 0xC0, 0x18, 0x03, 0x00, 0x80, 0x60, 0x1E,
    0x06, 0x61, 0x8E, 0x00, 0x00, 0x03, 0xFF, 0xFF, 0xFE, 0x01, 0xC0, 0x38, 0x07, 0x00, 0xE0, 0x1C,
    0x03, 0xFF, 0xFF, 0xFE, 0x01, 0xC0, 0x38, 0x07, 0x00, 0xE0, 0x1C, 0x03, 0xFF, 0xFF, 0xF0, 0x01,
    0xC0, 0x06, 0x00, 0xC0, 0x00, 0x07, 0x00, 0xF8, 0x1D, 0x81, 0x8C, 0x00, 0x00, 0xF0, 0x1F, 0xC3,
    0x8E, 0x60, 0x76, 0x03, 0xE0, 0x3F, 0xFF, 0xFF, 0xFE, 0x00, 0xE0, 0x06, 0x02, 0x70, 0x73, 0xFE,
    0x1F, 0xC0, 0x08, 0x83, 0xF0, 0xCE, 0x00, 0x00, 0x60, 0x1E, 0x06, 0x61, 0x8E, 0x00, 0x00, 0x03,
    0xFF, 0xFF, 0xFE, 0x01, 0xC0, 0x38, 0x07, 0x00, 0xE0, 0x1C, 0x03, 0xFF, 0xFF, 0xFE, 0x01, 0xC0,
    0x38, 0x07, 0x00, 0xE0, 0x1C, 0x03, 0xFF, 0xFF, 0xF0, 0x0C, 0xC1, 0xFC, 0x13, 0x80, 0x00, 0x07,
    0x00, 0xF8, 0x1D, 0x81, 0x8C, 0x00, 0x00, 0xF0, 0x1F, 0xC3, 0x8E, 0x60, 0x76, 0x03, 0xE0, 0x3F,
    0xFF, 0xFF, 0xFE, 0x00, 0xE0, 0x06, 0x02, 0x70, 0x73, 0xFE, 0x1F, 0xC0, 0x0E, 0x03, 0xE0, 0xE6,
    0x00, 0x20, 0x00, 0x00, 0x3F, 0xFF, 0xFF, 0xE0, 0x1C, 0x03, 0x80, 0x70, 0x0E, 0x01, 0xC0, 0x3F,
    0xFF, 0xFF, 0xE0, 0x1C, 0x03, 0x80, 0x70, 0x0E, 0x01, 0xC0, 0x3F, 0xFF, 0xFF, 0x00, 0x00, 0x00,
    0x18, 0x07, 0x00, 0x60, 0x07, 0x00, 0xD8, 0x19, 0xC2, 0x00, 0x00, 0x00, 0xF0, 0x1F, 0xC3, 0x8E,
    0x60, 0x76, 0x03, 0xE0, 0x3F, 0xFF, 0xFF, 0xFE, 0x00, 0xE0, 0x06, 0x02, 0x70, 0x73, 0xFE, 0x1F,
    0xC0, 0x00, 0x00, 0x00, 0x20, 0x07, 0x00, 0x70, 0xF3, 0x36, 0x00, 0x77, 0x77, 0x77, 0x77, 0x77,
    0x77, 0x77, 0x77, 0x77, 0xE3, 0x26, 0x06, 0x66, 0x66, 0x66, 0x66, 0x66, 0x66, 0x60, 0xFF, 0xFF,
    0xFF, 0xFF, 0xFF, 0xFF, 0xFC, 0x05, 0xF8, 0xDF, 0x01, 0xB6, 0xDB, 0x6D, 0xB6, 0xDB, 0x01, 0xBE,
    0x07, 0xF0, 0x0F, 0xFE, 0x0F, 0x07, 0x86, 0x00, 0xC7, 0x00, 0x73, 0x00, 0x19, 0x80, 0x0C, 0xC0,
    0x07, 0xE0, 0x03, 0xF0, 0x01, 0xD8, 0x00, 0xEC, 0x00, 0x66, 0x00, 0x33, 0x80, 0x38, 0xE0, 0x38,
    0x38, 0x3C, 0x0F, 0xFC, 0x03, 0xF8, 0x00, 0x00, 0x00, 0x00, 0x00, 0x0C, 0x00, 0x0E, 0x00, 0x07,
    0x00, 0x0F, 0x80, 0xFE, 0x0E, 0x38, 0xE0, 0xE6, 0x03, 0x70, 0x1F, 0x80, 0xFC, 0x07, 0xE0, 0x3B,
    0x01, 0x98, 0x0C, 0xE0, 0xE3, 0xFE, 0x0F, 0xE0, 0x00, 0x00, 0x00, 0x02, 0x00, 0x38, 0x01, 0xC0,
    0x01, 0xC0, 0x00, 0x60, 0x00, 0x30, 0x00, 0x10, 0x00, 0x00, 0x00, 0x00, 0x00, 0x1F, 0xC0, 0x3F,
    0xF8, 0x3C, 0x1E, 0x18, 0x03, 0x1C, 0x01, 0xCC, 0x00, 0x66, 0x00, 0x33, 0x00, 0x1F, 0x80, 0x0F,
    0xC0, 0x07, 0x60, 0x03, 0xB0, 0x01, 0x98, 0x00, 0xCE, 0x00, 0xE3, 0x80, 0xE0, 0xE0, 0xF0, 0x3F,
    0xF0, 0x0F, 0xE0, 0x0F, 0x00, 0x18, 0x00, 0xC0, 0x04, 0x00, 0x00, 0x07, 0xC0, 0x7F, 0x07, 0x1C,
    0x70, 0x73, 0x01, 0xB8, 0x0F, 0xC0, 0x7E, 0x03, 0xF0, 0x1D, 0x80, 0xCC, 0x06, 0x70, 0x71, 0xFF,
    0x07, 0xF0, 0x00, 0x0C, 0x00, 0x0C, 0x00, 0x06, 0x00, 0x04, 0x00, 0x1C, 0x00, 0x0F, 0x00, 0x0D,
    0xC0, 0x0C, 0x70, 0x00, 0x00, 0x00, 0x00, 0x01, 0xFC, 0x03, 0xFF, 0x83, 0xC1, 0xE1, 0x80, 0x31,
    0xC0, 0x1C, 0xC0, 0x06, 0x60, 0x03, 0x30, 0x01, 0xF8, 0x00, 0xFC, 0x00, 0x76, 0x00, 0x3B, 0x00,
    0x19, 0x80, 0x0C, 0xE0, 0x0E, 0x38, 0x0E, 0x0E, 0x0F, 0x03, 0xFF, 0x00, 0xFE, 0x00, 0x00, 0x30,
    0x03, 0x00, 0x18, 0x01, 0x00, 0x70, 0x07, 0xC0, 0x37, 0x03, 0x18, 0x00, 0x00, 0x7C, 0x07, 0xF0,
    0x71, 0xC7, 0x07, 0x30, 0x1B, 0x80, 0xFC, 0x07, 0xE0, 0x3F, 0x01, 0xD8, 0x0C, 0xC0, 0x67, 0x07,
    0x1F, 0xF0, 0x7F, 0x00, 0x00, 0x60, 0x00, 0x18, 0x00, 0x0C, 0x00, 0x01, 0x00, 0x1C, 0x00, 0x0F,
    0x00, 0x0D, 0xC0, 0x0C, 0x70, 0x00, 0x00, 0x00, 0x00, 0x01, 0xFC, 0x03, 0xFF, 0x83, 0xC1, 0xE1,
    0x80, 0x31, 0xC0, 0x1C, 0xC0, 0x06, 0x60, 0x03, 0x30, 0x01, 0xF8, 0x00, 0xFC, 0x00, 0x76, 0x00,
    0x3B, 0x00, 0x19, 0x80, 0x0C, 0xE0, 0x0E, 0x38, 0x0E, 0x0E, 0x0F, 0x03, 0xFF, 0x00, 0xFE, 0x00,
    0x03, 0x80, 0x06, 0x00, 0x30, 0x00, 0x40, 0x70, 0x07, 0xC0, 0x37, 0x03, 0x18, 0x00, 0x00, 0x7C,
    0x07, 0xF0, 0x71, 0xC7, 0x07, 0x30, 0x1B, 0x80, 0xFC, 0x07, 0xE0, 0x3F, 0x01, 0xD8, 0x0C, 0xC0,
    0x67, 0x07, 0x1F, 0xF0, 0x7F, 0x00, 0x00, 0x78, 0x00, 0x0C, 0x00, 0x04, 0x00, 0x04, 0x00, 0x1C,
    0x00, 0x0F, 0x00, 0x0D, 0xC0, 0x0C, 0x70, 0x00, 0x00, 0x00, 0x00, 0x01, 0xFC, 0x03, 0xFF, 0x83,
    0xC1, 0xE1, 0x80, 0x31, 0xC0, 0x1C, 0xC0, 0x06, 0x60, 0x03, 0x30, 0x01, 0xF8, 0x00, 0xFC, 0x00,
    0x76, 0x00, 0x3B, 0x00, 0x19, 0x80, 0x0C, 0xE0, 0x0E, 0x38, 0x0E, 0x0E, 0x0F, 0x03, 0xFF, 0x00,
    0xFE, 0x00, 0x01, 0xC0, 0x03, 0x00, 0x30, 0x00, 0x00, 0x70, 0x07, 0xC0, 0x37, 0x03, 0x18, 0x00,
    0x00, 0x7C, 0x07, 0xF0, 0x71, 0xC7, 0x07, 0x30, 0x1B, 0x80, 0xFC, 0x07, 0xE0, 0x3F, 0x01, 0xD8,
    0x0C, 0xC0, 0x67, 0x07, 0x1F, 0xF0, 0x7F, 0x00, 0x03, 0x10, 0x03, 0xF8, 0x01, 0x98, 0x00, 0x00,
    0x00, 0x1C, 0x00, 0x0F, 0x00, 0x0D, 0xC0, 0x0C, 0x70, 0x00, 0x00, 0x00, 0x00, 0x01, 0xFC, 0x03,
    0xFF, 0x83, 0xC1, 0xE1, 0x80, 0x31, 0xC0, 0x1C, 0xC0, 0x06, 0x60, 0x03, 0x30, 0x01, 0xF8, 0x00,
    0xFC, 0x00, 0x76, 0x00, 0x3B, 0x00, 0x19, 0x80, 0x0C, 0xE0, 0x0E, 0x38, 0x0E, 0x0E, 0x0F, 0x03,
    0xFF, 0x00, 0xFE, 0x00, 0x0C, 0x40, 0xFE, 0x06, 0x60, 0x00, 0x00, 0x70, 0x07, 0xC0, 0x37, 0x03,
    0x18, 0x00, 0x00, 0x7C, 0x07, 0xF0, 0x71, 0xC7, 0x07, 0x30, 0x1B, 0x80, 0xFC, 0x07, 0xE0, 0x3F,
    0x01, 0xD8, 0x0C, 0xC0, 0x67, 0x07, 0x1F, 0xF0, 0x7F, 0x00, 0x01, 0xC0, 0x01, 0xB0, 0x01, 0xCC,
    0x00, 0x00, 0x00, 0x00, 0x00, 0x00, 0x00, 0x1F, 0xC0, 0x3F, 0xF8, 0x3C, 0x1E, 0x18, 0x03, 0x1C,
    0x01, 0xCC, 0x00, 0x66, 0x00, 0x33, 0x00, 0x1F, 0x80, 0x0F, 0xC0, 0x07, 0x60, 0x03, 0xB0, 0x01,
    0x98, 0x00, 0xCE, 0x00, 0xE3, 0x80, 0xE0, 0xE0, 0xF0, 0x3F, 0xF0, 0x0F, 0xE0, 0x00, 0x00, 0x00,
    0x00, 0x00, 0x30, 0x00, 0x38, 0x00, 0x1C, 0x00, 0x07, 0x00, 0x6C, 0x06, 0x30, 0x00, 0x00, 0x00,
    0x07, 0xC0, 0x7F, 0x07, 0x1C, 0x70, 0x73, 0x01, 0xB8, 0x0F, 0xC0, 0x7E, 0x03, 0xF0, 0x1D, 0x80,
    0xCC, 0x06, 0x70, 0x71, 0xFF, 0x07, 0xF0, 0x00, 0x00, 0x00, 0x01, 0x00, 0x1C, 0x00, 0xE0, 0x00,
    0x70, 0x00, 0x30, 0x00, 0x30, 0x00, 0x10, 0x70, 0x00, 0x38, 0x00, 0x1C, 0x1F, 0xFC, 0x3F, 0xFC,
    0x3C, 0x1E, 0x18, 0x03, 0x1C, 0x01, 0xCC, 0x00, 0x66, 0x00, 0x33, 0x00, 0x1F, 0x80, 0x0F, 0xC0,
    0x07, 0x60, 0x03, 0xB0, 0x01, 0x98, 0x00, 0xCE, 0x00, 0xE3, 0x80, 0xE0, 0xE0, 0xF0, 0x3F, 0xF0,
    0x0F, 0xE0, 0x01, 0xC0, 0x1C, 0x00, 0xC6, 0x04, 0x30, 0x01, 0x87, 0xFC, 0x7F, 0x87, 0x1C, 0x70,
    0x73, 0x01, 0xB8, 0x0F, 0xC0, 0x7E, 0x03, 0xF0, 0x1D, 0x80, 0xCC, 0x06, 0x70, 0x71, 0xFF, 0x07,
    0xF0, 0x07, 0x00, 0x01, 0xC0, 0x00, 0x60, 0x00, 0x18, 0x70, 0x00, 0x38, 0x00, 0x1C, 0x1F, 0xFC,
    0x3F, 0xFC, 0x3C, 0x1E, 0x18, 0x03, 0x1C, 0x01, 0xCC, 0x00, 0x66, 0x00, 0x33, 0x00, 0x1F, 0x80,
    0x0F, 0xC0, 0x07, 0x60, 0x03, 0xB0, 0x01, 0x98, 0x00, 0xCE, 0x00, 0xE3, 0x80, 0xE0, 0xE0, 0xF0,
    0x3F, 0xF0, 0x0F, 0xE0, 0x1C, 0x00, 0x60, 0x01, 0x86, 0x04, 0x30, 0x01, 0x87, 0xFC, 0x7F, 0x87,
    0x1C, 0x70, 0x73, 0x01, 0xB8, 0x0F, 0xC0, 0x7E, 0x03, 0xF0, 0x1D, 0x80, 0xCC, 0x06, 0x70, 0x71,
    0xFF, 0x07, 0xF0, 0x01, 0xC0, 0x00, 0x60, 0x00, 0x30, 0x00, 0x10, 0x70, 0x00, 0x38, 0x00, 0x1C,
    0x1F, 0xFC, 0x3F, 0xFC, 0x3C, 0x1E, 0x18, 0x03, 0x1C, 0x01, 0xCC, 0x00, 0x66, 0x00, 0x33, 0x00,
    0x1F, 0x80, 0x0F, 0xC0, 0x07, 0x60, 0x03, 0xB0, 0x01, 0x98, 0x00, 0xCE, 0x00, 0xE3, 0x80, 0xE0,
    0xE0, 0xF0, 0x3F, 0xF0, 0x0F, 0xE0, 0x0F, 0x00, 0x18, 0x00, 0xC6, 0x04, 0x30, 0x01, 0x87, 0xFC,
    0x7F, 0x87, 0x1C, 0x70, 0x73, 0x01, 0xB8, 0x0F, 0xC0, 0x7E, 0x03, 0xF0, 0x1D, 0x80, 0xCC, 0x06,
    0x70, 0x71, 0xFF, 0x07, 0xF0, 0x03, 0x10, 0x03, 0xF8, 0x01, 0x98, 0x00, 0x00, 0x70, 0x00, 0x38,
    0x00, 0x1C, 0x1F, 0xFC, 0x3F, 0xFC, 0x3C, 0x1E, 0x18, 0x03, 0x1C, 0x01, 0xCC, 0x00, 0x66, 0x00,
    0x33, 0x00, 0x1F, 0x80, 0x0F, 0xC0, 0x07, 0x60, 0x03, 0xB0, 0x01, 0x98, 0x00, 0xCE, 0x00, 0xE3,
    0x80, 0xE0, 0xE0, 0xF0, 0x3F, 0xF0, 0x0F, 0xE0, 0x0C, 0x40, 0xFE, 0x06, 0xE6, 0x00, 0x30, 0x01,
    0x87, 0xFC, 0x7F, 0x87, 0x1C, 0x70, 0x73, 0x01, 0xB8, 0x0F, 0xC0, 0x7E, 0x03, 0xF0, 0x1D, 0x80,
    0xCC, 0x06, 0x70, 0x71, 0xFF, 0x07, 0xF0, 0x00, 0x03, 0x80, 0x01, 0xC0, 0x00, 0xE0, 0xFF, 0xE1,
    0xFF, 0xE1, 0xE0, 0xF0, 0xC0, 0x18, 0xE0, 0x0E, 0x60, 0x03, 0x30, 0x01, 0x98, 0x00, 0xFC, 0x00,
    0x7E, 0x00, 0x3B, 0x00, 0x1D, 0x80, 0x0C, 0xC0, 0x06, 0x70, 0x07, 0x1C, 0x07, 0x07, 0x07, 0x81,
    0xFF, 0x80, 0x7F, 0x00, 0x00, 0x00, 0x00, 0x00, 0x01, 0x80, 0x01, 0xC0, 0x00, 0xE0, 0x00, 0x00,
    0x18, 0x00, 0xC0, 0x06, 0x1F, 0xF1, 0xFE, 0x1C, 0x71, 0xC1, 0xCC, 0x06, 0xE0, 0x3F, 0x01, 0xF8,
    0x0F, 0xC0, 0x76, 0x03, 0x30, 0x19, 0xC1, 0xC7, 0xFC, 0x1F, 0xC0, 0x00, 0x00, 0x00, 0x04, 0x00,
    0x70, 0x03, 0x80, 0xE0, 0x0F, 0x80, 0x3E, 0x00, 0xF8, 0x03, 0xE0, 0x0F, 0x80, 0x3E, 0x00, 0xF8,
    0x03, 0xE0, 0x0F, 0x80, 0x3E, 0x00, 0xF8, 0x03, 0xE0, 0x0F, 0x80, 0x36, 0x01, 0xDE, 0x0E, 0x3F,
    0xF0, 0x3F, 0x80, 0x00, 0x00, 0x00, 0x03, 0x00, 0x0E, 0x00, 0x38, 0x00, 0xC0, 0x78, 0x0F, 0x01,
    0xE0, 0x3C, 0x07, 0x80, 0xF0, 0x1E, 0x03, 0xC0, 0x78, 0x0F, 0x03, 0xF0, 0xF7, 0xF6, 0x7C, 0xC0,
    0x00, 0x00, 0x04, 0x01, 0xC0, 0x38, 0x00, 0x07, 0x80, 0x06, 0x00, 0x18, 0x00, 0xC0, 0x00, 0x00,
    0x00, 0x0E, 0x00, 0xF8, 0x03, 0xE0, 0x0F, 0x80, 0x3E, 0x00, 0xF8, 0x03, 0xE0, 0x0F, 0x80, 0x3E,
    0x00, 0xF8, 0x03, 0xE0, 0x0F, 0x80, 0x3E, 0x00, 0xF8, 0x03, 0x60, 0x1D, 0xE0, 0xE3, 0xFF, 0x03,
    0xF8, 0x1E, 0x00, 0xC0, 0x18, 0x06, 0x00, 0x01, 0x80, 0xF0, 0x1E, 0x03, 0xC0, 0x78, 0x0F, 0x01,
    0xE0, 0x3C, 0x07, 0x80, 0xF0, 0x1E, 0x07, 0xE1, 0xEF, 0xEC, 0xF9, 0x80, 0x00, 0xE0, 0x00, 0xE0,
    0x00, 0x60, 0x00, 0x60, 0x30, 0x00, 0x18, 0x00, 0x0F, 0x80, 0x3D, 0xC0, 0x1C, 0xE0, 0x0C, 0x70,
    0x06, 0x38, 0x03, 0x1C, 0x01, 0x8E, 0x00, 0xC7, 0x00, 0x63, 0x80, 0x31, 0xC0, 0x18, 0xE0, 0x0C,
    0x70, 0x06, 0x38, 0x03, 0x1C, 0x01, 0x86, 0x01, 0xC3, 0xC1, 0xC0, 0xFF, 0xC0, 0x1F, 0xC0, 0x03,
    0x80, 0x38, 0x01, 0x86, 0x18, 0x30, 0x01, 0xE0, 0x3F, 0x01, 0xD8, 0x0C, 0xC0, 0x66, 0x03, 0x30,
    0x19, 0x80, 0xCC, 0x06, 0x60, 0x33, 0x01, 0x98, 0x1C, 0xE1, 0xE3, 0xFB, 0x0F, 0x98, 0x0E, 0x00,
    0x03, 0x00, 0x00, 0xC0, 0x00, 0x60, 0x30, 0x00, 0x18, 0x00, 0x0F, 0x80, 0x3D, 0xC0, 0x1C, 0xE0,
    0x0C, 0x70, 0x06, 0x38, 0x03, 0x1C, 0x01, 0x8E, 0x00, 0xC7, 0x00, 0x63, 0x80, 0x31, 0xC0, 0x18,
    0xE0, 0x0C, 0x70, 0x06, 0x38, 0x03, 0x1C, 0x01, 0x86, 0x01, 0xC3, 0xC1, 0xC0, 0xFF, 0xC0, 0x1F,
    0xC0, 0x38, 0x00, 0xC0, 0x03, 0x06, 0x18, 0x30, 0x01, 0xE0, 0x3F, 0x01, 0xD8, 0x0C, 0xC0, 0x66,
    0x03, 0x30, 0x19, 0x80, 0xCC, 0x06, 0x60, 0x33, 0x01, 0x98, 0x1C, 0xE1, 0xE3, 0xFB, 0x0F, 0x98,
    0x07, 0x80, 0x00, 0xC0, 0x00, 0x60, 0x00, 0x60, 0x30, 0x00, 0x18, 0x00, 0x0F, 0x80, 0x3D, 0xC0,
    0x1C, 0xE0, 0x0C, 0x70, 0x06, 0x38, 0x03, 0x1C, 0x01, 0x8E, 0x00, 0xC7, 0x00, 0x63, 0x80, 0x31,
    0xC0, 0x18, 0xE0, 0x0C, 0x70, 0x06, 0x38, 0x03, 0x1C, 0x01, 0x86, 0x01, 0xC3, 0xC1, 0xC0, 0xFF,
    0xC0, 0x1F, 0xC0, 0x1E, 0x00, 0x30, 0x01, 0x86, 0x18, 0x30, 0x01, 0xE0, 0x3F, 0x01, 0xD8, 0x0C,
    0xC0, 0x66, 0x03, 0x30, 0x19, 0x80, 0xCC, 0x06, 0x60, 0x33, 0x01, 0x98, 0x1C, 0xE1, 0xE3, 0xFB,
    0x0F, 0x98, 0x04, 0x60, 0x07, 0xF0, 0x02, 0x70, 0x00, 0x00, 0x30, 0x00, 0x18, 0x00, 0x0F, 0x80,
    0x3D, 0xC0, 0x1C, 0xE0, 0x0C, 0x70, 0x06, 0x38, 0x03, 0x1C, 0x01, 0x8E, 0x00, 0xC7, 0x00, 0x63,
    0x80, 0x31, 0xC0, 0x18, 0xE0, 0x0C, 0x70, 0x06, 0x38, 0x03, 0x1C, 0x01, 0x86, 0x01, 0xC3, 0xC1,
    0xC0, 0xFF, 0xC0, 0x1F, 0xC0, 0x11, 0x81, 0xFC, 0x09, 0xC6, 0x00, 0x30, 0x01, 0xE0, 0x3F, 0x01,
    0xD8, 0x0C, 0xC0, 0x66, 0x03, 0x30, 0x19, 0x80, 0xCC, 0x06, 0x60, 0x33, 0x01, 0x98, 0x1C, 0xE1,
    0xE3, 0xFB, 0x0F, 0x98, 0x00, 0x01, 0x80, 0x00, 0xC0, 0x00, 0x7C, 0x01, 0xEE, 0x00, 0xE7, 0x00,
    0x63, 0x80, 0x31, 0xC0, 0x18, 0xE0, 0x0C, 0x70, 0x06, 0x38, 0x03, 0x1C, 0x01, 0x8E, 0x00, 0xC7,
    0x00, 0x63, 0x80, 0x31, 0xC0, 0x18, 0xE0, 0x0C, 0x30, 0x0E, 0x1E, 0x0E, 0x07, 0xFE, 0x00, 0xFE,
    0x00, 0x00, 0x00, 0x00, 0x00, 0x06, 0x00, 0x03, 0x80, 0x01, 0xC0, 0x00, 0x00, 0x18, 0x00, 0xC0,
    0x07, 0x80, 0xFC, 0x07, 0x60, 0x33, 0x01, 0x98, 0x0C, 0xC0, 0x66, 0x03, 0x30, 0x19, 0x80, 0xCC,
    0x06, 0x60, 0x73, 0x87, 0x8F, 0xEC, 0x3E, 0x60, 0x00, 0x00, 0x00, 0x08, 0x00, 0xE0, 0x07, 0x00,
    0x0E, 0x00, 0x0C, 0x00, 0x0C, 0x00, 0x08, 0x00, 0x00, 0x00, 0x00, 0x38, 0x03, 0xB0, 0x06, 0x70,
    0x1C, 0x70, 0x70, 0x60, 0xC0, 0xE3, 0x80, 0xC6, 0x01, 0xDC, 0x01, 0xB0, 0x01, 0xC0, 0x03, 0x80,
    0x07, 0x00, 0x0E, 0x00, 0x1C, 0x00, 0x38, 0x00, 0x70, 0x00, 0xE0, 0x01, 0xC0, 0x1C, 0x00, 0xC0,
    0x0C, 0x00, 0x60, 0x00, 0x0C, 0x03, 0xC0, 0x3E, 0x07, 0x60, 0x67, 0x0E, 0x30, 0xC3, 0x0C, 0x39,
    0xC1, 0x98, 0x19, 0x80, 0xF8, 0x0F, 0x00, 0xF0, 0x06, 0x00, 0x60, 0x0E, 0x00, 0xC0, 0x7C, 0x07,
    0x80, 0xE0, 0x0E, 0xC0, 0x19, 0xC0, 0x71, 0xC1, 0xC1, 0x83, 0x03, 0x8E, 0x03, 0x18, 0x07, 0x70,
    0x06, 0xC0, 0x07, 0x00, 0x0E, 0x00, 0x1C, 0x00, 0x38, 0x00, 0x70, 0x00, 0xE0, 0x01, 0xC0, 0x03,
    0x80, 0x07, 0x00, 0x00, 0x00, 0x00, 0x00, 0x10, 0x00, 0x70, 0x00, 0xE0, 0x00, 0xC0, 0x3C, 0x03,
    0xE0, 0x76, 0x06, 0x70, 0xE3, 0x0C, 0x30, 0xC3, 0x9C, 0x19, 0x81, 0x98, 0x0F, 0x80, 0xF0, 0x0F,
    0x00, 0x60, 0x06, 0x00, 0xE0, 0x0C, 0x47, 0xCE, 0x78, 0xE0, 0x07, 0x80, 0x03, 0x00, 0x06, 0x00,
    0x08, 0x00, 0x00, 0x00, 0x00, 0x38, 0x03, 0xB0, 0x06, 0x70, 0x1C, 0x70, 0x70, 0x60, 0xC0, 0xE3,
    0x80, 0xC6, 0x01, 0xDC, 0x01, 0xB0, 0x01, 0xC0, 0x03, 0x80, 0x07, 0x00, 0x0E, 0x00, 0x1C, 0x00,
    0x38, 0x00, 0x70, 0x00, 0xE0, 0x01, 0xC0, 0x0E, 0x00, 0x30, 0x02, 0x00, 0x60, 0x00, 0x0C, 0x03,
    0xC0, 0x3E, 0x07, 0x60, 0x67, 0x0E, 0x30, 0xC3, 0x0C, 0x39, 0xC1, 0x98, 0x19, 0x80, 0xF8, 0x0F,
    0x00, 0xF0, 0x06, 0x00, 0x60, 0x0E, 0x00, 0xC0, 0x7C, 0x07, 0x80, 0x06, 0x20, 0x1F, 0xC0, 0x37,
    0x00, 0x00, 0x00, 0x00, 0x00, 0x00, 0x38, 0x03, 0xB0, 0x06, 0x70, 0x1C, 0x70, 0x70, 0x60, 0xC0,
    0xE3, 0x80, 0xC6, 0x01, 0xDC, 0x01, 0xB0, 0x01, 0xC0, 0x03, 0x80, 0x07, 0x00, 0x0E, 0x00, 0x1C,
    0x00, 0x38, 0x00, 0x70, 0x00, 0xE0, 0x01, 0xC0, 0x08, 0xC1, 0xF8, 0x33, 0x80, 0x00, 0x00, 0x0C,
    0x03, 0xC0, 0x3E, 0x07, 0x60, 0x67, 0x0E, 0x30, 0xC3, 0x0C, 0x39, 0xC1, 0x98, 0x19, 0x80, 0xF8,
    0x0F, 0x00, 0xF0, 0x06, 0x00, 0x60, 0x0E, 0x00, 0xC0, 0x7C, 0x07, 0x80, 0x00, 0x00, 0x00, 0x00,
    0x00, 0x00, 0x00, 0x00, 0x00, 0x00, 0x00, 0x00, 0xFF, 0xFF, 0xFF, 0xFF, 0xFF, 0xFF, 0xFF, 0xF0,
    0xFF, 0xFF, 0xFF, 0xC0, 0xFF, 0xFF, 0xFF, 0xFF, 0xFF, 0xFF, 0xC0, 0xFF, 0xFF, 0xFF, 0xFF, 0xFF,
    0xFF, 0xC0, 0xCF, 0x3C, 0xF3, 0xCF, 0x3C, 0xF3, 0xCF, 0x3C, 0xF3, 0xCF, 0x3C, 0xF3, 0xCF, 0x3C,
    0xF3, 0xCF, 0x3C, 0xF3, 0xCF, 0x3C, 0xF3, 0xCF, 0x30, 0xFF, 0xFF, 0xFC, 0x00, 0x7F, 0xFF, 0xFE,
    0x36, 0x66, 0x6E, 0xE0, 0x76, 0x6E, 0xCC, 0xC0, 0x77, 0x66, 0x66, 0xC0, 0xEE, 0x66, 0x62, 0x30,
    0x33, 0x63, 0x63, 0x66, 0x66, 0xE6, 0xEE, 0x77, 0x67, 0x66, 0xE6, 0xC6, 0xC4, 0xCC, 0x73, 0xB9,
    0x98, 0xCC, 0xE6, 0x63, 0x33, 0x18, 0xEE, 0xE6, 0x66, 0x67, 0x63, 0x23, 0x33, 0x0C, 0x03, 0x00,
    0xC0, 0x30, 0xFF, 0xC3, 0x00, 0xC0, 0x30, 0x0C, 0x03, 0x00, 0xC0, 0x30, 0x0C, 0x00, 0x0C, 0x03,
    0x00, 0xC0, 0x30, 0xFF, 0xC3, 0x00, 0xC0, 0x30, 0x0C, 0x3F, 0xFF, 0xFC, 0x30, 0x0C, 0x03, 0x00,
    0xC0, 0x30, 0x0C, 0x03, 0x00, 0x3C, 0x7E, 0xFF, 0xFF, 0xFF, 0x7F, 0x7E, 0x18, 0xC1, 0xC3, 0xE7,
    0xFF, 0xDE, 0x30, 0x40, 0xFF, 0x80, 0xE1, 0xF8, 0x7E, 0x1C, 0xE1, 0xC1, 0xB8, 0x70, 0xFE, 0x1C,
    0x18, 0xFF, 0x80, 0x00, 0x7C, 0x03, 0x80, 0x0C, 0xE0, 0x60, 0x00, 0xC6, 0x06, 0x00, 0x0C, 0x60,
    0xC0, 0x00, 0xC6, 0x18, 0x00, 0x0C, 0x61, 0x80, 0x00, 0x7C, 0x30, 0x00, 0x03, 0x86, 0x00, 0x00,
    0x00, 0xE0, 0x00, 0x00, 0x0C, 0x00, 0x00, 0x01, 0x87, 0x83, 0xC0, 0x30, 0xFC, 0x7E, 0x03, 0x0C,
    0x66, 0x60, 0x60, 0xC6, 0xC3, 0x0C, 0x08, 0x6C, 0x30, 0xC0, 0xC6, 0x43, 0x18, 0x0C, 0xC6, 0x63,
    0x00, 0x7C, 0x3C, 0x7C, 0x03, 0x80, 0x00, 0x0C, 0xE0, 0x60, 0x00, 0x00, 0xC6, 0x06, 0x00, 0x00,
    0x0C, 0x60, 0xC0, 0x00, 0x00, 0xC6, 0x18, 0x00, 0x00, 0x0C, 0x61, 0x80, 0x00, 0x00, 0x7C, 0x30,
    0x00, 0x00, 0x03, 0x86, 0x00, 0x00, 0x00, 0x00, 0xE0, 0x00, 0x00, 0x00, 0x0C, 0x00, 0x00, 0x00,
    0x01, 0x87, 0x83, 0xC1, 0xE0, 0x30, 0xFC, 0x7E, 0x3F, 0x03, 0x0C, 0x66, 0x66, 0x30, 0x60, 0xC6,
    0xC3, 0x61, 0x0C, 0x08, 0x6C, 0x36, 0x10, 0xC0, 0xC6, 0x43, 0x63, 0x18, 0x0C, 0xC6, 0x63, 0x33,
    0x00, 0x7C, 0x3C, 0x3E, 0x6D, 0xBD, 0x80, 0x63, 0xB1, 0x98, 0xCC, 0x6C, 0x36, 0x18, 0x63, 0x8D,
    0x8C, 0x36, 0x30, 0xD8, 0xC6, 0xC3, 0x1B, 0x0C, 0x60, 0xED, 0xB6, 0x40, 0xE3, 0x31, 0x98, 0xCC,
    0x36, 0x19, 0x0C, 0xE3, 0x1D, 0x8C, 0x36, 0x30, 0xD8, 0x63, 0x61, 0x8C, 0x86, 0x10, 0x0C, 0x0E,
    0x0D, 0x86, 0x66, 0x36, 0x0C, 0x0F, 0x0C, 0x18, 0x30, 0x70, 0xE0, 0x70, 0x38, 0x18, 0x0C, 0x0F,
    0xE0, 0xE0, 0xE0, 0xE0, 0xE0, 0xC3, 0x8E, 0x38, 0xE3, 0x80, 0x03, 0x00, 0x4C, 0xC3, 0x93, 0x8F,
    0x1C, 0x1E, 0xE1, 0xBF, 0x6E, 0x79, 0xD9, 0xF6, 0x0F, 0xE0, 0x73, 0xC3, 0x87, 0x0C, 0xCC, 0x03,
    0x00, 0xE0, 0xF8, 0x3E, 0x0F, 0x83, 0xE0, 0xF8, 0x3E, 0x0F, 0x83, 0xE0, 0xF8, 0x3E, 0x0F, 0x83,
    0x00, 0x00, 0x00, 0x03, 0x87, 0xE1, 0xF8, 0x70, 0x3F, 0x1E, 0xEE, 0x0F, 0x03, 0x00, 0xC3, 0x30,
    0xCC, 0x36, 0x0F, 0x83, 0x80, 0xC0, 0x30, 0x0C, 0x00, 0x00, 0x00, 0x30, 0x1C, 0x03, 0x00, 0xFF,
    0xFF, 0xFC, 0x40, 0x00, 0x5C, 0x00, 0x3D, 0xFF, 0xFE, 0x0F, 0xFF, 0x80, 0x3F, 0x80, 0x03, 0xF8,
    0x03, 0xFF, 0xE1, 0xF0, 0x3E, 0x70, 0x00, 0xF4, 0x00, 0x04, 0x01, 0x80, 0xC0, 0xC0, 0x60, 0x60,
    0x60, 0x30, 0x30, 0x3C, 0x1B, 0x19, 0x8C, 0x6C, 0x30, 0x03, 0x00, 0x3F, 0x00, 0x78, 0x03, 0xF8,
    0x07, 0x80, 0x3F, 0x00, 0x30, 0x04, 0x0C, 0xD4, 0xBD, 0xE1, 0xEF, 0xFF, 0xFF, 0xFF, 0x5C, 0x7B,
    0x52, 0xF0, 0xFF, 0xF0, 0x00, 0x0E, 0x00, 0x38, 0x00, 0x60, 0x01, 0x80, 0x06, 0x00, 0x0C, 0x00,
    0x30, 0x00, 0xC0, 0x01, 0x80, 0x06, 0x00, 0x18, 0x00, 0x30, 0x00, 0xC0, 0x03, 0x00, 0x06, 0x00,
    0x18, 0x00, 0x60, 0x01, 0xC0, 0x00, 0xFF, 0xF1, 0x8C, 0x63, 0x18, 0xC6, 0x3F, 0xFC, 0x63, 0x18,
    0xC6, 0x31, 0x8C, 0x7C, 0xFF, 0xC6, 0x31, 0x8C, 0x63, 0x18, 0xDE, 0xF1, 0x8C, 0x63, 0x18, 0xC6,
    0x31, 0xFC, 0x3F, 0x81, 0xF8, 0xFF, 0x87, 0xFB, 0x83, 0x1C, 0x3E, 0x06, 0x30, 0x30, 0x0E, 0x00,
    0x60, 0x18, 0x00, 0xC0, 0x70, 0x03, 0x81, 0xC0, 0x0E, 0x07, 0x00, 0x38, 0x1C, 0x00, 0xE0, 0x30,
    0x01, 0x80, 0x60, 0x07, 0x00, 0xC0, 0x0E, 0x00, 0x00, 0x00, 0x00, 0x00, 0x00, 0x06, 0x00, 0x70,
    0x1C, 0x00, 0xE0, 0x38, 0x01, 0xC0, 0x3F, 0x83, 0xBF, 0xE1, 0xF8, 0x30, 0xF8, 0x18, 0x70, 0x0E,
    0x38, 0x06, 0x1C, 0x07, 0x0E, 0x07, 0x07, 0x07, 0x03, 0x87, 0x01, 0x83, 0x00, 0xC1, 0x80, 0x60,
    0xC0, 0x00, 0x00, 0x00, 0x00, 0x00, 0x18, 0x07, 0x1C, 0x03, 0x8E, 0x01, 0xC0, 0xE0, 0xFE, 0x70,
    0xFF, 0xB8, 0x60, 0xDC, 0x70, 0x7E, 0x00, 0x3F, 0x00, 0x1F, 0x80, 0x0D, 0xC0, 0x1E, 0xE0, 0x1E,
    0x70, 0x1C, 0x38, 0x0C, 0x1C, 0x06, 0x00, 0x03, 0x00, 0x00, 0x00, 0x00, 0x01, 0xC0, 0x60, 0xE0,
    0x78, 0x70, 0x18, 0x00, 0xFF, 0xFF, 0xC0, 0x60, 0x30, 0x18, 0x18, 0x0C, 0x06, 0x03, 0x01, 0x80,
    0xC0, 0x60, 0x30, 0x18, 0x0C, 0x0C, 0x06, 0x03, 0x01, 0x80, 0xFF, 0x8F, 0xFC, 0xC7, 0xEC, 0x7E,
    0xC7, 0xFC, 0x7F, 0xC7, 0xFC, 0x7E, 0xC7, 0xEC, 0x7C, 0xC7, 0x8C, 0x00, 0xC0, 0x0C, 0x00, 0xC0,
    0x0C, 0x00, 0xC0, 0x0C, 0x00, 0x3F, 0xEF, 0xFF, 0xF1, 0xFE, 0x3F, 0xC7, 0xF8, 0xFF, 0x1F, 0xE3,
    0x7F, 0xE3, 0xFC, 0xFF, 0x9F, 0xFB, 0x3F, 0xE7, 0xFC, 0xFF, 0x9F, 0xF3, 0xFE, 0x7E, 0xFF, 0xDF,
    0xE0, 0x0C, 0x03, 0x06, 0x4F, 0xDE, 0x1F, 0x07, 0xCF, 0x7D, 0x33, 0x0C, 0x03, 0x00, 0xEE, 0xE0,
    0x00, 0x00, 0x00, 0xE6, 0x66, 0x33, 0x30, 0x07, 0xF8, 0x0F, 0xFF, 0xC7, 0xFF, 0xFB, 0x80, 0x07,
    0x40, 0x00, 0x40, 0x00, 0x00, 0x00, 0x00, 0x00, 0x00, 0x00, 0x00, 0x00, 0x00, 0x00, 0x00, 0x00,
    0x00, 0x00, 0x00, 0x00, 0x00, 0x00, 0x00, 0x00, 0x00, 0x00, 0x00, 0x00, 0x00, 0x00, 0x00, 0x00,
    0x00, 0x00, 0x00, 0x00, 0x40, 0x00, 0x78, 0x00, 0x77, 0xFF, 0xF8, 0xFF, 0xFC, 0x07, 0xF8, 0x00,
    0x08, 0x04, 0x32, 0x7F, 0x73, 0xE1, 0xF3, 0xAF, 0x93, 0x08, 0x04, 0x00, 0x00, 0x00, 0x00, 0x40,
    0x21, 0x93, 0xFB, 0x9F, 0x0F, 0x9D, 0x7C, 0x98, 0x40, 0x20, 0x00, 0x07, 0x00, 0x0C, 0x70, 0x0C,
    0x70, 0x18, 0xF0, 0x30, 0x70, 0x30, 0x00, 0x60, 0x00, 0xC0, 0x01, 0xC0, 0x01, 0x80, 0x03, 0x00,
    0x07, 0x00, 0x06, 0x0F, 0x0C, 0x0F, 0x18, 0x0F, 0x18, 0x00, 0x30, 0x00, 0x60, 0x00, 0x7C, 0x01,
    0xFE, 0x0B, 0x1F, 0xF8, 0x0F, 0xE0, 0x01, 0x40, 0x03, 0xFF, 0xC0, 0xFF, 0xFE, 0x78, 0x01, 0xF4,
    0x00, 0x04, 0x0C, 0x13, 0x46, 0xD8, 0xFC, 0x1E, 0x3F, 0xF1, 0xE0, 0xFC, 0x6D, 0x93, 0x40, 0xC0,
    0x63, 0x8C, 0x76, 0x30, 0xC6, 0x63, 0x0C, 0x66, 0x31, 0x86, 0xC3, 0x18, 0x6C, 0x31, 0x86, 0x00,
    0x3E, 0x3F, 0x98, 0xFC, 0x3C, 0x1E, 0x0F, 0x06, 0xC3, 0x7F, 0x1F, 0x00, 0x5C, 0x7F, 0xFF, 0xFF,
    0x80, 0x07, 0x07, 0x87, 0xC3, 0x63, 0x33, 0x1B, 0x8D, 0xFF, 0x03, 0x01, 0x80, 0x7F, 0x3F, 0x98,
    0x0C, 0x07, 0xF1, 0x1C, 0x07, 0xC3, 0x77, 0x1F, 0x00, 0x1E, 0x3F, 0x98, 0xFC, 0x0D, 0xF7, 0x1F,
    0x87, 0xC3, 0x77, 0x1F, 0x00, 0xFF, 0xFF, 0x03, 0x06, 0x0E, 0x0C, 0x18, 0x38, 0x30, 0x60, 0x3E,
    0x3F, 0x98, 0xEC, 0x63, 0xF3, 0xFB, 0x87, 0x83, 0xF7, 0x9F, 0x80, 0x3E, 0x3F, 0xB0, 0xF8, 0x3E,
    0x3B, 0xEC, 0x67, 0xC6, 0x7F, 0x1F, 0x00, 0x30, 0x60, 0xC7, 0xF3, 0x06, 0x0C, 0x00, 0xFE, 0xFF,
    0xFC, 0x07, 0xFF, 0xE0, 0x36, 0x6C, 0xCC, 0xCC, 0xCC, 0x66, 0x30, 0xCE, 0x66, 0x33, 0x33, 0x37,
    0x66, 0xC0, 0xCC, 0xDF, 0xE3, 0xE3, 0xE3, 0xE3, 0xE3, 0xE3, 0x3E, 0x3F, 0x98, 0xFC, 0x3C, 0x1E,
    0x0F, 0x06, 0xC3, 0x7F, 0x1F, 0x00, 0x3F, 0xF7, 0x31, 0x8C, 0x63, 0x18, 0xC0, 0x3E, 0x3F, 0xB8,
    0xC0, 0x60, 0x70, 0x70, 0x70, 0x60, 0xFF, 0xFF, 0xC0, 0x3E, 0x3F, 0xB8, 0xE0, 0x61, 0xE0, 0xF8,
    0x07, 0x83, 0x7F, 0x9F, 0x80, 0x07, 0x07, 0x87, 0xC3, 0x63, 0x33, 0x1B, 0x8D, 0xFF, 0x03, 0x01,
    0x80, 0x7F, 0x3F, 0x98, 0x0C, 0x07, 0xF1, 0x1C, 0x07, 0xC3, 0x77, 0x1F, 0x00, 0x1E, 0x3F, 0x98,
    0xFC, 0x0D, 0xF7, 0x1F, 0x87, 0xC3, 0x77, 0x1F, 0x00, 0xFF, 0xFF, 0x03, 0x06, 0x0E, 0x0C, 0x18,
    0x38, 0x30, 0x60, 0x3E, 0x3F, 0x98, 0xEC, 0x63, 0xF3, 0xFB, 0x87, 0x83, 0xF7, 0x9F, 0x80, 0x3E,
    0x3F, 0xB0, 0xF8, 0x3E, 0x3B, 0xEC, 0x67, 0xC6, 0x7F, 0x1F, 0x00, 0x30, 0x60, 0xC7, 0xF3, 0x06,
    0x0C, 0x00, 0xFE, 0xFF, 0xFC, 0x07, 0xFF, 0xE0, 0x36, 0x6C, 0xCC, 0xCC, 0xCC, 0x66, 0x30, 0xCE,
    0x66, 0x33, 0x33, 0x37, 0x66, 0xC0, 0x10, 0x7E, 0xC7, 0x0F, 0xFF, 0xC7, 0xCF, 0x7B, 0x18, 0x7E,
    0xE3, 0xC3, 0xFF, 0xC0, 0x67, 0x3E, 0x18, 0x3F, 0x38, 0xD8, 0x7C, 0x3E, 0x19, 0xDC, 0x7C, 0xC3,
    0x66, 0x7E, 0x3C, 0x3C, 0x7E, 0x66, 0xC3, 0x1C, 0x3F, 0x98, 0xE0, 0x3F, 0xFF, 0xFF, 0x86, 0xC7,
    0x7F, 0x1F, 0x00, 0xC0, 0xC0, 0xCC, 0xDF, 0xE3, 0xE3, 0xE3, 0xE3, 0xE3, 0xE3, 0xE0, 0xE0, 0xE3,
    0xE6, 0xEC, 0xF8, 0xFC, 0xEC, 0xE6, 0xE3, 0xFF, 0xFF, 0xFF, 0xFC, 0xC4, 0x66, 0xF7, 0xF9, 0xC7,
    0xC6, 0x3E, 0x31, 0xF1, 0x8F, 0x8C, 0x7C, 0x63, 0xCC, 0xDF, 0xE3, 0xE3, 0xE3, 0xE3, 0xE3, 0xE3,
    0xCC, 0x6F, 0xB8, 0xFC, 0x3C, 0x1F, 0x1F, 0xDD, 0xFC, 0xE0, 0x70, 0x38, 0x00, 0x18, 0x7E, 0xC3,
    0xF0, 0x3E, 0x07, 0xE7, 0x7E, 0x33, 0xEF, 0x8C, 0x30, 0xC3, 0x0D, 0x3C, 0x0E, 0x00, 0xFE, 0x07,
    0x1C, 0x38, 0x30, 0xC0, 0xC3, 0x00, 0x0C, 0x7F, 0xF1, 0xFF, 0xC7, 0x03, 0x9C, 0x06, 0x70, 0x1F,
    0xC0, 0x3F, 0xF8, 0x1C, 0x00, 0x70, 0x01, 0xC0, 0x07, 0x00, 0x1F, 0xF0, 0x7F, 0xC0, 0x00, 0x64,
    0x00, 0x4C, 0x07, 0xF8, 0x1F, 0xFC, 0x3C, 0x9E, 0x38, 0x96, 0x70, 0x97, 0x61, 0x33, 0x61, 0x20,
    0x61, 0x20, 0xE3, 0x60, 0xE2, 0x40, 0x62, 0x40, 0x66, 0x40, 0x64, 0x83, 0x74, 0x87, 0x3C, 0x8E,
    0x1D, 0x9E, 0x0F, 0xFC, 0x0F, 0xF0, 0x13, 0x00, 0x12, 0x00, 0x07, 0xF0, 0x1F, 0xFC, 0x3C, 0x1E,
    0x30, 0x06, 0x70, 0x07, 0x60, 0x03, 0x60, 0x00, 0x60, 0x00, 0xE1, 0xBE, 0xE1, 0xBC, 0x61, 0xE0,
    0x61, 0xC0, 0x61, 0xC7, 0x71, 0x87, 0x39, 0x8E, 0x1D, 0x9C, 0x0F, 0xFC, 0x07, 0xF0, 0x1F, 0xFC,
    0x7F, 0xF1, 0x80, 0x06, 0x00, 0x18, 0x00, 0x60, 0x01, 0x80, 0x06, 0x00, 0x1F, 0xF8, 0x7F, 0xE1,
    0x80, 0x06, 0x00, 0x18, 0x03, 0xFC, 0x0F, 0xF0, 0x06, 0x00, 0x18, 0x00, 0x60, 0x00, 0x0F, 0xE0,
    0xFF, 0x86, 0x0C, 0x70, 0x73, 0x00, 0x18, 0x00, 0xC0, 0x1F, 0xF8, 0x30, 0x01, 0x80, 0x3F, 0xF1,
    0xFF, 0x83, 0x00, 0x1C, 0x00, 0xC0, 0x66, 0x03, 0xFF, 0xFF, 0xFF, 0x80, 0x00, 0x30, 0x00, 0x0C,
    0x0C, 0xE6, 0xE3, 0x7F, 0xFC, 0xF3, 0xF3, 0xB8, 0x70, 0x6C, 0x0C, 0x1F, 0x07, 0x07, 0xC1, 0xC1,
    0xF0, 0xF0, 0x7C, 0x3C, 0x1F, 0x0F, 0x07, 0xC6, 0xC1, 0xF1, 0xB0, 0x7C, 0xEC, 0x1F, 0x33, 0x07,
    0x0C, 0x00, 0x06, 0x00, 0x00, 0x78, 0x03, 0x1E, 0x00, 0xC7, 0xC0, 0x31, 0xF8, 0x0C, 0x76, 0x03,
    0x1D, 0xC0, 0xCF, 0xFF, 0xFF, 0xFF, 0xFF, 0x71, 0xC3, 0x1C, 0x30, 0xCF, 0xFF, 0xFF, 0xFF, 0xFF,
    0x70, 0x33, 0x1C, 0x0E, 0xC7, 0x01, 0xB1, 0xC0, 0x7C, 0x70, 0x0F, 0x1C, 0x01, 0xC0, 0xFF, 0xC0,
    0x03, 0xFF, 0x83, 0x0E, 0x07, 0x0C, 0x38, 0x0C, 0x30, 0xE0, 0x3B, 0xFB, 0x80, 0xEF, 0xEE, 0x03,
    0x8C, 0x38, 0x0C, 0x30, 0xE0, 0x70, 0xC3, 0xFF, 0x83, 0x0F, 0xFC, 0x0C, 0x38, 0x00, 0x30, 0xE0,
    0x00, 0xC3, 0x80, 0x03, 0x0E, 0x00, 0x0C, 0x38, 0x00, 0x38, 0xE0, 0x00, 0x7B, 0x80, 0x00, 0xF0,
    0xFF, 0xC0, 0x00, 0x7F, 0xF0, 0x00, 0x38, 0x1C, 0x00, 0x1C, 0x06, 0x00, 0x0E, 0x03, 0x87, 0x87,
    0x01, 0xC7, 0xF3, 0x80, 0xE7, 0x1D, 0xC0, 0x63, 0x07, 0xE0, 0xF1, 0x80, 0x7F, 0xF0, 0xE0, 0x3F,
    0xE0, 0x7E, 0x1C, 0x38, 0x0F, 0xCE, 0x0C, 0x00, 0x77, 0x07, 0x00, 0x1F, 0x81, 0x84, 0x0F, 0xC0,
    0xE7, 0x07, 0xE0, 0x39, 0xFF, 0x70, 0x1C, 0x7F, 0x00, 0xC0, 0x70, 0x0F, 0x01, 0xE0, 0x3E, 0x07,
    0x81, 0xD8, 0x1E, 0x06, 0x60, 0xF8, 0x19, 0x83, 0x70, 0x6F, 0xFF, 0xFF, 0xFF, 0xFF, 0xFF, 0x31,
    0xCC, 0x30, 0xC6, 0x19, 0xCF, 0xFF, 0xFF, 0xFF, 0xFF, 0xFF, 0x1B, 0x07, 0x60, 0x6C, 0x0F, 0x80,
    0xF0, 0x3C, 0x03, 0xC0, 0xF0, 0x0E, 0x01, 0xC0, 0x38, 0x06, 0x00, 0xFF, 0x03, 0xFF, 0xE3, 0xE0,
    0xE3, 0xE0, 0x73, 0xE0, 0x73, 0xE6, 0x73, 0xE6, 0x73, 0xE6, 0x73, 0xE6, 0x73, 0xE6, 0x73, 0xE6,
    0x03, 0xE6, 0x07, 0xE7, 0xFF, 0xE7, 0xFC, 0x00, 0x30, 0x0F, 0xF0, 0x3F, 0xC0, 0x0C, 0x0F, 0x30,
    0xFE, 0xC3, 0x8F, 0x1C, 0x1C, 0x60, 0x33, 0x80, 0xCE, 0x03, 0x38, 0x0C, 0xE0, 0x33, 0x80, 0xC6,
    0x07, 0x1C, 0x1C, 0x3F, 0xF0, 0x7E, 0xC0, 0x00, 0x00, 0x00, 0x00, 0x01, 0xFF, 0xC7, 0xFF, 0x00,
    0x03, 0xF8, 0x3F, 0xF0, 0xE0, 0xC7, 0x00, 0x18, 0x00, 0xE0, 0x0F, 0xFF, 0x3F, 0xF8, 0x30, 0x00,
    0xC0, 0x8F, 0xFC, 0x3F, 0xF0, 0x38, 0x00, 0x60, 0x01, 0xC0, 0x03, 0x83, 0x07, 0xFC, 0x0F, 0xE0,
    0x38, 0x0F, 0x38, 0x0E, 0x38, 0x1C, 0x38, 0x38, 0x38, 0x70, 0x38, 0xE0, 0x39, 0xC0, 0xFF, 0xFF,
    0xFF, 0xFF, 0x3F, 0xC0, 0x3C, 0xC0, 0x38, 0xE0, 0x38, 0x70, 0x38, 0x38, 0x38, 0x18, 0x38, 0x1C,
    0x38, 0x0E, 0x38, 0x07, 0xFF, 0xFF, 0xFF, 0xF0, 0x30, 0x00, 0xC0, 0x03, 0x00, 0x0D, 0x80, 0x3E,
    0x01, 0xE0, 0x1F, 0x10, 0x4D, 0x80, 0x3E, 0x03, 0xC0, 0x1F, 0x00, 0x4C, 0x00, 0x30, 0x00, 0xC0,
    0x03, 0x00, 0x0C, 0x00, 0x03, 0x00, 0x00, 0x00, 0x01, 0x80, 0x00, 0x00, 0x07, 0xFF, 0x00, 0x00,
    0x07, 0xFF, 0xE0, 0x00, 0x02, 0x30, 0x78, 0x00, 0x00, 0x18, 0x0C, 0x00, 0x00, 0x0C, 0x07, 0x03,
    0xC0, 0x06, 0x01, 0x83, 0xF8, 0x03, 0x00, 0xC3, 0x8E, 0x01, 0x80, 0x63, 0x83, 0x80, 0xC0, 0x31,
    0x80, 0xC0, 0x60, 0x18, 0xC0, 0x60, 0x30, 0x0C, 0xE0, 0x30, 0xD8, 0x06, 0x70, 0x1D, 0xFC, 0x03,
    0x38, 0x0D, 0xCE, 0x03, 0x9C, 0x06, 0xE3, 0x81, 0x8E, 0x07, 0x73, 0xE1, 0xC7, 0x83, 0x1F, 0xBF,
    0xC3, 0xFF, 0x8F, 0x8F, 0xC1, 0xDF, 0x80, 0x00, 0x00, 0xE0, 0x00, 0x00, 0x00, 0x70, 0x00, 0x00,
    0x00, 0x38, 0x00, 0x00, 0x00, 0x1C, 0x00, 0x00, 0x00, 0x0E, 0x00, 0x00, 0x3F, 0xE0, 0x7F, 0xE0,
    0xC0, 0xE1, 0x80, 0xCF, 0xFF, 0xE6, 0x03, 0x0C, 0x06, 0x7F, 0xFF, 0xFF, 0xFE, 0x60, 0x70, 0xC0,
    0xC1, 0xFF, 0x83, 0xFC, 0x06, 0x00, 0x0C, 0x00, 0x18, 0x00, 0x30, 0x00, 0x60, 0x00, 0x00, 0x80,
    0x00, 0x80, 0x00, 0x80, 0x07, 0xF0, 0x1F, 0xFC, 0x3C, 0x9E, 0x30, 0x8E, 0x70, 0x87, 0x60, 0x83,
    0x60, 0x80, 0x60, 0x80, 0xE0, 0x80, 0xE0, 0xFF, 0x60, 0xFF, 0x60, 0x83, 0x60, 0x83, 0x70, 0x87,
    0x38, 0x86, 0x1C, 0x9E, 0x0F, 0xFC, 0x07, 0xF0, 0x00, 0x80, 0x00, 0x80, 0x00, 0x80, 0x03, 0x80,
    0x03, 0xC0, 0x06, 0xC0, 0x06, 0xC0, 0x06, 0xE0, 0x0C, 0x60, 0x0C, 0x60, 0xFF, 0xFE, 0xFF, 0xFE,
    0x18, 0x30, 0x38, 0x38, 0xFF, 0xFE, 0xFF, 0xFE, 0x70, 0x0C, 0x60, 0x0C, 0x60, 0x0E, 0xE0, 0x06,
    0xC0, 0x07, 0x1F, 0xE1, 0xFF, 0x8E, 0x1C, 0xE0, 0x60, 0x03, 0x00, 0x3B, 0xFF, 0xFF, 0xFF, 0x00,
    0x00, 0x00, 0x3F, 0xFF, 0xFF, 0xF3, 0x00, 0x38, 0x01, 0xC0, 0xE7, 0x0E, 0x3F, 0xF0, 0xFE, 0x00,
    0x00, 0x80, 0x00, 0x80, 0x00, 0x80, 0x07, 0xF0, 0x1F, 0xFC, 0x3C, 0x9E, 0x38, 0x86, 0x70, 0x87,
    0x60, 0x83, 0x60, 0x80, 0x60, 0x80, 0xE0, 0x80, 0xE0, 0x80, 0x60, 0x80, 0x60, 0x80, 0x60, 0x83,
    0x70, 0x87, 0x38, 0x8E, 0x1C, 0x9E, 0x0F, 0xFC, 0x07, 0xF0, 0x00, 0x80, 0x00, 0x80, 0x00, 0x80,
    0xFF, 0xFF, 0xFF, 0xF0, 0x00, 0x3F, 0xFF, 0xFF, 0xFC, 0x0C, 0x00, 0x30, 0x00, 0xC0, 0x03, 0x00,
    0x0C, 0x00, 0x30, 0x00, 0xC0, 0x03, 0x00, 0x0C, 0x00, 0x30, 0x00, 0xC0, 0x03, 0x00, 0x0C, 0x00,
    0xFF, 0xFF, 0xFE, 0x03, 0x80, 0x18, 0xFF, 0xFF, 0xFE, 0x01, 0x80, 0x38, 0x1F, 0x0F, 0xE0, 0xF8,
    0x07, 0x00, 0x38, 0x01, 0xC0, 0x0E, 0x00, 0xE0, 0x07, 0x00, 0x38, 0x18, 0x01, 0x88, 0x1B, 0x81,
    0xF8, 0x7C, 0x0F, 0x88, 0xDB, 0x81, 0xF8, 0x3E, 0x0F, 0x80, 0xD8, 0x31, 0x83, 0x18, 0x31, 0x87,
    0x18, 0x71, 0x8E, 0x1F, 0xC1, 0xF8, 0x03, 0x00, 0x0C, 0x00, 0x30, 0x01, 0xE0, 0x1F, 0xE0, 0xFF,
    0xC7, 0x33, 0x98, 0xC7, 0xE3, 0x0F, 0x0C, 0x3C, 0x30, 0xF0, 0xC3, 0xC3, 0x0F, 0x0C, 0x30, 0x1F,
    0xF0, 0x3F, 0xF8, 0x60, 0x38, 0xC0, 0x71, 0x80, 0x63, 0x00, 0xC6, 0x01, 0x8C, 0x07, 0x18, 0x3D,
    0xFF, 0xF3, 0xFF, 0x80, 0xC0, 0x0F, 0xF8, 0x1F, 0xF0, 0x06, 0x00, 0x0C, 0x00, 0x18, 0x00, 0x30,
    0x00, 0x0C, 0xC0, 0x33, 0x00, 0xFC, 0x0F, 0xFC, 0x7C, 0xF9, 0xB3, 0x6E, 0xCD, 0xF3, 0x33, 0xCC,
    0xCF, 0x33, 0x3C, 0x00, 0x30, 0x00, 0xE0, 0x01, 0x80, 0x07, 0x00, 0x0E, 0x00, 0xFF, 0xFF, 0xFF,
    0xF0, 0x13, 0x00, 0x98, 0x3F, 0xF1, 0xFF, 0xCE, 0x07, 0x70, 0x1B, 0x80, 0xDC, 0x06, 0xE0, 0x77,
    0x07, 0x3F, 0xE1, 0xFF, 0xCE, 0x07, 0x70, 0x1F, 0x80, 0x7C, 0x03, 0xE0, 0x3F, 0x03, 0xBF, 0xFD,
    0xFF, 0x81, 0x30, 0x09, 0x80, 0x00, 0x80, 0x00, 0x38, 0x00, 0x0E, 0x00, 0x03, 0x80, 0x00, 0xE0,
    0x00, 0x38, 0x00, 0x0C, 0x00, 0x03, 0xFF, 0xFF, 0xFF, 0xFF, 0xE6, 0x00, 0x00, 0x70, 0x00, 0x07,
    0x00, 0x00, 0x70, 0x00, 0x07, 0x00, 0x00, 0x70, 0x00, 0x04, 0x00, 0x01, 0x80, 0x03, 0xC0, 0x07,
    0xE0, 0x0E, 0xB0, 0x1D, 0x98, 0x39, 0x8C, 0x71, 0x86, 0xE1, 0x83, 0x41, 0x82, 0x01, 0x80, 0x01,
    0x80, 0x01, 0x80, 0x01, 0x80, 0x01, 0x80, 0x01, 0x80, 0x01, 0x80, 0x01, 0x80, 0x01, 0x80, 0x00,
    0x20, 0x00, 0x1C, 0x00, 0x03, 0x80, 0x00, 0x70, 0x00, 0x0E, 0x00, 0x01, 0xC0, 0x00, 0x3B, 0xFF,
    0xFF, 0xFF, 0xFF, 0xC0, 0x00, 0xE0, 0x00, 0x70, 0x00, 0x38, 0x00, 0x1C, 0x00, 0x0E, 0x00, 0x07,
    0x00, 0x00, 0x80, 0x01, 0x80, 0x01, 0x80, 0x01, 0x80, 0x01, 0x80, 0x01, 0x80, 0x01, 0x80, 0x01,
    0x80, 0x01, 0x80, 0x01, 0x80, 0x41, 0x83, 0xE1, 0x87, 0x31, 0x8E, 0x19, 0x9C, 0x0D, 0x98, 0x06,
    0xB0, 0x03, 0xE0, 0x01, 0xC0, 0x00, 0x80, 0x00, 0x80, 0x04, 0x00, 0x0E, 0x00, 0x70, 0x00, 0xE0,
    0x01, 0xC0, 0x0E, 0x00, 0x07, 0x00, 0xE0, 0x00, 0x1C, 0x0E, 0x00, 0x00, 0x70, 0xC0, 0x00, 0x01,
    0xCF, 0xFF, 0xFF, 0xFF, 0xFF, 0xFF, 0xFF, 0xF9, 0x80, 0x00, 0x03, 0x87, 0x00, 0x00, 0x38, 0x1C,
    0x00, 0x03, 0x80, 0x70, 0x00, 0x38, 0x01, 0xC0, 0x03, 0x80, 0x07, 0x00, 0x38, 0x00, 0x10, 0x00,
    0x80, 0x00, 0x80, 0x01, 0xC0, 0x03, 0xE0, 0x06, 0xB0, 0x0D, 0x98, 0x19, 0x9C, 0x39, 0x8E, 0xF1,
    0x87, 0x61, 0x83, 0x01, 0x80, 0x01, 0x80, 0x01, 0x80, 0x01, 0x80, 0x01, 0x80, 0x01, 0x80, 0x01,
    0x80, 0x01, 0x80, 0x01, 0x80, 0x01, 0x80, 0x41, 0x83, 0xE1, 0x87, 0x31, 0x8E, 0x19, 0x9C, 0x0D,
    0x98, 0x06, 0xB0, 0x03, 0xE0, 0x01, 0xC0, 0x00, 0x80, 0xFF, 0xE3, 0xFF, 0x8E, 0x00, 0x3E, 0x00,
    0xDC, 0x03, 0x38, 0x0C, 0x70, 0x30, 0xE0, 0xC1, 0xC3, 0x03, 0x8C, 0x07, 0x30, 0x0E, 0x00, 0x1C,
    0x00, 0x20, 0x3F, 0xF9, 0xFF, 0xC0, 0x0E, 0x00, 0xD0, 0x0F, 0x80, 0xEC, 0x0E, 0x60, 0xE3, 0x0E,
    0x18, 0xE0, 0xCE, 0x06, 0xE0, 0x3E, 0x00, 0x20, 0x00, 0x40, 0x06, 0x00, 0x38, 0x00, 0xE0, 0x33,
    0x81, 0x8E, 0x0C, 0x38, 0x60, 0xE3, 0x03, 0x98, 0x0E, 0xC0, 0x3A, 0x00, 0x73, 0xFF, 0x9F, 0xFC,
    0x00, 0x08, 0x00, 0x70, 0x03, 0xB0, 0x1C, 0xC0, 0xE3, 0x07, 0x0C, 0x38, 0x31, 0xC0, 0xCE, 0x03,
    0x70, 0x0F, 0x80, 0x3C, 0x00, 0xFF, 0xE3, 0xFF, 0x80, 0x00, 0x00, 0x70, 0x00, 0x00, 0x7C, 0x00,
    0x00, 0x0E, 0x00, 0x80, 0x07, 0x01, 0xC0, 0x03, 0x03, 0x80, 0x03, 0x07, 0x00, 0x03, 0x0E, 0x00,
    0x03, 0x1C, 0x00, 0x07, 0x30, 0x00, 0x0E, 0x7F, 0xFF, 0xFC, 0xFF, 0xFF, 0xF8, 0x30, 0x00, 0x00,
    0x1C, 0x00, 0x00, 0x0E, 0x00, 0x00, 0x07, 0x00, 0x00, 0x03, 0x80, 0x00, 0x01, 0xC0, 0x00, 0x00,
    0x80, 0x00, 0x06, 0x00, 0x00, 0x1E, 0x00, 0x00, 0x38, 0x00, 0x00, 0x60, 0x00, 0x80, 0xE0, 0x01,
    0xC0, 0xC0, 0x00, 0xE0, 0xC0, 0x00, 0x70, 0xE0, 0x00, 0x38, 0x60, 0x00, 0x1C, 0x70, 0x00, 0x0E,
    0x3F, 0xFF, 0xFF, 0x0F, 0xFF, 0xFF, 0x00, 0x00, 0x0E, 0x00, 0x00, 0x1C, 0x00, 0x00, 0x38, 0x00,
    0x00, 0x70, 0x00, 0x00, 0xE0, 0x00, 0x01, 0xC0, 0x00, 0x00, 0x80, 0x04, 0x00, 0x00, 0x40, 0x00,
    0x0C, 0x00, 0x01, 0xC0, 0x00, 0x3C, 0x00, 0x0F, 0xFF, 0xFF, 0x7F, 0xFF, 0xF3, 0xC0, 0x03, 0x1C,
    0x00, 0x30, 0xC0, 0x03, 0x04, 0x00, 0x30, 0x00, 0x03, 0x00, 0x00, 0x30, 0x00, 0x03, 0x00, 0x00,
    0x30, 0x00, 0x03, 0x00, 0x00, 0x30, 0x00, 0x03, 0x00, 0x00, 0x30, 0x00, 0x02, 0x00, 0x00, 0x10,
    0x00, 0x01, 0x80, 0x00, 0x1C, 0x00, 0x01, 0xEF, 0xFF, 0xFF, 0xFF, 0xFF, 0xEC, 0x00, 0x1C, 0xC0,
    0x01, 0x8C, 0x00, 0x10, 0xC0, 0x01, 0x0C, 0x00, 0x00, 0xC0, 0x00, 0x0C, 0x00, 0x00, 0xC0, 0x00,
    0x0C, 0x00, 0x00, 0xC0, 0x00, 0x0C, 0x00, 0x00, 0xC0, 0x00, 0x00, 0xC0, 0x00, 0x0C, 0x00, 0x00,
    0xC0, 0x00, 0x0C, 0x00, 0x00, 0xC0, 0x00, 0x0C, 0x00, 0x10, 0xC0, 0x01, 0x8C, 0x00, 0x1C, 0xC0,
    0x01, 0xEF, 0xFF, 0xFF, 0xFF, 0xFF, 0xF0, 0x00, 0x1E, 0x00, 0x01, 0xC0, 0x00, 0x18, 0x00, 0x01,
    0x00, 0xFF, 0xF0, 0xFF, 0xF0, 0x00, 0x30, 0x00, 0x30, 0x00, 0x30, 0x00, 0x30, 0x00, 0x30, 0x00,
    0x30, 0x00, 0x30, 0x00, 0x30, 0x00, 0x30, 0x00, 0x30, 0x00, 0x30, 0x03, 0xFF, 0x01, 0xFE, 0x00,
    0xFC, 0x00, 0x78, 0x00, 0x30, 0x00, 0x00, 0x30, 0x00, 0x03, 0x00, 0x00, 0x30, 0x00, 0x03, 0x00,
    0x00, 0x30, 0x40, 0x03, 0x0C, 0x00, 0x31, 0xC0, 0x03, 0x3C, 0x00, 0x37, 0xFF, 0xFF, 0xFF, 0xFF,
    0xF3, 0xC0, 0x00, 0x1C, 0x00, 0x00, 0xC0, 0x00, 0x04, 0x00, 0x00, 0x00, 0x40, 0x00, 0x20, 0x00,
    0x18, 0x00, 0x0E, 0x00, 0x07, 0xF0, 0x03, 0xFF, 0x00, 0x38, 0xE0, 0x06, 0x1C, 0x00, 0x83, 0x80,
    0x10, 0x60, 0x00, 0x0C, 0x00, 0x03, 0x00, 0x00, 0xF0, 0x00, 0x3C, 0x00, 0x0F, 0x00, 0x07, 0x60,
    0x01, 0x9C, 0x00, 0xE3, 0x80, 0x70, 0x70, 0x78, 0x0F, 0xFC, 0x00, 0xFC, 0x00, 0x00, 0x80, 0x00,
    0x30, 0x00, 0x0E, 0x00, 0x03, 0xC0, 0x07, 0xF8, 0x03, 0xFF, 0x03, 0xCF, 0x00, 0xC3, 0x80, 0x60,
    0xC0, 0x38, 0x20, 0x0C, 0x00, 0x03, 0x00, 0x00, 0xC0, 0x00, 0x30, 0x00, 0x3C, 0x00, 0x0F, 0x00,
    0x07, 0x60, 0x01, 0x9C, 0x00, 0xE3, 0x80, 0x70, 0x70, 0x78, 0x0F, 0xFC, 0x00, 0xFC, 0x00, 0x00,
    0x80, 0x00, 0x38, 0x00, 0x0E, 0x00, 0x03, 0x80, 0x00, 0xE0, 0x00, 0x3F, 0xFF, 0xCF, 0xFF, 0xFB,
    0x80, 0x00, 0xF0, 0x00, 0x07, 0xFF, 0xFC, 0x7F, 0xFF, 0x87, 0x00, 0x00, 0x70, 0x00, 0x07, 0x00,
    0x00, 0x70, 0x00, 0x04, 0x00, 0x00, 0x20, 0x00, 0x1C, 0x00, 0x03, 0x80, 0x00, 0x70, 0x00, 0x0E,
    0x3F, 0xFF, 0xCF, 0xFF, 0xF8, 0x00, 0x07, 0x00, 0x01, 0xFF, 0xFF, 0xEF, 0xFF, 0xF0, 0x00, 0x38,
    0x00, 0x1C, 0x00, 0x0E, 0x00, 0x07, 0x00, 0x00, 0x80, 0x00, 0x80, 0x04, 0x00, 0x0E, 0x00, 0x70,
    0x00, 0xE0, 0x01, 0xC0, 0x0E, 0x00, 0x07, 0x00, 0xE0, 0x00, 0x1C, 0x0F, 0xFF, 0xFF, 0xF0, 0xFF,
    0xFF, 0xFF, 0xCE, 0x00, 0x00, 0x07, 0xF0, 0x00, 0x00, 0x39, 0xFF, 0xFF, 0xFF, 0x87, 0xFF, 0xFF,
    0xF8, 0x1C, 0x00, 0x03, 0x80, 0x70, 0x00, 0x38, 0x01, 0xC0, 0x03, 0x80, 0x07, 0x00, 0x38, 0x00,
    0x10, 0x01, 0x80, 0x04, 0x01, 0xC0, 0x7C, 0x1F, 0xC7, 0xFD, 0x0C, 0x41, 0x80, 0x30, 0x06, 0x07,
    0xF8, 0xFF, 0x03, 0x00, 0x60, 0x7F, 0x8F, 0xF0, 0x30, 0x06, 0x00, 0xC0, 0x18, 0x00, 0x06, 0x00,
    0xC0, 0x18, 0x03, 0x03, 0xFC, 0x7F, 0x81, 0x80, 0x30, 0x3F, 0xC7, 0xF8, 0x18, 0x03, 0x00, 0x61,
    0xFF, 0xCF, 0xF0, 0xFC, 0x0F, 0x00, 0xC0, 0x10, 0x00, 0xC0, 0x80, 0x06, 0x0C, 0x00, 0x30, 0xE0,
    0x01, 0x8F, 0x00, 0x0C, 0xFF, 0xFF, 0xE3, 0xFF, 0xFF, 0x0E, 0x00, 0x18, 0x30, 0x00, 0xC0, 0x80,
    0x06, 0x02, 0x00, 0x00, 0x00, 0x08, 0x18, 0x00, 0x60, 0xC0, 0x03, 0x86, 0x00, 0x1E, 0x3F, 0xFF,
    0xF9, 0xFF, 0xFF, 0xCC, 0x00, 0x3C, 0x60, 0x01, 0xC3, 0x00, 0x0C, 0x18, 0x00, 0x40, 0xC0, 0x00,
    0x20, 0x00, 0x00, 0xC0, 0x00, 0x07, 0x80, 0x00, 0x37, 0x00, 0x01, 0x8E, 0x00, 0x0C, 0x1C, 0x00,
    0x60, 0x38, 0x03, 0x00, 0x70, 0x18, 0x00, 0x60, 0xFC, 0x0F, 0xCF, 0xF0, 0x3F, 0x80, 0xC0, 0xC1,
    0x03, 0x03, 0x00, 0x0C, 0x0C, 0x00, 0x30, 0x30, 0x00, 0xC0, 0xC0, 0x03, 0x03, 0x00, 0x0C, 0x0C,
    0x00, 0x3F, 0xF0, 0x00, 0xFF, 0xC0, 0x00, 0x20, 0x00, 0x00, 0xC0, 0x00, 0x07, 0x80, 0x00, 0x37,
    0x00, 0x01, 0x8E, 0x00, 0x0C, 0x1C, 0x00, 0x60, 0x38, 0x03, 0x00, 0x70, 0x18, 0x00, 0x60, 0xFC,
    0x0F, 0xCF, 0xF0, 0x3F, 0x80, 0xC0, 0xC1, 0x03, 0x03, 0x00, 0x0C, 0x0C, 0x00, 0x30, 0x30, 0x00,
    0xFF, 0xC0, 0x00, 0x00, 0x00, 0x00, 0x00, 0x00, 0x3F, 0xF0, 0x00, 0xFF, 0xC0, 0x03, 0x03, 0x00,
    0x0C, 0x0C, 0x00, 0x3F, 0xF0, 0x00, 0xFF, 0xC0, 0x7F, 0x07, 0xFC, 0x01, 0xC0, 0x0E, 0x00, 0x60,
    0x06, 0x3F, 0xF7, 0xFF, 0x70, 0xFE, 0x07, 0xE0, 0x7E, 0x07, 0xE0, 0x7E, 0x06, 0xE0, 0x67, 0x0E,
    0x3F, 0xC1, 0xF8, 0x07, 0xC6, 0x3F, 0xF8, 0xFB, 0xE1, 0xC1, 0xE7, 0x07, 0xCC, 0x19, 0x98, 0x63,
    0xB1, 0x87, 0x66, 0x0C, 0xD8, 0x19, 0xE0, 0x71, 0xE1, 0xC7, 0xFF, 0x19, 0xFC, 0x10, 0x00, 0x00,
    0x03, 0x80, 0x07, 0x00, 0x1F, 0x00, 0x36, 0x00, 0x6C, 0x01, 0xCC, 0x03, 0x18, 0x0E, 0x38, 0x18,
    0x30, 0x30, 0x60, 0xE0, 0xE1, 0x80, 0xC3, 0x01, 0x8E, 0x03, 0x98, 0x03, 0x30, 0x06, 0xFF, 0xFF,
    0xFF, 0xFC, 0xFF, 0xFF, 0xFF, 0xFE, 0x01, 0xF8, 0x07, 0xE0, 0x1F, 0x80, 0x7E, 0x01, 0xF8, 0x07,
    0xE0, 0x1F, 0x80, 0x7E, 0x01, 0xF8, 0x07, 0xE0, 0x1F, 0x80, 0x7E, 0x01, 0xF8, 0x07, 0xE0, 0x1F,
    0x80, 0x7E, 0x01, 0xF8, 0x07, 0xE0, 0x1C, 0xFF, 0xFB, 0xFF, 0xE7, 0x00, 0x0C, 0x00, 0x38, 0x00,
    0x70, 0x00, 0xE0, 0x01, 0xC0, 0x03, 0x80, 0x07, 0x00, 0x0C, 0x00, 0x70, 0x03, 0x80, 0x1C, 0x00,
    0xE0, 0x07, 0x00, 0x18, 0x00, 0xE0, 0x07, 0x00, 0x3F, 0xFF, 0xFF, 0xFC, 0xFF, 0xFF, 0xFC, 0x00,
    0x1C, 0x00, 0x60, 0x03, 0x80, 0x0E, 0x00, 0x30, 0x01, 0xC0, 0x07, 0x00, 0x18, 0xF0, 0xE3, 0xC3,
    0x03, 0x8C, 0x06, 0x70, 0x1D, 0x80, 0x7E, 0x00, 0xF8, 0x03, 0xC0, 0x07, 0x00, 0x18, 0x00, 0x0C,
    0x01, 0x81, 0xFC, 0x3F, 0x1F, 0xF3, 0xFC, 0xC1, 0xF8, 0x7E, 0x07, 0x81, 0xE0, 0x38, 0x0F, 0x83,
    0xE0, 0x6E, 0x3B, 0x87, 0x7F, 0x8F, 0xF0, 0xF8, 0x3F, 0x00, 0x0F, 0x8F, 0xC6, 0x03, 0x01, 0x80,
    0xC0, 0x60, 0x30, 0x18, 0x0C, 0x06, 0x03, 0x01, 0x80, 0xC0, 0x60, 0x30, 0x18, 0x0C, 0x06, 0x03,
    0x01, 0x80, 0xC0, 0xE1, 0xE0, 0xE0, 0x00, 0xFF, 0x80, 0x00, 0x03, 0xFE, 0x3C, 0x33, 0xF1, 0xB1,
    0xFD, 0x87, 0xC0, 0x08, 0x0C, 0x01, 0xF8, 0xDD, 0xE6, 0xC3, 0xF0, 0x0F, 0x00, 0x01, 0x80, 0x60,
    0x0C, 0x7F, 0xFF, 0xFE, 0x0C, 0x03, 0x00, 0x60, 0x0C, 0x1F, 0xFF, 0xFF, 0x98, 0x03, 0x00, 0x00,
    0x20, 0x3C, 0x3F, 0x3F, 0x0F, 0x01, 0xF0, 0x0F, 0xC0, 0x3F, 0x00, 0xE0, 0x04, 0x00, 0x7F, 0xFF,
    0xFE, 0x80, 0x1E, 0x03, 0xF8, 0x0F, 0xC0, 0x3E, 0x07, 0xC7, 0xE7, 0xE0, 0xE0, 0x10, 0x00, 0x00,
    0x7F, 0xFF, 0xFE, 0x00, 0x07, 0xFC, 0x00, 0x00, 0x0F, 0xFF, 0xE0, 0x00, 0x0F, 0x80, 0x7E, 0x00,
    0x07, 0x80, 0x03, 0xC0, 0x03, 0x80, 0x00, 0x38, 0x01, 0xC0, 0x00, 0x07, 0x00, 0xE0, 0x00, 0x00,
    0xE0, 0x70, 0x00, 0x00, 0x1C, 0x38, 0x00, 0x00, 0x03, 0x0C, 0x00, 0x30, 0x00, 0xE3, 0x00, 0x0C,
    0x00, 0x19, 0x80, 0x03, 0x00, 0x07, 0x60, 0x00, 0xC0, 0x00, 0xD8, 0x00, 0x30, 0x00, 0x3E, 0x00,
    0x0C, 0x00, 0x0F, 0x00, 0x03, 0x00, 0x03, 0xC0, 0x7F, 0xFF, 0xC0, 0xF0, 0x1F, 0xFF, 0xF0, 0x3C,
    0x00, 0x0C, 0x00, 0x0F, 0x80, 0x03, 0x00, 0x03, 0x60, 0x00, 0xC0, 0x00, 0xD8, 0x00, 0x30, 0x00,
    0x36, 0x00, 0x0C, 0x00, 0x1C, 0xC0, 0x03, 0x00, 0x06, 0x30, 0x00, 0xC0, 0x03, 0x86, 0x00, 0x00,
    0x00, 0xC1, 0xC0, 0x00, 0x00, 0x70, 0x38, 0x00, 0x00, 0x38, 0x07, 0x00, 0x00, 0x1C, 0x00, 0xE0,
    0x00, 0x0E, 0x00, 0x1E, 0x00, 0x0F, 0x00, 0x03, 0xF0, 0x1F, 0x00, 0x00, 0x3F, 0xFF, 0x00, 0x00,
    0x01, 0xFF, 0x00, 0x00, 0x00, 0x07, 0xFC, 0x00, 0x00, 0x0F, 0xFF, 0xE0, 0x00, 0x0F, 0x80, 0x7E,
    0x00, 0x07, 0x80, 0x03, 0xC0, 0x03, 0x80, 0x00, 0x38, 0x01, 0xC0, 0x00, 0x07, 0x00, 0xE0, 0x00,
    0x00, 0xE0, 0x70, 0x00, 0x00, 0x1C, 0x38, 0x00, 0x00, 0x03, 0x0C, 0x00, 0x00, 0x00, 0xE3, 0x00,
    0x00, 0x00, 0x19, 0x80, 0x00, 0x00, 0x07, 0x60, 0x00, 0x00, 0x00, 0xD8, 0x00, 0x00, 0x00, 0x3E,
    0x00, 0x00, 0x00, 0x0F, 0x00, 0x00, 0x00, 0x03, 0xC0, 0x0F, 0xFE, 0x00, 0xF0, 0x03, 0xFF, 0x80,
    0x3C, 0x00, 0x00, 0x00, 0x0F, 0x80, 0x00, 0x00, 0x03, 0x60, 0x00, 0x00, 0x00, 0xD8, 0x00, 0x00,
    0x00, 0x36, 0x00, 0x00, 0x00, 0x1C, 0xC0, 0x00, 0x00, 0x06, 0x30, 0x00, 0x00, 0x03, 0x86, 0x00,
    0x00, 0x00, 0xC1, 0xC0, 0x00, 0x00, 0x70, 0x38, 0x00, 0x00, 0x38, 0x07, 0x00, 0x00, 0x1C, 0x00,
    0xE0, 0x00, 0x0E, 0x00, 0x1E, 0x00, 0x0F, 0x00, 0x03, 0xF0, 0x1F, 0x00, 0x00, 0x3F, 0xFF, 0x00,
    0x00, 0x01, 0xFF, 0x00, 0x00, 0x00, 0x07, 0xFC, 0x00, 0x00, 0x0F, 0xFF, 0xE0, 0x00, 0x0F, 0x80,
    0x7E, 0x00, 0x07, 0x80, 0x03, 0xC0, 0x03, 0x80, 0x00, 0x38, 0x01, 0xC0, 0x00, 0x07, 0x00, 0xE0,
    0x00, 0x00, 0xE0, 0x70, 0x00, 0x00, 0x1C, 0x38, 0x00, 0x00, 0x03, 0x0C, 0x00, 0x00, 0x00, 0xE3,
    0x00, 0x00, 0x00, 0x19, 0x80, 0x10, 0x10, 0x07, 0x60, 0x0C, 0x0E, 0x00, 0xD8, 0x01, 0x87, 0x00,
    0x3E, 0x00, 0x33, 0x80, 0x0F, 0x00, 0x07, 0xC0, 0x03, 0xC0, 0x00, 0xE0, 0x00, 0xF0, 0x00, 0x78,
    0x00, 0x3C, 0x00, 0x3B, 0x00, 0x0F, 0x80, 0x1C, 0x60, 0x03, 0x60, 0x0E, 0x0C, 0x00, 0xD8, 0x03,
    0x01, 0x80, 0x36, 0x00, 0x40, 0x40, 0x1C, 0xC0, 0x00, 0x00, 0x06, 0x30, 0x00, 0x00, 0x03, 0x86,
    0x00, 0x00, 0x00, 0xC1, 0xC0, 0x00, 0x00, 0x70, 0x38, 0x00, 0x00, 0x38, 0x07, 0x00, 0x00, 0x1C,
    0x00, 0xE0, 0x00, 0x0E, 0x00, 0x1E, 0x00, 0x0F, 0x00, 0x03, 0xF0, 0x1F, 0x00, 0x00, 0x3F, 0xFF,
    0x00, 0x00, 0x01, 0xFF, 0x00, 0x00, 0x00, 0x07, 0xFC, 0x00, 0x00, 0x0F, 0xFF, 0xE0, 0x00, 0x0F,
    0x80, 0x7E, 0x00, 0x07, 0x80, 0x03, 0xC0, 0x03, 0x80, 0x00, 0x38, 0x01, 0xC0, 0x00, 0x07, 0x00,
    0xE0, 0x00, 0x00, 0xE0, 0x70, 0x00, 0x00, 0x1C, 0x38, 0x00, 0x00, 0x03, 0x0C, 0x00, 0x00, 0x00,
    0xE3, 0x00, 0x00, 0x70, 0x19, 0x80, 0x00, 0x18, 0x07, 0x60, 0x00, 0x0C, 0x00, 0xD8, 0x00, 0x07,
    0x00, 0x3E, 0x00, 0x03, 0x80, 0x0F, 0x00, 0x01, 0xC0, 0x03, 0xC0, 0x00, 0xE0, 0x00, 0xF0, 0x00,
    0x30, 0x00, 0x3C, 0x00, 0x18, 0x00, 0x0F, 0x80, 0x0E, 0x00, 0x03, 0x60, 0x07, 0x00, 0x00, 0xD8,
    0x03, 0x80, 0x00, 0x36, 0x01, 0xC0, 0x00, 0x1C, 0xC0, 0x20, 0x00, 0x06, 0x30, 0x00, 0x00, 0x03,
    0x86, 0x00, 0x00, 0x00, 0xC1, 0xC0, 0x00, 0x00, 0x70, 0x38, 0x00, 0x00, 0x38, 0x07, 0x00, 0x00,
    0x1C, 0x00, 0xE0, 0x00, 0x0E, 0x00, 0x1E, 0x00, 0x0F, 0x00, 0x03, 0xF0, 0x1F, 0x00, 0x00, 0x3F,
    0xFF, 0x00, 0x00, 0x01, 0xFF, 0x00, 0x00,
};

static const EpdGlyph inter_ui_12_regularGlyphs[] = {
    { 1, 1, 234, 0, 1, 1, 0 }, // U+0000
    { 1, 1, 113, 0, 1, 1, 1 }, // U+0020
    { 3, 18, 115, 2, 18, 7, 2 }, // !
    { 6, 7, 186, 3, 18, 6, 9 }, // "
    { 15, 18, 253, 0, 18, 34, 15 }, // #
    { 14, 24, 257, 1, 21, 42, 49 }, // $
    { 19, 18, 393, 3, 18, 43, 91 }, // %
    { 15, 18, 258, 1, 18, 34, 134 }, // &
    { 2, 7, 120, 3, 18, 2, 168 }, // '
    { 5, 22, 146, 3, 19, 14, 170 }, // (
    { 5, 22, 146, 1, 19, 14, 184 }, // )
    { 10, 10, 200, 1, 18, 13, 198 }, // *
    { 12, 12, 265, 2, 13, 18, 211 }, // +
    { 3, 7, 115, 2, 2, 3, 229 }, // ,
    { 8, 2, 184, 2, 9, 2, 232 }, // -
    { 3, 3, 115, 2, 3, 2, 234 }, // .
    { 7, 22, 144, 1, 19, 20, 236 }, // /
    { 13, 18, 252, 1, 18, 30, 256 }, // 0
    { 7, 18, 163, 1, 18, 16, 286 }, // 1
    { 11, 18, 244, 2, 18, 25, 302 }, // 2
    { 12, 18, 247, 2, 18, 27, 327 }, // 3
    { 14, 18, 258, 1, 18, 32, 354 }, // 4
    { 11, 18, 237, 2, 18, 25, 386 }, // 5
    { 13, 18, 248, 1, 18, 30, 411 }, // 6
    { 12, 18, 226, 1, 18, 27, 441 }, // 7
    { 13, 18, 247, 1, 18, 30, 468 }, // 8
    { 13, 18, 248, 1, 18, 30, 498 }, // 9
    { 3, 13, 115, 2, 13, 5, 528 }, // :
    { 4, 18, 121, 2, 13, 9, 533 }, // ;
    { 12, 13, 265, 2, 14, 20, 542 }, // <
    { 11, 8, 265, 3, 11, 11, 562 }, // =
    { 11, 13, 265, 3, 14, 18, 573 }, // >
    { 11, 18, 204, 1, 18, 25, 591 }, // ?
    { 22, 23, 386, 1, 18, 64, 616 }, // @
    { 16, 18, 276, 1, 18, 36, 680 }, // A
    { 13, 18, 262, 2, 18, 30, 716 }, // B
    { 16, 18, 292, 1, 18, 36, 746 }, // C
    { 15, 18, 289, 2, 18, 34, 782 }, // D
    { 11, 18, 240, 2, 18, 25, 816 }, // E
    { 11, 18, 236, 2, 18, 25, 841 }, // F
    { 16, 18, 298, 1, 18, 36, 866 }, // G
    { 14, 18, 297, 2, 18, 32, 902 }, // H
    { 3, 18, 107, 2, 18, 7, 934 }, // I
    { 11, 18, 228, 1, 18, 25, 941 }, // J
    { 14, 18, 269, 2, 18, 32, 966 }, // K
    { 11, 18, 226, 2, 18, 25, 998 }, // L
    { 18, 18, 361, 2, 18, 41, 1023 }, // M
    { 15, 18, 301, 2, 18, 34, 1064 }, // N
    { 17, 18, 306, 1, 18, 39, 1098 }, // O
    { 13, 18, 255, 2, 18, 30, 1137 }, // P
    { 17, 20, 306, 1, 18, 43, 1167 }, // Q
    { 13, 18, 257, 2, 18, 30, 1210 }, // R
    { 14, 18, 257, 1, 18, 32, 1240 }, // S
    { 14, 18, 258, 1, 18, 32, 1272 }, // T
    { 14, 18, 298, 2, 18, 32, 1304 }, // U
    { 16, 18, 276, 1, 18, 36, 1336 }, // V
    { 23, 18, 394, 1, 18, 52, 1372 }, // W
    { 15, 18, 273, 1, 18, 34, 1424 }, // X
    { 15, 18, 271, 1, 18, 34, 1458 }, // Y
    { 13, 18, 252, 1, 18, 30, 1492 }, // Z
    { 5, 22, 146, 3, 19, 14, 1522 }, // [
    { 7, 22, 144, 1, 19, 20, 1536 }, // <backslash>
    { 5, 22, 146, 1, 19, 14, 1556 }, // ]
    { 10, 8, 188, 1, 18, 10, 1570 }, // ^
    { 11, 2, 182, 0, 0, 3, 1580 }, // _
    { 4, 4, 129, 2, 19, 2, 1583 }, // `
    { 11, 14, 225, 1, 14, 20, 1585 }, // a
    { 12, 18, 245, 2, 18, 27, 1605 }, // b
    { 12, 14, 229, 1, 14, 21, 1632 }, // c
    { 12, 18, 245, 1, 18, 27, 1653 }, // d
    { 12, 14, 233, 1, 14, 21, 1680 }, // e
    { 9, 19, 148, 0, 19, 22, 1701 }, // f
    { 12, 19, 245, 1, 14, 29, 1723 }, // g
    { 11, 18, 237, 2, 18, 25, 1752 }, // h
    { 3, 19, 97, 2, 19, 8, 1777 }, // i
    { 5, 24, 97, 0, 19, 15, 1785 }, // j
    { 11, 18, 220, 2, 18, 25, 1800 }, // k
    { 2, 18, 97, 2, 18, 5, 1825 }, // l
    { 18, 14, 350, 2, 14, 32, 1830 }, // m
    { 11, 14, 236, 2, 14, 20, 1862 }, // n
    { 13, 14, 240, 1, 14, 23, 1882 }, // o
    { 12, 19, 245, 2, 14, 29, 1905 }, // p
    { 12, 19, 245, 1, 14, 29, 1934 }, // q
    { 7, 14, 151, 2, 14, 13, 1963 }, // r
    { 11, 14, 211, 1, 14, 20, 1976 }, // s
    { 8, 17, 131, 0, 17, 17, 1996 }, // t
    { 11, 14, 237, 2, 14, 20, 2013 }, // u
    { 12, 14, 225, 1, 14, 21, 2033 }, // v
    { 19, 14, 327, 1, 14, 34, 2054 }, // w
    { 12, 14, 218, 1, 14, 21, 2088 }, // x
    { 12, 19, 225, 1, 14, 29, 2109 }, // y
    { 10, 14, 221, 2, 14, 18, 2138 }, // z
    { 7, 22, 171, 2, 19, 20, 2156 }, // {
    { 2, 30, 133, 3, 24, 8, 2176 }, // |
    { 8, 22, 171, 1, 19, 22, 2184 }, // }
    { 13, 5, 265, 2, 10, 9, 2206 }, // ~
    { 1, 1, 113, 0, 1, 1, 2215 }, // U+00A0
    { 3, 18, 115, 2, 14, 7, 2216 }, // U+00A1
    { 12, 18, 229, 1, 18, 27, 2223 }, // U+00A2
    { 13, 18, 244, 1, 18, 30, 2250 }, // U+00A3
    { 16, 15, 290, 1, 15, 30, 2280 }, // U+00A4
    { 13, 18, 220, 0, 18, 30, 2310 }, // U+00A5
    { 2, 21, 108, 2, 18, 6, 2340 }, // U+00A6
    { 12, 22, 227, 1, 18, 33, 2346 }, // U+00A7
    { 8, 3, 236, 3, 19, 3, 2379 }, // U+00A8
    { 19, 18, 366, 2, 18, 43, 2382 }, // U+00A9
    { 9, 10, 181, 1, 18, 12, 2425 }, // U+00AA
    { 13, 11, 233, 1, 13, 18, 2437 }, // U+00AB
    { 10, 5, 265, 3, 9, 7, 2455 }, // U+00AC
    { 14, 14, 266, 1, 18, 25, 2462 }, // U+00AE
    { 6, 2, 191, 3, 18, 2, 2487 }, // U+00AF
    { 8, 8, 182, 2, 18, 8, 2489 }, // U+00B0
    { 11, 13, 265, 3, 14, 18, 2497 }, // U+00B1
    { 9, 10, 177, 1, 21, 12, 2515 }, // U+00B2
    { 9, 10, 178, 1, 21, 12, 2527 }, // U+00B3
    { 4, 4, 129, 2, 19, 2, 2539 }, // U+00B4
    { 13, 19, 234, 2, 14, 31, 2541 }, // U+00B5
    { 12, 18, 241, 1, 18, 27, 2572 }, // U+00B6
    { 3, 3, 115, 2, 10, 2, 2599 }, // U+00B7
    { 4, 6, 107, 2, 1, 3, 2601 }, // U+00B8
    { 5, 10, 122, 1, 21, 7, 2604 }, // U+00B9
    { 10, 10, 193, 1, 18, 13, 2611 }, // U+00BA
    { 12, 11, 233, 1, 13, 17, 2624 }, // U+00BB
    { 18, 18, 321, 1, 18, 41, 2641 }, // U+00BC
    { 19, 18, 339, 1, 18, 43, 2682 }, // U+00BD
    { 20, 18, 353, 1, 18, 45, 2725 }, // U+00BE
    { 11, 19, 204, 1, 14, 27, 2770 }, // U+00BF
    { 16, 24, 276, 1, 24, 48, 2797 }, // U+00C0
    { 16, 24, 276, 1, 24, 48, 2845 }, // U+00C1
    { 16, 24, 276, 1, 24, 48, 2893 }, // U+00C2
    { 16, 24, 276, 1, 24, 48, 2941 }, // U+00C3
    { 16, 24, 276, 1, 24, 48, 2989 }, // U+00C4
    { 16, 25, 276, 1, 25, 50, 3037 }, // U+00C5
    { 22, 18, 397, 1, 18, 50, 3087 }, // U+00C6
    { 16, 23, 292, 1, 18, 46, 3137 }, // U+00C7
    { 11, 24, 240, 2, 24, 33, 3183 }, // U+00C8
    { 11, 24, 240, 2, 24, 33, 3216 }, // U+00C9
    { 11, 24, 240, 2, 24, 33, 3249 }, // U+00CA
    { 11, 24, 240, 2, 24, 33, 3282 }, // U+00CB
    { 5, 24, 107, 0, 24, 15, 3315 }, // U+00CC
    { 5, 24, 107, 2, 24, 15, 3330 }, // U+00CD
    { 8, 24, 107, -1, 24, 24, 3345 }, // U+00CE
    { 8, 24, 107, -1, 24, 24, 3369 }, // U+00CF
    { 17, 18, 294, 0, 18, 39, 3393 }, // U+00D0
    { 15, 24, 301, 2, 24, 45, 3432 }, // U+00D1
    { 17, 24, 306, 1, 24, 51, 3477 }, // U+00D2
    { 17, 24, 306, 1, 24, 51, 3528 }, // U+00D3
    { 17, 24, 306, 1, 24, 51, 3579 }, // U+00D4
    { 17, 24, 306, 1, 24, 51, 3630 }, // U+00D5
    { 17, 24, 306, 1, 24, 51, 3681 }, // U+00D6
    { 11, 12, 265, 3, 13, 17, 3732 }, // U+00D7
    { 17, 20, 306, 1, 19, 43, 3749 }, // U+00D8
    { 14, 24, 298, 2, 24, 42, 3792 }, // U+00D9
    { 14, 24, 298, 2, 24, 42, 3834 }, // U+00DA
    { 14, 24, 298, 2, 24, 42, 3876 }, // U+00DB
    { 14, 24, 298, 2, 24, 42, 3918 }, // U+00DC
    { 15, 24, 271, 1, 24, 45, 3960 }, // U+00DD
    { 12, 18, 254, 2, 18, 27, 4005 }, // U+00DE
    { 12, 18, 246, 2, 18, 27, 4032 }, // U+00DF
    { 11, 19, 225, 1, 19, 27, 4059 }, // U+00E0
    { 11, 19, 225, 1, 19, 27, 4086 }, // U+00E1
    { 11, 19, 225, 1, 19, 27, 4113 }, // U+00E2
    { 11, 19, 225, 1, 19, 27, 4140 }, // U+00E3
    { 11, 19, 225, 1, 19, 27, 4167 }, // U+00E4
    { 11, 21, 225, 1, 21, 29, 4194 }, // U+00E5
    { 21, 14, 367, 1, 14, 37, 4223 }, // U+00E6
    { 12, 19, 229, 1, 14, 29, 4260 }, // U+00E7
    { 12, 19, 233, 1, 19, 29, 4289 }, // U+00E8
    { 12, 19, 233, 1, 19, 29, 4318 }, // U+00E9
    { 12, 19, 233, 1, 19, 29, 4347 }, // U+00EA
    { 12, 19, 233, 1, 19, 29, 4376 }, // U+00EB
    { 4, 19, 97, 0, 19, 10, 4405 }, // U+00EC
    { 4, 19, 97, 2, 19, 10, 4415 }, // U+00ED
    { 8, 19, 97, -1, 19, 19, 4425 }, // U+00EE
    { 8, 19, 97, -1, 19, 19, 4444 }, // U+00EF
    { 12, 19, 233, 1, 19, 29, 4463 }, // U+00F0
    { 11, 19, 236, 2, 19, 27, 4492 }, // U+00F1
    { 13, 19, 240, 1, 19, 31, 4519 }, // U+00F2
    { 13, 19, 240, 1, 19, 31, 4550 }, // U+00F3
    { 13, 19, 240, 1, 19, 31, 4581 }, // U+00F4
    { 13, 19, 240, 1, 19, 31, 4612 }, // U+00F5
    { 13, 19, 240, 1, 19, 31, 4643 }, // U+00F6
    { 11, 12, 265, 3, 13, 17, 4674 }, // U+00F7
    { 13, 15, 240, 1, 14, 25, 4691 }, // U+00F8
    { 11, 19, 237, 2, 19, 27, 4716 }, // U+00F9
    { 11, 19, 237, 2, 19, 27, 4743 }, // U+00FA
    { 11, 19, 237, 2, 19, 27, 4770 }, // U+00FB
    { 11, 19, 237, 2, 19, 27, 4797 }, // U+00FC
    { 12, 24, 225, 1, 19, 36, 4824 }, // U+00FD
    { 12, 23, 245, 2, 18, 35, 4860 }, // U+00FE
    { 12, 24, 225, 1, 19, 36, 4895 }, // U+00FF
    { 16, 23, 276, 1, 23, 46, 4931 }, // U+0100
    { 11, 18, 225, 1, 18, 25, 4977 }, // U+0101
    { 16, 24, 276, 1, 24, 48, 5002 }, // U+0102
    { 11, 19, 225, 1, 19, 27, 5050 }, // U+0103
    { 16, 23, 276, 1, 18, 46, 5077 }, // U+0104
    { 12, 19, 225, 1, 14, 29, 5123 }, // U+0105
    { 16, 24, 292, 1, 24, 48, 5152 }, // U+0106
    { 12, 19, 229, 1, 19, 29, 5200 }, // U+0107
    { 16, 24, 292, 1, 24, 48, 5229 }, // U+0108
    { 12, 19, 229, 1, 19, 29, 5277 }, // U+0109
    { 16, 24, 292, 1, 24, 48, 5306 }, // U+010A
    { 12, 19, 229, 1, 19, 29, 5354 }, // U+010B
    { 16, 24, 292, 1, 24, 48, 5383 }, // U+010C
    { 12, 19, 229, 1, 19, 29, 5431 }, // U+010D
    { 15, 24, 289, 2, 24, 45, 5460 }, // U+010E
    { 16, 19, 284, 1, 19, 38, 5505 }, // U+010F
    { 17, 18, 294, 0, 18, 39, 5543 }, // U+0110
    { 14, 18, 245, 1, 18, 32, 5582 }, // U+0111
    { 11, 23, 240, 2, 23, 32, 5614 }, // U+0112
    { 12, 18, 233, 1, 18, 27, 5646 }, // U+0113
    { 11, 24, 240, 2, 24, 33, 5673 }, // U+0114
    { 12, 19, 233, 1, 19, 29, 5706 }, // U+0115
    { 11, 24, 240, 2, 24, 33, 5735 }, // U+0116
    { 12, 19, 233, 1, 19, 29, 5768 }, // U+0117
    { 12, 23, 240, 2, 18, 35, 5797 }, // U+0118
    { 12, 19, 233, 1, 14, 29, 5832 }, // U+0119
    { 11, 24, 240, 2, 24, 33, 5861 }, // U+011A
    { 12, 19, 233, 1, 19, 29, 5894 }, // U+011B
    { 16, 24, 298, 1, 24, 48, 5923 }, // U+011C
    { 12, 24, 245, 1, 19, 36, 5971 }, // U+011D
    { 16, 24, 298, 1, 24, 48, 6007 }, // U+011E
    { 12, 24, 245, 1, 19, 36, 6055 }, // U+011F
    { 16, 24, 298, 1, 24, 48, 6091 }, // U+0120
    { 12, 24, 245, 1, 19, 36, 6139 }, // U+0121
    { 16, 24, 298, 1, 18, 48, 6175 }, // U+0122
    { 12, 25, 245, 1, 20, 38, 6223 }, // U+0123
    { 14, 24, 297, 2, 24, 42, 6261 }, // U+0124
    { 14, 24, 237, -1, 24, 42, 6303 }, // U+0125
    { 17, 18, 311, 1, 18, 39, 6345 }, // U+0126
    { 13, 18, 237, 0, 18, 30, 6384 }, // U+0127
    { 7, 24, 107, 0, 24, 21, 6414 }, // U+0128
    { 8, 19, 97, -1, 19, 19, 6435 }, // U+0129
    { 7, 23, 107, 0, 23, 21, 6454 }, // U+012A
    { 6, 18, 97, 0, 18, 14, 6475 }, // U+012B
    { 7, 24, 107, 0, 24, 21, 6489 }, // U+012C
    { 8, 19, 97, -1, 19, 19, 6510 }, // U+012D
    { 5, 23, 107, 0, 18, 15, 6529 }, // U+012E
    { 5, 24, 97, 0, 19, 15, 6544 }, // U+012F
    { 3, 24, 107, 2, 24, 9, 6559 }, // U+0130
    { 2, 14, 97, 2, 14, 4, 6568 }, // U+0131
    { 17, 18, 336, 2, 18, 39, 6572 }, // U+0132
    { 9, 24, 194, 2, 19, 27, 6611 }, // U+0133
    { 14, 24, 228, 1, 24, 42, 6638 }, // U+0134
    { 8, 24, 97, -1, 19, 24, 6680 }, // U+0135
    { 14, 24, 269, 2, 18, 42, 6704 }, // U+0136
    { 11, 24, 220, 2, 18, 33, 6746 }, // U+0137
    { 11, 14, 210, 2, 14, 20, 6779 }, // U+0138
    { 11, 24, 226, 2, 24, 33, 6799 }, // U+0139
    { 4, 24, 97, 2, 24, 12, 6832 }, // U+013A
    { 11, 24, 226, 2, 18, 33, 6844 }, // U+013B
    { 3, 24, 97, 1, 18, 9, 6877 }, // U+013C
    { 11, 19, 226, 2, 19, 27, 6886 }, // U+013D
    { 6, 19, 136, 2, 19, 15, 6913 }, // U+013E
    { 11, 18, 225, 2, 18, 25, 6928 }, // U+013F
    { 7, 18, 144, 2, 18, 16, 6953 }, // U+0140
    { 13, 18, 238, 1, 18, 30, 6969 }, // U+0141
    { 6, 18, 97, 0, 18, 14, 6999 }, // U+0142
    { 15, 24, 301, 2, 24, 45, 7013 }, // U+0143
    { 11, 19, 236, 2, 19, 27, 7058 }, // U+0144
    { 15, 24, 301, 2, 18, 45, 7085 }, // U+0145
    { 11, 20, 236, 2, 14, 28, 7130 }, // U+0146
    { 15, 24, 301, 2, 24, 45, 7158 }, // U+0147
    { 11, 19, 236, 2, 19, 27, 7203 }, // U+0148
    { 15, 23, 301, 2, 18, 44, 7230 }, // U+014A
    { 11, 19, 236, 2, 14, 27, 7274 }, // U+014B
    { 17, 23, 306, 1, 23, 49, 7301 }, // U+014C
    { 13, 18, 240, 1, 18, 30, 7350 }, // U+014D
    { 17, 24, 306, 1, 24, 51, 7380 }, // U+014E
    { 13, 19, 240, 1, 19, 31, 7431 }, // U+014F
    { 17, 24, 306, 1, 24, 51, 7462 }, // U+0150
    { 13, 19, 240, 1, 19, 31, 7513 }, // U+0151
    { 22, 18, 402, 1, 18, 50, 7544 }, // U+0152
    { 23, 14, 400, 1, 14, 41, 7594 }, // U+0153
    { 13, 24, 257, 2, 24, 39, 7635 }, // U+0154
    { 7, 19, 151, 2, 19, 17, 7674 }, // U+0155
    { 13, 24, 257, 2, 18, 39, 7691 }, // U+0156
    { 8, 20, 151, 1, 14, 20, 7730 }, // U+0157
    { 13, 24, 257, 2, 24, 39, 7750 }, // U+0158
    { 8, 19, 151, 1, 19, 19, 7789 }, // U+0159
    { 14, 24, 257, 1, 24, 42, 7808 }, // U+015A
    { 11, 19, 211, 1, 19, 27, 7850 }, // U+015B
    { 14, 24, 257, 1, 24, 42, 7877 }, // U+015C
    { 11, 19, 211, 1, 19, 27, 7919 }, // U+015D
    { 14, 23, 257, 1, 18, 41, 7946 }, // U+015E
    { 11, 19, 211, 1, 14, 27, 7987 }, // U+015F
    { 14, 24, 257, 1, 24, 42, 8014 }, // U+0160
    { 11, 19, 211, 1, 19, 27, 8056 }, // U+0161
    { 14, 23, 258, 1, 18, 41, 8083 }, // U+0162
    { 8, 22, 131, 0, 17, 22, 8124 }, // U+0163
    { 14, 24, 258, 1, 24, 42, 8146 }, // U+0164
    { 8, 20, 150, 0, 20, 20, 8188 }, // U+0165
    { 14, 18, 258, 1, 18, 32, 8208 }, // U+0166
    { 8, 17, 131, 0, 17, 17, 8240 }, // U+0167
    { 14, 24, 298, 2, 24, 42, 8257 }, // U+0168
    { 11, 19, 237, 2, 19, 27, 8299 }, // U+0169
    { 14, 23, 298, 2, 23, 41, 8326 }, // U+016A
    { 11, 18, 237, 2, 18, 25, 8367 }, // U+016B
    { 14, 24, 298, 2, 24, 42, 8392 }, // U+016C
    { 11, 19, 237, 2, 19, 27, 8434 }, // U+016D
    { 14, 25, 298, 2, 25, 44, 8461 }, // U+016E
    { 11, 21, 237, 2, 21, 29, 8505 }, // U+016F
    { 14, 24, 298, 2, 24, 42, 8534 }, // U+0170
    { 11, 19, 237, 2, 19, 27, 8576 }, // U+0171
    { 14, 23, 298, 2, 18, 41, 8603 }, // U+0172
    { 12, 19, 237, 2, 14, 29, 8644 }, // U+0173
    { 23, 24, 394, 1, 24, 69, 8673 }, // U+0174
    { 19, 19, 327, 1, 19, 46, 8742 }, // U+0175
    { 15, 24, 271, 1, 24, 45, 8788 }, // U+0176
    { 12, 24, 225, 1, 19, 36, 8833 }, // U+0177
    { 15, 24, 271, 1, 24, 45, 8869 }, // U+0178
    { 13, 24, 252, 1, 24, 39, 8914 }, // U+0179
    { 10, 19, 221, 2, 19, 24, 8953 }, // U+017A
    { 13, 24, 252, 1, 24, 39, 8977 }, // U+017B
    { 10, 19, 221, 2, 19, 24, 9016 }, // U+017C
    { 13, 24, 252, 1, 24, 39, 9040 }, // U+017D
    { 10, 19, 221, 2, 19, 24, 9079 }, // U+017E
    { 6, 19, 126, 2, 19, 15, 9103 }, // U+017F
    { 17, 21, 305, 1, 21, 45, 9118 }, // U+01A0
    { 13, 17, 239, 1, 17, 28, 9163 }, // U+01A1
    { 17, 21, 296, 2, 21, 45, 9191 }, // U+01AF
    { 13, 17, 248, 2, 17, 28, 9236 }, // U+01B0
    { 28, 19, 510, 2, 19, 67, 9264 }, // U+01C5
    { 27, 19, 466, 1, 19, 65, 9331 }, // U+01C6
    { 24, 18, 454, 2, 18, 54, 9396 }, // U+01C7
    { 17, 24, 323, 2, 19, 51, 9450 }, // U+01C8
    { 9, 24, 194, 2, 19, 27, 9501 }, // U+01C9
    { 29, 18, 530, 2, 18, 66, 9528 }, // U+01CA
    { 21, 24, 398, 2, 19, 63, 9594 }, // U+01CB
    { 17, 24, 333, 2, 19, 51, 9657 }, // U+01CC
    { 16, 24, 276, 1, 24, 48, 9708 }, // U+01CD
    { 11, 19, 225, 1, 19, 27, 9756 }, // U+01CE
    { 8, 24, 107, -1, 24, 24, 9783 }, // U+01CF
    { 8, 19, 97, -1, 19, 19, 9807 }, // U+01D0
    { 17, 24, 306, 1, 24, 51, 9826 }, // U+01D1
    { 13, 19, 240, 1, 19, 31, 9877 }, // U+01D2
    { 14, 24, 298, 2, 24, 42, 9908 }, // U+01D3
    { 11, 19, 237, 2, 19, 27, 9950 }, // U+01D4
    { 14, 27, 298, 2, 27, 48, 9977 }, // U+01D5
    { 11, 22, 237, 2, 22, 31, 10025 }, // U+01D6
    { 14, 28, 298, 2, 28, 49, 10056 }, // U+01D7
    { 11, 23, 237, 2, 23, 32, 10105 }, // U+01D8
    { 14, 28, 298, 2, 28, 49, 10137 }, // U+01D9
    { 11, 23, 237, 2, 23, 32, 10186 }, // U+01DA
    { 14, 28, 298, 2, 28, 49, 10218 }, // U+01DB
    { 11, 23, 237, 2, 23, 32, 10267 }, // U+01DC
    { 12, 14, 233, 1, 14, 21, 10299 }, // U+01DD
    { 16, 27, 276, 1, 27, 54, 10320 }, // U+01DE
    { 11, 22, 225, 1, 22, 31, 10374 }, // U+01DF
    { 16, 27, 276, 1, 27, 54, 10405 }, // U+01E0
    { 11, 22, 225, 1, 22, 31, 10459 }, // U+01E1
    { 22, 23, 397, 1, 23, 64, 10490 }, // U+01E2
    { 21, 18, 367, 1, 18, 48, 10554 }, // U+01E3
    { 17, 18, 298, 1, 18, 39, 10602 }, // U+01E4
    { 15, 19, 269, 1, 14, 36, 10641 }, // U+01E5
    { 16, 24, 298, 1, 24, 48, 10677 }, // U+01E6
    { 12, 24, 245, 1, 19, 36, 10725 }, // U+01E7
    { 14, 24, 269, 2, 24, 42, 10761 }, // U+01E8
    { 14, 24, 220, -1, 24, 42, 10803 }, // U+01E9
    { 17, 23, 306, 1, 18, 49, 10845 }, // U+01EA
    { 13, 19, 240, 1, 14, 31, 10894 }, // U+01EB
    { 17, 28, 306, 1, 23, 60, 10925 }, // U+01EC
    { 13, 23, 240, 1, 18, 38, 10985 }, // U+01ED
    { 15, 29, 274, 1, 24, 55, 11023 }, // U+01EE
    { 12, 24, 248, 2, 19, 36, 11078 }, // U+01EF
    { 8, 24, 97, -1, 19, 24, 11114 }, // U+01F0
    { 30, 18, 540, 2, 18, 68, 11138 }, // U+01F1
    { 28, 18, 510, 2, 18, 63, 11206 }, // U+01F2
    { 27, 18, 466, 1, 18, 61, 11269 }, // U+01F3
    { 16, 24, 298, 1, 24, 48, 11330 }, // U+01F4
    { 12, 24, 245, 1, 19, 36, 11378 }, // U+01F5
    { 24, 18, 447, 2, 18, 54, 11414 }, // U+01F6
    { 14, 23, 254, 1, 18, 41, 11468 }, // U+01F7
    { 15, 24, 301, 2, 24, 45, 11509 }, // U+01F8
    { 11, 19, 236, 2, 19, 27, 11554 }, // U+01F9
    { 16, 28, 276, 1, 28, 56, 11581 }, // U+01FA
    { 11, 24, 225, 1, 24, 33, 11637 }, // U+01FB
    { 22, 24, 397, 1, 24, 66, 11670 }, // U+01FC
    { 21, 19, 367, 1, 19, 50, 11736 }, // U+01FD
    { 17, 25, 306, 1, 24, 54, 11786 }, // U+01FE
    { 13, 20, 240, 1, 19, 33, 11840 }, // U+01FF
    { 16, 24, 276, 1, 24, 48, 11873 }, // U+0200
    { 11, 19, 225, 1, 19, 27, 11921 }, // U+0201
    { 16, 24, 276, 1, 24, 48, 11948 }, // U+0202
    { 11, 19, 225, 1, 19, 27, 11996 }, // U+0203
    { 11, 24, 240, 2, 24, 33, 12023 }, // U+0204
    { 12, 19, 233, 1, 19, 29, 12056 }, // U+0205
    { 11, 24, 240, 2, 24, 33, 12085 }, // U+0206
    { 12, 19, 233, 1, 19, 29, 12118 }, // U+0207
    { 8, 24, 107, -2, 24, 24, 12147 }, // U+0208
    { 9, 19, 97, -3, 19, 22, 12171 }, // U+0209
    { 7, 24, 107, 0, 24, 21, 12193 }, // U+020A
    { 8, 19, 97, -1, 19, 19, 12214 }, // U+020B
    { 17, 24, 306, 1, 24, 51, 12233 }, // U+020C
    { 13, 19, 240, 1, 19, 31, 12284 }, // U+020D
    { 17, 24, 306, 1, 24, 51, 12315 }, // U+020E
    { 13, 19, 240, 1, 19, 31, 12366 }, // U+020F
    { 13, 24, 257, 2, 24, 39, 12397 }, // U+0210
    { 9, 19, 151, 0, 19, 22, 12436 }, // U+0211
    { 13, 24, 257, 2, 24, 39, 12458 }, // U+0212
    { 8, 19, 151, 1, 19, 19, 12497 }, // U+0213
    { 14, 24, 298, 2, 24, 42, 12516 }, // U+0214
    { 11, 19, 237, 2, 19, 27, 12558 }, // U+0215
    { 14, 24, 298, 2, 24, 42, 12585 }, // U+0216
    { 11, 19, 237, 2, 19, 27, 12627 }, // U+0217
    { 14, 24, 257, 1, 18, 42, 12654 }, // U+0218
    { 11, 20, 211, 1, 14, 28, 12696 }, // U+0219
    { 14, 24, 258, 1, 18, 42, 12724 }, // U+021A
    { 8, 23, 131, 0, 17, 23, 12766 }, // U+021B
    { 12, 23, 254, 2, 18, 35, 12789 }, // U+021C
    { 10, 19, 217, 2, 14, 24, 12824 }, // U+021D
    { 14, 24, 297, 2, 24, 42, 12848 }, // U+021E
    { 14, 24, 237, -1, 24, 42, 12890 }, // U+021F
    { 4, 4, 0, 2, 19, 2, 12932 }, // U+0300
    { 4, 4, 0, 2, 19, 2, 12934 }, // U+0301
    { 8, 3, 0, 1, 19, 3, 12936 }, // U+0302
    { 7, 3, 0, 3, 19, 3, 12939 }, // U+0303
    { 6, 2, 0, 3, 18, 2, 12942 }, // U+0304
    { 7, 3, 0, 1, 19, 3, 12944 }, // U+0306
    { 4, 3, 0, 1, 19, 2, 12947 }, // U+0307
    { 8, 3, 0, 3, 19, 3, 12949 }, // U+0308
    { 4, 4, 0, 1, 19, 2, 12952 }, // U+0309
    { 6, 6, 0, 1, 21, 5, 12954 }, // U+030A
    { 8, 3, 0, 1, 19, 3, 12959 }, // U+030C
    { 8, 4, 0, 2, 19, 4, 12962 }, // U+030F
    { 3, 7, 0, 5, 12, 3, 12966 }, // U+0313
    { 3, 7, 0, 5, 12, 3, 12969 }, // U+0315
    { 4, 5, 0, -5, 17, 3, 12972 }, // U+031B
    { 4, 3, 97, 1, -2, 2, 12975 }, // U+0323
    { 4, 5, 0, -10, -2, 3, 12977 }, // U+0326
    { 4, 6, 0, 2, 1, 3, 12980 }, // U+0327
    { 5, 5, 0, 1, 0, 4, 12983 }, // U+0328
    { 8, 3, 0, 1, -2, 3, 12987 }, // U+032C
    { 10, 17, 0, -12, 15, 22, 12990 }, // U+0337
    { 14, 20, 0, -14, 19, 35, 13012 }, // U+0338
    { 7, 3, 0, -10, 19, 3, 13047 }, // U+0342
    { 4, 5, 0, 0, 16, 3, 13050 }, // U+0343
    { 8, 5, 0, -11, 20, 5, 13053 }, // U+0346
    { 7, 5, 0, -11, -3, 5, 13058 }, // U+0347
    { 5, 5, 0, -9, -1, 4, 13063 }, // U+0348
    { 5, 5, 0, -9, -1, 4, 13067 }, // U+0349
    { 9, 5, 0, -12, 19, 6, 13071 }, // U+034A
    { 9, 9, 0, -12, 23, 11, 13077 }, // U+034B
    { 8, 5, 0, -11, 20, 5, 13088 }, // U+034C
    { 10, 6, 0, -12, -1, 8, 13093 }, // U+034D
    { 6, 6, 0, -10, -1, 5, 13101 }, // U+034E
    { 1, 1, 0, 0, 1, 1, 13106 }, // U+034F
    { 9, 9, 0, -11, 24, 11, 13107 }, // U+0350
    { 3, 4, 0, -8, 18, 2, 13118 }, // U+0351
    { 8, 7, 0, -11, 21, 7, 13120 }, // U+0352
    { 6, 5, 0, -9, -1, 4, 13127 }, // U+0353
    { 6, 6, 0, -9, -1, 5, 13131 }, // U+0354
    { 7, 6, 0, -9, -1, 6, 13136 }, // U+0355
    { 13, 6, 0, -11, -1, 10, 13142 }, // U+0356
    { 3, 6, 0, 1, 21, 3, 13152 }, // U+0357
    { 4, 3, 0, 1, 19, 2, 13155 }, // U+0358
    { 6, 5, 0, -10, -1, 4, 13157 }, // U+0359
    { 10, 5, 0, -12, -1, 7, 13161 }, // U+035A
    { 4, 6, 0, -9, 20, 3, 13168 }, // U+035B
    { 18, 4, 0, -9, -1, 9, 13171 }, // U+035C
    { 18, 4, 0, -9, 18, 9, 13180 }, // U+035D
    { 14, 2, 0, -14, 18, 4, 13189 }, // U+035E
    { 14, 2, 0, -14, -3, 4, 13193 }, // U+035F
    { 24, 4, 0, -12, 19, 12, 13197 }, // U+0360
    { 18, 4, 0, -9, 18, 9, 13209 }, // U+0361
    { 18, 6, 0, -8, -1, 14, 13218 }, // U+0362
    { 6, 6, 0, -10, 21, 5, 13232 }, // U+0363
    { 6, 7, 0, -10, 21, 6, 13237 }, // U+0364
    { 2, 9, 0, -8, 24, 3, 13243 }, // U+0365
    { 6, 7, 0, -10, 21, 6, 13246 }, // U+0366
    { 6, 6, 0, -10, 21, 5, 13252 }, // U+0367
    { 6, 7, 0, -10, 21, 6, 13257 }, // U+0368
    { 6, 10, 0, -10, 24, 8, 13263 }, // U+0369
    { 6, 9, 0, -10, 24, 7, 13271 }, // U+036A
    { 10, 6, 0, -12, 21, 8, 13278 }, // U+036B
    { 4, 6, 0, -9, 21, 3, 13286 }, // U+036C
    { 5, 8, 0, 0, 23, 5, 13289 }, // U+036D
    { 6, 6, 0, -10, 21, 5, 13294 }, // U+036E
    { 6, 6, 0, -9, 21, 5, 13299 }, // U+036F
    { 11, 24, 240, 2, 24, 33, 13304 }, // U+0400
    { 11, 24, 240, 2, 24, 33, 13337 }, // U+0401
    { 19, 19, 337, 1, 18, 46, 13370 }, // U+0402
    { 11, 24, 231, 2, 24, 33, 13416 }, // U+0403
    { 16, 18, 292, 1, 18, 36, 13449 }, // U+0404
    { 14, 18, 257, 1, 18, 32, 13485 }, // U+0405
    { 3, 18, 107, 2, 18, 7, 13517 }, // U+0406
    { 8, 24, 107, -1, 24, 24, 13524 }, // U+0407
    { 11, 18, 228, 1, 18, 25, 13548 }, // U+0408
    { 26, 18, 445, 1, 18, 59, 13573 }, // U+0409
    { 25, 18, 450, 2, 18, 57, 13632 }, // U+040A
    { 19, 18, 354, 1, 18, 43, 13689 }, // U+040B
    { 14, 24, 269, 2, 24, 42, 13732 }, // U+040C
    { 15, 24, 301, 2, 24, 45, 13774 }, // U+040D
    { 14, 24, 251, 1, 24, 42, 13819 }, // U+040E
    { 14, 22, 289, 2, 18, 39, 13861 }, // U+040F
    { 16, 18, 276, 1, 18, 36, 13900 }, // U+0410
    { 13, 18, 258, 2, 18, 30, 13936 }, // U+0411
    { 13, 18, 262, 2, 18, 30, 13966 }, // U+0412
    { 11, 18, 231, 2, 18, 25, 13996 }, // U+0413
    { 18, 22, 328, 1, 18, 50, 14021 }, // U+0414
    { 11, 18, 240, 2, 18, 25, 14071 }, // U+0415
    { 22, 18, 384, 1, 18, 50, 14096 }, // U+0416
    { 12, 18, 247, 2, 18, 27, 14146 }, // U+0417
    { 15, 18, 301, 2, 18, 34, 14173 }, // U+0418
    { 15, 24, 301, 2, 24, 45, 14207 }, // U+0419
    { 14, 18, 269, 2, 18, 32, 14252 }, // U+041A
    { 16, 18, 299, 1, 18, 36, 14284 }, // U+041B
    { 18, 18, 361, 2, 18, 41, 14320 }, // U+041C
    { 14, 18, 297, 2, 18, 32, 14361 }, // U+041D
    { 17, 18, 306, 1, 18, 39, 14393 }, // U+041E
    { 14, 18, 297, 2, 18, 32, 14432 }, // U+041F
    { 13, 18, 255, 2, 18, 30, 14464 }, // U+0420
    { 16, 18, 292, 1, 18, 36, 14494 }, // U+0421
    { 14, 18, 258, 1, 18, 32, 14530 }, // U+0422
    { 14, 18, 251, 1, 18, 32, 14562 }, // U+0423
    { 18, 20, 331, 1, 19, 45, 14594 }, // U+0424
    { 15, 18, 273, 1, 18, 34, 14639 }, // U+0425
    { 16, 22, 288, 2, 18, 44, 14673 }, // U+0426
    { 13, 18, 280, 2, 18, 30, 14717 }, // U+0427
    { 20, 18, 383, 2, 18, 45, 14747 }, // U+0428
    { 22, 22, 389, 2, 18, 61, 14792 }, // U+0429
    { 18, 18, 327, 1, 18, 41, 14853 }, // U+042A
    { 18, 18, 353, 2, 18, 41, 14894 }, // U+042B
    { 13, 18, 260, 2, 18, 30, 14935 }, // U+042C
    { 16, 18, 292, 1, 18, 36, 14965 }, // U+042D
    { 22, 18, 406, 2, 18, 50, 15001 }, // U+042E
    { 13, 18, 257, 1, 18, 30, 15051 }, // U+042F
    { 11, 14, 225, 1, 14, 20, 15081 }, // U+0430
    { 13, 18, 238, 1, 18, 30, 15101 }, // U+0431
    { 11, 14, 226, 2, 14, 20, 15131 }, // U+0432
    { 8, 14, 174, 2, 14, 14, 15151 }, // U+0433
    { 15, 18, 245, 0, 14, 34, 15165 }, // U+0434
    { 12, 14, 233, 1, 14, 21, 15199 }, // U+0435
    { 18, 14, 324, 1, 14, 32, 15220 }, // U+0436
    { 10, 14, 198, 1, 14, 18, 15252 }, // U+0437
    { 11, 14, 237, 2, 14, 20, 15270 }, // U+0438
    { 11, 19, 237, 2, 19, 27, 15290 }, // U+0439
    { 11, 14, 217, 2, 14, 20, 15317 }, // U+043A
    { 12, 14, 230, 0, 14, 21, 15337 }, // U+043B
    { 15, 14, 308, 2, 14, 27, 15358 }, // U+043C
    { 11, 14, 235, 2, 14, 20, 15385 }, // U+043D
    { 13, 14, 240, 1, 14, 23, 15405 }, // U+043E
    { 11, 14, 235, 2, 14, 20, 15428 }, // U+043F
    { 12, 19, 245, 2, 14, 29, 15448 }, // U+0440
    { 12, 14, 229, 1, 14, 21, 15477 }, // U+0441
    { 11, 14, 186, 0, 14, 20, 15498 }, // U+0442
    { 12, 19, 225, 1, 14, 29, 15518 }, // U+0443
    { 15, 23, 275, 1, 18, 44, 15547 }, // U+0444
    { 12, 14, 218, 1, 14, 21, 15591 }, // U+0445
    { 13, 18, 239, 2, 14, 30, 15612 }, // U+0446
    { 11, 14, 231, 2, 14, 20, 15642 }, // U+0447
    { 17, 14, 329, 2, 14, 30, 15662 }, // U+0448
    { 18, 18, 335, 2, 14, 41, 15692 }, // U+0449
    { 15, 14, 257, 0, 14, 27, 15733 }, // U+044A
    { 14, 14, 295, 2, 14, 25, 15760 }, // U+044B
    { 11, 14, 223, 2, 14, 20, 15785 }, // U+044C
    { 12, 14, 229, 1, 14, 21, 15805 }, // U+044D
    { 18, 14, 337, 2, 14, 32, 15826 }, // U+044E
    { 11, 14, 222, 1, 14, 20, 15858 }, // U+044F
    { 12, 19, 233, 1, 19, 29, 15878 }, // U+0450
    { 12, 19, 233, 1, 19, 29, 15907 }, // U+0451
    { 13, 23, 237, 0, 18, 38, 15936 }, // U+0452
    { 8, 19, 174, 2, 19, 19, 15974 }, // U+0453
    { 12, 14, 229, 1, 14, 21, 15993 }, // U+0454
    { 11, 14, 211, 1, 14, 20, 16014 }, // U+0455
    { 3, 19, 97, 2, 19, 8, 16034 }, // U+0456
    { 8, 19, 97, -1, 19, 19, 16042 }, // U+0457
    { 5, 24, 97, 0, 19, 15, 16061 }, // U+0458
    { 22, 14, 370, 0, 14, 39, 16076 }, // U+0459
    { 19, 14, 359, 2, 14, 34, 16115 }, // U+045A
    { 13, 18, 237, 0, 18, 30, 16149 }, // U+045B
    { 11, 19, 217, 2, 19, 27, 16179 }, // U+045C
    { 11, 19, 237, 2, 19, 27, 16206 }, // U+045D
    { 12, 24, 225, 1, 19, 36, 16233 }, // U+045E
    { 11, 18, 235, 2, 14, 25, 16269 }, // U+045F
    { 18, 18, 359, 2, 18, 41, 16294 }, // U+0460
    { 16, 14, 323, 2, 14, 28, 16335 }, // U+0461
    { 16, 18, 275, 0, 18, 36, 16363 }, // U+0462
    { 14, 18, 246, 0, 18, 32, 16399 }, // U+0463
    { 21, 18, 382, 2, 18, 48, 16431 }, // U+0464
    { 16, 14, 313, 2, 14, 28, 16479 }, // U+0465
    { 16, 18, 276, 1, 18, 36, 16507 }, // U+0466
    { 13, 14, 228, 1, 14, 23, 16543 }, // U+0467
    { 21, 18, 375, 2, 18, 48, 16566 }, // U+0468
    { 17, 14, 310, 2, 14, 30, 16614 }, // U+0469
    { 17, 18, 341, 2, 18, 39, 16644 }, // U+046A
    { 15, 14, 278, 1, 14, 27, 16683 }, // U+046B
    { 25, 18, 458, 2, 18, 57, 16710 }, // U+046C
    { 21, 14, 383, 2, 14, 37, 16767 }, // U+046D
    { 10, 28, 218, 2, 23, 35, 16804 }, // U+046E
    { 10, 24, 209, 1, 19, 30, 16839 }, // U+046F
    { 18, 18, 352, 2, 18, 41, 16869 }, // U+0470
    { 16, 22, 311, 2, 17, 44, 16910 }, // U+0471
    { 17, 18, 306, 1, 18, 39, 16954 }, // U+0472
    { 13, 14, 240, 1, 14, 23, 16993 }, // U+0473
    { 16, 18, 282, 1, 18, 36, 17016 }, // U+0474
    { 13, 14, 237, 1, 14, 23, 17052 }, // U+0475
    { 16, 24, 282, 1, 24, 48, 17075 }, // U+0476
    { 13, 19, 237, 1, 19, 31, 17123 }, // U+0477
    { 32, 23, 531, 1, 18, 92, 17154 }, // U+0478
    { 27, 19, 457, 1, 14, 65, 17246 }, // U+0479
    { 15, 18, 284, 1, 18, 34, 17311 }, // U+0480
    { 12, 18, 226, 1, 14, 27, 17345 }, // U+0481
    { 13, 16, 253, 1, 16, 26, 17372 }, // U+0482
    { 8, 5, 0, -11, 19, 5, 17398 }, // U+0483
    { 9, 3, 0, -11, 19, 4, 17403 }, // U+0484
    { 3, 4, 0, -8, 20, 2, 17407 }, // U+0485
    { 3, 4, 0, -7, 20, 2, 17409 }, // U+0486
    { 10, 3, 0, -12, 19, 4, 17411 }, // U+0487
    { 23, 22, 0, -18, 18, 64, 17415 }, // U+0488
    { 23, 23, 0, -18, 18, 67, 17479 }, // U+0489
    { 17, 28, 301, 2, 24, 60, 17546 }, // U+048A
    { 13, 23, 237, 2, 19, 38, 17606 }, // U+048B
    { 16, 18, 275, 0, 18, 36, 17644 }, // U+048C
    { 14, 17, 246, 0, 17, 30, 17680 }, // U+048D
    { 13, 18, 254, 2, 18, 30, 17710 }, // U+048E
    { 12, 19, 244, 2, 14, 29, 17740 }, // U+048F
    { 11, 22, 231, 2, 22, 31, 17769 }, // U+0490
    { 8, 17, 174, 2, 17, 17, 17800 }, // U+0491
    { 13, 18, 231, 0, 18, 30, 17817 }, // U+0492
    { 10, 14, 174, 0, 14, 18, 17847 }, // U+0493
    { 13, 19, 261, 2, 18, 31, 17865 }, // U+0494
    { 10, 18, 217, 2, 14, 23, 17896 }, // U+0495
    { 23, 22, 392, 1, 18, 64, 17919 }, // U+0496
    { 19, 18, 332, 1, 14, 43, 17983 }, // U+0497
    { 12, 23, 247, 2, 18, 35, 18026 }, // U+0498
    { 10, 19, 198, 1, 14, 24, 18061 }, // U+0499
    { 15, 22, 282, 2, 18, 42, 18085 }, // U+049A
    { 12, 18, 225, 2, 14, 27, 18127 }, // U+049B
    { 14, 18, 267, 2, 18, 32, 18154 }, // U+049C
    { 12, 14, 234, 2, 14, 21, 18186 }, // U+049D
    { 19, 18, 336, 1, 18, 43, 18207 }, // U+04A0
    { 15, 14, 251, 0, 14, 27, 18250 }, // U+04A1
    { 16, 22, 303, 2, 18, 44, 18277 }, // U+04A2
    { 13, 18, 241, 2, 14, 30, 18321 }, // U+04A3
    { 21, 18, 394, 2, 18, 48, 18351 }, // U+04A4
    { 15, 14, 271, 2, 14, 27, 18399 }, // U+04A5
    { 24, 19, 443, 2, 18, 57, 18426 }, // U+04A6
    { 20, 17, 369, 2, 14, 43, 18483 }, // U+04A7
    { 22, 18, 394, 1, 18, 50, 18526 }, // U+04A8
    { 18, 14, 311, 1, 14, 32, 18576 }, // U+04A9
    { 16, 23, 292, 1, 18, 46, 18608 }, // U+04AA
    { 12, 19, 229, 1, 14, 29, 18654 }, // U+04AB
    { 14, 22, 258, 1, 18, 39, 18683 }, // U+04AC
    { 11, 18, 186, 0, 14, 25, 18722 }, // U+04AD
    { 15, 18, 271, 1, 18, 34, 18747 }, // U+04AE
    { 12, 19, 225, 1, 14, 29, 18781 }, // U+04AF
    { 15, 18, 271, 1, 18, 34, 18810 }, // U+04B0
    { 12, 19, 225, 1, 14, 29, 18844 }, // U+04B1
    { 16, 22, 281, 1, 18, 44, 18873 }, // U+04B2
    { 13, 18, 226, 1, 14, 30, 18917 }, // U+04B3
    { 21, 22, 366, 1, 18, 58, 18947 }, // U+04B4
    { 16, 18, 264, 0, 14, 36, 19005 }, // U+04B5
    { 15, 22, 286, 2, 18, 42, 19041 }, // U+04B6
    { 12, 18, 237, 2, 14, 27, 19083 }, // U+04B7
    { 13, 18, 280, 2, 18, 30, 19110 }, // U+04B8
    { 11, 14, 231, 2, 14, 20, 19140 }, // U+04B9
    { 14, 18, 280, 2, 18, 32, 19160 }, // U+04BA
    { 11, 18, 237, 2, 18, 25, 19192 }, // U+04BB
    { 19, 18, 336, 0, 18, 43, 19217 }, // U+04BC
    { 17, 14, 286, 0, 14, 30, 19260 }, // U+04BD
    { 19, 22, 336, 0, 18, 53, 19290 }, // U+04BE
    { 17, 19, 286, 0, 14, 41, 19343 }, // U+04BF
    { 3, 18, 107, 2, 18, 7, 19384 }, // U+04C0
    { 22, 24, 384, 1, 24, 66, 19391 }, // U+04C1
    { 18, 19, 324, 1, 19, 43, 19457 }, // U+04C2
    { 14, 22, 273, 2, 18, 39, 19500 }, // U+04C3
    { 11, 17, 235, 2, 14, 24, 19539 }, // U+04C4
    { 18, 22, 299, 1, 18, 50, 19563 }, // U+04C5
    { 15, 18, 230, 0, 14, 34, 19613 }, // U+04C6
    { 14, 23, 297, 2, 18, 41, 19647 }, // U+04C7
    { 11, 19, 235, 2, 14, 27, 19688 }, // U+04C8
    { 17, 22, 297, 2, 18, 47, 19715 }, // U+04C9
    { 13, 18, 235, 2, 14, 30, 19762 }, // U+04CA
    { 15, 22, 286, 2, 18, 42, 19792 }, // U+04CB
    { 12, 18, 237, 2, 14, 27, 19834 }, // U+04CC
    { 21, 22, 361, 2, 18, 58, 19861 }, // U+04CD
    { 18, 18, 308, 2, 14, 41, 19919 }, // U+04CE
    { 2, 18, 97, 2, 18, 5, 19960 }, // U+04CF
    { 16, 24, 276, 1, 24, 48, 19965 }, // U+04D0
    { 11, 19, 225, 1, 19, 27, 20013 }, // U+04D1
    { 16, 24, 276, 1, 24, 48, 20040 }, // U+04D2
    { 11, 19, 225, 1, 19, 27, 20088 }, // U+04D3
    { 22, 18, 397, 1, 18, 50, 20115 }, // U+04D4
    { 21, 14, 367, 1, 14, 37, 20165 }, // U+04D5
    { 11, 24, 240, 2, 24, 33, 20202 }, // U+04D6
    { 12, 19, 233, 1, 19, 29, 20235 }, // U+04D7
    { 15, 18, 298, 2, 18, 34, 20264 }, // U+04D8
    { 12, 14, 233, 1, 14, 21, 20298 }, // U+04D9
    { 15, 24, 298, 2, 24, 45, 20319 }, // U+04DA
    { 12, 19, 233, 1, 19, 29, 20364 }, // U+04DB
    { 22, 24, 384, 1, 24, 66, 20393 }, // U+04DC
    { 18, 19, 324, 1, 19, 43, 20459 }, // U+04DD
    { 12, 24, 247, 2, 24, 36, 20502 }, // U+04DE
    { 10, 19, 198, 1, 19, 24, 20538 }, // U+04DF
    { 12, 18, 248, 2, 18, 27, 20562 }, // U+04E0
    { 12, 18, 248, 2, 13, 27, 20589 }, // U+04E1
    { 15, 23, 301, 2, 23, 44, 20616 }, // U+04E2
    { 11, 18, 237, 2, 18, 25, 20660 }, // U+04E3
    { 15, 24, 301, 2, 24, 45, 20685 }, // U+04E4
    { 11, 19, 237, 2, 19, 27, 20730 }, // U+04E5
    { 17, 24, 306, 1, 24, 51, 20757 }, // U+04E6
    { 13, 19, 240, 1, 19, 31, 20808 }, // U+04E7
    { 17, 18, 306, 1, 18, 39, 20839 }, // U+04E8
    { 13, 14, 240, 1, 14, 23, 20878 }, // U+04E9
    { 17, 24, 306, 1, 24, 51, 20901 }, // U+04EA
    { 13, 19, 240, 1, 19, 31, 20952 }, // U+04EB
    { 16, 24, 292, 1, 24, 48, 20983 }, // U+04EC
    { 12, 19, 229, 1, 19, 29, 21031 }, // U+04ED
    { 14, 23, 251, 1, 23, 41, 21060 }, // U+04EE
    { 12, 23, 225, 1, 18, 35, 21101 }, // U+04EF
    { 14, 24, 251, 1, 24, 42, 21136 }, // U+04F0
    { 12, 24, 225, 1, 19, 36, 21178 }, // U+04F1
    { 14, 24, 251, 1, 24, 42, 21214 }, // U+04F2
    { 12, 24, 225, 1, 19, 36, 21256 }, // U+04F3
    { 13, 24, 280, 2, 24, 39, 21292 }, // U+04F4
    { 11, 19, 231, 2, 19, 27, 21331 }, // U+04F5
    { 11, 22, 231, 2, 18, 31, 21358 }, // U+04F6
    { 8, 18, 174, 2, 14, 18, 21389 }, // U+04F7
    { 18, 24, 353, 2, 24, 54, 21407 }, // U+04F8
    { 14, 19, 295, 2, 19, 34, 21461 }, // U+04F9
    { 14, 23, 237, 0, 18, 41, 21495 }, // U+04FA
    { 10, 19, 174, 0, 14, 24, 21536 }, // U+04FB
    { 17, 23, 281, 1, 18, 49, 21560 }, // U+04FC
    { 11, 19, 208, 1, 14, 27, 21609 }, // U+04FD
    { 15, 18, 273, 1, 18, 34, 21636 }, // U+04FE
    { 12, 14, 218, 1, 14, 21, 21670 }, // U+04FF
    { 16, 23, 276, 1, 18, 46, 21691 }, // U+1EA0
    { 11, 19, 225, 1, 14, 27, 21737 }, // U+1EA1
    { 16, 24, 276, 1, 24, 48, 21764 }, // U+1EA2
    { 11, 19, 225, 1, 19, 27, 21812 }, // U+1EA3
    { 16, 28, 276, 1, 28, 56, 21839 }, // U+1EA4
    { 12, 23, 225, 1, 23, 35, 21895 }, // U+1EA5
    { 16, 28, 276, 1, 28, 56, 21930 }, // U+1EA6
    { 11, 23, 225, 1, 23, 32, 21986 }, // U+1EA7
    { 16, 28, 276, 1, 28, 56, 22018 }, // U+1EA8
    { 11, 23, 225, 1, 23, 32, 22074 }, // U+1EA9
    { 16, 28, 276, 1, 28, 56, 22106 }, // U+1EAA
    { 11, 23, 225, 1, 23, 32, 22162 }, // U+1EAB
    { 16, 29, 276, 1, 24, 58, 22194 }, // U+1EAC
    { 11, 24, 225, 1, 19, 33, 22252 }, // U+1EAD
    { 16, 28, 276, 1, 28, 56, 22285 }, // U+1EAE
    { 11, 23, 225, 1, 23, 32, 22341 }, // U+1EAF
    { 16, 28, 276, 1, 28, 56, 22373 }, // U+1EB0
    { 11, 23, 225, 1, 23, 32, 22429 }, // U+1EB1
    { 16, 28, 276, 1, 28, 56, 22461 }, // U+1EB2
    { 11, 23, 225, 1, 23, 32, 22517 }, // U+1EB3
    { 16, 28, 276, 1, 28, 56, 22549 }, // U+1EB4
    { 11, 23, 225, 1, 23, 32, 22605 }, // U+1EB5
    { 16, 29, 276, 1, 24, 58, 22637 }, // U+1EB6
    { 11, 24, 225, 1, 19, 33, 22695 }, // U+1EB7
    { 11, 23, 240, 2, 18, 32, 22728 }, // U+1EB8
    { 12, 19, 233, 1, 14, 29, 22760 }, // U+1EB9
    { 11, 24, 240, 2, 24, 33, 22789 }, // U+1EBA
    { 12, 19, 233, 1, 19, 29, 22822 }, // U+1EBB
    { 11, 24, 240, 2, 24, 33, 22851 }, // U+1EBC
    { 12, 19, 233, 1, 19, 29, 22884 }, // U+1EBD
    { 12, 28, 240, 2, 28, 42, 22913 }, // U+1EBE
    { 12, 23, 233, 1, 23, 35, 22955 }, // U+1EBF
    { 11, 28, 240, 2, 28, 39, 22990 }, // U+1EC0
    { 12, 23, 233, 1, 23, 35, 23029 }, // U+1EC1
    { 11, 28, 240, 2, 28, 39, 23064 }, // U+1EC2
    { 12, 23, 233, 1, 23, 35, 23103 }, // U+1EC3
    { 11, 28, 240, 2, 28, 39, 23138 }, // U+1EC4
    { 12, 23, 233, 1, 23, 35, 23177 }, // U+1EC5
    { 11, 29, 240, 2, 24, 40, 23212 }, // U+1EC6
    { 12, 24, 233, 1, 19, 36, 23252 }, // U+1EC7
    { 4, 24, 107, 1, 24, 12, 23288 }, // U+1EC8
    { 4, 19, 97, 1, 19, 10, 23300 }, // U+1EC9
    { 3, 23, 107, 2, 18, 9, 23310 }, // U+1ECA
    { 3, 24, 97, 2, 19, 9, 23319 }, // U+1ECB
    { 17, 23, 306, 1, 18, 49, 23328 }, // U+1ECC
    { 13, 19, 240, 1, 14, 31, 23377 }, // U+1ECD
    { 17, 24, 306, 1, 24, 51, 23408 }, // U+1ECE
    { 13, 19, 240, 1, 19, 31, 23459 }, // U+1ECF
    { 17, 28, 306, 1, 28, 60, 23490 }, // U+1ED0
    { 13, 23, 240, 1, 23, 38, 23550 }, // U+1ED1
    { 17, 28, 306, 1, 28, 60, 23588 }, // U+1ED2
    { 13, 23, 240, 1, 23, 38, 23648 }, // U+1ED3
    { 17, 28, 306, 1, 28, 60, 23686 }, // U+1ED4
    { 13, 23, 240, 1, 23, 38, 23746 }, // U+1ED5
    { 17, 28, 306, 1, 28, 60, 23784 }, // U+1ED6
    { 13, 23, 240, 1, 23, 38, 23844 }, // U+1ED7
    { 17, 29, 306, 1, 24, 62, 23882 }, // U+1ED8
    { 13, 24, 240, 1, 19, 39, 23944 }, // U+1ED9
    { 17, 24, 305, 1, 24, 51, 23983 }, // U+1EDA
    { 13, 19, 239, 1, 19, 31, 24034 }, // U+1EDB
    { 17, 24, 305, 1, 24, 51, 24065 }, // U+1EDC
    { 13, 19, 239, 1, 19, 31, 24116 }, // U+1EDD
    { 17, 24, 305, 1, 24, 51, 24147 }, // U+1EDE
    { 13, 19, 239, 1, 19, 31, 24198 }, // U+1EDF
    { 17, 24, 305, 1, 24, 51, 24229 }, // U+1EE0
    { 13, 19, 239, 1, 19, 31, 24280 }, // U+1EE1
    { 17, 26, 305, 1, 21, 56, 24311 }, // U+1EE2
    { 13, 22, 239, 1, 17, 36, 24367 }, // U+1EE3
    { 14, 23, 298, 2, 18, 41, 24403 }, // U+1EE4
    { 11, 19, 237, 2, 14, 27, 24444 }, // U+1EE5
    { 14, 24, 298, 2, 24, 42, 24471 }, // U+1EE6
    { 11, 19, 237, 2, 19, 27, 24513 }, // U+1EE7
    { 17, 24, 296, 2, 24, 51, 24540 }, // U+1EE8
    { 13, 19, 248, 2, 19, 31, 24591 }, // U+1EE9
    { 17, 24, 296, 2, 24, 51, 24622 }, // U+1EEA
    { 13, 19, 248, 2, 19, 31, 24673 }, // U+1EEB
    { 17, 24, 296, 2, 24, 51, 24704 }, // U+1EEC
    { 13, 19, 248, 2, 19, 31, 24755 }, // U+1EED
    { 17, 24, 296, 2, 24, 51, 24786 }, // U+1EEE
    { 13, 19, 248, 2, 19, 31, 24837 }, // U+1EEF
    { 17, 26, 296, 2, 21, 56, 24868 }, // U+1EF0
    { 13, 22, 248, 2, 17, 36, 24924 }, // U+1EF1
    { 15, 24, 271, 1, 24, 45, 24960 }, // U+1EF2
    { 12, 24, 225, 1, 19, 36, 25005 }, // U+1EF3
    { 15, 23, 271, 1, 18, 44, 25041 }, // U+1EF4
    { 12, 19, 225, 1, 14, 29, 25085 }, // U+1EF5
    { 15, 24, 271, 1, 24, 45, 25114 }, // U+1EF6
    { 12, 24, 225, 1, 19, 36, 25159 }, // U+1EF7
    { 15, 24, 271, 1, 24, 45, 25195 }, // U+1EF8
    { 12, 24, 225, 1, 19, 36, 25240 }, // U+1EF9
    { 1, 1, 218, 0, 1, 1, 25276 }, // U+2000
    { 1, 1, 436, 0, 1, 1, 25277 }, // U+2001
    { 1, 1, 200, 0, 1, 1, 25278 }, // U+2002
    { 1, 1, 400, 0, 1, 1, 25279 }, // U+2003
    { 1, 1, 134, 0, 1, 1, 25280 }, // U+2004
    { 1, 1, 100, 0, 1, 1, 25281 }, // U+2005
    { 1, 1, 66, 0, 1, 1, 25282 }, // U+2006
    { 1, 1, 259, 0, 1, 1, 25283 }, // U+2007
    { 1, 1, 115, 0, 1, 1, 25284 }, // U+2008
    { 1, 1, 73, 0, 1, 1, 25285 }, // U+2009
    { 1, 1, 36, 0, 1, 1, 25286 }, // U+200A
    { 1, 1, 0, 0, 1, 1, 25287 }, // U+200B
    { 8, 2, 143, 0, 9, 2, 25288 }, // U+2010
    { 8, 2, 143, 0, 9, 2, 25290 }, // U+2011
    { 14, 2, 259, 1, 9, 4, 25292 }, // U+2012
    { 13, 2, 200, 0, 9, 4, 25296 }, // U+2013
    { 25, 2, 400, 0, 9, 7, 25300 }, // U+2014
    { 25, 2, 400, 0, 9, 7, 25307 }, // U+2015
    { 6, 30, 192, 3, 24, 23, 25314 }, // U+2016
    { 11, 5, 181, 0, 0, 7, 25337 }, // U+2017
    { 4, 7, 104, 2, 18, 4, 25344 }, // U+2018
    { 4, 7, 104, 2, 18, 4, 25348 }, // U+2019
    { 4, 7, 96, 1, 2, 4, 25352 }, // U+201A
    { 4, 7, 104, 1, 18, 4, 25356 }, // U+201B
    { 8, 7, 176, 2, 18, 7, 25360 }, // U+201C
    { 8, 7, 176, 2, 18, 7, 25367 }, // U+201D
    { 9, 7, 168, 1, 2, 8, 25374 }, // U+201E
    { 8, 7, 176, 1, 18, 7, 25382 }, // U+201F
    { 10, 13, 196, 1, 18, 17, 25389 }, // U+2020
    { 10, 18, 196, 1, 18, 23, 25406 }, // U+2021
    { 8, 8, 225, 3, 11, 8, 25429 }, // U+2022
    { 7, 8, 225, 4, 11, 7, 25437 }, // U+2023
    { 3, 3, 115, 2, 3, 2, 25444 }, // U+2024
    { 10, 3, 230, 2, 3, 4, 25446 }, // U+2025
    { 18, 3, 346, 2, 3, 7, 25450 }, // U+2026
    { 3, 3, 115, 2, 10, 2, 25457 }, // U+2027
    { 1, 1, 73, 0, 1, 1, 25459 }, // U+202F
    { 28, 18, 534, 3, 18, 63, 25460 }, // U+2030
    { 36, 18, 676, 3, 18, 81, 25523 }, // U+2031
    { 3, 6, 89, 1, 18, 3, 25604 }, // U+2032
    { 9, 6, 177, 1, 18, 7, 25607 }, // U+2033
    { 14, 6, 265, 1, 18, 11, 25614 }, // U+2034
    { 3, 6, 89, 1, 18, 3, 25625 }, // U+2035
    { 9, 6, 177, 1, 18, 7, 25628 }, // U+2036
    { 14, 6, 265, 1, 18, 11, 25635 }, // U+2037
    { 9, 6, 182, 1, -1, 7, 25646 }, // U+2038
    { 8, 11, 154, 1, 13, 11, 25653 }, // U+2039
    { 7, 11, 154, 1, 13, 10, 25664 }, // U+203A
    { 14, 13, 256, 1, 15, 23, 25674 }, // U+203B
    { 10, 18, 230, 2, 18, 23, 25697 }, // U+203C
    { 10, 18, 203, 1, 18, 23, 25720 }, // U+203D
    { 11, 2, 216, 1, 21, 3, 25743 }, // U+203E
    { 19, 5, 327, 1, -1, 12, 25746 }, // U+203F
    { 19, 5, 327, 1, 19, 12, 25758 }, // U+2040
    { 9, 13, 181, 1, 7, 15, 25770 }, // U+2041
    { 14, 14, 289, 2, 16, 25, 25785 }, // U+2042
    { 6, 2, 225, 4, 8, 2, 25810 }, // U+2043
    { 15, 18, 77, -5, 18, 34, 25812 }, // U+2044
    { 5, 22, 146, 3, 19, 14, 25846 }, // U+2045
    { 5, 22, 146, 1, 19, 14, 25860 }, // U+2046
    { 23, 18, 409, 1, 18, 52, 25874 }, // U+2047
    { 17, 18, 320, 1, 18, 39, 25926 }, // U+2048
    { 17, 18, 320, 2, 18, 39, 25965 }, // U+2049
    { 9, 19, 178, 1, 14, 22, 26004 }, // U+204A
    { 12, 18, 241, 2, 18, 27, 26026 }, // U+204B
    { 11, 10, 237, 2, 12, 14, 26053 }, // U+204C
    { 11, 10, 237, 2, 12, 14, 26067 }, // U+204D
    { 10, 10, 200, 1, 8, 13, 26081 }, // U+204E
    { 4, 17, 121, 2, 13, 9, 26094 }, // U+204F
    { 18, 25, 325, 1, 19, 57, 26103 }, // U+2050
    { 9, 23, 216, 3, 18, 26, 26160 }, // U+2051
    { 16, 18, 296, 1, 18, 36, 26186 }, // U+2052
    { 15, 4, 290, 2, 11, 8, 26222 }, // U+2053
    { 19, 5, 327, 1, -1, 12, 26230 }, // U+2054
    { 10, 11, 220, 2, 12, 14, 26242 }, // U+2055
    { 20, 6, 353, 1, 18, 15, 26256 }, // U+2057
    { 1, 1, 113, 0, 1, 1, 26271 }, // U+205F
    { 9, 10, 184, 1, 21, 12, 26272 }, // U+2070
    { 3, 11, 79, 1, 22, 5, 26284 }, // U+2071
    { 9, 10, 184, 1, 21, 12, 26289 }, // U+2074
    { 9, 10, 176, 1, 21, 12, 26301 }, // U+2075
    { 9, 10, 178, 1, 21, 12, 26313 }, // U+2076
    { 8, 10, 162, 1, 21, 10, 26325 }, // U+2077
    { 9, 10, 180, 1, 21, 12, 26335 }, // U+2078
    { 9, 10, 178, 1, 21, 12, 26347 }, // U+2079
    { 7, 7, 171, 2, 19, 7, 26359 }, // U+207A
    { 7, 1, 172, 2, 16, 1, 26366 }, // U+207B
    { 7, 5, 171, 2, 18, 5, 26367 }, // U+207C
    { 4, 13, 108, 2, 22, 7, 26372 }, // U+207D
    { 4, 13, 108, 1, 22, 7, 26379 }, // U+207E
    { 8, 8, 174, 1, 19, 8, 26386 }, // U+207F
    { 9, 10, 184, 1, 6, 12, 26394 }, // U+2080
    { 5, 10, 122, 1, 6, 7, 26406 }, // U+2081
    { 9, 10, 177, 1, 6, 12, 26413 }, // U+2082
    { 9, 10, 178, 1, 6, 12, 26425 }, // U+2083
    { 9, 10, 184, 1, 6, 12, 26437 }, // U+2084
    { 9, 10, 176, 1, 6, 12, 26449 }, // U+2085
    { 9, 10, 178, 1, 6, 12, 26461 }, // U+2086
    { 8, 10, 162, 1, 6, 10, 26473 }, // U+2087
    { 9, 10, 180, 1, 6, 12, 26483 }, // U+2088
    { 9, 10, 178, 1, 6, 12, 26495 }, // U+2089
    { 7, 7, 171, 2, 4, 7, 26507 }, // U+208A
    { 7, 1, 172, 2, 1, 1, 26514 }, // U+208B
    { 7, 5, 171, 2, 3, 5, 26515 }, // U+208C
    { 4, 13, 108, 2, 7, 7, 26520 }, // U+208D
    { 4, 13, 108, 1, 7, 7, 26527 }, // U+208E
    { 8, 8, 161, 1, 4, 8, 26534 }, // U+2090
    { 8, 8, 167, 1, 4, 8, 26542 }, // U+2091
    { 9, 8, 171, 1, 4, 9, 26550 }, // U+2092
    { 8, 8, 160, 1, 4, 8, 26559 }, // U+2093
    { 9, 10, 180, 1, 5, 12, 26567 }, // U+2094
    { 8, 10, 174, 1, 6, 10, 26579 }, // U+2095
    { 8, 10, 159, 1, 6, 10, 26589 }, // U+2096
    { 3, 10, 79, 1, 6, 4, 26599 }, // U+2097
    { 13, 8, 250, 1, 4, 13, 26603 }, // U+2098
    { 8, 8, 174, 1, 4, 8, 26616 }, // U+2099
    { 9, 11, 175, 1, 4, 13, 26624 }, // U+209A
    { 8, 8, 156, 1, 4, 8, 26637 }, // U+209B
    { 6, 9, 98, 0, 5, 7, 26645 }, // U+209C
    { 14, 19, 292, 2, 19, 34, 26652 }, // U+20A0
    { 16, 22, 292, 1, 20, 44, 26686 }, // U+20A1
    { 16, 18, 292, 1, 18, 36, 26730 }, // U+20A2
    { 14, 18, 241, 0, 18, 32, 26766 }, // U+20A3
    { 13, 18, 244, 1, 18, 30, 26798 }, // U+20A4
    { 18, 18, 344, 2, 16, 41, 26828 }, // U+20A5
    { 18, 18, 308, 1, 18, 41, 26869 }, // U+20A6
    { 22, 18, 386, 2, 18, 50, 26910 }, // U+20A7
    { 25, 18, 448, 2, 18, 57, 26960 }, // U+20A8
    { 22, 18, 382, 1, 18, 50, 27017 }, // U+20A9
    { 16, 14, 327, 2, 14, 28, 27067 }, // U+20AA
    { 14, 23, 245, 1, 18, 41, 27095 }, // U+20AB
    { 14, 18, 267, 1, 18, 32, 27136 }, // U+20AC
    { 16, 18, 284, 1, 18, 36, 27168 }, // U+20AD
    { 14, 18, 258, 1, 18, 32, 27204 }, // U+20AE
    { 33, 25, 556, 1, 20, 104, 27236 }, // U+20AF
    { 15, 18, 266, 1, 18, 34, 27340 }, // U+20B1
    { 16, 24, 298, 1, 21, 48, 27374 }, // U+20B2
    { 16, 18, 276, 1, 18, 36, 27422 }, // U+20B3
    { 13, 18, 253, 1, 18, 30, 27458 }, // U+20B4
    { 16, 24, 292, 1, 21, 48, 27488 }, // U+20B5
    { 14, 18, 258, 1, 18, 32, 27536 }, // U+20B8
    { 12, 18, 217, 1, 18, 27, 27568 }, // U+20B9
    { 12, 18, 238, 1, 18, 27, 27595 }, // U+20BA
    { 14, 14, 291, 2, 14, 25, 27622 }, // U+20BC
    { 15, 18, 280, 1, 18, 34, 27647 }, // U+20BD
    { 14, 18, 290, 2, 18, 32, 27681 }, // U+20BE
    { 13, 22, 262, 2, 20, 36, 27713 }, // U+20BF
    { 19, 16, 382, 2, 16, 38, 27749 }, // U+2190
    { 16, 18, 334, 2, 18, 36, 27787 }, // U+2191
    { 18, 16, 382, 3, 16, 36, 27823 }, // U+2192
    { 16, 18, 334, 2, 18, 36, 27859 }, // U+2193
    { 29, 16, 536, 2, 16, 58, 27895 }, // U+2194
    { 16, 28, 334, 2, 22, 56, 27953 }, // U+2195
    { 14, 14, 310, 3, 14, 25, 28009 }, // U+2196
    { 13, 14, 310, 3, 14, 23, 28034 }, // U+2197
    { 13, 14, 310, 3, 14, 23, 28057 }, // U+2198
    { 14, 14, 310, 3, 14, 25, 28080 }, // U+2199
    { 24, 19, 458, 2, 19, 57, 28105 }, // U+21A9
    { 24, 19, 458, 2, 19, 57, 28162 }, // U+21AA
    { 20, 19, 395, 2, 19, 48, 28219 }, // U+21B0
    { 20, 19, 395, 2, 19, 48, 28267 }, // U+21B1
    { 20, 15, 395, 2, 18, 38, 28315 }, // U+21B3
    { 16, 18, 334, 2, 18, 36, 28353 }, // U+21B4
    { 20, 15, 395, 2, 18, 38, 28389 }, // U+21B5
    { 18, 22, 382, 3, 22, 50, 28427 }, // U+21BA
    { 18, 22, 382, 3, 22, 50, 28477 }, // U+21BB
    { 19, 16, 382, 2, 16, 38, 28527 }, // U+21D0
    { 18, 16, 382, 3, 16, 36, 28565 }, // U+21D2
    { 29, 16, 536, 2, 16, 58, 28601 }, // U+21D4
    { 11, 19, 243, 2, 19, 27, 28659 }, // U+21DE
    { 11, 19, 243, 2, 18, 27, 28686 }, // U+21DF
    { 21, 10, 406, 2, 14, 27, 28713 }, // U+21E4
    { 21, 10, 406, 2, 14, 27, 28740 }, // U+21E5
    { 22, 20, 412, 2, 20, 55, 28767 }, // U+21E7
    { 22, 24, 412, 2, 20, 66, 28822 }, // U+21EA
    { 12, 18, 254, 2, 18, 27, 28888 }, // U+2202
    { 15, 15, 274, 1, 14, 29, 28915 }, // U+2205
    { 15, 18, 272, 1, 18, 34, 28944 }, // U+2206
    { 14, 21, 289, 2, 18, 37, 28978 }, // U+220F
    { 14, 21, 254, 1, 18, 37, 29015 }, // U+2211
    { 11, 2, 265, 3, 8, 3, 29052 }, // U+2212
    { 14, 18, 252, 1, 18, 32, 29055 }, // U+221A
    { 21, 10, 374, 1, 13, 27, 29087 }, // U+221E
    { 9, 25, 146, 0, 19, 29, 29114 }, // U+222B
    { 3, 13, 115, 2, 16, 5, 29143 }, // U+2236
    { 13, 10, 265, 2, 12, 17, 29148 }, // U+2248
    { 11, 13, 265, 3, 14, 18, 29165 }, // U+2260
    { 11, 13, 265, 3, 14, 18, 29183 }, // U+2264
    { 11, 13, 265, 3, 14, 18, 29201 }, // U+2265
    { 34, 34, 556, 0, 26, 145, 29219 }, // U+2295
    { 34, 34, 556, 0, 26, 145, 29364 }, // U+2296
    { 34, 34, 556, 0, 26, 145, 29509 }, // U+2297
    { 34, 34, 556, 0, 26, 145, 29654 }, // U+2298
};

static const EpdUnicodeInterval inter_ui_12_regularIntervals[] = {
    { 0x0, 0x0, 0x0 },
    { 0x20, 0x7E, 0x1 },
    { 0xA0, 0xAC, 0x60 },
    { 0xAE, 0xFF, 0x6D },
    { 0x100, 0x148, 0xBF },
    { 0x14A, 0x17F, 0x108 },
    { 0x1A0, 0x1A1, 0x13E },
    { 0x1AF, 0x1B0, 0x140 },
    { 0x1C5, 0x21F, 0x142 },
    { 0x300, 0x304, 0x19D },
    { 0x306, 0x30A, 0x1A2 },
    { 0x30C, 0x30C, 0x1A7 },
    { 0x30F, 0x30F, 0x1A8 },
    { 0x313, 0x313, 0x1A9 },
    { 0x315, 0x315, 0x1AA },
    { 0x31B, 0x31B, 0x1AB },
    { 0x323, 0x323, 0x1AC },
    { 0x326, 0x328, 0x1AD },
    { 0x32C, 0x32C, 0x1B0 },
    { 0x337, 0x338, 0x1B1 },
    { 0x342, 0x343, 0x1B3 },
    { 0x346, 0x36F, 0x1B5 },
    { 0x400, 0x479, 0x1DF },
    { 0x480, 0x49D, 0x259 },
    { 0x4A0, 0x4FF, 0x277 },
    { 0x1EA0, 0x1EF9, 0x2D7 },
    { 0x2000, 0x200B, 0x331 },
    { 0x2010, 0x2027, 0x33D },
    { 0x202F, 0x2055, 0x355 },
    { 0x2057, 0x2057, 0x37C },
    { 0x205F, 0x205F, 0x37D },
    { 0x2070, 0x2071, 0x37E },
    { 0x2074, 0x208E, 0x380 },
    { 0x2090, 0x209C, 0x39B },
    { 0x20A0, 0x20AF, 0x3A8 },
    { 0x20B1, 0x20B5, 0x3B8 },
    { 0x20B8, 0x20BA, 0x3BD },
    { 0x20BC, 0x20BF, 0x3C0 },
    { 0x2190, 0x2199, 0x3C4 },
    { 0x21A9, 0x21AA, 0x3CE },
    { 0x21B0, 0x21B1, 0x3D0 },
    { 0x21B3, 0x21B5, 0x3D2 },
    { 0x21BA, 0x21BB, 0x3D5 },
    { 0x21D0, 0x21D0, 0x3D7 },
    { 0x21D2, 0x21D2, 0x3D8 },
    { 0x21D4, 0x21D4, 0x3D9 },
    { 0x21DE, 0x21DF, 0x3DA },
    { 0x21E4, 0x21E5, 0x3DC },
    { 0x21E7, 0x21E7, 0x3DE },
    { 0x21EA, 0x21EA, 0x3DF },
    { 0x2202, 0x2202, 0x3E0 },
    { 0x2205, 0x2206, 0x3E1 },
    { 0x220F, 0x220F, 0x3E3 },
    { 0x2211, 0x2212, 0x3E4 },
    { 0x221A, 0x221A, 0x3E6 },
    { 0x221E, 0x221E, 0x3E7 },
    { 0x222B, 0x222B, 0x3E8 },
    { 0x2236, 0x2236, 0x3E9 },
    { 0x2248, 0x2248, 0x3EA },
    { 0x2260, 0x2260, 0x3EB },
    { 0x2264, 0x2265, 0x3EC },
    { 0x2295, 0x2298, 0x3EE },
};

static const EpdKernClassEntry inter_ui_12_regularKernLeftClasses[] = {
    { 0x0022, 1 }, // "
    { 0x0024, 2 }, // $
    { 0x0025, 3 }, // %
    { 0x0026, 4 }, // &
    { 0x0027, 1 }, // '
    { 0x0028, 5 }, // (
    { 0x0029, 6 }, // )
    { 0x002A, 7 }, // *
    { 0x002B, 8 }, // +
    { 0x002C, 9 }, // ,
    { 0x002D, 8 }, // -
    { 0x002E, 9 }, // .
    { 0x002F, 10 }, // /
    { 0x0030, 11 }, // 0
    { 0x0031, 12 }, // 1
    { 0x0032, 13 }, // 2
    { 0x0033, 14 }, // 3
    { 0x0034, 15 }, // 4
    { 0x0035, 16 }, // 5
    { 0x0036, 17 }, // 6
    { 0x0037, 18 }, // 7
    { 0x0038, 14 }, // 8
    { 0x0039, 11 }, // 9
    { 0x003A, 19 }, // :
    { 0x003B, 19 }, // ;
    { 0x003D, 20 }, // =
    { 0x003E, 21 }, // >
    { 0x003F, 22 }, // ?
    { 0x0040, 23 }, // @
    { 0x0041, 24 }, // A
    { 0x0042, 25 }, // B
    { 0x0043, 26 }, // C
    { 0x0044, 23 }, // D
    { 0x0045, 27 }, // E
    { 0x0046, 28 }, // F
    { 0x0047, 29 }, // G
    { 0x0048, 12 }, // H
    { 0x0049, 12 }, // I
    { 0x004A, 30 }, // J
    { 0x004B, 31 }, // K
    { 0x004C, 32 }, // L
    { 0x004D, 12 }, // M
    { 0x004E, 12 }, // N
    { 0x004F, 23 }, // O
    { 0x0050, 33 }, // P
    { 0x0051, 23 }, // Q
    { 0x0052, 34 }, // R
    { 0x0053, 2 }, // S
    { 0x0054, 35 }, // T
    { 0x0055, 30 }, // U
    { 0x0056, 36 }, // V
    { 0x0057, 37 }, // W
    { 0x0058, 38 }, // X
    { 0x0059, 39 }, // Y
    { 0x005A, 40 }, // Z
    { 0x005B, 41 }, // [
    { 0x005C, 42 }, // <backslash>
    { 0x005D, 6 }, // ]
    { 0x005E, 7 }, // ^
    { 0x005F, 43 }, // _
    { 0x0061, 44 }, // a
    { 0x0062, 45 }, // b
    { 0x0063, 45 }, // c
    { 0x0064, 12 }, // d
    { 0x0065, 45 }, // e
    { 0x0066, 46 }, // f
    { 0x0067, 47 }, // g
    { 0x0068, 44 }, // h
    { 0x0069, 48 }, // i
    { 0x006A, 48 }, // j
    { 0x006B, 49 }, // k
    { 0x006C, 12 }, // l
    { 0x006D, 44 }, // m
    { 0x006E, 44 }, // n
    { 0x006F, 45 }, // o
    { 0x0070, 45 }, // p
    { 0x0071, 47 }, // q
    { 0x0072, 50 }, // r
    { 0x0073, 51 }, // s
    { 0x0074, 52 }, // t
    { 0x0075, 53 }, // u
    { 0x0076, 54 }, // v
    { 0x0077, 55 }, // w
    { 0x0078, 56 }, // x
    { 0x0079, 54 }, // y
    { 0x007A, 57 }, // z
    { 0x007B, 5 }, // {
    { 0x007C, 12 }, // |
    { 0x007D, 6 }, // }
    { 0x007E, 58 }, // ~
    { 0x00A1, 59 }, // U+00A1
    { 0x00A2, 45 }, // U+00A2
    { 0x00A5, 60 }, // U+00A5
    { 0x00A9, 23 }, // U+00A9
    { 0x00AA, 61 }, // U+00AA
    { 0x00AB, 62 }, // U+00AB
    { 0x00AC, 47 }, // U+00AC
    { 0x00AE, 63 }, // U+00AE
    { 0x00B0, 7 }, // U+00B0
    { 0x00B1, 20 }, // U+00B1
    { 0x00B2, 64 }, // U+00B2
    { 0x00B5, 65 }, // U+00B5
    { 0x00B6, 12 }, // U+00B6
    { 0x00B7, 66 }, // U+00B7
    { 0x00BA, 61 }, // U+00BA
    { 0x00BB, 67 }, // U+00BB
    { 0x00BF, 68 }, // U+00BF
    { 0x00C0, 24 }, // U+00C0
    { 0x00C1, 24 }, // U+00C1
    { 0x00C2, 24 }, // U+00C2
    { 0x00C3, 24 }, // U+00C3
    { 0x00C4, 24 }, // U+00C4
    { 0x00C5, 24 }, // U+00C5
    { 0x00C6, 27 }, // U+00C6
    { 0x00C7, 26 }, // U+00C7
    { 0x00C8, 27 }, // U+00C8
    { 0x00C9, 27 }, // U+00C9
    { 0x00CA, 27 }, // U+00CA
    { 0x00CB, 27 }, // U+00CB
    { 0x00CC, 12 }, // U+00CC
    { 0x00CD, 12 }, // U+00CD
    { 0x00CE, 69 }, // U+00CE
    { 0x00CF, 69 }, // U+00CF
    { 0x00D0, 23 }, // U+00D0
    { 0x00D1, 12 }, // U+00D1
    { 0x00D2, 23 }, // U+00D2
    { 0x00D3, 23 }, // U+00D3
    { 0x00D4, 23 }, // U+00D4
    { 0x00D5, 23 }, // U+00D5
    { 0x00D6, 23 }, // U+00D6
    { 0x00D7, 70 }, // U+00D7
    { 0x00D8, 23 }, // U+00D8
    { 0x00D9, 30 }, // U+00D9
    { 0x00DA, 30 }, // U+00DA
    { 0x00DB, 30 }, // U+00DB
    { 0x00DC, 30 }, // U+00DC
    { 0x00DD, 39 }, // U+00DD
    { 0x00DE, 71 }, // U+00DE
    { 0x00DF, 72 }, // U+00DF
    { 0x00E0, 44 }, // U+00E0
    { 0x00E1, 44 }, // U+00E1
    { 0x00E2, 44 }, // U+00E2
    { 0x00E3, 44 }, // U+00E3
    { 0x00E4, 44 }, // U+00E4
    { 0x00E5, 44 }, // U+00E5
    { 0x00E6, 73 }, // U+00E6
    { 0x00E7, 45 }, // U+00E7
    { 0x00E8, 45 }, // U+00E8
    { 0x00E9, 45 }, // U+00E9
    { 0x00EA, 45 }, // U+00EA
    { 0x00EB, 45 }, // U+00EB
    { 0x00EC, 48 }, // U+00EC
    { 0x00ED, 48 }, // U+00ED
    { 0x00EE, 74 }, // U+00EE
    { 0x00EF, 75 }, // U+00EF
    { 0x00F0, 45 }, // U+00F0
    { 0x00F1, 76 }, // U+00F1
    { 0x00F2, 45 }, // U+00F2
    { 0x00F3, 45 }, // U+00F3
    { 0x00F4, 45 }, // U+00F4
    { 0x00F5, 77 }, // U+00F5
    { 0x00F6, 77 }, // U+00F6
    { 0x00F7, 8 }, // U+00F7
    { 0x00F8, 45 }, // U+00F8
    { 0x00F9, 53 }, // U+00F9
    { 0x00FA, 53 }, // U+00FA
    { 0x00FB, 53 }, // U+00FB
    { 0x00FC, 53 }, // U+00FC
    { 0x00FD, 54 }, // U+00FD
    { 0x00FE, 45 }, // U+00FE
    { 0x00FF, 54 }, // U+00FF
    { 0x0100, 24 }, // U+0100
    { 0x0101, 78 }, // U+0101
    { 0x0102, 24 }, // U+0102
    { 0x0103, 44 }, // U+0103
    { 0x0104, 24 }, // U+0104
    { 0x0105, 44 }, // U+0105
    { 0x0106, 26 }, // U+0106
    { 0x0107, 45 }, // U+0107
    { 0x0108, 26 }, // U+0108
    { 0x0109, 45 }, // U+0109
    { 0x010A, 26 }, // U+010A
    { 0x010B, 45 }, // U+010B
    { 0x010C, 26 }, // U+010C
    { 0x010D, 45 }, // U+010D
    { 0x010E, 23 }, // U+010E
    { 0x010F, 79 }, // U+010F
    { 0x0111, 80 }, // U+0111
    { 0x0112, 27 }, // U+0112
    { 0x0113, 45 }, // U+0113
    { 0x0114, 27 }, // U+0114
    { 0x0115, 45 }, // U+0115
    { 0x0116, 27 }, // U+0116
    { 0x0117, 45 }, // U+0117
    { 0x0118, 27 }, // U+0118
    { 0x0119, 45 }, // U+0119
    { 0x011A, 27 }, // U+011A
    { 0x011B, 45 }, // U+011B
    { 0x011C, 29 }, // U+011C
    { 0x011D, 47 }, // U+011D
    { 0x011E, 29 }, // U+011E
    { 0x011F, 47 }, // U+011F
    { 0x0120, 29 }, // U+0120
    { 0x0121, 47 }, // U+0121
    { 0x0122, 29 }, // U+0122
    { 0x0123, 47 }, // U+0123
    { 0x0124, 12 }, // U+0124
    { 0x0125, 44 }, // U+0125
    { 0x0126, 12 }, // U+0126
    { 0x0127, 44 }, // U+0127
    { 0x0128, 69 }, // U+0128
    { 0x0129, 81 }, // U+0129
    { 0x012A, 69 }, // U+012A
    { 0x012B, 82 }, // U+012B
    { 0x012C, 69 }, // U+012C
    { 0x012D, 83 }, // U+012D
    { 0x012E, 12 }, // U+012E
    { 0x012F, 48 }, // U+012F
    { 0x0130, 12 }, // U+0130
    { 0x0131, 48 }, // U+0131
    { 0x0133, 48 }, // U+0133
    { 0x0134, 30 }, // U+0134
    { 0x0135, 84 }, // U+0135
    { 0x0136, 31 }, // U+0136
    { 0x0137, 49 }, // U+0137
    { 0x0138, 49 }, // U+0138
    { 0x0139, 85 }, // U+0139
    { 0x013A, 86 }, // U+013A
    { 0x013B, 32 }, // U+013B
    { 0x013C, 12 }, // U+013C
    { 0x013D, 87 }, // U+013D
    { 0x013E, 12 }, // U+013E
    { 0x013F, 88 }, // U+013F
    { 0x0140, 89 }, // U+0140
    { 0x0141, 90 }, // U+0141
    { 0x0142, 91 }, // U+0142
    { 0x0143, 12 }, // U+0143
    { 0x0144, 44 }, // U+0144
    { 0x0145, 12 }, // U+0145
    { 0x0146, 44 }, // U+0146
    { 0x0147, 12 }, // U+0147
    { 0x0148, 44 }, // U+0148
    { 0x014A, 12 }, // U+014A
    { 0x014C, 23 }, // U+014C
    { 0x014D, 45 }, // U+014D
    { 0x014E, 23 }, // U+014E
    { 0x014F, 45 }, // U+014F
    { 0x0150, 23 }, // U+0150
    { 0x0151, 45 }, // U+0151
    { 0x0152, 27 }, // U+0152
    { 0x0153, 45 }, // U+0153
    { 0x0154, 34 }, // U+0154
    { 0x0155, 50 }, // U+0155
    { 0x0156, 34 }, // U+0156
    { 0x0157, 50 }, // U+0157
    { 0x0158, 34 }, // U+0158
    { 0x0159, 50 }, // U+0159
    { 0x015A, 2 }, // U+015A
    { 0x015B, 51 }, // U+015B
    { 0x015C, 2 }, // U+015C
    { 0x015D, 51 }, // U+015D
    { 0x015E, 2 }, // U+015E
    { 0x015F, 51 }, // U+015F
    { 0x0160, 2 }, // U+0160
    { 0x0161, 51 }, // U+0161
    { 0x0162, 92 }, // U+0162
    { 0x0163, 52 }, // U+0163
    { 0x0164, 93 }, // U+0164
    { 0x0165, 52 }, // U+0165
    { 0x0166, 94 }, // U+0166
    { 0x0167, 52 }, // U+0167
    { 0x0168, 30 }, // U+0168
    { 0x0169, 53 }, // U+0169
    { 0x016A, 30 }, // U+016A
    { 0x016B, 53 }, // U+016B
    { 0x016C, 30 }, // U+016C
    { 0x016D, 53 }, // U+016D
    { 0x016E, 30 }, // U+016E
    { 0x016F, 53 }, // U+016F
    { 0x0170, 30 }, // U+0170
    { 0x0171, 53 }, // U+0171
    { 0x0172, 30 }, // U+0172
    { 0x0173, 53 }, // U+0173
    { 0x0174, 37 }, // U+0174
    { 0x0175, 55 }, // U+0175
    { 0x0176, 39 }, // U+0176
    { 0x0177, 54 }, // U+0177
    { 0x0178, 39 }, // U+0178
    { 0x0179, 40 }, // U+0179
    { 0x017A, 57 }, // U+017A
    { 0x017B, 40 }, // U+017B
    { 0x017C, 57 }, // U+017C
    { 0x017D, 40 }, // U+017D
    { 0x017E, 57 }, // U+017E
    { 0x017F, 95 }, // U+017F
    { 0x01A0, 96 }, // U+01A0
    { 0x01A1, 97 }, // U+01A1
    { 0x01AF, 98 }, // U+01AF
    { 0x01B0, 99 }, // U+01B0
    { 0x01C5, 100 }, // U+01C5
    { 0x01C6, 57 }, // U+01C6
    { 0x01C8, 48 }, // U+01C8
    { 0x01C9, 48 }, // U+01C9
    { 0x01CB, 48 }, // U+01CB
    { 0x01CC, 48 }, // U+01CC
    { 0x01CD, 24 }, // U+01CD
    { 0x01CE, 44 }, // U+01CE
    { 0x01CF, 86 }, // U+01CF
    { 0x01D0, 101 }, // U+01D0
    { 0x01D1, 23 }, // U+01D1
    { 0x01D2, 45 }, // U+01D2
    { 0x01D3, 30 }, // U+01D3
    { 0x01D4, 53 }, // U+01D4
    { 0x01D5, 30 }, // U+01D5
    { 0x01D6, 53 }, // U+01D6
    { 0x01D7, 30 }, // U+01D7
    { 0x01D8, 53 }, // U+01D8
    { 0x01D9, 30 }, // U+01D9
    { 0x01DA, 53 }, // U+01DA
    { 0x01DB, 30 }, // U+01DB
    { 0x01DC, 53 }, // U+01DC
    { 0x01DD, 102 }, // U+01DD
    { 0x01DE, 24 }, // U+01DE
    { 0x01DF, 44 }, // U+01DF
    { 0x01E0, 24 }, // U+01E0
    { 0x01E1, 44 }, // U+01E1
    { 0x01E2, 27 }, // U+01E2
    { 0x01E3, 73 }, // U+01E3
    { 0x01E4, 29 }, // U+01E4
    { 0x01E5, 47 }, // U+01E5
    { 0x01E6, 29 }, // U+01E6
    { 0x01E7, 47 }, // U+01E7
    { 0x01E8, 31 }, // U+01E8
    { 0x01E9, 49 }, // U+01E9
    { 0x01EA, 23 }, // U+01EA
    { 0x01EB, 45 }, // U+01EB
    { 0x01EC, 23 }, // U+01EC
    { 0x01ED, 45 }, // U+01ED
    { 0x01F0, 48 }, // U+01F0
    { 0x01F1, 103 }, // U+01F1
    { 0x01F2, 57 }, // U+01F2
    { 0x01F3, 57 }, // U+01F3
    { 0x01F4, 29 }, // U+01F4
    { 0x01F5, 47 }, // U+01F5
    { 0x01F6, 104 }, // U+01F6
    { 0x01F8, 12 }, // U+01F8
    { 0x01F9, 44 }, // U+01F9
    { 0x01FA, 24 }, // U+01FA
    { 0x01FB, 44 }, // U+01FB
    { 0x01FC, 27 }, // U+01FC
    { 0x01FD, 73 }, // U+01FD
    { 0x01FE, 23 }, // U+01FE
    { 0x01FF, 45 }, // U+01FF
    { 0x0200, 24 }, // U+0200
    { 0x0201, 44 }, // U+0201
    { 0x0202, 24 }, // U+0202
    { 0x0203, 44 }, // U+0203
    { 0x0204, 27 }, // U+0204
    { 0x0205, 45 }, // U+0205
    { 0x0206, 27 }, // U+0206
    { 0x0207, 45 }, // U+0207
    { 0x0208, 105 }, // U+0208
    { 0x0209, 106 }, // U+0209
    { 0x020A, 69 }, // U+020A
    { 0x020B, 107 }, // U+020B
    { 0x020C, 23 }, // U+020C
    { 0x020D, 45 }, // U+020D
    { 0x020E, 23 }, // U+020E
    { 0x020F, 45 }, // U+020F
    { 0x0210, 34 }, // U+0210
    { 0x0211, 50 }, // U+0211
    { 0x0212, 34 }, // U+0212
    { 0x0213, 50 }, // U+0213
    { 0x0214, 30 }, // U+0214
    { 0x0215, 53 }, // U+0215
    { 0x0216, 30 }, // U+0216
    { 0x0217, 53 }, // U+0217
    { 0x0218, 2 }, // U+0218
    { 0x0219, 51 }, // U+0219
    { 0x021A, 35 }, // U+021A
    { 0x021B, 52 }, // U+021B
    { 0x021E, 12 }, // U+021E
    { 0x021F, 44 }, // U+021F
    { 0x0400, 27 }, // U+0400
    { 0x0401, 27 }, // U+0401
    { 0x0402, 45 }, // U+0402
    { 0x0403, 35 }, // U+0403
    { 0x0404, 97 }, // U+0404
    { 0x0405, 2 }, // U+0405
    { 0x0406, 12 }, // U+0406
    { 0x0407, 69 }, // U+0407
    { 0x0408, 30 }, // U+0408
    { 0x0409, 45 }, // U+0409
    { 0x040A, 45 }, // U+040A
    { 0x040B, 44 }, // U+040B
    { 0x040C, 31 }, // U+040C
    { 0x040D, 12 }, // U+040D
    { 0x040F, 12 }, // U+040F
    { 0x0410, 24 }, // U+0410
    { 0x0411, 25 }, // U+0411
    { 0x0412, 25 }, // U+0412
    { 0x0413, 35 }, // U+0413
    { 0x0414, 108 }, // U+0414
    { 0x0415, 27 }, // U+0415
    { 0x0416, 109 }, // U+0416
    { 0x0417, 14 }, // U+0417
    { 0x0418, 12 }, // U+0418
    { 0x0419, 12 }, // U+0419
    { 0x041A, 31 }, // U+041A
    { 0x041B, 12 }, // U+041B
    { 0x041C, 12 }, // U+041C
    { 0x041D, 12 }, // U+041D
    { 0x041E, 23 }, // U+041E
    { 0x041F, 12 }, // U+041F
    { 0x0420, 33 }, // U+0420
    { 0x0421, 26 }, // U+0421
    { 0x0422, 35 }, // U+0422
    { 0x0423, 39 }, // U+0423
    { 0x0424, 110 }, // U+0424
    { 0x0425, 38 }, // U+0425
    { 0x0426, 108 }, // U+0426
    { 0x0427, 12 }, // U+0427
    { 0x0428, 12 }, // U+0428
    { 0x0429, 108 }, // U+0429
    { 0x042A, 45 }, // U+042A
    { 0x042B, 12 }, // U+042B
    { 0x042C, 45 }, // U+042C
    { 0x042D, 23 }, // U+042D
    { 0x042E, 111 }, // U+042E
    { 0x0430, 44 }, // U+0430
    { 0x0432, 51 }, // U+0432
    { 0x0433, 50 }, // U+0433
    { 0x0434, 112 }, // U+0434
    { 0x0435, 45 }, // U+0435
    { 0x0436, 56 }, // U+0436
    { 0x0437, 44 }, // U+0437
    { 0x0438, 44 }, // U+0438
    { 0x0439, 44 }, // U+0439
    { 0x043A, 49 }, // U+043A
    { 0x043B, 44 }, // U+043B
    { 0x043C, 44 }, // U+043C
    { 0x043D, 44 }, // U+043D
    { 0x043E, 45 }, // U+043E
    { 0x043F, 44 }, // U+043F
    { 0x0440, 45 }, // U+0440
    { 0x0441, 45 }, // U+0441
    { 0x0442, 113 }, // U+0442
    { 0x0443, 54 }, // U+0443
    { 0x0444, 45 }, // U+0444
    { 0x0445, 56 }, // U+0445
    { 0x0446, 112 }, // U+0446
    { 0x0447, 44 }, // U+0447
    { 0x0448, 44 }, // U+0448
    { 0x0449, 112 }, // U+0449
    { 0x044A, 114 }, // U+044A
    { 0x044B, 48 }, // U+044B
    { 0x044C, 114 }, // U+044C
    { 0x044D, 45 }, // U+044D
    { 0x044E, 45 }, // U+044E
    { 0x044F, 44 }, // U+044F
    { 0x0450, 45 }, // U+0450
    { 0x0451, 45 }, // U+0451
    { 0x0452, 44 }, // U+0452
    { 0x0453, 50 }, // U+0453
    { 0x0454, 45 }, // U+0454
    { 0x0455, 51 }, // U+0455
    { 0x0456, 48 }, // U+0456
    { 0x0457, 75 }, // U+0457
    { 0x0458, 48 }, // U+0458
    { 0x0459, 114 }, // U+0459
    { 0x045A, 114 }, // U+045A
    { 0x045B, 44 }, // U+045B
    { 0x045C, 49 }, // U+045C
    { 0x045D, 44 }, // U+045D
    { 0x045E, 54 }, // U+045E
    { 0x045F, 53 }, // U+045F
    { 0x0460, 12 }, // U+0460
    { 0x0462, 45 }, // U+0462
    { 0x0463, 45 }, // U+0463
    { 0x0464, 26 }, // U+0464
    { 0x0465, 45 }, // U+0465
    { 0x0466, 24 }, // U+0466
    { 0x0467, 24 }, // U+0467
    { 0x0468, 24 }, // U+0468
    { 0x046E, 25 }, // U+046E
    { 0x0472, 23 }, // U+0472
    { 0x0473, 45 }, // U+0473
    { 0x0474, 36 }, // U+0474
    { 0x0475, 54 }, // U+0475
    { 0x0476, 36 }, // U+0476
    { 0x0477, 54 }, // U+0477
    { 0x0479, 46 }, // U+0479
    { 0x0481, 45 }, // U+0481
    { 0x048A, 12 }, // U+048A
    { 0x048B, 52 }, // U+048B
    { 0x048C, 45 }, // U+048C
    { 0x048D, 45 }, // U+048D
    { 0x048E, 33 }, // U+048E
    { 0x048F, 45 }, // U+048F
    { 0x0490, 35 }, // U+0490
    { 0x0491, 50 }, // U+0491
    { 0x0492, 35 }, // U+0492
    { 0x0493, 50 }, // U+0493
    { 0x0497, 56 }, // U+0497
    { 0x0498, 14 }, // U+0498
    { 0x049A, 31 }, // U+049A
    { 0x049B, 49 }, // U+049B
    { 0x049C, 31 }, // U+049C
    { 0x049D, 49 }, // U+049D
    { 0x04A0, 31 }, // U+04A0
    { 0x04A1, 49 }, // U+04A1
    { 0x04A2, 52 }, // U+04A2
    { 0x04A3, 52 }, // U+04A3
    { 0x04A4, 35 }, // U+04A4
    { 0x04A5, 50 }, // U+04A5
    { 0x04A6, 45 }, // U+04A6
    { 0x04A7, 114 }, // U+04A7
    { 0x04A9, 73 }, // U+04A9
    { 0x04AA, 26 }, // U+04AA
    { 0x04AB, 45 }, // U+04AB
    { 0x04AC, 35 }, // U+04AC
    { 0x04AD, 50 }, // U+04AD
    { 0x04AE, 39 }, // U+04AE
    { 0x04AF, 54 }, // U+04AF
    { 0x04B0, 115 }, // U+04B0
    { 0x04B1, 54 }, // U+04B1
    { 0x04B3, 56 }, // U+04B3
    { 0x04B5, 112 }, // U+04B5
    { 0x04B7, 52 }, // U+04B7
    { 0x04B9, 44 }, // U+04B9
    { 0x04BA, 44 }, // U+04BA
    { 0x04BB, 44 }, // U+04BB
    { 0x04BD, 45 }, // U+04BD
    { 0x04BF, 73 }, // U+04BF
    { 0x04C0, 12 }, // U+04C0
    { 0x04C1, 38 }, // U+04C1
    { 0x04C3, 25 }, // U+04C3
    { 0x04C4, 44 }, // U+04C4
    { 0x04C6, 52 }, // U+04C6
    { 0x04C7, 12 }, // U+04C7
    { 0x04C8, 44 }, // U+04C8
    { 0x04C9, 52 }, // U+04C9
    { 0x04CA, 52 }, // U+04CA
    { 0x04CC, 44 }, // U+04CC
    { 0x04CD, 12 }, // U+04CD
    { 0x04CE, 52 }, // U+04CE
    { 0x04CF, 12 }, // U+04CF
    { 0x04D0, 24 }, // U+04D0
    { 0x04D1, 44 }, // U+04D1
    { 0x04D2, 24 }, // U+04D2
    { 0x04D3, 44 }, // U+04D3
    { 0x04D4, 27 }, // U+04D4
    { 0x04D5, 73 }, // U+04D5
    { 0x04D6, 27 }, // U+04D6
    { 0x04D7, 45 }, // U+04D7
    { 0x04D9, 45 }, // U+04D9
    { 0x04DA, 23 }, // U+04DA
    { 0x04DB, 45 }, // U+04DB
    { 0x04DC, 38 }, // U+04DC
    { 0x04E0, 14 }, // U+04E0
    { 0x04E2, 12 }, // U+04E2
    { 0x04E3, 44 }, // U+04E3
    { 0x04E4, 12 }, // U+04E4
    { 0x04E5, 44 }, // U+04E5
    { 0x04E6, 23 }, // U+04E6
    { 0x04E7, 45 }, // U+04E7
    { 0x04E8, 23 }, // U+04E8
    { 0x04E9, 45 }, // U+04E9
    { 0x04EA, 23 }, // U+04EA
    { 0x04EB, 45 }, // U+04EB
    { 0x04ED, 45 }, // U+04ED
    { 0x04EF, 54 }, // U+04EF
    { 0x04F1, 54 }, // U+04F1
    { 0x04F3, 54 }, // U+04F3
    { 0x04F5, 44 }, // U+04F5
    { 0x04F6, 35 }, // U+04F6
    { 0x04F7, 50 }, // U+04F7
    { 0x04F9, 44 }, // U+04F9
    { 0x04FA, 35 }, // U+04FA
    { 0x04FB, 50 }, // U+04FB
    { 0x04FC, 38 }, // U+04FC
    { 0x04FD, 56 }, // U+04FD
    { 0x04FE, 38 }, // U+04FE
    { 0x04FF, 56 }, // U+04FF
    { 0x1EA0, 24 }, // U+1EA0
    { 0x1EA1, 44 }, // U+1EA1
    { 0x1EA2, 24 }, // U+1EA2
    { 0x1EA3, 44 }, // U+1EA3
    { 0x1EA4, 24 }, // U+1EA4
    { 0x1EA5, 44 }, // U+1EA5
    { 0x1EA6, 24 }, // U+1EA6
    { 0x1EA7, 44 }, // U+1EA7
    { 0x1EA8, 24 }, // U+1EA8
    { 0x1EA9, 44 }, // U+1EA9
    { 0x1EAA, 24 }, // U+1EAA
    { 0x1EAB, 44 }, // U+1EAB
    { 0x1EAC, 24 }, // U+1EAC
    { 0x1EAD, 44 }, // U+1EAD
    { 0x1EAE, 24 }, // U+1EAE
    { 0x1EAF, 44 }, // U+1EAF
    { 0x1EB0, 24 }, // U+1EB0
    { 0x1EB1, 44 }, // U+1EB1
    { 0x1EB2, 24 }, // U+1EB2
    { 0x1EB3, 44 }, // U+1EB3
    { 0x1EB4, 24 }, // U+1EB4
    { 0x1EB5, 44 }, // U+1EB5
    { 0x1EB6, 24 }, // U+1EB6
    { 0x1EB7, 44 }, // U+1EB7
    { 0x1EB8, 27 }, // U+1EB8
    { 0x1EB9, 45 }, // U+1EB9
    { 0x1EBA, 27 }, // U+1EBA
    { 0x1EBB, 45 }, // U+1EBB
    { 0x1EBC, 27 }, // U+1EBC
    { 0x1EBD, 45 }, // U+1EBD
    { 0x1EBE, 27 }, // U+1EBE
    { 0x1EBF, 45 }, // U+1EBF
    { 0x1EC0, 27 }, // U+1EC0
    { 0x1EC1, 45 }, // U+1EC1
    { 0x1EC2, 27 }, // U+1EC2
    { 0x1EC3, 45 }, // U+1EC3
    { 0x1EC4, 27 }, // U+1EC4
    { 0x1EC5, 45 }, // U+1EC5
    { 0x1EC6, 27 }, // U+1EC6
    { 0x1EC7, 45 }, // U+1EC7
    { 0x1EC8, 12 }, // U+1EC8
    { 0x1EC9, 106 }, // U+1EC9
    { 0x1ECA, 12 }, // U+1ECA
    { 0x1ECB, 116 }, // U+1ECB
    { 0x1ECC, 23 }, // U+1ECC
    { 0x1ECD, 45 }, // U+1ECD
    { 0x1ECE, 23 }, // U+1ECE
    { 0x1ECF, 45 }, // U+1ECF
    { 0x1ED0, 23 }, // U+1ED0
    { 0x1ED1, 45 }, // U+1ED1
    { 0x1ED2, 23 }, // U+1ED2
    { 0x1ED3, 45 }, // U+1ED3
    { 0x1ED4, 23 }, // U+1ED4
    { 0x1ED5, 117 }, // U+1ED5
    { 0x1ED6, 23 }, // U+1ED6
    { 0x1ED7, 45 }, // U+1ED7
    { 0x1ED8, 23 }, // U+1ED8
    { 0x1ED9, 45 }, // U+1ED9
    { 0x1EDA, 23 }, // U+1EDA
    { 0x1EDB, 45 }, // U+1EDB
    { 0x1EDC, 23 }, // U+1EDC
    { 0x1EDD, 45 }, // U+1EDD
    { 0x1EDE, 23 }, // U+1EDE
    { 0x1EDF, 45 }, // U+1EDF
    { 0x1EE0, 23 }, // U+1EE0
    { 0x1EE1, 45 }, // U+1EE1
    { 0x1EE2, 23 }, // U+1EE2
    { 0x1EE3, 45 }, // U+1EE3
    { 0x1EE4, 30 }, // U+1EE4
    { 0x1EE5, 53 }, // U+1EE5
    { 0x1EE6, 30 }, // U+1EE6
    { 0x1EE7, 53 }, // U+1EE7
    { 0x1EE8, 118 }, // U+1EE8
    { 0x1EE9, 53 }, // U+1EE9
    { 0x1EEA, 118 }, // U+1EEA
    { 0x1EEB, 53 }, // U+1EEB
    { 0x1EEC, 118 }, // U+1EEC
    { 0x1EED, 99 }, // U+1EED
    { 0x1EEE, 118 }, // U+1EEE
    { 0x1EEF, 53 }, // U+1EEF
    { 0x1EF0, 118 }, // U+1EF0
    { 0x1EF1, 53 }, // U+1EF1
    { 0x1EF2, 39 }, // U+1EF2
    { 0x1EF3, 54 }, // U+1EF3
    { 0x1EF4, 119 }, // U+1EF4
    { 0x1EF5, 54 }, // U+1EF5
    { 0x1EF6, 119 }, // U+1EF6
    { 0x1EF7, 54 }, // U+1EF7
    { 0x1EF8, 119 }, // U+1EF8
    { 0x1EF9, 54 }, // U+1EF9
    { 0x2018, 120 }, // U+2018
    { 0x2019, 121 }, // U+2019
    { 0x201A, 122 }, // U+201A
    { 0x201C, 120 }, // U+201C
    { 0x201D, 121 }, // U+201D
    { 0x201E, 122 }, // U+201E
    { 0x2020, 61 }, // U+2020
    { 0x2021, 61 }, // U+2021
    { 0x2022, 123 }, // U+2022
    { 0x2023, 123 }, // U+2023
    { 0x2026, 124 }, // U+2026
    { 0x2034, 121 }, // U+2034
    { 0x2039, 62 }, // U+2039
    { 0x203A, 67 }, // U+203A
    { 0x203D, 22 }, // U+203D
    { 0x2043, 123 }, // U+2043
    { 0x204B, 33 }, // U+204B
    { 0x204C, 44 }, // U+204C
    { 0x204D, 123 }, // U+204D
    { 0x204F, 19 }, // U+204F
    { 0x2071, 125 }, // U+2071
    { 0x2074, 126 }, // U+2074
    { 0x2077, 127 }, // U+2077
    { 0x207A, 128 }, // U+207A
    { 0x207B, 128 }, // U+207B
    { 0x2080, 129 }, // U+2080
    { 0x2081, 129 }, // U+2081
    { 0x2082, 129 }, // U+2082
    { 0x2083, 129 }, // U+2083
    { 0x2084, 129 }, // U+2084
    { 0x2085, 130 }, // U+2085
    { 0x2086, 129 }, // U+2086
    { 0x2087, 131 }, // U+2087
    { 0x2088, 129 }, // U+2088
    { 0x2089, 129 }, // U+2089
    { 0x208A, 129 }, // U+208A
    { 0x208B, 129 }, // U+208B
    { 0x208C, 129 }, // U+208C
    { 0x208D, 129 }, // U+208D
    { 0x208E, 129 }, // U+208E
    { 0x2090, 129 }, // U+2090
    { 0x2091, 129 }, // U+2091
    { 0x2092, 129 }, // U+2092
    { 0x2093, 129 }, // U+2093
    { 0x2095, 129 }, // U+2095
    { 0x2096, 129 }, // U+2096
    { 0x2097, 129 }, // U+2097
    { 0x2098, 129 }, // U+2098
    { 0x2099, 129 }, // U+2099
    { 0x209A, 129 }, // U+209A
    { 0x209B, 129 }, // U+209B
    { 0x209C, 129 }, // U+209C
    { 0x20A1, 26 }, // U+20A1
    { 0x20A7, 52 }, // U+20A7
    { 0x20A8, 51 }, // U+20A8
    { 0x20A9, 132 }, // U+20A9
    { 0x20AF, 45 }, // U+20AF
    { 0x20B2, 29 }, // U+20B2
    { 0x20B5, 26 }, // U+20B5
    { 0x20BD, 133 }, // U+20BD
    { 0x20BF, 25 }, // U+20BF
    { 0x2190, 8 }, // U+2190
    { 0x21D0, 20 }, // U+21D0
    { 0x2206, 24 }, // U+2206
    { 0x2212, 8 }, // U+2212
    { 0x221E, 88 }, // U+221E
    { 0x2248, 20 }, // U+2248
    { 0x2260, 20 }, // U+2260
    { 0x2264, 20 }, // U+2264
    { 0x2265, 20 }, // U+2265
};

static const EpdKernClassEntry inter_ui_12_regularKernRightClasses[] = {
    { 0x0022, 1 }, // "
    { 0x0023, 2 }, // #
    { 0x0024, 3 }, // $
    { 0x0026, 4 }, // &
    { 0x0027, 1 }, // '
    { 0x0029, 5 }, // )
    { 0x002A, 6 }, // *
    { 0x002B, 7 }, // +
    { 0x002C, 8 }, // ,
    { 0x002D, 9 }, // -
    { 0x002E, 10 }, // .
    { 0x002F, 11 }, // /
    { 0x0030, 12 }, // 0
    { 0x0031, 13 }, // 1
    { 0x0032, 14 }, // 2
    { 0x0033, 15 }, // 3
    { 0x0034, 16 }, // 4
    { 0x0035, 17 }, // 5
    { 0x0036, 12 }, // 6
    { 0x0037, 18 }, // 7
    { 0x0038, 19 }, // 8
    { 0x0039, 20 }, // 9
    { 0x003A, 21 }, // :
    { 0x003B, 21 }, // ;
    { 0x003C, 22 }, // <
    { 0x003D, 23 }, // =
    { 0x003F, 24 }, // ?
    { 0x0040, 25 }, // @
    { 0x0041, 26 }, // A
    { 0x0042, 27 }, // B
    { 0x0043, 28 }, // C
    { 0x0044, 27 }, // D
    { 0x0045, 27 }, // E
    { 0x0046, 27 }, // F
    { 0x0047, 28 }, // G
    { 0x0048, 27 }, // H
    { 0x0049, 27 }, // I
    { 0x004A, 29 }, // J
    { 0x004B, 27 }, // K
    { 0x004C, 27 }, // L
    { 0x004D, 27 }, // M
    { 0x004E, 27 }, // N
    { 0x004F, 28 }, // O
    { 0x0050, 27 }, // P
    { 0x0051, 28 }, // Q
    { 0x0052, 27 }, // R
    { 0x0053, 3 }, // S
    { 0x0054, 30 }, // T
    { 0x0055, 31 }, // U
    { 0x0056, 32 }, // V
    { 0x0057, 33 }, // W
    { 0x0058, 34 }, // X
    { 0x0059, 35 }, // Y
    { 0x005A, 36 }, // Z
    { 0x005C, 32 }, // <backslash>
    { 0x005D, 5 }, // ]
    { 0x005E, 37 }, // ^
    { 0x005F, 38 }, // _
    { 0x0061, 39 }, // a
    { 0x0062, 27 }, // b
    { 0x0063, 40 }, // c
    { 0x0064, 40 }, // d
    { 0x0065, 40 }, // e
    { 0x0066, 41 }, // f
    { 0x0067, 40 }, // g
    { 0x0068, 27 }, // h
    { 0x0069, 42 }, // i
    { 0x006A, 43 }, // j
    { 0x006B, 27 }, // k
    { 0x006C, 27 }, // l
    { 0x006D, 44 }, // m
    { 0x006E, 44 }, // n
    { 0x006F, 40 }, // o
    { 0x0070, 44 }, // p
    { 0x0071, 40 }, // q
    { 0x0072, 44 }, // r
    { 0x0073, 45 }, // s
    { 0x0074, 46 }, // t
    { 0x0075, 47 }, // u
    { 0x0076, 48 }, // v
    { 0x0077, 49 }, // w
    { 0x0078, 50 }, // x
    { 0x0079, 48 }, // y
    { 0x007A, 51 }, // z
    { 0x007C, 27 }, // |
    { 0x007D, 5 }, // }
    { 0x007E, 52 }, // ~
    { 0x00A2, 40 }, // U+00A2
    { 0x00A9, 28 }, // U+00A9
    { 0x00AA, 53 }, // U+00AA
    { 0x00AB, 54 }, // U+00AB
    { 0x00AC, 55 }, // U+00AC
    { 0x00AE, 56 }, // U+00AE
    { 0x00B0, 57 }, // U+00B0
    { 0x00B1, 23 }, // U+00B1
    { 0x00B2, 58 }, // U+00B2
    { 0x00B5, 59 }, // U+00B5
    { 0x00B6, 60 }, // U+00B6
    { 0x00B7, 61 }, // U+00B7
    { 0x00B9, 62 }, // U+00B9
    { 0x00BA, 53 }, // U+00BA
    { 0x00BB, 63 }, // U+00BB
    { 0x00BF, 64 }, // U+00BF
    { 0x00C0, 26 }, // U+00C0
    { 0x00C1, 26 }, // U+00C1
    { 0x00C2, 26 }, // U+00C2
    { 0x00C3, 26 }, // U+00C3
    { 0x00C4, 26 }, // U+00C4
    { 0x00C5, 26 }, // U+00C5
    { 0x00C6, 26 }, // U+00C6
    { 0x00C7, 28 }, // U+00C7
    { 0x00C8, 27 }, // U+00C8
    { 0x00C9, 27 }, // U+00C9
    { 0x00CA, 27 }, // U+00CA
    { 0x00CB, 27 }, // U+00CB
    { 0x00CC, 27 }, // U+00CC
    { 0x00CD, 27 }, // U+00CD
    { 0x00CE, 65 }, // U+00CE
    { 0x00CF, 65 }, // U+00CF
    { 0x00D0, 66 }, // U+00D0
    { 0x00D1, 27 }, // U+00D1
    { 0x00D2, 28 }, // U+00D2
    { 0x00D3, 28 }, // U+00D3
    { 0x00D4, 28 }, // U+00D4
    { 0x00D5, 28 }, // U+00D5
    { 0x00D6, 28 }, // U+00D6
    { 0x00D7, 67 }, // U+00D7
    { 0x00D8, 28 }, // U+00D8
    { 0x00D9, 31 }, // U+00D9
    { 0x00DA, 31 }, // U+00DA
    { 0x00DB, 31 }, // U+00DB
    { 0x00DC, 31 }, // U+00DC
    { 0x00DD, 35 }, // U+00DD
    { 0x00DE, 27 }, // U+00DE
    { 0x00DF, 27 }, // U+00DF
    { 0x00E0, 39 }, // U+00E0
    { 0x00E1, 39 }, // U+00E1
    { 0x00E2, 39 }, // U+00E2
    { 0x00E3, 68 }, // U+00E3
    { 0x00E4, 69 }, // U+00E4
    { 0x00E5, 39 }, // U+00E5
    { 0x00E6, 39 }, // U+00E6
    { 0x00E7, 40 }, // U+00E7
    { 0x00E8, 40 }, // U+00E8
    { 0x00E9, 40 }, // U+00E9
    { 0x00EA, 40 }, // U+00EA
    { 0x00EB, 70 }, // U+00EB
    { 0x00EC, 71 }, // U+00EC
    { 0x00ED, 72 }, // U+00ED
    { 0x00EE, 73 }, // U+00EE
    { 0x00EF, 74 }, // U+00EF
    { 0x00F0, 40 }, // U+00F0
    { 0x00F1, 44 }, // U+00F1
    { 0x00F2, 40 }, // U+00F2
    { 0x00F3, 40 }, // U+00F3
    { 0x00F4, 40 }, // U+00F4
    { 0x00F5, 75 }, // U+00F5
    { 0x00F6, 70 }, // U+00F6
    { 0x00F7, 7 }, // U+00F7
    { 0x00F8, 40 }, // U+00F8
    { 0x00F9, 47 }, // U+00F9
    { 0x00FA, 47 }, // U+00FA
    { 0x00FB, 47 }, // U+00FB
    { 0x00FC, 76 }, // U+00FC
    { 0x00FD, 48 }, // U+00FD
    { 0x00FE, 27 }, // U+00FE
    { 0x00FF, 77 }, // U+00FF
    { 0x0100, 26 }, // U+0100
    { 0x0101, 78 }, // U+0101
    { 0x0102, 26 }, // U+0102
    { 0x0103, 39 }, // U+0103
    { 0x0104, 26 }, // U+0104
    { 0x0105, 39 }, // U+0105
    { 0x0106, 28 }, // U+0106
    { 0x0107, 40 }, // U+0107
    { 0x0108, 28 }, // U+0108
    { 0x0109, 40 }, // U+0109
    { 0x010A, 28 }, // U+010A
    { 0x010B, 40 }, // U+010B
    { 0x010C, 28 }, // U+010C
    { 0x010D, 40 }, // U+010D
    { 0x010E, 27 }, // U+010E
    { 0x010F, 40 }, // U+010F
    { 0x0110, 79 }, // U+0110
    { 0x0111, 40 }, // U+0111
    { 0x0112, 27 }, // U+0112
    { 0x0113, 40 }, // U+0113
    { 0x0114, 27 }, // U+0114
    { 0x0115, 40 }, // U+0115
    { 0x0116, 27 }, // U+0116
    { 0x0117, 40 }, // U+0117
    { 0x0118, 27 }, // U+0118
    { 0x0119, 40 }, // U+0119
    { 0x011A, 27 }, // U+011A
    { 0x011B, 40 }, // U+011B
    { 0x011C, 28 }, // U+011C
    { 0x011D, 40 }, // U+011D
    { 0x011E, 28 }, // U+011E
    { 0x011F, 40 }, // U+011F
    { 0x0120, 28 }, // U+0120
    { 0x0121, 40 }, // U+0121
    { 0x0122, 28 }, // U+0122
    { 0x0123, 40 }, // U+0123
    { 0x0124, 27 }, // U+0124
    { 0x0125, 27 }, // U+0125
    { 0x0126, 27 }, // U+0126
    { 0x0127, 80 }, // U+0127
    { 0x0128, 65 }, // U+0128
    { 0x0129, 81 }, // U+0129
    { 0x012A, 65 }, // U+012A
    { 0x012B, 82 }, // U+012B
    { 0x012C, 65 }, // U+012C
    { 0x012D, 74 }, // U+012D
    { 0x012E, 27 }, // U+012E
    { 0x012F, 42 }, // U+012F
    { 0x0130, 27 }, // U+0130
    { 0x0131, 42 }, // U+0131
    { 0x0133, 42 }, // U+0133
    { 0x0134, 29 }, // U+0134
    { 0x0135, 83 }, // U+0135
    { 0x0136, 27 }, // U+0136
    { 0x0137, 27 }, // U+0137
    { 0x0138, 44 }, // U+0138
    { 0x0139, 27 }, // U+0139
    { 0x013A, 27 }, // U+013A
    { 0x013B, 27 }, // U+013B
    { 0x013C, 27 }, // U+013C
    { 0x013D, 27 }, // U+013D
    { 0x013E, 27 }, // U+013E
    { 0x0140, 27 }, // U+0140
    { 0x0141, 27 }, // U+0141
    { 0x0142, 27 }, // U+0142
    { 0x0143, 27 }, // U+0143
    { 0x0144, 44 }, // U+0144
    { 0x0145, 27 }, // U+0145
    { 0x0146, 44 }, // U+0146
    { 0x0147, 27 }, // U+0147
    { 0x0148, 44 }, // U+0148
    { 0x014A, 27 }, // U+014A
    { 0x014B, 44 }, // U+014B
    { 0x014C, 28 }, // U+014C
    { 0x014D, 84 }, // U+014D
    { 0x014E, 28 }, // U+014E
    { 0x014F, 40 }, // U+014F
    { 0x0150, 28 }, // U+0150
    { 0x0151, 40 }, // U+0151
    { 0x0152, 28 }, // U+0152
    { 0x0153, 40 }, // U+0153
    { 0x0154, 27 }, // U+0154
    { 0x0155, 44 }, // U+0155
    { 0x0156, 27 }, // U+0156
    { 0x0157, 44 }, // U+0157
    { 0x0158, 27 }, // U+0158
    { 0x0159, 44 }, // U+0159
    { 0x015A, 3 }, // U+015A
    { 0x015B, 45 }, // U+015B
    { 0x015C, 3 }, // U+015C
    { 0x015D, 45 }, // U+015D
    { 0x015E, 3 }, // U+015E
    { 0x015F, 45 }, // U+015F
    { 0x0160, 3 }, // U+0160
    { 0x0161, 45 }, // U+0161
    { 0x0162, 85 }, // U+0162
    { 0x0163, 46 }, // U+0163
    { 0x0164, 86 }, // U+0164
    { 0x0165, 46 }, // U+0165
    { 0x0166, 87 }, // U+0166
    { 0x0167, 46 }, // U+0167
    { 0x0168, 31 }, // U+0168
    { 0x0169, 88 }, // U+0169
    { 0x016A, 31 }, // U+016A
    { 0x016B, 47 }, // U+016B
    { 0x016C, 31 }, // U+016C
    { 0x016D, 47 }, // U+016D
    { 0x016E, 31 }, // U+016E
    { 0x016F, 47 }, // U+016F
    { 0x0170, 31 }, // U+0170
    { 0x0171, 47 }, // U+0171
    { 0x0172, 31 }, // U+0172
    { 0x0173, 47 }, // U+0173
    { 0x0174, 33 }, // U+0174
    { 0x0175, 49 }, // U+0175
    { 0x0176, 35 }, // U+0176
    { 0x0177, 48 }, // U+0177
    { 0x0178, 35 }, // U+0178
    { 0x0179, 36 }, // U+0179
    { 0x017A, 51 }, // U+017A
    { 0x017B, 36 }, // U+017B
    { 0x017C, 51 }, // U+017C
    { 0x017D, 36 }, // U+017D
    { 0x017E, 51 }, // U+017E
    { 0x017F, 27 }, // U+017F
    { 0x01A0, 28 }, // U+01A0
    { 0x01A1, 40 }, // U+01A1
    { 0x01AF, 31 }, // U+01AF
    { 0x01B0, 47 }, // U+01B0
    { 0x01C5, 89 }, // U+01C5
    { 0x01C6, 40 }, // U+01C6
    { 0x01C8, 27 }, // U+01C8
    { 0x01C9, 27 }, // U+01C9
    { 0x01CB, 27 }, // U+01CB
    { 0x01CC, 44 }, // U+01CC
    { 0x01CD, 26 }, // U+01CD
    { 0x01CE, 39 }, // U+01CE
    { 0x01CF, 27 }, // U+01CF
    { 0x01D0, 90 }, // U+01D0
    { 0x01D1, 28 }, // U+01D1
    { 0x01D2, 40 }, // U+01D2
    { 0x01D3, 31 }, // U+01D3
    { 0x01D4, 47 }, // U+01D4
    { 0x01D5, 31 }, // U+01D5
    { 0x01D6, 47 }, // U+01D6
    { 0x01D7, 31 }, // U+01D7
    { 0x01D8, 47 }, // U+01D8
    { 0x01D9, 31 }, // U+01D9
    { 0x01DA, 47 }, // U+01DA
    { 0x01DB, 31 }, // U+01DB
    { 0x01DC, 47 }, // U+01DC
    { 0x01DD, 84 }, // U+01DD
    { 0x01DE, 26 }, // U+01DE
    { 0x01DF, 39 }, // U+01DF
    { 0x01E0, 26 }, // U+01E0
    { 0x01E1, 39 }, // U+01E1
    { 0x01E2, 26 }, // U+01E2
    { 0x01E3, 39 }, // U+01E3
    { 0x01E4, 28 }, // U+01E4
    { 0x01E5, 40 }, // U+01E5
    { 0x01E6, 28 }, // U+01E6
    { 0x01E7, 40 }, // U+01E7
    { 0x01E8, 27 }, // U+01E8
    { 0x01E9, 27 }, // U+01E9
    { 0x01EA, 28 }, // U+01EA
    { 0x01EB, 40 }, // U+01EB
    { 0x01EC, 28 }, // U+01EC
    { 0x01ED, 40 }, // U+01ED
    { 0x01EF, 46 }, // U+01EF
    { 0x01F0, 43 }, // U+01F0
    { 0x01F2, 27 }, // U+01F2
    { 0x01F3, 84 }, // U+01F3
    { 0x01F4, 28 }, // U+01F4
    { 0x01F5, 40 }, // U+01F5
    { 0x01F6, 89 }, // U+01F6
    { 0x01F8, 27 }, // U+01F8
    { 0x01F9, 44 }, // U+01F9
    { 0x01FA, 26 }, // U+01FA
    { 0x01FB, 39 }, // U+01FB
    { 0x01FC, 26 }, // U+01FC
    { 0x01FD, 39 }, // U+01FD
    { 0x01FE, 28 }, // U+01FE
    { 0x01FF, 40 }, // U+01FF
    { 0x0200, 26 }, // U+0200
    { 0x0201, 39 }, // U+0201
    { 0x0202, 26 }, // U+0202
    { 0x0203, 39 }, // U+0203
    { 0x0204, 27 }, // U+0204
    { 0x0205, 40 }, // U+0205
    { 0x0206, 27 }, // U+0206
    { 0x0207, 40 }, // U+0207
    { 0x0208, 65 }, // U+0208
    { 0x0209, 91 }, // U+0209
    { 0x020A, 65 }, // U+020A
    { 0x020B, 92 }, // U+020B
    { 0x020C, 28 }, // U+020C
    { 0x020D, 40 }, // U+020D
    { 0x020E, 28 }, // U+020E
    { 0x020F, 40 }, // U+020F
    { 0x0210, 27 }, // U+0210
    { 0x0211, 44 }, // U+0211
    { 0x0212, 27 }, // U+0212
    { 0x0213, 44 }, // U+0213
    { 0x0214, 31 }, // U+0214
    { 0x0215, 47 }, // U+0215
    { 0x0216, 31 }, // U+0216
    { 0x0217, 47 }, // U+0217
    { 0x0218, 3 }, // U+0218
    { 0x0219, 45 }, // U+0219
    { 0x021A, 30 }, // U+021A
    { 0x021B, 46 }, // U+021B
    { 0x021E, 27 }, // U+021E
    { 0x021F, 27 }, // U+021F
    { 0x0400, 27 }, // U+0400
    { 0x0401, 27 }, // U+0401
    { 0x0402, 30 }, // U+0402
    { 0x0403, 27 }, // U+0403
    { 0x0404, 28 }, // U+0404
    { 0x0405, 3 }, // U+0405
    { 0x0406, 27 }, // U+0406
    { 0x0407, 65 }, // U+0407
    { 0x0408, 29 }, // U+0408
    { 0x0409, 93 }, // U+0409
    { 0x040A, 27 }, // U+040A
    { 0x040B, 30 }, // U+040B
    { 0x040C, 27 }, // U+040C
    { 0x040D, 27 }, // U+040D
    { 0x040F, 27 }, // U+040F
    { 0x0410, 26 }, // U+0410
    { 0x0411, 27 }, // U+0411
    { 0x0412, 27 }, // U+0412
    { 0x0413, 27 }, // U+0413
    { 0x0414, 94 }, // U+0414
    { 0x0415, 27 }, // U+0415
    { 0x0416, 95 }, // U+0416
    { 0x0417, 96 }, // U+0417
    { 0x0418, 89 }, // U+0418
    { 0x0419, 27 }, // U+0419
    { 0x041A, 27 }, // U+041A
    { 0x041B, 93 }, // U+041B
    { 0x041C, 27 }, // U+041C
    { 0x041D, 27 }, // U+041D
    { 0x041E, 28 }, // U+041E
    { 0x041F, 27 }, // U+041F
    { 0x0420, 27 }, // U+0420
    { 0x0421, 28 }, // U+0421
    { 0x0422, 30 }, // U+0422
    { 0x0423, 32 }, // U+0423
    { 0x0424, 97 }, // U+0424
    { 0x0425, 34 }, // U+0425
    { 0x0426, 27 }, // U+0426
    { 0x0427, 98 }, // U+0427
    { 0x0428, 27 }, // U+0428
    { 0x0429, 27 }, // U+0429
    { 0x042A, 99 }, // U+042A
    { 0x042B, 27 }, // U+042B
    { 0x042C, 27 }, // U+042C
    { 0x042D, 28 }, // U+042D
    { 0x042E, 27 }, // U+042E
    { 0x0430, 39 }, // U+0430
    { 0x0431, 12 }, // U+0431
    { 0x0432, 44 }, // U+0432
    { 0x0433, 44 }, // U+0433
    { 0x0434, 100 }, // U+0434
    { 0x0435, 40 }, // U+0435
    { 0x0436, 50 }, // U+0436
    { 0x0437, 40 }, // U+0437
    { 0x0438, 44 }, // U+0438
    { 0x0439, 44 }, // U+0439
    { 0x043A, 44 }, // U+043A
    { 0x043B, 101 }, // U+043B
    { 0x043C, 44 }, // U+043C
    { 0x043D, 44 }, // U+043D
    { 0x043E, 40 }, // U+043E
    { 0x043F, 44 }, // U+043F
    { 0x0440, 44 }, // U+0440
    { 0x0441, 40 }, // U+0441
    { 0x0442, 102 }, // U+0442
    { 0x0443, 48 }, // U+0443
    { 0x0444, 40 }, // U+0444
    { 0x0445, 50 }, // U+0445
    { 0x0446, 44 }, // U+0446
    { 0x0447, 103 }, // U+0447
    { 0x0448, 44 }, // U+0448
    { 0x0449, 44 }, // U+0449
    { 0x044A, 104 }, // U+044A
    { 0x044B, 42 }, // U+044B
    { 0x044C, 44 }, // U+044C
    { 0x044D, 40 }, // U+044D
    { 0x044E, 44 }, // U+044E
    { 0x044F, 105 }, // U+044F
    { 0x0450, 40 }, // U+0450
    { 0x0451, 40 }, // U+0451
    { 0x0452, 27 }, // U+0452
    { 0x0453, 44 }, // U+0453
    { 0x0454, 40 }, // U+0454
    { 0x0455, 45 }, // U+0455
    { 0x0456, 42 }, // U+0456
    { 0x0457, 74 }, // U+0457
    { 0x0458, 43 }, // U+0458
    { 0x0459, 101 }, // U+0459
    { 0x045A, 44 }, // U+045A
    { 0x045B, 27 }, // U+045B
    { 0x045C, 44 }, // U+045C
    { 0x045D, 44 }, // U+045D
    { 0x045E, 48 }, // U+045E
    { 0x045F, 47 }, // U+045F
    { 0x0460, 27 }, // U+0460
    { 0x0463, 46 }, // U+0463
    { 0x0464, 27 }, // U+0464
    { 0x0465, 44 }, // U+0465
    { 0x0466, 26 }, // U+0466
    { 0x0467, 26 }, // U+0467
    { 0x0468, 27 }, // U+0468
    { 0x046C, 27 }, // U+046C
    { 0x046E, 27 }, // U+046E
    { 0x0472, 28 }, // U+0472
    { 0x0473, 40 }, // U+0473
    { 0x0474, 32 }, // U+0474
    { 0x0475, 48 }, // U+0475
    { 0x0476, 32 }, // U+0476
    { 0x0477, 48 }, // U+0477
    { 0x0478, 28 }, // U+0478
    { 0x0479, 40 }, // U+0479
    { 0x0481, 40 }, // U+0481
    { 0x048A, 89 }, // U+048A
    { 0x048B, 44 }, // U+048B
    { 0x048D, 46 }, // U+048D
    { 0x048E, 27 }, // U+048E
    { 0x048F, 44 }, // U+048F
    { 0x0490, 27 }, // U+0490
    { 0x0491, 44 }, // U+0491
    { 0x0493, 46 }, // U+0493
    { 0x0494, 27 }, // U+0494
    { 0x0495, 44 }, // U+0495
    { 0x0497, 50 }, // U+0497
    { 0x049A, 27 }, // U+049A
    { 0x049B, 44 }, // U+049B
    { 0x049C, 27 }, // U+049C
    { 0x049D, 44 }, // U+049D
    { 0x04A0, 30 }, // U+04A0
    { 0x04A1, 46 }, // U+04A1
    { 0x04A2, 27 }, // U+04A2
    { 0x04A3, 44 }, // U+04A3
    { 0x04A4, 27 }, // U+04A4
    { 0x04A5, 44 }, // U+04A5
    { 0x04A6, 27 }, // U+04A6
    { 0x04A7, 44 }, // U+04A7
    { 0x04A9, 40 }, // U+04A9
    { 0x04AA, 28 }, // U+04AA
    { 0x04AB, 40 }, // U+04AB
    { 0x04AC, 30 }, // U+04AC
    { 0x04AD, 46 }, // U+04AD
    { 0x04AE, 35 }, // U+04AE
    { 0x04AF, 48 }, // U+04AF
    { 0x04B0, 106 }, // U+04B0
    { 0x04B1, 48 }, // U+04B1
    { 0x04B2, 34 }, // U+04B2
    { 0x04B3, 50 }, // U+04B3
    { 0x04B4, 30 }, // U+04B4
    { 0x04B5, 46 }, // U+04B5
    { 0x04B7, 39 }, // U+04B7
    { 0x04B9, 39 }, // U+04B9
    { 0x04BA, 27 }, // U+04BA
    { 0x04BB, 27 }, // U+04BB
    { 0x04BD, 46 }, // U+04BD
    { 0x04C0, 27 }, // U+04C0
    { 0x04C1, 34 }, // U+04C1
    { 0x04C3, 27 }, // U+04C3
    { 0x04C4, 44 }, // U+04C4
    { 0x04C6, 101 }, // U+04C6
    { 0x04C7, 89 }, // U+04C7
    { 0x04C8, 44 }, // U+04C8
    { 0x04C9, 27 }, // U+04C9
    { 0x04CA, 44 }, // U+04CA
    { 0x04CD, 27 }, // U+04CD
    { 0x04CE, 44 }, // U+04CE
    { 0x04CF, 27 }, // U+04CF
    { 0x04D0, 26 }, // U+04D0
    { 0x04D1, 39 }, // U+04D1
    { 0x04D2, 26 }, // U+04D2
    { 0x04D3, 39 }, // U+04D3
    { 0x04D4, 26 }, // U+04D4
    { 0x04D5, 39 }, // U+04D5
    { 0x04D6, 27 }, // U+04D6
    { 0x04D7, 40 }, // U+04D7
    { 0x04D9, 40 }, // U+04D9
    { 0x04DA, 28 }, // U+04DA
    { 0x04DB, 40 }, // U+04DB
    { 0x04DC, 34 }, // U+04DC
    { 0x04E1, 46 }, // U+04E1
    { 0x04E2, 27 }, // U+04E2
    { 0x04E3, 44 }, // U+04E3
    { 0x04E4, 27 }, // U+04E4
    { 0x04E5, 44 }, // U+04E5
    { 0x04E6, 28 }, // U+04E6
    { 0x04E7, 40 }, // U+04E7
    { 0x04E8, 28 }, // U+04E8
    { 0x04E9, 40 }, // U+04E9
    { 0x04EA, 28 }, // U+04EA
    { 0x04EB, 40 }, // U+04EB
    { 0x04ED, 40 }, // U+04ED
    { 0x04EF, 48 }, // U+04EF
    { 0x04F1, 48 }, // U+04F1
    { 0x04F3, 48 }, // U+04F3
    { 0x04F7, 44 }, // U+04F7
    { 0x04F9, 44 }, // U+04F9
    { 0x04FB, 46 }, // U+04FB
    { 0x04FC, 34 }, // U+04FC
    { 0x04FD, 50 }, // U+04FD
    { 0x04FE, 34 }, // U+04FE
    { 0x04FF, 50 }, // U+04FF
    { 0x1EA0, 26 }, // U+1EA0
    { 0x1EA1, 39 }, // U+1EA1
    { 0x1EA2, 26 }, // U+1EA2
    { 0x1EA3, 39 }, // U+1EA3
    { 0x1EA4, 26 }, // U+1EA4
    { 0x1EA5, 39 }, // U+1EA5
    { 0x1EA6, 26 }, // U+1EA6
    { 0x1EA7, 39 }, // U+1EA7
    { 0x1EA8, 26 }, // U+1EA8
    { 0x1EA9, 39 }, // U+1EA9
    { 0x1EAA, 26 }, // U+1EAA
    { 0x1EAB, 39 }, // U+1EAB
    { 0x1EAC, 26 }, // U+1EAC
    { 0x1EAD, 39 }, // U+1EAD
    { 0x1EAE, 26 }, // U+1EAE
    { 0x1EAF, 39 }, // U+1EAF
    { 0x1EB0, 26 }, // U+1EB0
    { 0x1EB1, 39 }, // U+1EB1
    { 0x1EB2, 26 }, // U+1EB2
    { 0x1EB3, 39 }, // U+1EB3
    { 0x1EB4, 26 }, // U+1EB4
    { 0x1EB5, 39 }, // U+1EB5
    { 0x1EB6, 26 }, // U+1EB6
    { 0x1EB7, 39 }, // U+1EB7
    { 0x1EB8, 27 }, // U+1EB8
    { 0x1EB9, 40 }, // U+1EB9
    { 0x1EBA, 27 }, // U+1EBA
    { 0x1EBB, 40 }, // U+1EBB
    { 0x1EBC, 27 }, // U+1EBC
    { 0x1EBD, 40 }, // U+1EBD
    { 0x1EBE, 27 }, // U+1EBE
    { 0x1EBF, 40 }, // U+1EBF
    { 0x1EC0, 27 }, // U+1EC0
    { 0x1EC1, 40 }, // U+1EC1
    { 0x1EC2, 27 }, // U+1EC2
    { 0x1EC3, 40 }, // U+1EC3
    { 0x1EC4, 27 }, // U+1EC4
    { 0x1EC5, 40 }, // U+1EC5
    { 0x1EC6, 27 }, // U+1EC6
    { 0x1EC7, 40 }, // U+1EC7
    { 0x1EC8, 27 }, // U+1EC8
    { 0x1EC9, 42 }, // U+1EC9
    { 0x1ECA, 27 }, // U+1ECA
    { 0x1ECB, 42 }, // U+1ECB
    { 0x1ECC, 28 }, // U+1ECC
    { 0x1ECD, 40 }, // U+1ECD
    { 0x1ECE, 28 }, // U+1ECE
    { 0x1ECF, 40 }, // U+1ECF
    { 0x1ED0, 28 }, // U+1ED0
    { 0x1ED1, 40 }, // U+1ED1
    { 0x1ED2, 28 }, // U+1ED2
    { 0x1ED3, 40 }, // U+1ED3
    { 0x1ED4, 28 }, // U+1ED4
    { 0x1ED5, 40 }, // U+1ED5
    { 0x1ED6, 28 }, // U+1ED6
    { 0x1ED7, 40 }, // U+1ED7
    { 0x1ED8, 28 }, // U+1ED8
    { 0x1ED9, 40 }, // U+1ED9
    { 0x1EDA, 28 }, // U+1EDA
    { 0x1EDB, 40 }, // U+1EDB
    { 0x1EDC, 28 }, // U+1EDC
    { 0x1EDD, 40 }, // U+1EDD
    { 0x1EDE, 28 }, // U+1EDE
    { 0x1EDF, 40 }, // U+1EDF
    { 0x1EE0, 28 }, // U+1EE0
    { 0x1EE1, 40 }, // U+1EE1
    { 0x1EE2, 28 }, // U+1EE2
    { 0x1EE3, 40 }, // U+1EE3
    { 0x1EE4, 31 }, // U+1EE4
    { 0x1EE5, 47 }, // U+1EE5
    { 0x1EE6, 31 }, // U+1EE6
    { 0x1EE7, 47 }, // U+1EE7
    { 0x1EE8, 31 }, // U+1EE8
    { 0x1EE9, 47 }, // U+1EE9
    { 0x1EEA, 31 }, // U+1EEA
    { 0x1EEB, 47 }, // U+1EEB
    { 0x1EEC, 31 }, // U+1EEC
    { 0x1EED, 47 }, // U+1EED
    { 0x1EEE, 31 }, // U+1EEE
    { 0x1EEF, 47 }, // U+1EEF
    { 0x1EF0, 31 }, // U+1EF0
    { 0x1EF1, 47 }, // U+1EF1
    { 0x1EF2, 35 }, // U+1EF2
    { 0x1EF3, 48 }, // U+1EF3
    { 0x1EF4, 107 }, // U+1EF4
    { 0x1EF5, 48 }, // U+1EF5
    { 0x1EF6, 107 }, // U+1EF6
    { 0x1EF7, 48 }, // U+1EF7
    { 0x1EF8, 107 }, // U+1EF8
    { 0x1EF9, 48 }, // U+1EF9
    { 0x2018, 108 }, // U+2018
    { 0x2019, 109 }, // U+2019
    { 0x201A, 110 }, // U+201A
    { 0x201B, 111 }, // U+201B
    { 0x201C, 108 }, // U+201C
    { 0x201D, 109 }, // U+201D
    { 0x201E, 110 }, // U+201E
    { 0x201F, 112 }, // U+201F
    { 0x2020, 53 }, // U+2020
    { 0x2021, 53 }, // U+2021
    { 0x2022, 113 }, // U+2022
    { 0x2023, 113 }, // U+2023
    { 0x2026, 114 }, // U+2026
    { 0x2034, 115 }, // U+2034
    { 0x2039, 54 }, // U+2039
    { 0x203A, 63 }, // U+203A
    { 0x203D, 24 }, // U+203D
    { 0x2043, 113 }, // U+2043
    { 0x2044, 116 }, // U+2044
    { 0x204A, 46 }, // U+204A
    { 0x204B, 27 }, // U+204B
    { 0x204C, 113 }, // U+204C
    { 0x204D, 44 }, // U+204D
    { 0x204F, 21 }, // U+204F
    { 0x2074, 117 }, // U+2074
    { 0x2077, 118 }, // U+2077
    { 0x2079, 119 }, // U+2079
    { 0x207E, 120 }, // U+207E
    { 0x207F, 121 }, // U+207F
    { 0x2080, 122 }, // U+2080
    { 0x2081, 122 }, // U+2081
    { 0x2082, 122 }, // U+2082
    { 0x2083, 122 }, // U+2083
    { 0x2084, 123 }, // U+2084
    { 0x2086, 122 }, // U+2086
    { 0x2087, 124 }, // U+2087
    { 0x2088, 122 }, // U+2088
    { 0x2089, 122 }, // U+2089
    { 0x208A, 122 }, // U+208A
    { 0x208B, 122 }, // U+208B
    { 0x208C, 122 }, // U+208C
    { 0x208D, 122 }, // U+208D
    { 0x208E, 122 }, // U+208E
    { 0x2091, 122 }, // U+2091
    { 0x2092, 122 }, // U+2092
    { 0x2093, 122 }, // U+2093
    { 0x2095, 122 }, // U+2095
    { 0x2096, 122 }, // U+2096
    { 0x2097, 122 }, // U+2097
    { 0x2098, 122 }, // U+2098
    { 0x2099, 122 }, // U+2099
    { 0x209A, 122 }, // U+209A
    { 0x209B, 122 }, // U+209B
    { 0x209C, 122 }, // U+209C
    { 0x20A1, 28 }, // U+20A1
    { 0x20A7, 27 }, // U+20A7
    { 0x20A8, 27 }, // U+20A8
    { 0x20AB, 40 }, // U+20AB
    { 0x20B2, 28 }, // U+20B2
    { 0x20B4, 125 }, // U+20B4
    { 0x20B5, 28 }, // U+20B5
    { 0x20B8, 126 }, // U+20B8
    { 0x20BF, 27 }, // U+20BF
    { 0x2192, 7 }, // U+2192
    { 0x21D2, 23 }, // U+21D2
    { 0x2206, 26 }, // U+2206
    { 0x2212, 7 }, // U+2212
    { 0x221E, 127 }, // U+221E
    { 0x222B, 43 }, // U+222B
    { 0x2236, 21 }, // U+2236
    { 0x2248, 23 }, // U+2248
    { 0x2260, 23 }, // U+2260
    { 0x2264, 23 }, // U+2264
    { 0x2265, 23 }, // U+2265
};

static const int8_t inter_ui_12_regularKernMatrix[] = {
       0,    0,    0,  -13,    0,    0,    0,  -33,    0,  -33,    0,    0,    0,    0,    0,  -25,    0,    0,    0,    0,    0,    0,    0,    0,    0,  -32,    0,    0,  -66,    0,    0,    0,    0,    0,    0,    0,    0,    0,    0,   -6,    0,    0,    0,    0,    0,    0,    0,    0,    0,    0,    0,    0,    0,    0,    0,    0,    0,    0,    0,    0,    0,    0,    0,    0,    0,    0,    0,    0,    0,   -6,    0,    0,    0,    0,   -6,    0,    0,    0,    0,    0,    0,    0,    0,   -6,    0,    0,    0,    0,    0,    0,    0,    0,  -18,  -18,    0,    0,    0,    0,    0,    0,    0,    0,    0,    0,    0,    0,    0,    0,    0,    0,    0,    0,    0,  -33,    0,    0,    0,    0,    0,    0,    0,    0,    0,    0,    0,    0,    0,
       0,    0,    0,    0,    0,    0,    0,    0,    0,    0,    0,    0,    0,    0,    0,    0,    0,    0,    0,    0,    0,    0,    0,    0,    0,    0,    0,    0,    0,   -2,    0,    0,    0,   -4,    0,    0,    0,    0,    0,    0,    0,    0,    0,    0,    0,    0,    0,    0,    0,    0,    0,    0,    0,    0,    0,    0,    0,    0,    0,    0,    0,    0,    0,    0,    0,    0,    0,    0,    0,    0,    0,    0,    0,   18,    0,    0,    0,    0,    0,    0,   18,   18,    0,    0,   -2,   -2,   -2,    0,    0,    0,    0,   18,    0,    0,   -4,    0,    0,    0,   -2,    0,    0,    0,    0,    0,    0,    0,    0,    0,    0,    0,    0,    0,    0,    0,    0,    0,    0,    0,    0,    0,    0,    0,  -27,    0,    0,    0,    0,
       0,    0,    0,    0,    0,    0,    0,    0,    0,    0,    0,    0,    0,    0,    0,    0,    0,    0,    0,    0,    0,    0,    0,    0,    0,    0,    0,    0,    0,    0,    0,    0,    0,    0,    0,    0,    0,    0,    0,    0,    0,    0,    0,    0,    0,    0,    0,    0,    0,    0,    0,    0,    0,    0,    0,    0,    0,    0,    0,    0,    0,    0,    0,    0,    0,    0,    0,    0,    0,    0,    0,    0,    0,    0,    0,    0,    0,    0,    0,    0,    0,    0,    0,    0,    0,    0,    0,    0,    0,    0,    0,    0,    0,    0,    0,    0,    0,    0,    0,    0,    0,    0,    0,    0,    0,    0,    0,  -25,  -27,    0,    0,    0,    0,    0,  -27,    0,    0,    0,    0,    0,    0,    0,    0,    0,    0,    0,    0,
     -13,    0,    0,    0,    0,    0,    0,    0,    0,    0,    0,    0,    0,    0,    0,    0,    0,    0,    0,    0,    0,    0,    0,    0,    0,    0,    0,    0,    0,  -23,    0,  -25,  -16,    0,  -29,    0,    0,    0,    0,    0,    0,    0,    0,    0,    0,    0,    0,  -13,  -13,    0,    0,    0,  -16,    0,    0,   -9,    0,    0,    0,    0,    0,    0,    0,    0,    0,    0,    0,    0,    0,    0,    0,    0,    0,    0,    0,    0,  -13,    0,    0,    0,    0,    0,    0,    0,  -23,  -23,  -23,    0,    0,    0,    0,    0,    0,    0,    0,    0,    0,    0,  -23,    0,    0,    0,    0,    0,    0,  -29,  -29,  -36,    0,    0,    0,    0,    0,    0,    0,    0,    0,    0,    0,    0,    0,    0,    0,    0,    0,    0,    0,
       0,    0,    0,    0,    0,    0,    0,    0,    0,    0,    0,    0,    0,    0,    0,    0,    0,    0,    0,    0,    0,    0,    0,    0,    0,    0,    0,    0,    0,    0,    0,    0,    0,    0,    0,    0,    0,    0,    0,   -4,    0,    0,   11,    0,    0,    0,    0,    0,    0,    0,    0,    0,    0,    0,    0,    0,    0,    0,    0,    0,    0,    0,    0,    0,    0,    0,    0,    0,    0,   -4,    0,    0,    0,    0,   -4,    0,    0,    0,    0,    0,    0,    0,   11,   -4,    0,    0,    0,    0,    0,    0,   57,    0,    0,    0,    0,    0,    0,    0,    0,    0,    0,    0,    0,    0,    0,    0,    0,    0,    0,    0,    0,    0,    0,    0,    0,    0,    0,    0,    0,    0,    0,    0,    0,    0,    0,    0,    0,
       0,    0,    0,    0,    0,    0,    0,    0,    0,    0,    0,    0,    0,    0,    0,    0,    0,    0,    0,    0,    0,    0,    0,    0,    0,    0,    0,    0,    0,    0,    0,    0,    0,    0,    0,    0,    0,    0,    0,    0,    0,    0,    0,    0,    0,    0,    0,    0,    0,    0,    0,    0,    0,    0,    0,    0,    0,    0,    0,    0,    0,    0,    0,    0,    0,    0,    0,    0,    0,    0,    0,    0,    0,    0,    0,    0,    0,    0,    0,    0,    0,    0,    0,    0,    0,    0,    0,    0,    0,    0,    0,    0,    0,    0,    0,    0,    0,    0,    0,    0,    0,    0,    0,    0,    0,    0,    0,  -13,    0,    0,    0,    0,    0,    0,    0,    0,    0,    0,    0,    0,    0,    0,    0,    0,    0,    0,    0,
       0,    0,    0,  -13,    0,    0,    0,  -54,    0,  -54,    0,    0,    0,    0,    0,  -18,    0,    0,    0,    0,    0,    0,    0,    0,   -4,  -32,    0,   -4,  -38,    0,    0,    0,    0,    0,    0,    0,    0,  -27,    0,    0,    0,    0,    0,    0,    0,    0,    0,    0,    0,    0,    0,    0,    0,    0,    0,    0,    0,    0,    0,    0,    0,    0,    0,    0,    0,    0,    0,    0,    0,    0,    0,    0,    0,    0,    0,    0,    0,    0,    0,    0,    0,    0,    0,    0,    0,    0,    0,    0,    0,    0,    0,    0,  -13,  -13,    0,    0,   -4,    0,    0,    0,    0,    0,    0,    0,    0,    0,    0,    0,    0,    0,    0,    0,    0,  -54,    0,    0,    0,    0,    0,    0,    0,    0,    0,    0,    0,    0,    0,
       0,    0,    0,    0,    0,    0,    0,    0,    0,    0,    0,    0,    0,  -13,   -4,    0,    0,   -9,    0,    0,    0,    0,    0,    0,    0,  -13,    0,    0,  -18,  -29,    0,  -20,  -20,  -14,  -32,    0,    0,    0,    0,    0,    0,    0,    0,    0,    0,    0,    0,    0,    0,   -9,    0,    0,    0,    0,    0,    0,    0,    0,    0,   -7,    0,    0,    0,    0,    0,    0,    0,    0,    0,    0,    0,    0,    0,    0,    0,    0,    0,    0,    0,    0,    0,    0,    0,    0,  -43,  -43,  -29,    0,    0,    0,    0,    0,    0,    0,  -57,  -25,    0,    0,  -57,    0,    0,    0,    0,    0,    0,  -32,  -32,  -25,    0,    0,    0,    0,    0,    0,    0,    0,    0,    0,    0,    0,    0,    0,    0,    0,    0,    0,    0,
     -33,    0,    0,    0,    0,    0,    0,    0,    0,    0,    0,  -10,  -35,    0,  -11,    0,   -6,   -6,   -9,   -3,    0,    0,    0,  -35,  -18,    0,    0,  -18,    0,  -13,    0,    0,    0,    0,  -13,    0,    0,    0,    0,    0,    0,    0,    0,    0,    0,    0,    0,    0,    0,    0,    0,    0,    0,    0,    0,    0,    0,    0,    0,  -20,    0,    0,    0,    0,    0,    0,    0,    0,    0,    0,    0,    0,    0,    0,    0,    0,    0,    0,    0,    0,    0,    0,    0,    0,  -13,  -13,  -13,    0,    0,    0,    0,    0,    0,    0,    0,  -11,  -18,    0,  -13,    0,    0,    0,  -14,    0,    0,  -13,  -27,    0,  -23,    0,  -54,  -54,    0,    0,  -23,    0,    0,    0,    0,    0,    0,    0,    0,    0,    0,    0,    0,
       0,    0,    0,    0,    0,    0,    0,  -16,    0,  -16,    0,    0,    0,    0,    0,    0,    0,    0,    0,    0,    0,    0,    0,    0,    0,  -10,    0,    0,  -25,    0,    0,    0,    0,    0,    0,    0,    0,    0,    0,    0,    0,    0,    0,    0,    0,    0,    0,    0,    0,    0,    0,    0,    0,    0,    0,    0,    0,    0,    0,    0,    0,    0,    0,    0,    0,    0,    0,    0,    0,    0,    0,    0,    0,    0,    0,    0,    0,    0,    0,    0,    0,    0,    0,    0,    0,    0,    0,    0,    0,    0,   16,    0,    0,    0,    0,    0,    0,    0,    0,    0,    0,    0,    0,    0,    0,    0,    0,    0,    0,    0,    0,    0,    0,  -16,    0,    0,    0,    0,    0,    0,    0,    0,    0,    0,    0,    0,    0,
       0,    0,    0,    0,    0,    0,    0,  -10,    0,  -10,    0,    0,    0,    0,    0,    0,    0,   -8,    0,    0,    0,    0,    0,    0,    0,    0,    0,    0,    0,    0,    0,   -4,    0,  -14,  -13,    0,    0,  -18,    0,    0,    0,    0,    0,    0,    0,    6,    0,    0,    0,    0,    0,    0,    0,    0,    0,    0,    0,    0,    0,    0,    0,    0,    0,    0,    0,    0,    0,    0,    0,    0,    0,    0,    0,    0,    0,    0,    0,    0,    0,    0,    0,    0,    0,    0,    0,    0,    0,    0,    0,    0,    0,    0,    0,    0,  -14,    0,    0,    0,    0,    0,    0,    6,    0,    6,    0,  -13,  -13,  -18,    0,  -20,    0,    0,    0,  -10,    0,    0,    0,    0,    0,    0,    0,    0,    0,    0,    0,    0,    0,
       0,    0,    0,    0,    0,    0,    0,    0,    0,    0,    0,    0,    0,    0,    0,    0,    0,    0,    0,    0,    0,    0,    0,    0,    0,    0,    0,    0,    0,    0,    0,    0,    0,    0,    0,    0,    0,    0,    0,    0,    0,    0,    0,    0,    0,    6,    0,    2,    0,    0,    0,    0,    0,    0,    0,    0,    0,    0,    0,    0,    0,    0,    0,    0,    0,   13,    0,    0,    0,    0,    0,    0,    0,   23,    0,    0,    2,    0,   13,    0,   23,   23,    0,    0,    0,    0,    0,    0,    0,    0,   13,   23,    0,    0,    0,    0,    0,    0,    0,    0,    0,    6,    0,    6,    0,    0,    0,    0,    0,    0,    0,    0,    0,    0,    0,    0,    0,    0,    0,    0,    0,    0,    0,    0,    0,    0,    0,
       0,    0,    0,    0,    0,    0,    0,    0,    0,    0,    0,    0,    0,    0,    0,   -6,    0,    0,    0,    0,    0,    0,    0,    0,    0,    0,    0,    0,    0,    0,    0,    0,    0,    0,    0,    0,    0,    0,    0,    0,    0,    0,    0,    0,    0,    0,    0,    0,    0,    0,    0,    0,    0,    0,    0,    0,    0,    0,    0,    0,    0,    0,    0,    0,    0,    0,    0,    0,    0,    0,    0,    0,    0,    0,    0,    0,    0,    0,    0,    0,    0,    0,    0,    0,    0,    0,    0,    0,    0,    0,    0,    0,    0,    0,    0,    0,    0,    0,    0,    0,    0,    0,    0,    0,    0,    0,    0,    0,    0,    0,    0,    0,    0,    0,    0,    0,    0,    0,    0,    0,    0,    0,    0,    0,    0,    0,    0,
       0,    0,    0,    0,    0,   -6,    0,   -9,    0,   -9,    0,    0,    0,    0,    0,    0,    0,    0,    0,    0,    0,    0,    0,    0,    0,    0,    0,    0,    0,    0,    0,    0,    0,   -8,    0,    0,   -6,    0,    0,    0,    0,    0,    0,    0,    0,    0,    0,    0,    0,    0,    0,    0,    0,  -13,    0,    0,   -6,    0,    0,    0,    0,    0,    0,    0,    0,    0,    0,    0,    0,    0,    0,    0,    0,    0,    0,    0,    0,    0,    0,    0,    0,    0,    0,    0,    0,    0,    0,    0,    0,    0,    0,    0,    0,    0,   -8,    0,    0,    0,    0,    0,    0,    0,    0,    0,    0,    0,    0,    0,    0,  -20,    0,    0,    0,   -9,    0,    0,    0,    0,    0,    0,    0,    0,    0,    0,    0,    0,    0,
       0,    0,    0,    0,    0,   -8,    0,  -13,    0,  -13,    0,    0,   -8,    0,    0,    0,    0,    0,    0,    0,    0,    0,    0,    0,    0,    0,    0,    0,    0,    0,    0,    0,    0,    0,    0,    0,   -8,    0,    0,    0,    0,    0,    0,    0,    0,    0,    0,    0,    0,    0,    0,    0,    0,    0,    0,   -2,   -8,    0,    0,  -16,    0,    0,    0,    0,    0,    0,    0,    0,    0,    0,    0,    0,    0,    0,    0,    0,    0,    0,    0,    0,    0,    0,    0,    0,    0,    0,    0,    0,    0,    0,    0,    0,    0,    0,    0,    0,    0,    0,    0,    0,    0,    0,    0,    0,    0,    0,    0,    0,    0,    0,    0,    0,    0,  -13,    0,    0,    0,    0,    0,    0,    0,    0,    0,    0,    0,    0,    0,
       0,    0,    0,    0,    0,    0,    0,  -11,    0,  -11,    0,    0,    0,    0,    0,    0,    0,    0,    0,    0,    0,    0,    0,    0,    0,    0,    0,    0,    0,    0,    0,    0,    0,    0,    0,    0,    0,    0,    0,    0,    0,    0,    0,    0,    0,    0,    0,    0,    0,    0,    0,    0,    0,    0,    0,   -2,    0,    0,    0,    0,    0,    0,    0,    0,    0,    0,    0,    0,    0,    0,    0,    0,    0,    0,    0,    0,    0,    0,    0,    0,    0,    0,    0,    0,    0,    0,    0,    0,    0,    0,    0,    0,    0,    0,    0,    0,    0,    0,    0,    0,    0,    0,    0,    0,    0,    0,    0,    0,    0,    0,    0,    0,    0,  -11,    0,    0,    0,    0,    0,    0,    0,    0,    0,    0,    0,    0,    0,
       0,    0,    0,    0,    0,    0,    0,  -13,    0,  -13,    0,    0,    0,    0,    0,    0,    0,    0,    0,    0,    0,    0,    0,    0,    0,    0,    0,    0,    0,    0,    0,    0,    0,    0,    0,    0,    0,  -18,    0,    0,    0,    0,    0,    0,    0,    0,    0,    0,    0,    0,    0,    0,    0,    0,    0,    0,    0,    0,    0,    0,    0,    0,    0,    0,    0,    0,    0,    0,    0,    0,    0,    0,    0,    0,    0,    0,    0,    0,    0,    0,    0,    0,    0,    0,    0,    0,    0,    0,    0,    0,    0,    0,    0,    0,    0,    0,    0,    0,    0,    0,    0,    0,    0,    0,    0,    0,    0,    0,    0,  -18,    0,    0,    0,  -13,    0,    0,    0,    0,    0,    0,    0,    0,    0,    0,    0,    0,    0,
       0,  -23,    0,  -18,    0,    0,    0,  -50,    0,  -50,    0,   -6,    0,    0,   -7,  -23,   -4,    8,   -6,   -4,  -13,  -36,    0,    0,    0,  -43,    0,    0,  -38,    0,    0,    0,    0,    0,    0,    0,    0,  -63,  -18,  -20,    0,    0,    0,  -20,  -16,    0,    0,    0,    0,    0,    0,    0,    0,  -25,    0,    0,    0,    0,    0,    0,    0,    0,    0,    0,    0,    0,    0,  -18,  -18,  -20,    0,    0,    0,   36,  -20,    0,    0,  -18,    0,    0,   36,   36,    0,  -20,    0,    0,    0,    0,    0,    0,    0,   36,  -41,  -41,    0,   -7,    0,    0,    0,    0,    0,    0,    0,    0,  -16,    0,    0,    0,    0,  -57,    0,    0,    0,  -50,    0,    0,    0,    0,    0,    0,    0,    0,  -36,    0,    0,    0,    0,
       0,    0,    0,    0,    0,    0,    0,    0,    0,    0,    0,    0,    0,    0,    0,    0,    0,    0,    0,    0,    0,    0,    0,    0,    0,    0,    0,    0,    0,  -13,    0,  -25,    0,    0,    0,    0,    0,    0,    0,    0,    0,    0,    0,    0,    0,    0,    0,    0,    0,    0,    0,    0,    0,    0,    0,    0,    0,    0,    0,    0,    0,    0,    0,    0,    0,    0,    0,    0,    0,    0,    0,    0,    0,    0,    0,    0,    0,    0,    0,    0,    0,    0,    0,    0,  -13,  -13,  -13,    0,    0,    0,    0,    0,    0,    0,    0,    0,    0,    0,  -34,    0,    0,    0,    0,    0,    0,    0,    0,  -18,    0,    0,    0,    0,    0,    0,    0,    0,    0,    0,    0,    0,    0,    0,    0,    0,    0,    0,    0,
       0,    0,    0,    0,    0,    0,    0,    0,    0,    0,    0,    0,    0,    0,    0,    0,    0,    0,    0,    0,    0,    0,    0,    0,    0,  -20,    0,    0,    0,  -18,    0,  -27,  -25,  -20,  -38,    0,    0,    0,    0,    0,    0,    0,    0,    0,    0,    0,    0,  -16,    0,  -13,    0,    0,    0,    0,    0,    0,    0,    0,    0,    0,    0,    0,    0,    0,    0,    0,    0,    0,    0,    0,    0,    0,    0,    0,    0,    0,  -16,    0,    0,    0,    0,    0,    0,    0,  -18,  -18,  -18,    0,    0,    0,    0,    0,    0,    0,  -20,    0,    0,    0,  -18,    0,    0,    0,    0,    0,    0,  -38,  -38,  -23,    0,    0,    0,    0,    0,    0,    0,    0,    0,    0,    0,    0,    0,    0,    0,    0,    0,  -16,    0,
       0,    0,    0,    0,    0,    0,    0,    0,    0,    0,    0,    0,    0,    0,    0,    0,    0,  -29,    0,    0,    0,    0,    0,    0,    0,    0,    0,    0,    0,  -32,    0,  -29,  -29,  -23,  -36,  -25,    0,    0,    0,    0,    0,    0,    0,    0,    0,    0,    0,    0,    0,    0,    0,    0,    0,    0,    0,    0,    0,    0,    0,    0,    0,    0,    0,    0,    0,    0,    0,    0,    0,    0,    0,    0,    0,    0,    0,    0,    0,    0,    0,    0,    0,    0,    0,    0,  -32,  -32,  -32,    0,    0,    0,    0,    0,  -13,  -13,  -20,    0,    0,    0,  -29,    0,    0,    0,    0,    0,    0,  -36,  -36,  -38,    0,    0,    0,    0,    0,    0,    0,    0,    0,    0,    0,    0,    0,    0,    0,    0,    0,  -29,    0,
       0,    0,    0,    0,    0,    0,    0,    0,    0,    0,    0,    0,    0,    0,    0,    0,    0,    0,    0,    0,    0,    0,    0,    0,    0,  -25,    0,    0,    0,    0,    0,    0,    0,    0,    0,    0,    0,    0,    0,    0,    0,    0,    0,    0,    0,    0,    0,    0,    0,    0,    0,    0,    0,    0,    0,    0,    0,    0,    0,    0,    0,    0,    0,    0,    0,    0,    0,    0,    0,    0,    0,    0,    0,    0,    0,    0,    0,    0,    0,    0,    0,    0,    0,    0,    0,    0,    0,    0,    0,    0,    0,    0,    0,    0,    0,    0,    0,    0,    0,    0,    0,    0,    0,    0,    0,    0,    0,    0,    0,    0,    0,    0,    0,    0,    0,    0,    0,    0,    0,    0,    0,    0,    0,    0,    0,    0,    0,
       0,    0,    0,    0,    0,    0,    0,  -18,    0,  -18,  -16,    0,    0,    0,    0,    0,    0,    0,    0,    0,    0,    0,    0,    0,    0,  -14,    0,    0,    0,  -12,    0,  -13,    0,  -14,  -13,    0,    0,  -16,    0,    0,    0,    0,    0,    0,    0,    0,    0,    0,    0,    0,    0,    0,    0,    0,    0,   -2,    0,    0,    0,    0,    0,    0,    0,    0,    0,    0,    0,    0,    0,    0,    0,    0,    0,    0,    0,    0,    0,    0,    0,    0,    0,    0,    0,    0,  -12,  -12,  -12,    0,    0,    0,    0,    0,    0,    0,  -34,    0,    0,    0,  -25,    0,    0,    0,    0,    0,    0,  -13,  -13,  -13,    0,  -16,    0,    0,    0,  -18,    0,    0,    0,    0,    0,    0,    0,  -16,  -39,    0,    0,    0,    0,
     -32,    0,    0,    0,    0,  -32,  -13,    0,  -13,    0,    8,    0,  -13,    0,    0,    0,    0,    0,    0,    0,    0,    0,  -20,  -25,  -14,    6,    0,  -14,    0,  -34,   -8,  -27,  -23,    0,  -29,    0,  -32,    0,    0,    0,    0,    2,    0,    0,    0,   -8,    0,  -27,  -27,    0,    0,  -13,  -29,  -13,  -13,  -28,  -32,    0,    0,  -20,  -13,    0,  -13,    0,    0,    0,  -13,    0,    0,    0,    2,    2,    2,    0,    0,    0,  -27,    0,    0,    0,    0,    0,    0,    0,  -34,  -34,  -57,    0,    0,    2,    0,    0,    0,    0,    0,    0,  -14,    0,  -34,    0,    0,   -8,  -27,   -8,    0,  -29,  -29,  -52,  -41,    0,    0,    0,  -13,    0,  -41,   -2,    0,    0,    0,    0,    0,    0,    0,    0,    0,  -20,    0,
       0,    0,    0,    0,    0,    0,    0,    0,    0,    0,    0,    0,    0,    0,    0,    0,    0,    0,    0,    0,    0,    0,    0,    0,    0,    0,    0,    0,    0,  -23,    0,    0,    0,    0,    0,    0,    0,    0,    0,    0,    0,    0,    0,    0,    0,    0,    0,    0,    0,    0,    0,    0,    0,    0,    0,    0,    0,    0,    0,    0,    0,    0,    0,    0,    0,    0,    0,    0,    0,    0,    0,    0,    0,   13,    0,    0,    0,    0,    0,    0,   13,   13,    0,    0,  -23,  -23,  -23,    0,    0,    0,    0,   13,    0,    0,    0,    0,    0,    0,  -23,    0,    0,    0,    0,    0,    0,    0,    0,  -25,    0,    0,    0,    0,    0,    0,    0,    0,    0,    0,    0,    0,    0,    0,    0,    0,    0,    0,    0,
       0,    0,    0,    0,    0,    0,    0,    0,    0,    0,    0,    0,    0,    0,    0,    0,    0,    0,    0,    0,    0,    0,    0,    0,    0,   -8,    0,    0,    0,    0,    0,    0,    0,   -2,    0,    0,    0,  -16,    0,    0,    0,    0,    0,    0,    0,    0,    0,    0,    0,    0,    0,    0,    0,    0,    0,    0,    0,    0,    0,    0,    0,    0,    0,    0,    0,    0,    0,    0,    0,    0,    0,    0,    0,   13,    0,    0,    0,    0,    0,    0,   13,   13,    0,    0,    0,    0,    0,    0,    0,    0,    0,   13,    0,    0,   -2,    0,    0,    0,    0,    0,    0,    0,    0,    0,    0,    0,    0,    0,    0,    0,    0,    0,    0,    0,    0,    0,    0,    0,    0,    0,    0,    0,    0,    0,    0,    0,    0,
       0,    0,    0,    0,    0,    0,    0,    0,    0,    0,    0,    0,    0,    0,    0,    0,    0,    0,    0,    0,    0,    0,    0,    0,    0,    0,    0,    0,    0,    0,    0,    0,    0,    0,    0,    0,    0,    0,    0,    0,    0,    0,    0,    0,    0,    0,    0,    0,    0,    0,    0,    0,    0,    0,    0,    0,    0,    0,    0,    0,    0,    0,    0,    0,    0,    0,    0,    0,    0,    0,    0,    0,    0,   29,    0,    0,    0,    0,    0,    0,   29,   29,    0,    0,    0,    0,    0,    0,    0,    0,   13,   29,    0,    0,    0,    0,    0,    0,    0,    0,    0,    0,    0,    0,    0,    0,    0,    0,    0,    0,    0,    0,    0,    0,    0,    0,    0,    0,    0,    0,    0,    0,    0,    0,    0,    0,    0,
       0,    0,    0,    0,    0,    0,    0,  -16,    0,  -29,    0,    0,    0,    0,    0,    0,    0,    0,    0,    0,    0,    0,    0,    0,    0,  -36,    0,    0,  -27,    0,    0,    0,    0,    0,    0,    0,    0,  -13,  -10,  -16,    0,    0,    0,  -12,    0,    0,  -13,  -13,    0,    0,  -13,    0,    0,    0,    0,    0,    0,    0,  -13,    0,    0,    0,    0,    0,    0,    0,    0,  -10,  -10,  -16,    0,    0,    0,    0,  -16,  -13,  -13,  -10,    0,    0,    0,    0,    0,  -16,    0,    0,    0,  -13,    0,    0,   29,    0,    0,    0,    0,    0,    0,    0,    0,    0,    0,    0,    0,    0,    0,    0,    0,    0,    0,  -48,    0,    0,    0,  -50,    0,    0,    0,    0,    0,    0,    0,    0,  -23,    0,    0,    0,    0,
       0,    0,    0,    0,    0,    0,    0,    0,    0,    0,    0,    0,    0,    0,    0,    0,    0,    0,    0,    0,    0,    0,    0,    0,    0,   -9,    0,    0,    0,  -12,    0,   -9,    0,   -2,   -9,    0,    0,    0,    0,    0,    0,    0,    0,    0,    0,    0,    0,    0,    0,    0,    0,    0,    0,    0,    0,    0,    0,    0,    0,    0,    0,    0,    0,    0,    0,    0,    0,    0,    0,    0,    0,    0,    0,   13,    0,    0,    0,    0,    0,    0,   13,   13,    0,    0,  -12,  -12,  -12,    0,    0,    0,    0,   13,    0,    0,   -2,    0,    0,    0,  -12,    0,    0,    0,    0,    0,    0,   -9,   -9,    0,    0,    0,    0,    0,    0,    0,    0,    0,    0,    0,    0,    0,    0,    0,    0,    0,    0,    0,    0,
       0,    0,    0,    0,    0,    0,    0,  -13,    0,  -13,  -23,    0,    0,    0,    0,    0,    0,    0,    0,    0,    0,    0,    0,    0,    0,   -8,    0,    0,    0,    0,    0,    0,    0,    0,    0,    0,    0,  -20,    0,    0,    0,    0,    0,    0,    0,    0,    0,    0,    0,    0,    0,    0,    0,    0,    0,    0,    0,    0,    0,    0,    0,    0,    0,    0,    0,    0,    0,    0,    0,    0,    0,    0,    0,    0,    0,    0,    0,    0,    0,    0,    0,    0,    0,    0,    0,    0,    0,    0,    0,    0,   13,    0,    0,    0,    0,    0,    0,    0,    0,    0,    0,    0,    0,    0,    0,    0,    0,    0,    0,  -32,    0,    0,    0,  -13,    0,    0,    0,    0,    0,    0,    0,    0,    0,    0,    0,    0,    0,
       0,    0,   -4,    0,    0,    0,  -43,    0,  -43,    0,    0,    0,    0,    0,    0,    0,    0,    0,    0,    0,    0,  -27,  -13,    0,  -13,    0,    0,  -13,    0,    0,    0,    0,    0,    0,    0,    0,    0,    0,    0,  -16,    0,    6,    0,    0,    0,    0,  -13,  -16,  -25,    0,    0,  -43,    0,  -20,  -63,   -6,    0,    0,  -13,    0,  -61,    0,    0,    0,    0,    0,  -13,    0,    0,  -16,    6,    6,    6,   34,  -16,  -13,  -16,    0,    0,    0,   34,   34,    0,  -16,    0,    0,    0,  -13,    0,    6,   34,   34,    0,    0,    0,    0,  -13,    0,    0,    0,    0,    0,  -39,    0,    0,    0,    0,    0,    0,    0,    0,    0,  -13,    0,    0,    0,    0,    0,    0,    0,    0,    0,    0,    0,    0,    0,  -13,
     -36,    0,    0,    0,    0,  -68,  -34,    0,  -54,    0,    0,    0,  -18,    0,    0,    0,    0,    0,    0,    0,    0,    0,    0,    0,  -11,    0,    0,  -11,    0,  -38,    0,  -27,    0,    0,  -13,    0,  -52,    0,    0,    0,    0,    0,    0,    0,    0,   -9,    0,  -27,    0,    0,    0,  -50,  -38,  -25,  -86,  -32,  -70,    0,    0,  -35,  -59,    0,    0,    0,    0,    0,  -13,    0,    0,    0,    0,    0,    0,    0,    0,    0,  -27,    0,    0,    0,    0,    0,    0,    0,  -38,  -38,  -38,    0,    0,    0,    0,    0,    0,    0,    0,    0,  -11,    0,  -38,    0,    0,   -9,  -57,   -9,    0,  -13,  -27,  -34,  -16,    0,  -18,  -18,  -13,    0,  -43,    0,    0,    0,    0,    0,    0,    0,    0,    0,    0,    0,    0,
       0,    0,    0,  -13,    0,    0,  -18,  -16,  -18,  -29,    0,    0,    0,    0,    0,    0,    0,    0,    0,    0,    0,    0,    0,    0,    0,  -29,    0,    0,  -38,    0,    0,    0,    0,    0,    0,    0,    0,    0,    0,   -2,    0,    0,    0,    0,    0,    0,    0,    0,    0,    0,    0,  -18,    0,    0,  -18,    0,    0,    0,    0,    0,  -18,    0,    0,    0,    0,    0,    0,    0,    0,   -2,    0,    0,    0,    0,   -2,    0,    0,    0,    0,    0,    0,    0,    0,   -2,    0,    0,    0,    0,    0,    0,    0,    0,    0,    0,    0,    0,    0,    0,    0,    0,    0,    0,    0,    0,    0,    0,    0,    0,    0,  -57,    0,    0,    0,  -54,    0,    0,    0,    0,    0,    0,    0,    0,  -32,    0,    0,    0,    0,
       0,    0,    0,    0,    0,    0,    0,    0,    0,    0,    0,    0,    0,    0,    0,    0,    0,    0,    0,    0,    0,    0,    0,    0,    0,    0,    0,    0,    0,    0,    0,   -7,    0,    0,  -10,    0,    0,    0,   -2,   -6,    0,    0,    0,    0,    0,    0,    0,    0,    0,    0,    0,    0,    0,    0,    0,    0,    0,    0,    0,    0,    0,    0,    0,    0,    0,    0,    0,   -2,   -2,   -6,    0,    0,    0,   18,   -6,    0,    0,   -2,    0,    0,   18,   18,    0,   -6,    0,    0,    0,    0,    0,    0,    0,   18,    0,    0,    0,    0,    0,    0,    0,    0,    0,    0,    0,    0,    0,  -10,  -10,    0,    0,    0,    0,    0,    0,    0,    0,    0,    0,    0,    0,    0,    0,    0,    0,    0,    0,    0,    0,
       0,    0,    0,  -13,    0,    0,  -29,  -13,  -29,  -13,  -52,  -13,    0,    0,    0,  -27,    0,  -32,    0,    0,  -13,  -32,  -13,    0,  -12,  -34,    0,  -12,  -36,    0,    0,    0,    0,    0,    8,    0,    0,  -23,  -29,  -31,    0,    0,    0,  -23,  -29,  -41,  -29,  -25,  -25,  -25,  -18,  -29,    0,  -52,  -29,    0,    0,    0,  -70,    0,  -61,    0,  -20,    0,    0,    0,  -13,  -45,  -45,  -52,    0,    0,    0,   36,  -52,  -50,  -38,  -29,    0,    0,   36,   36,    0,  -31,    0,    0,    0,  -45,    0,    0,   51,   36,  -55,  -55,    0,    0,  -12,    0,    0,    0,    0,  -41,  -21,  -41,  -29,    8,    8,    0,    0,  -48,    0,    0,  -13,  -47,    0,    0,    0,    0,    0,    0,    0,    0,  -50,    0,    0,    0,    0,
       0,    0,    0,  -20,    0,    0,  -20,  -38,  -20,  -38,  -20,   -4,    0,    0,    0,  -13,    0,    0,    0,    0,  -25,  -29,  -25,    0,  -27,  -27,    0,  -13,  -38,    0,    0,    6,    0,    0,    0,    0,    0,  -32,  -20,  -20,    0,    0,    0,    0,  -18,    0,    0,    0,    0,    0,    0,  -20,    0,  -23,  -45,    0,    0,    0,    0,    0,  -36,    0,    0,    0,    0,    0,  -16,  -20,  -36,  -20,    0,    0,    0,   34,  -38,    0,    0,  -20,    0,    0,   34,   34,    0,  -20,    0,    0,    0,    0,    0,    0,   16,   34,  -51,  -51,    0,    0,  -13,    0,    0,    0,    0,    0,   -4,    0,  -18,    0,    0,    0,    0,  -45,    0,    0,  -16,  -38,    0,    0,    0,    0,    0,    0,    0,  -49,  -61,    0,    0,    0,    0,
       0,    0,    0,  -20,    0,    0,  -20,  -38,  -20,  -38,    0,    0,    0,    0,    0,  -13,    0,    0,    0,    0,  -20,  -29,  -25,    0,    0,  -23,    0,    0,  -25,    0,    0,    0,   10,    0,    0,    0,    0,    0,  -20,  -20,    0,    0,    0,  -14,  -13,    0,    0,    0,    0,    0,    0,  -20,    0,  -23,  -20,    0,    0,    0,    0,    0,  -34,    0,    0,    0,    0,    0,    0,  -20,  -20,  -20,    0,    0,    0,    0,  -20,    0,    0,  -20,    0,    0,    0,    0,    0,  -20,    0,    0,    0,    0,    0,    0,   34,    0,    0,    0,    0,    0,    0,    0,    0,    0,    0,    0,  -14,    0,  -13,    0,    0,    0,    0,  -43,    0,    0,    0,  -38,    0,    0,    0,    0,    0,    0,    0,  -33,  -43,    0,    0,    0,    0,
       0,    0,   -4,    0,    0,    0,  -14,    0,  -14,    0,    0,  -14,    0,    0,   -8,  -16,    0,    0,   -8,    0,    0,  -23,  -20,    0,  -14,    0,    0,  -14,    0,  -16,    0,    0,    0,    0,    0,    0,    0,    0,  -23,  -11,    0,    0,    0,    0,    0,    0,    0,    0,    0,    0,    0,  -27,    0,  -16,  -34,   -3,    0,    0,    0,    0,  -32,    0,    0,    0,    0,    0,  -18,  -23,  -23,  -11,    0,    0,    0,    0,  -11,    0,    0,  -23,    0,    0,    0,    0,    0,  -11,  -16,  -16,  -16,    0,    0,    0,   34,    0,    0,    0,    0,   -8,  -34,  -13,  -16,    0,    0,  -25,  -31,    0,    0,    0,    0,    0,    0,    0,    0,    0,  -18,    0,    0,    0,    0,    0,    0,    0,    0,    0,    0,    0,  -13,    0,    0,
       0,    0,    0,  -25,    0,    0,  -32,  -13,  -32,  -13,    0,    0,    0,    0,    0,  -27,    0,    0,    0,    0,  -25,  -41,  -38,    0,  -13,  -29,    0,  -13,  -13,    8,    0,    0,    0,    0,    0,    0,    0,    0,  -28,  -31,    0,  -11,    0,  -16,  -27,    0,  -16,    0,    0,    0,    0,  -32,    0,  -36,  -52,   -3,    0,    0,  -16,    0,  -52,    0,  -25,    0,    0,    0,  -34,  -57,  -48,  -31,  -11,  -23,  -11,    0,  -31,  -16,    0,  -47,    0,    0,    0,    0,    0,  -53,    8,    8,    8,  -16,    0,  -11,   34,    0,    0,    0,    0,    0,  -13,    0,    8,    0,    0,    0,  -20,    0,  -27,    0,    0,    0,    0,  -43,    0,    0,  -16,  -52,    0,    0,    0,    0,    0,    0,    0,  -59,  -70,    0,    0,    0,  -13,
       0,    0,    0,    0,    0,    0,  -16,    0,  -16,    0,    0,    0,    0,    0,    0,    0,    0,    0,    0,    0,    0,  -25,    0,    0,  -13,    0,    0,  -13,    0,    0,    0,    0,    0,    0,    0,    0,    0,    0,    0,    0,    0,    0,    0,    0,    0,    0,    0,    0,    0,    0,    0,  -16,    0,  -13,  -16,    0,    0,    0,    0,    0,  -29,    0,    0,    0,    0,    0,    0,    0,    0,    0,    0,    0,    0,   34,    0,    0,    0,    0,    0,    0,   34,   34,    0,    0,    0,    0,    0,    0,    0,    0,   13,   34,    0,    0,    0,    0,  -13,    0,    0,    0,    0,    0,  -10,    0,    0,    0,    0,    0,    0,    0,    0,    0,    0,    0,    0,    0,    0,    0,    0,    0,    0,    0,    0,    0,    0,    0,    0,
       0,    0,    0,    0,    0,    0,    0,    0,    0,    0,    0,    0,    0,    0,    0,    0,    0,    0,    0,    0,    0,    0,    0,    0,    0,    0,    0,    0,    0,    0,    0,    0,    0,    0,    0,    0,    0,    0,    0,   -4,    0,    0,   11,    0,    0,    0,    0,    0,    0,    0,    0,    0,    0,    0,    0,    0,    0,    0,    0,    0,    0,    0,    0,    0,    0,    0,    0,    0,    0,   -4,    0,    0,    0,    0,   -4,    0,    0,    0,    0,    0,    0,    0,   11,   -4,    0,    0,    0,    0,    0,    0,   34,    0,    0,    0,    0,    0,    0,    0,    0,    0,    0,    0,    0,    0,    0,    0,    0,    0,    0,    0,    0,    0,    0,    0,    0,    0,    0,    0,    0,    0,    0,    0,    0,    0,    0,    0,    0,
     -32,    0,    0,    0,    0,  -32,  -13,    0,  -13,    0,    8,    0,  -13,    0,    0,    0,    0,    0,    0,    0,    0,    0,  -20,  -25,  -14,    6,    0,  -14,    0,  -50,   -8,  -47,  -45,    0,  -29,    0,  -32,    0,    0,    0,    0,    2,    0,    0,    0,   -8,    0,  -47,  -27,    0,    0,  -13,  -29,  -13,  -13,  -28,  -32,    0,    0,  -20,  -13,    0,  -13,    0,    0,    0,  -13,    0,    0,    0,    2,    2,    2,    0,    0,    0,  -47,    0,    0,    0,    0,    0,    0,    0,  -50,  -50,  -50,    0,    0,    2,    0,    0,    0,    0,    0,    0,  -14,    0,  -50,    0,    0,   -8,  -27,   -8,    0,  -29,  -29,  -69,  -63,    0,    0,    0,  -13,    0,  -63,   -2,    0,    0,    0,    0,    0,    0,    0,    0,    0,  -20,    0,
       0,    0,    0,    0,    0,  -27,    0,    0,    0,    0,    0,  -18,  -43,    0,  -18,  -23,  -18,    0,  -18,  -18,    0,    0,    0,    0,  -16,    0,   13,  -16,    0,  -23,  -16,  -32,    0,    0,    0,    0,  -27,    0,    0,    0,    0,   13,   38,   13,    0,    0,    0,  -32,    0,    0,    0,    0,    0,    0,    0,    0,  -27,    0,    0,  -18,    0,    0,    0,    0,    0,    0,    0,    0,    0,    0,   13,   13,   13,    0,    0,    0,  -32,    0,    0,   13,    0,    0,   38,    0,  -23,  -23,  -23,    0,   13,   13,    0,    0,   23,   23,    0,  -18,  -16,  -43,  -20,   18,   18,    0,    0,    0,    0,    0,    0,  -16,    0,    0,    0,    0,    0,    0,    0,    0,    0,    0,    0,    0,    0,    0,    0,    0,    0,  -20,    0,
       0,    0,    0,    0,    0,    0,    0,    0,    0,    0,    0,    0,  -16,    0,    0,    0,    0,    0,    0,    0,    0,    0,    0,    0,    0,    0,    0,    0,    0,  -27,    0,  -20,  -20,    0,  -29,    0,    0,    0,    0,    0,    0,    0,    0,    0,    0,    0,    0,   -6,    0,    0,    0,    0,    0,    0,    0,   -3,    0,    0,    0,    0,    0,    0,    0,    0,    0,    0,    0,    0,    0,    0,    0,    0,    0,    0,    0,    0,   -6,    0,    0,    0,    0,    0,    0,    0,  -27,  -27,  -27,    0,    0,    0,    0,    0,    0,    0,    0,    0,    0,    0,  -27,    0,    0,    0,    0,    0,    0,  -29,  -29,  -18,   -8,    0,    0,    0,    0,    0,   -8,    0,    0,    0,    0,    0,    0,    0,    0,    0,    0,    0,    0,
      -6,    0,    0,    0,   -4,    0,    0,    0,    0,    0,    0,    0,  -13,    0,    0,    0,    0,    0,    0,    0,    0,    0,    0,    0,    0,  -13,    0,    0,    0,  -31,    0,  -20,  -20,  -11,  -34,    0,    0,    0,    4,    0,    0,    0,    0,    0,    0,    0,    0,   -8,   -7,   -9,   -6,    0,  -13,    0,    0,   -4,    0,    0,    0,    0,    0,    0,    0,    0,    0,    0,    0,    4,    4,    0,    0,    0,    0,    0,    0,    0,   -8,    4,    0,    0,    0,    0,    0,    0,  -31,  -31,  -31,    0,    0,    0,   18,    0,    0,    0,  -11,    0,    0,    0,  -31,    0,    0,    0,   -4,    0,    0,  -68,  -34,  -25,  -10,    0,    0,    0,    0,    0,  -10,    0,    0,    0,    0,    0,    0,    0,    0,    0,    0,    0,    0,
       0,    0,    0,    0,    0,    0,  -11,  -23,  -11,  -23,  -11,    0,    0,    0,    0,  -25,    0,    0,    0,    0,    0,    0,    0,    0,    0,  -13,    0,    0,  -25,    0,    0,    0,    0,    0,    4,    0,    0,   -6,   -6,  -12,  -16,    0,    0,    0,   -9,  -14,    0,    0,    6,    0,    0,  -11,    0,  -16,  -11,    0,    0,    0,    0,    0,  -11,    0,    0,    0,    0,    0,   -9,   -6,   -6,  -12,    0,    0,    0,   41,  -12,    0,    0,   -6,    0,    0,   41,   57,    0,  -12,    0,    0,    0,    0,    0,    0,   18,   54,  -29,  -29,    0,    0,    0,    0,    0,    0,    0,  -14,    0,  -14,   -9,    4,    4,    0,    0,  -36,    0,    0,   -9,  -23,    0,    0,    0,    0,    0,    0,    0,    0,  -16,    0,    0,    0,    0,
       0,    0,    0,    0,    0,    0,    0,    0,    0,    0,    0,    0,    0,    0,    0,    0,    0,    0,    0,    0,    0,    0,    0,    0,    0,    0,    0,    0,    0,  -20,    0,    0,    0,    0,    0,    0,    0,    0,    0,    0,    0,    0,    0,    0,    0,    0,    0,    0,    0,    0,    0,    0,    0,    0,    0,    0,    0,    0,    0,    0,    0,    0,    0,    0,    0,    0,    0,    0,    0,    0,    0,    0,    0,    0,    0,    0,    0,    0,    0,    0,    0,    0,    0,    0,  -20,  -20,  -20,    0,    0,    0,    0,    0,    0,    0,    0,    0,    0,    0,  -20,    0,    0,    0,    0,    0,    0,    0,    0,    0,    0,    0,    0,    0,    0,    0,    0,    0,    0,    0,    0,    0,    0,    0,    0,    0,    0,    0,    0,
       0,    0,    0,    0,    0,    0,    0,    0,    0,    0,    0,    0,    0,    0,    0,    0,    0,    0,    0,    0,    0,    0,    0,    0,    0,    0,    0,    0,    0,    0,    0,    0,    0,    0,    0,    0,    0,    0,    0,    0,    0,    0,    0,    0,    0,    0,    0,    0,    0,    0,    0,    0,    0,    0,    0,    0,    0,    0,    0,    0,    0,    0,    0,    0,    0,    0,    0,    0,    0,    0,    0,    0,    0,   25,    0,    0,    0,    0,    0,    0,   39,   25,    0,    0,    0,    0,    0,    0,    0,    0,   34,   39,    0,    0,    0,    0,    0,    0,    0,    0,    0,    0,    0,    0,    0,    0,    0,    0,    0,    0,    0,    0,    0,    0,    0,    0,    0,    0,    0,    0,    0,    0,    0,    0,    0,    0,    0,
       0,    0,    0,    0,    0,    0,  -18,    0,  -18,    0,    0,    0,    0,    0,    0,  -18,    0,    0,    0,    0,    0,  -34,    0,    0,    0,    0,    0,    0,    0,  -23,    0,    0,    0,    0,    0,    0,    0,    0,    0,   -9,    0,    0,    0,    0,    0,    0,    0,    0,    0,    0,    0,  -18,    0,  -20,  -45,    0,    0,    0,    0,    0,  -18,    0,    0,    0,    0,    0,    0,    0,    0,   -9,    0,    0,    0,    0,   -9,    0,    0,    0,    0,    0,    0,    0,    0,   -9,  -23,  -23,  -23,    0,    0,    0,    0,    0,    0,    0,    0,    0,    0,    0,  -23,    0,    0,    0,    0,    0,    0,    0,    0,    0,    0,    0,    0,    0,    0,    0,    0,    0,    0,    0,    0,    0,    0,    0,    0,    0,    0,    0,    0,
       0,    0,    0,    0,    0,    0,  -16,  -25,  -16,  -25,  -13,    0,    0,    0,    0,    0,    0,    0,    0,    0,    0,  -16,    0,    0,    0,  -16,    6,    0,  -23,  -23,    0,    0,    0,    0,    0,  -13,    0,    0,    0,   -7,    6,    4,    6,    6,    0,    6,    0,    6,    3,    6,    0,  -16,    0,    0,  -29,    0,    0,    0,    0,    0,  -16,    0,    0,    0,    0,    0,    0,    0,    0,   -7,    4,    4,    4,   13,   -7,    0,    6,    0,    0,    6,   13,   13,    6,   -7,  -23,  -23,  -23,    0,    6,    4,    0,   13,    0,    0,    0,    0,    0,    0,  -23,   -6,   -6,    6,    0,    6,    0,    0,    0,  -16,    6,  -32,    0,    0,    0,  -25,    6,    0,    0,    0,    0,    0,    0,    0,  -20,    0,    0,    0,    0,
       0,    0,    0,    0,    0,    0,    0,    0,    0,    0,    0,    0,    0,    0,    0,    0,    0,    0,    0,    0,    0,    0,    0,    0,    0,    0,    0,    0,    0,  -29,    0,  -18,  -13,    0,  -29,    0,    0,    0,    0,    0,    0,    0,    0,    0,    0,    0,    0,    0,    0,    0,    0,    0,    0,    0,    0,   -3,    0,    0,    0,    0,    0,    0,    0,    0,    0,    0,    0,    0,    0,    0,    0,    0,    0,    0,    0,    0,    0,    0,    0,    0,    0,    0,    0,    0,  -29,  -29,  -29,    0,    0,    0,    0,    0,    0,    0,    0,    0,    0,    0,  -29,    0,    0,    0,    0,    0,    0,  -29,  -29,  -20,    0,   -6,    0,    0,    0,    0,    0,    0,    0,    0,    0,    0,    0,    0,    0,    0,    0,    0,    0,
       0,    0,    0,    0,    0,    0,   -8,    0,   -8,    0,    0,    0,    0,    0,    0,   -6,    0,    0,    0,    0,    0,  -11,    0,    0,    0,    0,    0,    0,    0,  -13,    0,   -4,   -4,    0,   -6,    0,    0,    0,    2,   -4,  -10,    0,    4,    0,   -4,    0,    0,    8,    6,    0,    0,   -8,    0,    0,   -8,    0,    0,    0,    0,    0,   -8,    0,    0,    0,    0,    0,   -4,    2,    2,   -4,    0,    0,    0,    0,   -4,    0,    8,    2,    0,    0,    0,    0,    4,   -4,  -13,  -13,  -13,    0,    0,    0,   18,    0,    0,    0,    0,    0,    0,    0,  -13,    0,    0,    0,    0,    0,   -4,   -6,   -6,  -16,    0,    0,    0,    0,   -4,    0,    0,    0,    0,    0,    0,    0,    0,    0,   13,    0,    0,    0,    0,
       0,    0,    0,    0,    0,    0,  -16,    0,  -16,    0,  -13,    0,    0,    0,    0,    0,    0,    0,    0,    0,    0,  -16,    0,    0,    0,    0,    0,    0,    0,  -20,    0,    0,    0,    0,  -23,    0,    0,  -13,    0,    0,    0,    0,    0,    0,    0,    0,    0,    0,    0,    0,    0,  -16,    0,    0,  -29,    0,    0,    0,    0,    0,  -16,    0,    0,    0,    0,    0,    0,    0,    0,    0,    0,    0,    0,    0,    0,    0,    0,    0,    0,    0,    0,    0,    0,    0,  -20,  -50,  -20,    0,    0,    0,    0,    0,    0,    0,    0,    0,    0,    0,  -20,    0,    0,    0,    0,    0,    0,  -23,  -23,  -16,    6,    0,    0,    0,    0,    0,    6,    0,    0,    0,    0,    0,    0,    0,  -25,    0,    0,    0,    0,
       0,    0,    0,    0,    0,    0,  -16,  -18,  -16,  -18,  -23,    0,    0,    0,    0,    0,    0,    0,    0,    0,    0,  -13,  -16,    0,    0,  -27,    2,    0,  -25,  -13,    0,    0,    0,    0,  -13,    0,    0,  -32,   -2,   -8,    6,    0,    0,    0,    0,    6,    0,    0,    0,    0,    0,  -16,    0,  -16,  -16,    0,    0,    0,    0,    0,  -16,    0,    0,    0,    0,    0,    0,   -2,   -2,   -8,    0,    0,    0,    0,   -8,    0,    0,   -2,    0,    2,    0,    0,    0,   -8,  -13,  -38,  -13,    0,    2,    0,    0,    0,    0,    0,    0,    0,    0,    0,  -13,  -18,  -18,    6,    0,    6,    0,  -13,  -13,    0,    0,  -32,    0,    0,    0,  -47,    0,    0,    0,    0,    0,    0,    0,    0,  -20,    0,    0,    0,    0,
       0,    0,    0,  -13,    0,    0,    0,  -29,    0,  -29,    0,    0,    0,    0,    0,    0,    0,    0,    0,    0,    0,    0,    0,    0,    0,  -27,    0,    0,  -23,  -20,    0,    0,    0,    0,    0,  -13,    0,    0,    0,   -7,    0,    0,    0,    0,    0,    0,    0,    0,    0,    0,    0,    0,    0,  -13,    0,    0,    0,    0,    0,    0,    0,    0,    0,    0,    0,    0,    0,    0,    0,   -7,    0,    0,    0,    0,   -7,    0,    0,    0,    0,    0,    0,    0,    0,   -7,  -20,  -20,  -20,    0,    0,    0,    0,    0,    0,    0,    0,    0,    0,    0,  -20,    0,    0,    0,    0,    0,    0,    0,    0,    0,    0,  -32,    0,    0,    0,  -29,    0,    0,    0,    0,    0,    0,    0,    0,    0,    0,    0,    0,    0,
       0,    0,    0,    0,    0,    0,   -9,    0,   -9,    0,    0,    0,    0,    0,    0,    0,    0,    0,    0,    0,    0,    0,  -13,    0,    0,    0,    0,    0,    0,  -25,    0,    0,    0,    0,    0,    0,    0,    0,    0,   -9,    8,    0,    0,    0,    0,    8,    0,    0,    0,    0,    0,   -9,    0,  -13,   -9,    0,    0,    0,    0,    0,   -9,    0,    0,    0,    0,    0,    0,    0,    0,   -9,    0,    0,    0,    0,   -9,    0,    0,    0,    0,    0,    0,    0,    0,   -9,  -25,  -25,  -25,    0,    0,    0,    0,    0,    0,    0,    0,    0,    0,    0,  -25,    0,    0,    8,    0,    8,    0,    0,    0,    0,    0,    0,    0,    0,    0,    0,    0,    0,    0,    0,    0,    0,    0,    0,    0,    0,    0,    0,    0,
       0,    0,    0,    0,    0,    0,    0,    0,    0,    0,    0,    0,    0,    0,    0,    0,    0,    0,    0,    0,    0,    0,    0,    0,    0,    0,    0,    0,    0,  -13,    0,    0,    0,    0,    0,    0,    0,    0,    0,   -6,    0,    0,    0,    0,    0,    0,    0,    0,    0,    0,    0,    0,    0,    0,    0,    0,    0,    0,    0,    0,    0,    0,    0,    0,    0,    0,    0,    0,    0,   -6,    0,    0,    0,    0,   -6,    0,    0,    0,    0,    0,    0,    0,    0,   -6,  -13,  -13,  -13,    0,    0,    0,    0,    0,    0,    0,    0,    0,    0,    0,  -13,    0,    0,    0,    0,    0,    0,    0,    0,    0,    0,    0,    0,    0,    0,    0,    0,    0,    0,    0,    0,    0,    0,    0,    0,    0,    0,    0,    0,
       0,    0,    0,    0,    0,    0,    0,    0,    0,    0,    0,    0,    0,  -13,   -4,    0,    0,   -9,    0,    0,    0,    0,    0,    0,    0,  -13,    0,    0,  -18,  -29,    0,  -20,  -20,  -27,  -32,    0,    0,    0,    0,    0,    0,    0,    0,    0,    0,    0,    0,    0,    0,   -9,    0,    0,    0,    0,    0,    0,    0,    0,    0,   -7,    0,    0,    0,    0,    0,    0,    0,    0,    0,    0,    0,    0,    0,    0,    0,    0,    0,    0,    0,    0,    0,    0,    0,    0,  -43,  -43,  -29,    0,    0,    0,    0,    0,    0,    0,  -27,  -25,    0,    0,  -57,    0,    0,    0,    0,    0,    0,  -32,  -32,  -25,    0,    0,    0,    0,    0,    0,    0,    0,    0,    0,    0,    0,    0,    0,    0,    0,    0,    0,    0,
       0,    0,    0,    0,    0,    0,    0,    0,    0,    0,    0,    0,    0,    0,    0,    0,    0,    0,    0,    0,    0,    0,    0,    0,    0,    0,    0,    0,    0,  -27,    0,  -13,    0,    0,  -27,    0,    0,    0,    0,    0,    0,    0,    0,    0,    0,    0,    0,    0,    0,    0,    0,    0,    0,    0,    0,    0,    0,    0,    0,    0,    0,    0,    0,    0,    0,    0,    0,    0,    0,    0,    0,    0,    0,    0,    0,    0,    0,    0,    0,    0,    0,    0,    0,    0,  -27,  -27,  -27,    0,    0,    0,    0,    0,    0,    0,    0,    0,    0,    0,  -27,    0,    0,    0,    0,    0,    0,  -27,  -27,  -13,    0,    0,    0,    0,    0,    0,    0,    0,    0,    0,    0,    0,    0,    0,    0,    0,    0,    0,    0,
       0,    0,    0,    0,    0,    0,    0,    0,    0,    0,    0,    0,    0,    0,    0,    0,    0,    0,    0,    0,    0,    0,    0,    0,    0,    0,    0,    0,    0,    0,    0,    0,    0,    0,    0,    0,    0,    0,    0,    0,    0,   13,    0,    0,    0,    0,    0,    0,    0,    0,    0,    0,    0,    0,    0,    0,    0,    0,    0,    0,    0,    0,    0,    0,    0,    0,    0,    0,    0,    0,   13,   13,   13,    0,    0,    0,    0,    0,    0,    0,    0,    0,    0,    0,    0,    0,    0,    0,    0,   13,   18,    0,    0,    0,    0,    0,    0,    0,    0,    0,    0,    0,    0,    0,    0,    0,    0,    0,    0,    0,    0,    0,    0,    0,    0,    0,    0,    0,    0,    0,    0,    0,    0,    0,    0,    0,    0,
       0,    0,    0,  -16,    0,    0,    0,    0,    0,    0,    0,    0,    0,    0,    0,    0,    0,    0,    0,    0,    0,    0,    0,    0,    0,  -29,    0,    0,  -29,    0,    0,    0,    0,    0,    0,    0,    0,    0,    0,  -13,    0,    0,    0,    0,    0,    0,    0,    0,    0,    0,    0,    0,    0,    0,    0,    0,    0,    0,    0,    0,    0,    0,    0,    0,    0,    0,    0,    0,    0,  -13,    0,    0,    0,    0,  -13,    0,    0,    0,    0,    0,    0,    0,    0,  -13,    0,    0,    0,    0,    0,    0,    0,    0,    0,    0,    0,    0,    0,    0,    0,    0,    0,    0,    0,    0,    0,    0,    0,    0,    0,    0,    0,    0,    0,    0,    0,    0,    0,    0,    0,    0,    0,    0,    0,    0,    0,    0,    0,
       0,    0,    0,    0,    0,    0,    0,    0,    0,    0,    0,    0,    0,    0,    0,    0,    0,    0,    0,    0,    0,    0,    0,    0,    0,  -13,    0,    0,    0,  -20,    0,    0,    0,    0,  -25,    0,    0,    0,    0,    0,    0,    0,    0,    0,    0,    0,    0,    0,    0,    0,    0,    0,    0,    0,    0,    0,    0,    0,    0,    0,    0,    0,    0,    0,    0,    0,    0,    0,    0,    0,    0,    0,    0,    0,    0,    0,    0,    0,    0,    0,    0,    0,    0,    0,  -20,  -20,  -20,    0,    0,    0,    0,    0,    0,    0,    0,    0,    0,    0,  -47,    0,    0,    0,    0,    0,    0,  -25,  -25,    0,    0,    0,    0,    0,    0,    0,    0,    0,    0,    0,    0,    0,    0,    0,    0,    0,    0,    0,    0,
       0,    0,    0,  -13,    0,    0,    0,    0,    0,    0,    0,    0,    0,    0,    0,  -20,    0,    0,    0,    0,    0,    0,    0,    0,   -2,  -28,    0,   -2,  -28,    0,    0,    0,    0,   -3,   -3,    0,    0,    0,   -4,  -11,    0,    0,    0,    0,   -4,    0,    0,    0,    0,    0,    0,    0,    0,    0,    0,    0,    0,    0,    0,    0,    0,    0,    0,    0,    0,    0,    0,   -4,   -4,  -11,    0,    0,    0,    0,  -11,    0,    0,   -4,    0,    0,    0,    0,    0,  -11,    0,    0,    0,    0,    0,    0,    0,    0,    0,    0,   -3,    0,   -2,    0,    0,    0,    0,    0,    0,    0,   -4,   -3,   -3,    0,    0,    0,    0,    0,    0,    0,    0,    0,    0,    0,    0,    0,    0,    0,    0,    0,    0,    0,    0,
       0,    0,    0,    0,    0,    0,    0,    0,    0,    0,    0,    0,    0,    0,    0,    0,    0,    0,    0,    0,    0,    0,    0,    0,    0,    0,    0,    0,    0,    0,    0,    0,    0,    0,    0,    0,    0,    0,    0,    0,    0,    0,    0,    0,    0,    0,    0,    0,    0,    0,    0,    0,    0,    0,    0,    0,    0,    0,    0,    0,    0,    0,    0,    0,    0,    0,    0,    0,    0,    0,    0,    0,    0,    0,    0,    0,    0,    0,    0,    0,    0,    0,    0,    0,    0,    0,    0,    0,    0,    0,    0,    0,    0,    0,    0,    0,    0,    0,    0,    0,    0,    0,    0,    0,    0,    0,    0,    0,    0,    0,    0,    0,    0,    0,    0,    0,   -4,    0,    0,    0,    0,    0,    0,    0,    0,    0,    0,
       0,    0,    0,    0,    0,    0,  -16,    0,  -16,    0,  -13,    0,    0,    0,    0,    0,    0,    0,    0,    0,    0,  -16,    0,    0,    0,    0,    0,    0,    0,  -20,    0,    0,    0,    0,  -23,    0,    0,  -13,    0,    0,    0,    0,    0,    0,    0,    0,    0,    0,    0,    0,    0,  -16,    0,    0,  -29,    0,    0,    0,    0,    0,  -16,    0,    0,    0,    0,    0,    0,    0,    0,    0,    0,    0,    0,    0,    0,    0,    0,    0,    0,    0,    0,    0,    0,    0,  -20,  -50,  -20,    0,    0,    0,    0,    0,    0,    0,    0,    0,    0,    0,  -20,    0,    0,    0,    0,    0,    0,  -23,  -23,  -36,    6,    0,    0,    0,    0,    0,    6,    0,    0,    0,    0,    0,    0,    0,  -25,    0,    0,    0,    0,
       0,    0,    0,    0,    0,    0,    0,    0,    0,    0,    0,    0,    0,  -13,   -4,    0,    0,   -9,    0,    0,    0,    0,    0,    0,    0,  -13,    0,    0,  -18,  -61,    0,  -36,  -20,  -32,  -52,    0,    0,    0,    0,    0,    0,    0,    0,    0,    0,    0,    0,    0,    0,   -9,    0,    0,    0,    0,    0,    0,    0,    0,    0,   -7,    0,    0,    0,    0,    0,    0,    0,    0,    0,    0,    0,    0,    0,    0,    0,    0,    0,    0,    0,    0,    0,    0,    0,    0,  -61,  -61,  -61,    0,    0,    0,    0,    0,    0,    0,  -32,  -25,    0,    0,  -61,    0,    0,    0,    0,    0,    0,  -52,  -52,  -25,    0,    0,    0,    0,    0,    0,    0,    0,    0,    0,    0,    0,    0,    0,    0,    0,    0,    0,    0,
       0,    0,    0,    0,    0,    0,    0,    0,    0,    0,    0,    0,  -16,  -20,  -18,    0,    0,  -20,  -13,    0,    0,    0,    0,    0,    0,  -13,    0,    0,    0,  -52,    0,  -25,  -23,  -16,  -36,  -13,    0,    0,    0,    0,    0,    0,    0,    0,    0,    0,    0,  -13,  -13,  -13,    0,    0,    0,    0,    0,    0,    0,    0,    0,    0,    0,    0,    0,    0,    0,    0,    0,    0,    0,    0,    0,    0,    0,    0,    0,    0,  -13,    0,    0,    0,    0,    0,    0,    0,  -52,  -52,  -52,    0,    0,    0,    0,    0,  -13,  -13,  -36,  -18,    0,    0,  -79,    0,    0,    0,    0,    0,    0,  -36,  -36,  -34,    0,    0,    0,    0,    0,    0,    0,    0,    0,    0,    0,    0,    0,    0,    0,    0,    0,    0,    0,
       0,    0,    0,    0,    0,    0,    0,    0,    0,    0,    0,    0,    0,    0,    0,    0,    0,    0,    0,    0,    0,    0,    0,    0,    0,    0,    0,    0,    0,  -27,    0,  -31,  -29,    0,    0,    0,    0,    0,    0,    0,    0,    0,    0,    0,    0,    0,    0,    0,    0,    0,    0,    0,    0,    0,    0,    0,    0,    0,    0,    0,    0,    0,    0,    0,    0,    0,    0,    0,    0,    0,    0,    0,    0,    0,    0,    0,    0,    0,    0,    0,    0,    0,    0,    0,  -27,  -27,  -27,    0,    0,    0,    0,    0,    0,    0,    0,    0,    0,    0,  -27,    0,    0,    0,    0,    0,    0,    0,    0,  -25,  -13,    0,    0,    0,    0,    0,  -13,    0,    0,    0,    0,    0,    0,    0,    0,    0,    0,    0,    0,
       0,    0,    0,    0,    0,    0,    0,    0,    0,    0,    0,    0,    0,    0,    0,    0,    0,    0,    0,    0,    0,    0,    0,    0,    0,    0,    0,    0,    0,    0,    0,    0,    0,    0,    0,    0,    0,    0,    0,    0,    0,    0,    0,    0,    0,    0,    0,    0,    0,    0,    0,    0,    0,    0,    0,    0,    0,    0,    0,    0,    0,    0,    0,    0,    0,    0,    0,    0,    0,    0,    0,    0,    0,    8,    0,    0,    0,    0,    0,    0,    8,    8,    0,    0,    0,    0,    0,    0,    0,    0,   16,    8,    0,    0,    0,    0,    0,    0,    0,    0,    0,    0,    0,    0,    0,    0,    0,    0,    0,    0,    0,    0,    0,    0,    0,    0,    0,    0,    0,    0,    0,    0,    0,    0,    0,    0,    0,
       0,    0,    0,    0,    0,    0,    0,    0,    0,    0,    0,    0,    0,    0,    0,    0,    0,    0,    0,    0,    0,    0,    0,    0,    0,  -13,    0,    0,    0,  -36,    0,  -16,    0,  -18,  -18,    0,    0,    0,    0,    0,    0,    0,    0,    0,    0,    0,    0,    0,    0,    0,    0,    0,    0,    0,    0,    0,    0,    0,    0,    0,    0,    0,    0,    0,    0,    0,    0,    0,    0,    0,    0,    0,    0,    0,    0,    0,    0,    0,    0,    0,    0,    0,    0,    0,  -36,  -36,  -36,    0,    0,    0,    0,    0,    0,    0,  -18,    0,    0,    0,  -36,    0,    0,    0,    0,    0,    0,  -18,  -18,    0,    0,    0,    0,    0,    0,    0,    0,    0,    0,    0,    0,    0,    0,    0,    0,    0,    0,  -13,    0,
       0,    0,    0,    0,    0,    0,    0,  -41,    0,  -41,    0,    0,    0,    0,    0,    0,    0,    0,    0,    0,    0,    0,    0,    0,    0,  -16,    0,    0,  -16,  -23,    0,  -20,    0,    0,    0,  -16,    0,    0,    0,    0,    0,    0,    0,    0,    0,    0,    0,    0,    0,    0,    0,    0,    0,    0,    0,    0,    0,    0,    0,    0,    0,    0,    0,    0,    0,    0,    0,    0,    0,    0,    0,    0,    0,    0,    0,    0,    0,    0,    0,    0,    0,    0,    0,    0,  -23,  -23,  -23,    0,    0,    0,    0,    0,    0,    0,    0,    0,    0,    0,  -23,    0,    0,    0,    0,    0,    0,    0,    0,  -23,    0,  -50,    0,    0,    0,  -41,    0,    0,    0,    0,    0,    0,    0,    0,    0,    0,    0,    0,    0,
       0,    0,    0,    0,    0,    0,    0,    0,    0,    0,    0,    0,    0,    0,    0,    0,    0,    0,    0,    0,    0,    0,    0,    0,    0,    0,    0,    0,    0,  -23,    0,    0,    0,    0,    0,    0,    0,    0,    0,    0,    0,    0,    0,    0,    0,    0,    0,    0,    0,    0,    0,    0,    0,    0,    0,    0,    0,    0,    0,    0,    0,    0,    0,    0,    0,    0,    0,    0,    0,    0,    0,    0,    0,   13,    0,    0,    0,    0,    0,    0,   13,   13,    0,    0,  -23,  -23,  -23,    0,    0,    0,    0,   13,    0,    0,    0,    0,    0,    0,  -23,    0,    0,    0,    0,    0,    0,    0,    0,  -52,    0,    0,    0,    0,    0,    0,    0,    0,    0,    0,    0,    0,    0,    0,    0,    0,    0,    0,    0,
       0,    0,    0,    0,    0,    0,    0,    0,    0,    0,    0,    0,    0,    0,    0,    0,    0,    0,    0,    0,    0,    0,    0,    0,    0,    0,    0,    0,    0,  -32,    0,    0,    0,    0,    0,    0,    0,    0,    0,    0,    0,    0,    0,    0,    0,    0,    0,    0,    0,    0,    0,    0,    0,    0,    0,    0,    0,    0,    0,    0,    0,    0,    0,    0,    0,    0,    0,    0,    0,    0,    0,    0,    0,    0,    0,    0,    0,    0,    0,    0,    0,    0,    0,    0,  -32,  -32,  -32,    0,    0,    0,    0,    0,    0,    0,    0,    0,    0,    0,  -32,    0,    0,    0,    0,    0,    0,    0,    0,    0,    0,    0,    0,    0,    0,    0,    0,    0,    0,    0,    0,    0,    0,    0,    0,    0,    0,    0,    0,
       0,    0,    0,    0,    0,    0,    0,    0,    0,    0,    0,    0,    0,    0,    0,    0,    0,    0,    0,    0,    0,    0,    0,    0,    0,    0,    0,    0,    0,    0,    0,    0,    0,    0,    0,    0,    0,    0,    0,    0,    0,    0,    0,    0,    0,    0,    0,    0,    0,    0,    0,    0,    0,    0,    0,    0,    0,    0,    0,    0,    0,    0,    0,    0,    0,    0,    0,    0,    0,    0,    0,    0,    0,   39,    0,    0,    0,    0,    0,    0,   41,   39,    0,    0,    0,    0,    0,    0,    0,    0,   29,   39,    0,    0,    0,    0,    0,    0,    0,    0,    0,    0,    0,    0,    0,    0,    0,    0,    0,    0,    0,    0,    0,    0,    0,    0,    0,    0,    0,    0,    0,    0,    0,    0,    0,    0,    0,
       0,    0,    0,    0,    0,    0,    0,    0,    0,    0,    0,    0,   18,    0,    0,    0,    0,   36,    0,    0,    0,    0,    0,    0,    0,    0,   23,    0,    0,   36,    0,   34,    0,    0,    0,   36,    0,    0,    0,    0,   16,   25,   25,   13,    0,   20,    0,    0,    0,    0,    0,    0,    0,    0,    0,    0,    0,    0,    0,    0,    0,    0,    0,    0,    8,    0,    0,    0,    0,    0,   39,   25,   39,   66,    0,    0,    0,    0,    0,   23,   66,   66,   39,    0,   36,   36,   36,    0,   53,   39,   20,   66,    0,    0,    0,    0,    0,    0,   36,    0,    0,   20,    0,   20,    0,    0,    0,    0,    0,    0,    0,    0,    0,    0,    0,    0,    0,    0,    0,    0,    0,    0,    0,    0,    0,    0,    0,
       0,    0,    0,    0,    0,    0,    0,    0,    0,    0,    0,    0,  -16,    0,    0,    0,    0,    0,    0,    0,    0,    0,    0,    0,    0,    0,    0,    0,    0,  -48,    0,  -20,  -20,    0,  -29,    0,    0,    0,    0,    0,    0,    0,    0,    0,    0,    0,    0,   -6,    0,    0,    0,    0,    0,    0,    0,   -3,    0,    0,    0,    0,    0,    0,    0,    0,    0,    0,    0,    0,    0,    0,    0,    0,    0,    0,    0,    0,   -6,    0,    0,    0,    0,    0,    0,    0,  -48,  -48,  -48,    0,    0,    0,    0,    0,    0,    0,    0,    0,    0,    0,  -48,    0,    0,    0,    0,    0,    0,  -29,  -29,  -18,   -8,    0,    0,    0,    0,    0,   -8,    0,    0,    0,    0,    0,    0,    0,    0,    0,    0,    0,    0,
      -6,    0,    0,    0,   -4,    0,    0,    0,    0,    0,    0,    0,  -13,    0,    0,    0,    0,    0,    0,    0,    0,    0,    0,    0,    0,  -13,    0,    0,    0,  -52,    0,  -20,  -20,  -11,  -34,    0,    0,    0,    4,    0,    0,    0,    0,    0,    0,    0,    0,   -8,   -7,   -9,   -6,    0,  -13,    0,    0,   -4,    0,    0,    0,    0,    0,    0,    0,    0,    0,    0,    0,    4,    4,    0,    0,    0,    0,    0,    0,    0,   -8,    4,    0,    0,    0,    0,    0,    0,  -52,  -52,  -52,    0,    0,    0,   18,    0,    0,    0,  -11,    0,    0,    0,  -52,    0,    0,    0,   -4,    0,    0,  -68,  -34,  -25,  -10,    0,    0,    0,    0,    0,  -10,    0,    0,    0,    0,    0,    0,    0,    0,    0,    0,    0,    0,
       0,    0,    0,    0,    0,    0,    0,    0,    0,    0,    0,    0,  -16,    0,    0,    0,    0,    0,    0,    0,    0,    0,    0,    0,    0,    0,    0,    0,    0,  -57,    0,  -20,  -20,    0,  -29,    0,    0,    0,    0,    0,    0,    0,    0,    0,    0,    0,    0,   -6,    0,    0,    0,    0,    0,    0,    0,   -3,    0,    0,    0,    0,    0,    0,    0,    0,    0,    0,    0,    0,    0,    0,    0,    0,    0,    0,    0,    0,   -6,    0,    0,    0,    0,    0,    0,    0,  -57,  -57,  -57,    0,    0,    0,    0,    0,    0,    0,    0,    0,    0,    0,  -57,    0,    0,    0,    0,    0,    0,  -29,  -29,  -18,   -8,    0,    0,    0,    0,    0,   -8,    0,    0,    0,    0,    0,    0,    0,    0,    0,    0,    0,    0,
      13,    0,    0,    0,   35,   23,    0,    0,    0,    0,    0,    0,   18,    0,    0,    0,    0,   18,    0,    0,    0,    0,    0,    0,    0,    0,   13,    0,    0,   16,    0,    0,    0,    0,    0,    0,   23,    0,    0,    0,    0,   16,   13,   13,    0,    0,    0,    0,    0,    0,    0,    0,   16,    0,    0,    7,   23,    0,    0,    0,    0,    0,    0,    0,    0,    0,    0,    0,    0,    0,   16,   16,   29,   13,    0,    0,    0,    0,    0,   13,   13,   13,   13,    0,   16,   16,   16,    0,   13,   29,   18,   13,    0,    0,    0,    0,    0,    0,   16,    0,    0,    0,    0,    0,    0,    0,    0,   13,    0,    0,    0,    0,    0,    0,    0,    0,    0,    0,    0,    0,    0,    0,  -16,    0,    0,    0,    0,
       0,    0,    0,    0,    0,    0,    0,    0,    0,    0,    0,    0,    0,    0,    0,    0,    0,    0,    0,    0,    0,    0,    0,    0,    0,    0,   13,    0,    0,   13,    0,    0,    0,    0,    0,    0,    0,    0,    0,    0,    0,   13,   16,    0,    0,    0,    0,    0,    0,    0,    0,    0,    0,    0,    0,    0,    0,    0,    0,    0,    0,    0,    0,    0,    0,    0,    0,    0,    0,    0,   13,   13,   16,   16,    0,    0,    0,    0,    0,   16,   16,   16,   16,    0,   13,   13,   13,    0,   13,   13,   16,   16,    0,    0,    0,    0,    0,    0,   13,    0,    0,    0,    0,    0,    0,    0,    0,    0,    0,    0,    0,    0,    0,    0,    0,    0,    0,    0,    0,    0,    0,    0,    0,    0,    0,    0,    0,
       0,    0,    0,    0,    0,    0,    0,    0,    0,    0,    0,    0,   18,    0,    0,    0,    0,   36,    0,    0,    0,    0,    0,    0,    0,    0,   23,    0,    0,   36,    0,   34,    0,    0,    0,   36,    0,    0,    0,    0,   16,   41,   39,   13,    0,   20,    0,    0,    0,    0,    0,    0,    0,    0,    0,    0,    0,    0,    0,    0,    0,    0,    0,    0,    8,    0,    0,    0,    0,    0,   41,   41,   41,   66,    0,    0,    0,    0,    0,   23,   66,   66,   39,    0,   36,   36,   36,    0,   53,   41,   43,   66,    0,    0,    0,    0,    0,    0,   36,    0,    0,   20,    0,   20,    0,    0,    0,    0,    0,    0,    0,    0,    0,    0,    0,    0,    0,    0,    0,    0,    0,    0,    0,    0,    0,    0,    0,
       0,    0,    0,    0,    0,    0,    0,    0,    0,    0,    0,    0,   18,    0,    0,    0,    0,   36,    0,    0,    0,    0,    0,    0,    0,    0,   23,    0,    0,   36,    0,   34,    0,    0,    0,   36,    0,    0,    0,    0,   16,   41,   41,   13,    0,   20,    0,    0,    0,    0,    0,    0,    0,    0,    0,    0,    0,    0,    0,    0,    0,    0,    0,    0,    8,    0,    0,    0,    0,    0,   41,   41,   41,   66,    0,    0,    0,    0,    0,   23,   66,   66,   41,    0,   36,   36,   36,    0,   53,   41,   20,   66,    0,    0,    0,    0,    0,    0,   36,    0,    0,   20,    0,   20,    0,    0,    0,    0,    0,    0,    0,    0,    0,    0,    0,    0,    0,    0,    0,    0,    0,    0,    0,    0,    0,    0,    0,
       0,    0,    0,    0,    0,    0,    0,    0,    0,    0,    0,    0,   18,    0,    0,    0,    0,   36,    0,    0,    0,    0,    0,    0,    0,    0,   23,    0,    0,   36,    0,   34,    0,    0,    0,   36,    0,    0,    0,    0,   16,   41,   25,   13,    0,   20,    0,    0,    0,    0,    0,    0,    0,    0,    0,    0,    0,    0,    0,    0,    0,    0,    0,    0,    8,    0,    0,    0,    0,    0,   41,   41,   41,   66,    0,    0,    0,    0,    0,   23,   66,   66,   39,    0,   36,   36,   36,    0,   53,   41,   20,   66,    0,    0,    0,    0,    0,    0,   36,    0,    0,   20,    0,   20,    0,    0,    0,    0,    0,    0,    0,    0,    0,    0,    0,    0,    0,    0,    0,    0,    0,    0,    0,    0,    0,    0,    0,
       0,    0,    0,    0,    0,    0,    0,    0,    0,    0,    0,    0,    0,    0,    0,    0,    0,    0,    0,    0,    0,    0,    0,    0,    0,    0,    0,    0,    0,    0,    0,    0,    0,    0,    0,    0,    0,    0,    0,    0,    0,    0,    0,    0,    0,    0,    0,    0,    0,    0,    0,    0,    0,    0,    0,    0,    0,    0,    0,    0,    0,    0,    0,    0,    0,    0,    0,    0,    0,    0,    0,    0,    0,   39,    0,    0,    0,    0,    0,    0,   41,   39,    0,    0,    0,    0,    0,    0,    0,    0,   29,   41,    0,    0,    0,    0,    0,    0,    0,    0,    0,    0,    0,    0,    0,    0,    0,    0,    0,    0,    0,    0,    0,    0,    0,    0,    0,    0,    0,    0,    0,    0,    0,    0,    0,    0,    0,
     -36,    0,    0,    0,    0,  -70,  -54,    0,  -54,    0,    0,    0,  -18,    0,    0,    0,    0,    0,    0,    0,    0,    0,    0,    0,  -11,    0,    0,  -11,    0,  -38,    0,  -27,    0,    0,  -13,    0,  -70,    0,    0,    0,    0,    0,    0,    0,    0,   -9,    0,  -27,    0,    0,    0,  -52,  -38,  -25,  -54,  -32,  -70,    0,    0,  -35,  -54,    0,    0,    0,    0,    0,  -13,    0,    0,    0,    0,    0,    0,    0,    0,    0,  -27,    0,    0,    0,    0,    0,    0,    0,  -38,  -38,  -38,    0,    0,    0,    0,    0,    0,    0,    0,    0,  -11,    0,  -38,    0,    0,   -9,  -57,   -9,    0,  -13,  -27,  -34,  -16,    0,  -18,  -18,  -13,    0,  -43,    0,    0,    0,    0,    0,    0,    0,    0,    0,    0,    0,    0,
       0,    0,    0,    0,    0,    0,    0,    0,    0,    0,    0,    0,    0,    0,    0,    0,    0,    0,    0,    0,    0,    0,    0,    0,    0,    0,    0,    0,    0,    0,    0,    0,    0,    0,    0,    0,    0,    0,    0,    0,    0,    0,    0,    0,    0,    6,    0,    2,    0,    0,    0,    0,    0,    0,    0,    0,    0,    0,    0,    0,    0,    0,    0,    0,    0,   13,    0,    0,    0,    0,    0,    0,    0,   23,    0,    0,    2,    0,   13,    0,   23,   23,    0,    0,    0,    0,    0,    0,    0,    0,   29,   23,    0,    0,    0,    0,    0,    0,    0,    0,    0,    6,    0,    6,    0,    0,    0,    0,    0,    0,    0,    0,    0,    0,    0,    0,    0,    0,    0,    0,    0,    0,    0,    0,    0,    0,    0,
     -36,    0,    0,    0,    0,  -68,  -50,    0,  -50,    0,    0,    0,  -18,    0,    0,    0,    0,    0,    0,    0,    0,    0,    0,    0,  -11,    0,    0,  -11,    0,  -38,    0,  -27,    0,    0,  -13,    0,  -52,    0,    0,    0,    0,    0,    0,    0,    0,   -9,    0,  -27,    0,    0,    0,  -47,  -38,  -25,  -50,  -32,  -70,    0,    0,  -35,  -50,    0,    0,    0,    0,    0,  -13,    0,    0,    0,    0,    0,    0,    0,    0,    0,  -27,    0,    0,    0,    0,    0,    0,    0,  -38,  -38,  -38,    0,    0,    0,    0,    0,    0,    0,    0,    0,  -11,    0,  -38,    0,    0,   -9,  -57,   -9,    0,  -13,  -27,  -34,  -16,    0,  -18,  -18,  -13,    0,  -43,    0,    0,    0,    0,    0,    0,    0,    0,    0,    0,    0,    0,
       0,    0,    0,    0,    0,    0,    0,    0,    0,    0,    0,    0,    0,    0,    0,    0,    0,    0,    0,    0,    0,    0,    0,    0,    0,    0,    0,    0,    0,    0,    0,    0,    0,    0,  -13,    0,    0,    0,    0,    0,    0,    0,    0,    0,    0,    0,    0,    0,    0,    0,    0,    0,    0,    0,    0,    0,    0,    0,    0,    0,    0,    0,    0,    0,    0,    0,    0,    0,    0,    0,    0,    0,    0,    0,    0,    0,    0,    0,    0,    0,    0,    0,    0,    0,    0,    0,    0,    0,    0,    0,    0,    0,    0,    0,    0,    0,    0,    0,    0,    0,    0,    0,    0,    0,    0,  -13,  -13,    0,    0,    0,    0,    0,    0,    0,    0,    0,    0,    0,    0,    0,    0,    0,    0,    0,    0,    0,    0,
       0,    0,    0,    0,    0,    0,    0,    0,    0,    0,    0,    0,    0,    0,    0,    0,    0,    0,    0,    0,    0,    0,    0,    0,    0,    0,    0,    0,    0,    0,    0,    0,    0,    0,    0,    0,    0,    0,    0,    0,    0,    0,    0,    0,    0,    6,    0,    2,    0,    0,    0,    0,    0,    0,    0,    0,    0,    0,    0,    0,    0,    0,    0,    0,    0,   27,    0,    0,    0,    0,    0,    0,    0,   23,    0,    0,    2,    0,   13,    0,   23,   23,    0,    0,    0,    0,    0,    0,    0,    0,   13,   23,    0,    0,    0,    0,    0,    0,    0,    0,    0,    6,    0,    6,    0,    0,    0,    0,    0,    0,    0,    0,    0,    0,    0,    0,    0,    0,    0,    0,    0,    0,    0,    0,    0,    0,    0,
     -36,    0,    0,    0,    0,  -66,  -34,    0,  -54,    0,    0,    0,  -18,    0,    0,    0,    0,    0,    0,    0,    0,    0,    0,    0,  -11,    0,    0,  -11,    0,  -38,    0,  -27,    0,    0,  -27,    0,  -66,    0,    0,    0,    0,    0,    0,    0,    0,   -9,    0,  -27,    0,    0,    0,  -50,  -38,  -25,  -86,  -32,  -66,    0,    0,  -35,  -59,    0,    0,    0,    0,    0,  -13,    0,    0,    0,    0,    0,    0,    0,    0,    0,  -27,    0,    0,    0,    0,    0,    0,    0,  -38,  -38,  -38,    0,    0,    0,    0,    0,    0,    0,    0,    0,  -11,    0,  -38,    0,    0,   -9,  -57,   -9,    0,  -27,  -27,  -34,  -29,    0,  -18,  -18,  -13,    0,  -29,    0,    0,    0,    0,    0,    0,    0,    0,    0,    0,    0,    0,
       0,    0,    0,    0,    0,    0,    0,    0,    0,    0,    0,    0,    0,    0,    0,    0,    0,    0,    0,    0,    0,    0,    0,    0,    0,    0,    0,    0,    0,    0,    0,    0,    0,    0,    0,    0,    0,    0,    0,    0,    0,    0,    0,    0,    0,   12,    0,    2,    0,    0,    0,    0,    0,    0,    0,    0,    0,    0,    0,    0,    0,    0,    0,    0,    0,   27,    0,    0,    0,    0,    0,    0,    0,   23,    0,    0,    2,    0,   13,    0,   23,   23,    0,    0,    0,    0,    0,    0,    0,    0,   13,   23,    0,    0,    0,    0,    0,    0,    0,    0,    0,   12,    0,   12,    0,    0,    0,    0,    0,    0,    0,    0,    0,    0,    0,    0,    0,    0,    0,    0,    0,    0,    0,    0,    0,    0,    0,
       0,    0,    0,  -13,    0,    0,  -43,  -13,  -43,  -13,  -52,  -13,    0,    0,    0,  -27,    0,  -32,    0,    0,  -13,  -32,  -13,    0,  -12,  -34,    0,  -12,  -36,    0,    0,    0,    0,    0,    8,    0,    0,  -23,  -29,  -31,    0,    0,    0,  -23,  -29,  -41,  -43,  -25,  -25,  -50,  -32,  -43,    0,  -52,  -43,    0,    0,    0,  -43,    0,  -43,    0,  -20,    0,    0,    0,  -13,  -45,  -45,  -52,    0,    0,    0,   36,  -52,  -43,  -38,  -29,    0,    0,   36,   36,    0,  -31,    0,    0,    0,  -43,    0,    0,   51,   36,  -55,  -55,    0,    0,  -12,    0,    0,    0,    0,  -41,  -21,  -41,  -29,    8,    8,    0,    0,  -48,    0,    0,  -13,  -47,    0,    0,    0,    0,    0,    0,    0,    0,  -50,    0,    0,    0,    0,
       0,    0,    0,  -13,    0,    0,  -43,  -13,  -43,  -13,  -52,  -13,    0,    0,    0,  -27,    0,  -32,    0,    0,  -13,  -32,  -13,    0,  -12,  -34,    0,  -12,  -36,    0,    0,    0,    0,    0,    8,    0,    0,  -23,  -29,  -31,    0,    0,    0,  -23,  -29,  -41,  -29,  -25,  -25,  -25,  -18,  -43,    0,  -52,  -43,    0,    0,    0,  -70,    0,  -43,    0,  -20,    0,    0,    0,  -13,  -45,  -45,  -52,    0,    0,    0,   36,  -52,  -50,  -38,  -29,    0,    0,   36,   36,    0,  -31,    0,    0,    0,  -45,    0,    0,   51,   36,  -55,  -55,    0,    0,  -12,    0,    0,    0,    0,  -41,  -21,  -41,  -29,    8,    8,    0,    0,  -48,    0,    0,  -13,  -47,    0,    0,    0,    0,    0,    0,    0,    0,  -50,    0,    0,    0,    0,
       0,    0,    0,  -13,    0,    0,  -29,  -13,  -29,  -13,  -52,  -13,    0,    0,    0,  -27,    0,  -32,    0,    0,  -13,  -32,  -13,    0,  -12,  -57,    0,  -12,  -84,    0,    0,    0,    0,    0,    8,    0,    0,  -23,  -29,  -31,    0,    0,    0,  -23,  -29,  -41,  -29,  -25,  -25,  -25,  -18,  -29,    0,  -52,  -29,    0,    0,    0,  -70,    0,  -61,    0,  -20,    0,    0,    0,  -13,  -45,  -45,  -52,    0,    0,    0,   36,  -52,  -50,  -38,  -29,    0,    0,   36,   36,    0,  -31,    0,    0,    0,  -45,    0,    0,   51,   36,  -55,  -55,    0,    0,  -12,    0,    0,    0,    0,  -41,  -21,  -41,  -29,    8,    8,    0,    0,  -48,    0,    0,  -13,  -47,    0,    0,    0,    0,    0,    0,    0,    0,  -79,    0,    0,    0,    0,
       0,    0,    0,    0,    0,    0,    0,    0,    0,    0,    0,    0,    0,    0,    0,    0,    0,    0,    0,    0,    0,    0,    0,    0,    0,    0,    0,    0,    0,    0,    0,    0,    0,    0,    0,    0,    0,    0,  -23,  -27,  -12,    0,    0,  -23,  -23,  -12,  -23,  -23,  -23,  -23,  -23,    0,    0,    0,    0,    0,    0,    0,  -23,    0,    0,    0,    0,    0,    0,    0,    0,  -23,  -23,  -27,    0,    0,    0,    0,  -27,  -23,  -23,  -23,    0,    0,    0,    0,    0,  -27,    0,    0,    0,  -23,    0,    0,    0,    0,    0,    0,    0,    0,    0,    0,    0,    0,    0,  -12,    0,  -12,  -23,    0,    0,    0,    0,    0,    0,    0,    0,    0,    0,    0,    0,    0,    0,    0,    0,    0,    0,    0,    0,    0,    0,
       0,    0,    0,    0,    0,    0,    0,  -18,    0,  -18,    0,    0,    0,    0,    0,    0,    0,    0,    0,    0,    0,    0,    0,    0,    0,  -14,    0,    0,    0,    0,    0,    0,    0,    0,    0,    0,    0,    0,    0,    0,    0,    0,    0,    0,    0,    0,    0,    0,    0,    0,    0,    0,    0,    0,    0,    0,    0,    0,    0,    0,    0,    0,    0,    0,    0,    0,    0,    0,    0,    0,    0,    0,    0,    0,    0,    0,    0,    0,    0,    0,    0,    0,    0,    0,    0,    0,    0,    0,    0,    0,    0,    0,    0,    0,    0,    0,    0,    0,    0,    0,    0,    0,    0,    0,    0,    0,    0,    0,    0,    0,    0,    0,    0,  -18,    0,    0,    0,    0,    0,    0,    0,    0,    0,    0,    0,    0,    0,
       0,    0,    0,    0,    0,    0,    0,  -18,    0,  -18,    0,    0,    0,    0,    0,    0,    0,    0,    0,    0,    0,    0,    0,    0,    0,    0,    0,    0,    0,    0,    0,    0,    0,    0,    0,    0,    0,    0,    0,    0,    0,    0,    0,    0,    0,    0,    0,    0,    0,    0,    0,    0,    0,    0,    0,    0,    0,    0,    0,    0,    0,    0,    0,    0,    0,    0,    0,    0,    0,    0,    0,    0,    0,    0,    0,    0,    0,    0,    0,    0,    0,    0,    0,    0,    0,    0,    0,    0,    0,    0,    0,    0,    0,    0,    0,    0,    0,    0,    0,    0,    0,    0,    0,    0,    0,    0,    0,    0,    0,    0,    0,    0,    0,  -18,    0,    0,    0,    0,    0,    0,    0,    0,    0,    0,    0,    0,    0,
       0,    0,    0,    0,    0,    0,    0,    0,    0,    0,    0,    0,    0,    0,    0,    0,    0,    0,    0,    0,    0,    0,    0,    0,    0,    0,    0,    0,    0,   16,    0,    0,    0,    0,    0,    0,    0,    0,    0,    0,    0,    0,    0,    0,    0,    0,    0,    0,    0,    0,    0,    0,    0,    0,    0,    0,    0,    0,    0,    0,    0,    0,    0,    0,    0,    0,    0,    0,    0,    0,    0,    0,    0,    0,    0,    0,    0,    0,    0,    0,    0,    0,    0,    0,   16,   16,   16,    0,    0,    0,    0,    0,    0,    0,    0,    0,    0,    0,   16,    0,    0,    0,    0,    0,    0,    0,    0,    0,    0,    0,    0,    0,    0,    0,    0,    0,    0,    0,    0,    0,    0,    0,    0,    0,    0,    0,    0,
       0,    0,    0,    0,    0,    0,    0,    0,    0,    0,    0,    0,    0,    0,    0,    0,    0,    0,    0,    0,    0,    0,    0,    0,    0,    0,    0,    0,    0,    0,    0,    0,    0,    0,    0,    0,    0,    0,    0,  -14,    0,    0,    0,    0,    0,   12,    0,    6,    0,    0,    0,    0,    0,    0,    0,    0,    0,    0,    0,    0,    0,    0,    0,    0,    0,    0,    0,    0,    0,  -14,    0,    0,    0,    0,  -14,    0,    6,    0,    0,    0,    0,    0,    0,  -14,    0,    0,    0,    0,    0,    0,    0,    0,    0,    0,    0,    0,    0,    0,    0,    0,    0,   12,    0,   12,    0,    0,    0,    0,    0,    0,    0,    0,    0,    0,    0,    0,    0,    0,    0,    0,    0,    0,    0,    0,    0,    0,    0,
       0,    0,    0,    0,    0,    0,    0,    0,    0,    0,    0,    0,    0,    0,    0,    0,    0,    0,    0,    0,    0,    0,    0,    0,    0,    0,    0,    0,    0,  -29,    0,    0,    0,    0,    0,    0,    0,    0,    0,   -6,    0,    0,    0,    0,    0,    0,    0,    0,    0,    0,    0,    0,    0,    0,    0,    0,    0,    0,    0,    0,    0,    0,    0,    0,    0,    0,    0,    0,    0,   -6,    0,    0,    0,    0,   -6,    0,    0,    0,    0,    0,    0,    0,    0,   -6,  -29,  -29,  -29,    0,    0,    0,    0,    0,    0,    0,    0,    0,    0,    0,  -29,    0,    0,    0,    0,    0,    0,    0,    0,    0,    0,    0,    0,    0,    0,    0,    0,    0,    0,    0,    0,    0,    0,    0,    0,    0,    0,    0,    0,
       0,    0,    0,    0,    0,    0,    0,    0,    0,    0,    0,    0,    0,    0,    0,    0,    0,    0,    0,    0,    0,    0,    0,    0,    0,    0,    0,    0,    0,    0,    0,    0,    0,    0,    0,    0,    0,    0,    0,    0,    0,    0,    0,    0,    0,    0,    0,    0,    0,    0,    0,    0,    0,    0,    0,    0,    0,    0,    0,    0,    0,    0,    0,    0,    0,    0,    0,    0,    0,    0,    0,    0,    0,   39,    0,    0,    0,    0,    0,    0,   39,   39,    0,    0,    0,    0,    0,    0,    0,    0,   36,   39,    0,    0,    0,    0,    0,    0,    0,    0,    0,    0,    0,    0,    0,    0,    0,    0,    0,    0,    0,    0,    0,    0,    0,    0,    0,    0,    0,    0,    0,    0,    0,    0,    0,    0,    0,
      -6,    0,    0,    0,   -4,    0,    0,    0,    0,    0,    0,    0,  -13,    0,    0,    0,    0,    0,    0,    0,    0,    0,    0,    0,    0,  -13,    0,    0,    0,  -62,    0,  -20,  -20,  -11,  -34,    0,    0,    0,    4,    0,    0,    0,    0,    0,    0,    0,    0,   -8,   -7,   -9,   -6,    0,  -13,    0,    0,   -4,    0,    0,    0,    0,    0,    0,    0,    0,    0,    0,    0,    4,    4,    0,    0,    0,    0,    0,    0,    0,   -8,    4,    0,    0,    0,    0,    0,    0,  -62,  -62,  -62,    0,    0,    0,   18,    0,    0,    0,  -11,    0,    0,    0,  -62,    0,    0,    0,   -4,    0,    0,  -68,  -34,  -25,  -10,    0,    0,    0,    0,    0,  -10,    0,    0,    0,    0,    0,    0,    0,    0,    0,    0,    0,    0,
       0,    0,    0,    0,    0,    0,    0,    0,    0,    0,    0,    0,    0,    0,    0,    0,    0,    0,    0,    0,    0,    0,    0,    0,    0,    0,    0,    0,    0,    0,    0,    0,    0,    0,    0,    0,    0,    0,    0,    0,    0,    0,    0,    0,    0,    0,    0,    0,    0,    0,    0,    0,    0,    0,    0,    0,    0,    0,    0,    0,    0,    0,    0,    0,    0,    0,    0,    0,    0,    0,    0,    0,    0,    0,    0,    0,    0,    0,    0,    0,    0,    0,    0,    0,    0,    0,    0,    0,    0,    0,   13,    0,    0,    0,    0,    0,    0,    0,    0,    0,    0,    0,    0,    0,    0,    0,    0,    0,    0,    0,    0,    0,    0,    0,    0,    0,    0,    0,    0,    0,    0,    0,    0,    0,    0,    0,    0,
       0,    0,    0,    0,    0,    0,  -16,    0,  -16,    0,  -13,    0,    0,    0,    0,    0,    0,    0,    0,    0,    0,  -16,    0,    0,    0,    0,    0,    0,    0,  -38,    0,    0,    0,    0,  -23,    0,    0,  -13,    0,    0,    0,    0,    0,    0,    0,    0,    0,    0,    0,    0,    0,  -16,    0,    0,  -29,    0,    0,    0,    0,    0,  -16,    0,    0,    0,    0,    0,    0,    0,    0,    0,    0,    0,    0,    0,    0,    0,    0,    0,    0,    0,    0,    0,    0,    0,  -38,  -38,  -38,    0,    0,    0,    0,    0,    0,    0,    0,    0,    0,    0,  -38,    0,    0,    0,    0,    0,    0,  -23,  -23,  -16,    6,    0,    0,    0,    0,    0,    6,    0,    0,    0,    0,    0,    0,    0,  -25,    0,    0,    0,    0,
       0,    0,    0,    0,    0,    0,    0,    0,    0,    0,    0,    0,    0,    0,    0,    0,    0,    0,    0,    0,    0,    0,    0,    0,    0,    0,    0,    0,    0,    0,    0,    0,    0,    0,    0,    0,    0,    0,    0,    0,    0,    0,    0,    0,    0,    0,    0,    0,    0,    0,    0,    0,    0,    0,    0,    0,    0,    0,    0,    0,    0,    0,    0,    0,    0,    0,    0,    0,    0,    0,    0,    0,    0,    8,    0,    0,    0,    0,    0,    0,    8,    8,    0,    0,    0,    0,    0,    0,    0,    0,   29,    8,    0,    0,    0,    0,    0,    0,    0,    0,    0,    0,    0,    0,    0,    0,    0,    0,    0,    0,    0,    0,    0,    0,    0,    0,    0,    0,    0,    0,    0,    0,    0,    0,    0,    0,    0,
       0,    0,    0,    0,    0,    0,    0,    0,    0,    0,    0,    0,    0,    0,    0,    0,    0,    0,    0,    0,    0,    0,    0,    0,    0,    0,    0,    0,    0,    0,    0,    0,    0,    0,    0,    0,    0,    0,    0,    0,    0,    0,    0,    0,    0,    0,    0,    0,    0,    0,    0,    0,    0,    0,    0,    0,    0,    0,    0,    0,    0,    0,    0,    0,    0,    0,    0,    0,    0,    0,    0,    0,    0,   39,    0,    0,    0,    0,    0,    0,   39,   39,    0,    0,    0,    0,    0,    0,    0,    0,   34,   39,    0,    0,    0,    0,    0,    0,    0,    0,    0,    0,    0,    0,    0,    0,    0,    0,    0,    0,    0,    0,    0,    0,    0,    0,    0,    0,    0,    0,    0,    0,    0,    0,    0,    0,    0,
       0,    0,    0,    0,    0,    0,    0,    0,    0,    0,    0,    0,   18,    0,    0,    0,    0,   36,    0,    0,    0,    0,    0,    0,    0,    0,   23,    0,    0,   36,    0,   34,    0,    0,    0,   36,    0,    0,    0,    0,   16,   39,   41,   13,    0,   20,    0,    0,    0,    0,    0,    0,    0,    0,    0,    0,    0,    0,    0,    0,    0,    0,    0,    0,    8,    0,    0,    0,    0,    0,   39,   39,   39,   66,    0,    0,    0,    0,    0,   23,   66,   66,   41,    0,   36,   36,   36,    0,   53,   39,   38,   82,    0,    0,    0,    0,    0,    0,   36,    0,    0,   20,    0,   20,    0,    0,    0,    0,    0,    0,    0,    0,    0,    0,    0,    0,    0,    0,    0,    0,    0,    0,    0,    0,    0,    0,    0,
       0,    0,    0,    0,    0,    0,    0,    0,    0,    0,    0,    0,    0,    0,    0,    0,    0,    0,    0,    0,    0,    0,    0,    0,    0,    0,    0,    0,    0,  -14,    0,    0,    0,    0,    0,    0,    0,   25,    0,    0,    0,    0,    0,    0,    0,    0,    0,    0,    0,    0,    0,    0,    0,    0,    0,    0,    0,    0,    0,    0,    0,    0,    0,    0,    0,    0,    0,    0,    0,    0,    0,    0,    0,    0,    0,    0,    0,    0,    0,    0,    0,    0,    0,    0,  -14,  -14,  -14,    0,    0,    0,    0,    0,   10,   10,    0,    0,    0,    0,  -14,    0,    0,    0,    0,    0,    0,    0,    0,    0,    0,    0,    0,    0,    0,    0,    0,    0,    0,    0,    0,    0,    0,    0,    0,    0,    0,    0,    0,
       0,    0,   -4,    0,    0,    0,  -57,    0,  -57,    0,    0,  -14,    0,    0,   -8,  -16,    0,    0,   -8,    0,    0,  -20,  -20,    0,  -14,    0,    0,  -14,    0,  -16,    0,    0,    0,    0,    0,    0,    0,    0,  -23,  -11,    0,    0,    0,    0,    0,    0,    0,    0,    0,    0,    0,  -57,    0,  -36,  -57,   -3,    0,    0,    0,    0,  -57,    0,    0,    0,    0,    0,  -18,  -23,  -23,  -11,    0,    0,    0,    0,  -11,    0,    0,  -23,    0,    0,    0,    0,    0,  -11,  -16,  -16,  -16,    0,    0,    0,   34,    0,    0,    0,    0,   -8,  -34,  -13,  -16,    0,    0,  -25,  -31,    0,    0,    0,    0,    0,    0,    0,    0,    0,  -18,    0,    0,    0,    0,    0,    0,    0,    0,    0,    0,    0,  -13,    0,    0,
       0,    0,    0,    0,    0,    0,    0,  -18,    0,  -18,  -16,    0,    0,    0,    0,    0,    0,    0,    0,    0,    0,    0,    0,    0,    0,  -14,    0,    0,    0,  -12,    0,  -13,    0,  -14,  -13,    0,    0,  -16,    0,    0,    0,    0,    0,    0,    0,    0,    0,    0,    0,    0,    0,    0,    0,    0,    0,   -2,    0,    0,    0,    0,    0,    0,    0,    0,    0,    0,    0,    0,    0,    0,    0,    0,    0,    0,    0,    0,    0,    0,    0,    0,    0,    0,    0,    0,  -12,  -12,  -12,    0,    0,    0,    0,    0,    0,    0,  -34,    0,    0,    0,  -25,    0,    0,    0,    0,    0,    0,  -13,  -13,  -13,    0,  -36,    0,    0,    0,  -18,    0,    0,    0,    0,    0,    0,    0,  -16,  -39,    0,    0,    0,    0,
       0,    0,    0,    0,    0,    0,    0,  -18,    0,  -18,    0,    0,    0,    0,    0,    0,    0,    0,    0,    0,    0,    0,    0,    0,    0,    0,    0,    0,    0,    0,    0,    0,    0,    0,    0,    0,    0,  -16,    0,    0,    0,    0,    0,    0,    0,    0,    0,    0,    0,    0,    0,    0,    0,    0,    0,    0,    0,    0,    0,    0,    0,    0,    0,    0,    0,    0,    0,    0,    0,    0,    0,    0,    0,    0,    0,    0,    0,    0,    0,    0,    0,    0,    0,    0,    0,    0,    0,    0,    0,    0,    0,    0,    0,    0,    0,    0,    0,    0,    0,    0,    0,    0,    0,    0,    0,    0,    0,    0,    0,  -13,    0,    0,    0,  -18,    0,    0,    0,    0,    0,    0,    0,    0,    0,    0,    0,    0,    0,
     -12,    0,    0,    0,    0,  -12,  -12,    6,  -12,    6,    0,   -4,    0,    0,    0,  -10,    0,    0,   -4,    0,    0,    0,    0,    0,    0,    0,    0,    0,    0,    0,    0,    0,    0,    0,    0,    0,  -12,    0,    0,   -6,  -10,    0,    0,    0,    0,  -10,    0,   -8,  -10,    0,    0,  -12,    0,    0,  -12,    0,  -12,    0,    0,  -10,  -12,    0,    0,    0,    0,    0,    0,    0,    0,   -6,    0,    0,    0,    0,   -6,    0,   -8,    0,    0,    0,    0,    0,    0,   -6,    0,    0,    0,    0,    0,    0,    0,    0,    0,    0,    0,    0,    0,    0,    0,    0,    0,  -10,   -6,  -10,    0,    0,    0,    0,  -12,    0,    0,    0,    0,    6,  -12,    0,    0,    0,    0,    0,    0,    0,    0,    0,    0,    0,    0,
       0,    0,    0,    0,    0,    0,  -16,  -50,  -16,  -50,  -13,    0,    0,    0,    0,    0,    0,    0,    0,    0,    0,  -16,    0,    0,    0,  -16,    6,    0,  -23,  -23,    0,    0,    0,    0,    0,  -13,    0,    0,    0,   -7,    6,    4,    6,    6,    0,    6,    0,    6,    3,    6,    0,  -16,    0,    0,  -29,    0,    0,    0,    0,    0,  -16,    0,    0,    0,    0,    0,    0,    0,    0,   -7,    4,    4,    4,   13,   -7,    0,    6,    0,    0,    6,   13,   13,    6,   -7,  -23,  -23,  -23,    0,    6,    4,    0,   13,    0,    0,    0,    0,    0,    0,  -23,   -6,   -6,    6,    0,    6,    0,    0,    0,  -16,    6,  -61,    0,    0,    0,  -50,    6,    0,    0,    0,    0,    0,    0,    0,  -20,    0,    0,    0,    0,
       0,    0,    0,    0,  -11,    0,    0,    0,    0,    0,    0,    0,    0,    0,    0,    0,    0,    0,    0,    0,    0,    0,    0,    0,    0,    0,    0,    0,    0,  -40,    0,  -40,    0,  -11,  -68,    0,    0,    0,    0,    0,    0,    0,    0,    0,    0,   -8,    0,  -11,  -11,   -9,    0,    0,  -23,    0,    0,    0,    0,    0,    0,    0,    0,    0,    0,    0,    0,    0,    0,    0,    0,    0,    0,    0,    0,    0,    0,    0,  -11,    0,    0,    0,    0,    0,    0,    0,  -40,  -40,  -40,    0,    0,    0,    0,    0,    0,    0,  -11,    0,    0,    0,  -40,    0,    0,   -8,    0,  -43,    0,  -68,  -68,  -28,    0,    0,    0,    0,    0,    0,    0,    0,    0,    0,    0,    0,    0,    0,    0,    0,    0,    0,    0,
       0,    0,    0,  -25,    0,    0,  -32,  -13,  -32,  -13,    0,    0,    0,    0,    0,  -27,    0,    0,    0,    0,  -25,  -41,  -38,    0,  -13,  -29,    0,  -13,  -13,    8,    0,    0,    0,    0,    0,    0,    0,    0,  -28,  -61,    0,  -11,    0,  -16,  -27,    0,  -16,    0,    0,    0,    0,  -32,    0,  -36,  -52,   -3,    0,    0,  -16,    0,  -52,    0,  -25,    0,    0,    0,  -34,  -57,  -48,  -61,  -11,  -23,  -11,    0,  -61,  -16,    0,  -47,    0,    0,    0,    0,    0,  -61,    8,    8,    8,  -16,    0,  -11,   34,    0,    0,    0,    0,    0,  -13,    0,    8,    0,    0,    0,  -20,    0,  -27,    0,    0,    0,    0,  -43,    0,    0,  -16,  -52,    0,    0,    0,    0,    0,    0,    0,  -59,  -70,    0,    0,    0,  -13,
       0,    0,    0,    0,    0,    0,    0,    0,    0,    0,    0,    0,    0,    0,    0,    0,    0,    0,    0,    0,    0,    0,    0,    0,    0,    0,    0,    0,    0,    0,    0,    0,    0,    0,    0,    0,    0,    0,    0,    0,    0,    0,    0,    0,    0,    0,    0,    0,    0,    0,    0,    0,    0,    0,    0,    0,    0,    0,    0,    0,    0,    0,    0,    0,    0,    0,    0,    0,    0,    0,    0,    0,    0,   25,    0,    0,    0,    0,    0,    0,   39,   25,    0,    0,    0,    0,    0,    0,    0,    0,   29,   39,    0,    0,    0,    0,    0,    0,    0,    0,    0,    0,    0,    0,    0,    0,    0,    0,    0,    0,    0,    0,    0,    0,    0,    0,    0,    0,    0,    0,    0,    0,    0,    0,    0,    0,    0,
      -6,    0,    0,    0,   -4,    0,    0,    0,    0,    0,    0,    0,  -13,    0,    0,    0,    0,    0,    0,    0,    0,    0,    0,    0,    0,  -13,    0,    0,    0,  -31,    0,  -20,  -20,  -11,  -34,    0,    0,    0,    4,    0,    0,    0,    0,    0,    0,    0,    0,   -8,   -7,   -9,   -6,    0,  -13,    0,    0,   -4,    0,    0,    0,    0,    0,    0,    0,    0,    0,    0,    0,    4,    4,    0,    0,    0,    0,    0,    0,    0,   -8,    4,    0,    0,    0,    0,    0,    0,  -31,  -31,  -31,    0,    0,    0,   36,    0,    0,    0,  -11,    0,    0,    0,  -31,    0,    0,    0,   -4,    0,    0,  -68,  -34,  -25,  -10,    0,    0,    0,    0,    0,  -10,    0,    0,    0,    0,    0,    0,    0,    0,    0,    0,    0,    0,
       0,    0,    0,    0,    0,    0,    0,  -13,    0,  -13,    0,    0,    0,    0,    0,    0,    0,    0,    0,    0,    0,    0,    0,    0,    0,    0,    0,    0,    0,    0,    0,    0,    0,    0,    0,    0,    0,    0,    0,    0,    0,    0,    0,    0,    0,    0,    0,    0,    0,    0,    0,    0,    0,    0,    0,    0,    0,    0,    0,    0,    0,    0,    0,    0,    0,    0,    0,    0,    0,    0,    0,    0,    0,    0,    0,    0,    0,    0,    0,    0,    0,    0,    0,    0,    0,    0,    0,    0,    0,    0,   16,    0,    0,    0,    0,    0,    0,    0,    0,    0,    0,    0,    0,    0,    0,    0,    0,    0,    0,    0,    0,    0,    0,  -13,    0,    0,    0,    0,    0,    0,    0,    0,    0,    0,    0,    0,    0,
       0,    0,    0,  -25,    0,    0,  -32,  -27,  -32,  -27,    0,    0,    0,    0,    0,  -27,    0,    0,    0,    0,  -25,  -41,  -38,    0,  -13,  -29,    0,  -13,  -13,    8,    0,    0,    0,    0,    0,    0,    0,    0,  -28,  -31,    0,  -11,    0,  -16,  -27,    0,  -16,    0,    0,    0,    0,  -32,    0,  -36,  -52,   -3,    0,    0,  -16,    0,  -52,    0,  -25,    0,    0,    0,  -34,  -57,  -48,  -31,  -11,  -23,  -11,    0,  -31,  -16,    0,  -47,    0,    0,    0,    0,    0,  -53,    8,    8,    8,  -16,    0,  -11,   34,    0,    0,    0,    0,    0,  -13,    0,    8,    0,    0,    0,  -20,    0,  -27,    0,    0,    0,    0,  -43,    0,    0,  -16,  -27,    0,    0,    0,    0,    0,    0,    0,  -59,  -70,    0,    0,    0,  -13,
       0,    0,    0,  -25,    0,    0,    0,  -34,    0,  -34,  -38,    0,    0,    0,    0,  -25,    0,    0,    0,    0,    0,    0,    0,    0,    0,  -38,    0,    0,  -59,    0,    0,    0,    0,    0,    0,    0,    0,    0,    0,  -16,    0,    0,    0,    0,   -8,    0,    0,    0,    0,    0,    0,    0,    0,    0,    0,    0,    0,    0,    0,    0,    0,    0,    0,  -25,    0,    0,    0,    0,    0,  -16,    0,    0,    0,    0,  -16,    0,    0,    0,    0,    0,    0,    0,    0,  -16,    0,    0,    0,    0,    0,    0,    0,    0,  -25,  -45,    0,    0,    0,    0,    0,  -57,  -34,    0,    0,    0,   -8,    0,    0,    0,    0,  -25,    0,    0,    0,  -34,    0,    0,    0,    0,    0,    0,    0,    0,    0,    0,    0,    0,    0,
       0,  -50,    0,  -27,    0,    0,  -25,  -40,  -25,  -40,  -57,  -18,    0,    0,    0,  -38,    0,  -25,  -16,    0,  -23,  -38,  -23,    0,  -23,  -55,    0,  -23,  -50,    0,    0,    0,    0,    0,    0,    0,    0,  -16,  -23,  -25,    0,    0,    0,   -8,  -31,    6,  -16,    6,    0,    0,    0,  -43,    0,  -34,  -25,    0,    0,    0,  -34,   -4,  -25,    0,    0,  -27,    0,    0,    0,  -23,  -23,  -25,    0,    0,    0,    0,  -25,  -16,    6,  -23,    0,    0,    0,    0,    0,  -25,    0,    0,    0,  -16,    0,    0,    0,    0,  -20,  -36,    0,    0,  -23,    0,    0,  -48,  -25,    6,    0,    6,  -44,    0,    0,    0,    0,    0,    0,    0,    0,  -40,    0,    0,    0,    0,    0,    0,    0,    0,    0,    0,    0,    0,    0,
       0,    0,    0,    0,    0,    0,    0,    0,    0,    0,    0,    0,  -27,    0,    0,    0,    0,    0,    0,    0,    0,    0,    0,    0,    0,    0,    0,    0,    0,  -38,    0,  -36,  -25,    0,  -43,    0,    0,    0,  -13,    0,    0,    0,    0,    0,    0,    0,    0,  -20,    0,    0,    0,    0,    0,    0,    0,    0,    0,    0,    0,    0,    0,    0,    0,    0,    0,    0,    0,  -13,  -13,    0,    0,    0,    0,    0,    0,    0,  -20,  -13,    0,    0,    0,    0,    0,    0,  -38,  -38,  -38,    0,    0,    0,    0,    0,   20,   20,    0,    0,    0,  -25,  -59,   25,   25,  -20,    0,    0,    0,  -43,  -43,  -50,  -38,    0,    0,    0,    0,    0,  -38,    0,    0,    0,    0,    0,    0,    0,    0,    0,    0,    0,    0,
       0,    0,    0,    0,    0,    0,    0,    0,    0,    0,    0,    0,    0,    0,    0,    0,    0,    0,    0,    0,    0,    0,    0,    0,    0,  -13,    0,    0,    0,  -13,    0,  -16,    0,  -18,  -18,    0,    0,    0,    0,    0,    0,    0,    0,    0,    0,    0,    0,    0,    0,    0,    0,    0,    0,    0,    0,    0,    0,    0,    0,    0,    0,    0,    0,    0,    0,    0,    0,    0,    0,    0,    0,    0,    0,    0,    0,    0,    0,    0,    0,    0,    0,    0,    0,    0,  -13,  -13,  -13,    0,    0,    0,    0,    0,    0,    0,  -18,    0,    0,    0,  -43,    0,    0,    0,    0,    0,    0,  -18,  -18,    0,    0,    0,    0,    0,    0,    0,    0,    0,    0,    0,    0,    0,    0,    0,    0,    0,    0,  -13,    0,
     -33,    0,    0,    0,    0,    0,    0,    0,    0,    0,    0,  -10,  -35,    0,  -11,    0,   -6,   -6,   -9,   -3,    0,    0,    0,  -35,  -18,    0,    0,  -18,    0,  -13,    0,    0,    0,    0,  -13,    0,    0,    0,    0,    0,    0,    0,    0,    0,    0,    0,    0,    0,    0,    0,    0,    0,    0,    0,    0,    0,    0,    0,    0,  -20,    0,    0,    0,    0,    0,    0,    0,    0,    0,    0,    0,    0,    0,    0,    0,    0,    0,    0,    0,    0,    0,    0,    0,    0,  -13,  -13,  -13,    0,    0,    0,    0,    0,    0,    0,    0,  -11,  -18,    0,  -13,    0,    0,    0,  -14,    0,    0,  -13,  -27,    0,  -23,    0,  -54,  -73,    0,    0,  -23,    0,    0,    0,    0,    0,    0,    0,    0,    0,    0,    0,    0,
       0,    0,    0,    0,    0,    0,    0,    0,    0,    0,    0,    0,    0,    0,    0,    0,    0,    0,    0,    0,    0,    0,    0,    0,    0,    0,    0,    0,    0,    0,    0,    0,    0,    0,    0,    0,    0,    0,    0,    0,    0,    0,    0,    0,    0,    0,    0,    0,    0,    0,    0,    0,    0,    0,    0,    0,    0,    0,    0,    0,    0,    0,    0,    0,    0,    0,    0,    0,    0,    0,    0,    0,    0,    0,    0,    0,    0,    0,    0,    0,    0,    0,    0,    0,    0,    0,    0,    0,    0,    0,    0,    0,    0,    0,    0,    0,    0,    0,    0,    0,    0,    0,    0,    0,    0,    0,    0,    0,    0,    0,    0,    0,    0,    0,    0,    0,    0,    0,    0,    9,    0,    0,    0,    0,    0,    0,    0,
       0,    0,    0,    0,    0,    0,    0,    0,    0,    0,    0,    0,    0,    0,    0,    0,    0,    0,    0,    0,    0,    0,    0,    0,    0,    0,    0,    0,    0,    0,    0,    0,    0,    0,    0,    0,    0,    0,    0,    0,    0,    0,    0,    0,    0,    0,    0,    0,    0,    0,    0,    0,    0,    0,    0,    0,    0,    0,    0,    0,    0,   -3,    0,    0,    0,    0,    0,    0,    0,    0,    0,    0,    0,    0,    0,    0,    0,    0,    0,    0,    0,    0,    0,    0,    0,    0,    0,    0,    0,    0,    0,    0,    0,    0,    0,    0,    0,    0,    0,    0,    0,    0,    0,    0,    0,    0,    0,    0,    0,    0,    0,    0,    0,    0,    0,    0,    0,   -6,    0,    0,    0,    0,    0,    0,    0,    0,    0,
       0,    0,    0,    0,    0,    0,    0,    0,    0,    0,    0,    0,    0,    0,    0,    0,    0,    0,    0,    0,    0,    0,    0,    0,    0,    0,    0,    0,    0,    0,    0,    0,    0,    0,    0,    0,    0,    0,    0,    0,    0,    0,    0,    0,    0,    0,    0,    0,    0,    0,    0,    0,    0,    0,    0,    0,    0,    0,    0,    0,    0,    0,    0,    0,    0,    0,    0,    0,    0,    0,    0,    0,    0,    0,    0,    0,    0,    0,    0,    0,    0,    0,    0,    0,    0,    0,    0,    0,    0,    0,    0,    0,    0,    0,    0,    0,    0,    0,    0,    0,    0,    0,    0,    0,    0,    0,    0,    0,    0,    0,    0,    0,    0,    0,    0,    0,  -21,    5,   -3,    0,  -13,    0,    0,    0,    0,    0,    0,
       0,    0,    0,    0,    0,    0,    0,    0,    0,    0,    0,    0,    0,    0,    0,    0,    0,    0,    0,    0,    0,    0,    0,    0,    0,    0,    0,    0,    0,    0,    0,    0,    0,    0,    0,    0,    0,    0,    0,    0,    0,    0,    0,    0,    0,    0,    0,    0,    0,    0,    0,    0,    0,    0,    0,    0,    0,   -9,    0,    0,    0,    0,    0,    0,    0,    0,    0,    0,    0,    0,    0,    0,    0,    0,    0,    0,    0,    0,    0,    0,    0,    0,    0,    0,    0,    0,    0,    0,    0,    0,    0,    0,    0,    0,    0,    0,    0,    0,    0,    0,    0,    0,    0,    0,    0,    0,    0,    0,    0,    0,    0,    0,    0,    0,    0,    0,    0,   -6,    0,    0,    0,    0,    0,    0,    0,    0,    0,
       0,    0,    0,    0,    0,    0,    0,    0,    0,    0,    0,    0,  -36,    0,    0,    0,    0,    0,    0,    0,    0,    0,    0,    0,  -16,    0,    0,  -16,    0,  -50,    0,  -49,  -33,    0,  -59,    0,    0,    0,    0,    0,    0,    0,    0,    0,    0,    0,    0,  -20,    0,    0,    0,    0,    0,    0,    0,    0,    0,    0,    0,    0,    0,    0,    0,    0,    0,    0,    0,    0,    0,    0,    0,    0,    0,    0,    0,    0,  -20,    0,    0,    0,    0,    0,    0,    0,  -50,  -50,  -79,    0,    0,    0,    0,    0,    0,    0,    0,    0,  -16,  -16,  -63,    0,    0,    0,    0,    0,    0,  -59,  -59,    0,    0,    0,    0,    0,    0,    0,    0,    0,    0,    0,    0,    0,    0,    0,  -10,   -6,    0,    0,    0,
       0,    0,    0,    0,    0,    0,    0,    0,    0,    0,    0,    0,    0,    0,    0,    0,    0,    0,    0,    0,    0,    0,    0,    0,    0,    0,    0,    0,    0,    0,    0,    0,    0,    0,    0,    0,    0,    0,    0,    0,    0,    0,    0,    0,    0,    0,    0,    0,    0,    0,    0,    0,    0,    0,    0,    0,    0,    0,    0,    0,    0,    0,    0,    0,    0,    0,    0,    0,    0,    0,    0,    0,    0,    0,    0,    0,    0,    0,    0,    0,    0,    0,    0,    0,    0,    0,    0,    0,    0,    0,    0,    0,    0,    0,    0,    0,    0,    0,    0,    0,    0,    0,    0,    0,    0,    0,    0,    0,    0,    0,    0,    0,    0,    0,    0,    0,    0,    0,    0,    0,    0,   -6,    0,    0,    0,    0,    0,
       0,    0,    0,    0,    0,    0,    0,    0,    0,    0,    0,    0,    0,    0,    0,    0,    0,    0,    0,    0,    0,    0,    0,    0,    0,    0,    0,    0,    0,    0,    0,    0,    0,    0,    0,    0,    0,    0,    0,    0,    0,    0,    0,    0,    0,    0,    0,    0,    0,    0,    0,    0,    0,    0,    0,    0,    0,    0,    0,    0,    0,    0,    0,    0,    0,    0,    0,    0,    0,    0,    0,    0,    0,    0,    0,    0,    0,    0,    0,    0,    0,    0,    0,    0,    0,    0,    0,    0,    0,    0,    0,    0,    0,    0,    0,    0,    0,    0,    0,    0,    0,    0,    0,    0,    0,    0,    0,    0,    0,    0,    0,    0,    0,    0,    0,    0,    0,    0,    0,    0,    0,    0,  -20,    0,    0,    0,    0,
       0,    0,    0,    0,    0,    0,    0,    0,    0,    0,    0,    0,    0,    0,    0,    0,    0,    0,    0,    0,    0,    0,    0,    0,    0,    0,    0,    0,    0,    0,    0,    0,    0,    0,    0,    0,    0,    0,    0,    0,    0,    0,    0,    0,    0,    0,    0,    0,    0,    0,    0,    0,    0,    0,    0,    0,    0,    0,    0,    0,    0,    0,    0,    0,    0,    0,    0,    0,    0,    0,    0,    0,    0,    0,    0,    0,    0,    0,    0,    0,    0,    0,    0,    0,    0,    0,    0,    0,    0,    0,   16,    0,    0,    0,    0,    0,    0,    0,    0,    0,    0,    0,    0,    0,    0,    0,    0,    0,    0,    0,    0,    0,    0,    0,    0,    0,    0,    0,    0,    0,    0,    0,    0,    0,    0,    0,    0,
       0,    0,    0,    0,    0,    0,    0,  -27,    0,  -27,  -16,    0,    0,    0,    0,    0,    0,    0,    0,    0,    0,    0,    0,    0,    0,    0,    0,    0,    0,    0,    0,    0,    0,    0,    0,    0,    0,  -20,    0,    0,    0,    0,    0,    0,    0,    0,    0,    0,    0,    0,    0,    0,    0,    0,    0,    0,    0,    0,    0,    0,    0,    0,    0,    0,    0,    0,    0,    0,    0,    0,    0,    0,    0,    0,    0,    0,    0,    0,    0,    0,    0,    0,    0,    0,    0,    0,    0,    0,    0,    0,    0,    0,    0,    0,    0,    0,    0,    0,    0,    0,    0,    0,    0,    0,    0,    0,    0,    0,    0,    0,    0,    0,    0,  -27,    0,    0,    0,    0,    0,    0,    0,    0,    0,    0,    0,    0,    0,
};

static const EpdFontData inter_ui_12_regular = {
    inter_ui_12_regularBitmaps,
    inter_ui_12_regularGlyphs,
    inter_ui_12_regularIntervals,
    62,
    30,
    25,
    -7,
    false,
    nullptr,
    0,
    nullptr,
    inter_ui_12_regularKernLeftClasses,
    inter_ui_12_regularKernRightClasses,
    inter_ui_12_regularKernMatrix,
    744,
    743,
    133,
    127,
    nullptr,
    0,
};
