/**
 * generated by fontconvert.py
 * name: inter_ui_12_bold
 * size: 12
 * mode: 1-bit
 * Command used: fontconvert.py inter_ui_12_bold 12 ../builtinFonts/source/Inter/Inter-Bold.ttf --additional-intervals 0x0000,0x007F --additional-intervals 0x0080,0x00FF --additional-intervals 0x0100,0x017F --additional-intervals 0x01A0,0x01A1 --additional-intervals 0x01AF,0x01B0 --additional-intervals 0x01C4,0x021F --additional-intervals 0x0300,0x036F --additional-intervals 0x0400,0x04FF --additional-intervals 0x1EA0,0x1EF9 --additional-intervals 0x2010,0x206F --additional-intervals 0x20A0,0x20CF --additional-intervals 0xFB00,0xFB06 --additional-intervals 0xFFFD,0xFFFD
 */
#pragma once
#include "EpdFontData.h"

static const uint8_t inter_ui_12_boldBitmaps[32128] = {
    0x00, 0x00, 0xFF, 0xFF, 0xFF, 0xFF, 0xFF, 0xFF, 0x00, 0x7F, 0xF7, 0xF3, 0xB9, 0xDC, 0xEE, 0x77,
    0x3B, 0x9D, 0xCE, 0x07, 0x1C, 0x07, 0x1C, 0x06, 0x1C, 0x0E, 0x1C, 0x3F, 0xFF, 0x3F, 0xFF, 0x7F,
    0xFF, 0x0E, 0x38, 0x0C, 0x38, 0x1C, 0x38, 0x1C, 0x30, 0x7F, 0xFE, 0xFF, 0xFE, 0x1C, 0x70, 0x18,
    0x70, 0x38, 0x70, 0x38, 0x60, 0x38, 0xE0, 0x01, 0x00, 0x04, 0x00, 0x10, 0x07, 0xF8, 0x3F, 0xF9,
    0xFF, 0xE7, 0x93, 0xDC, 0x4F, 0x71, 0x01, 0xF4, 0x07, 0xF8, 0x0F, 0xFC, 0x0F, 0xF8, 0x07, 0xF0,
    0x13, 0xFC, 0x47, 0xF1, 0x3F, 0xE4, 0xF7, 0xFF, 0xCF, 0xFE, 0x1F, 0xE0, 0x04, 0x00, 0x10, 0x00,
    0x3E, 0x01, 0xC3, 0xF8, 0x1C, 0x39, 0xC0, 0xC1, 0xC6, 0x0E, 0x0E, 0x30, 0xE0, 0x73, 0x86, 0x01,
    0xFC, 0x70, 0x0F, 0xC7, 0x00, 0x00, 0x30, 0x00, 0x03, 0x86, 0x00, 0x38, 0xFC, 0x01, 0x87, 0xF0,
    0x18, 0x73, 0x81, 0xC3, 0x8C, 0x1C, 0x1C, 0x60, 0xC0, 0xE7, 0x0E, 0x03, 0xF8, 0xE0, 0x0F, 0x80,
    0x1F, 0xC0, 0x3F, 0xC0, 0x3F, 0xE0, 0x38, 0xE0, 0x38, 0xE0, 0x38, 0xE0, 0x3F, 0xC0, 0x1F, 0x80,
    0x1F, 0x00, 0x3F, 0x0E, 0x7F, 0x9E, 0xF3, 0xDC, 0xF1, 0xFC, 0xF0, 0xFC, 0xF0, 0x78, 0x7F, 0xFC,
    0x7F, 0xFC, 0x1F, 0xDF, 0xF7, 0x77, 0x77, 0x70, 0x1E, 0x78, 0xE3, 0xC7, 0x8F, 0x1C, 0x78, 0xF1,
    0xE3, 0xC7, 0x8F, 0x1E, 0x3C, 0x78, 0x70, 0xF1, 0xE1, 0xC3, 0xC3, 0xC0, 0xF1, 0xC7, 0x9E, 0x38,
    0xF3, 0xCF, 0x3C, 0x71, 0xC7, 0x1C, 0xF3, 0xCF, 0x3C, 0xE7, 0x9E, 0x73, 0xC0, 0x0C, 0x13, 0x2E,
    0xDB, 0xFF, 0x3F, 0x0F, 0xCF, 0xFD, 0xB6, 0x4C, 0x83, 0x00, 0x07, 0x00, 0x38, 0x01, 0xC0, 0x0E,
    0x00, 0x70, 0x7F, 0xFF, 0xFF, 0xFF, 0xFF, 0x07, 0x00, 0x38, 0x01, 0xC0, 0x0E, 0x00, 0x70, 0x00,
    0x7B, 0xDC, 0xE7, 0x3B, 0x80, 0xFF, 0xFF, 0xFF, 0x7F, 0xF7, 0x03, 0x81, 0xC0, 0xE0, 0xE0, 0x70,
    0x38, 0x3C, 0x1C, 0x0E, 0x07, 0x07, 0x83, 0x81, 0xC0, 0xE0, 0xE0, 0x70, 0x38, 0x3C, 0x1C, 0x0E,
    0x07, 0x07, 0x80, 0x0F, 0xE0, 0x3F, 0xE0, 0xFF, 0xE3, 0xC3, 0xE7, 0x83, 0xDE, 0x07, 0xBC, 0x07,
    0xF8, 0x0F, 0xF0, 0x1F, 0xE0, 0x3F, 0xC0, 0x7F, 0x80, 0xF7, 0x03, 0xCF, 0x07, 0x9F, 0x1F, 0x1F,
    0xFC, 0x1F, 0xF0, 0x1F, 0xC0, 0x1F, 0x3F, 0xFF, 0xFF, 0xCF, 0x8F, 0x0F, 0x0F, 0x0F, 0x0F, 0x0F,
    0x0F, 0x0F, 0x0F, 0x0F, 0x0F, 0x0F, 0x0F, 0x1F, 0xE1, 0xFF, 0x9F, 0xFE, 0xF0, 0xFF, 0x07, 0x80,
    0x3C, 0x01, 0xE0, 0x0E, 0x00, 0xF0, 0x0F, 0x00, 0xF0, 0x0F, 0x01, 0xF0, 0x1F, 0x01, 0xF0, 0x0F,
    0xFF, 0x7F, 0xFB, 0xFF, 0xC0, 0x1F, 0xE0, 0xFF, 0xC7, 0xFF, 0x9E, 0x1E, 0x70, 0x38, 0x00, 0xE0,
    0x07, 0x81, 0xFC, 0x07, 0xC0, 0x1F, 0xC0, 0x07, 0x80, 0x0F, 0x00, 0x3F, 0xC0, 0xFF, 0x87, 0xDF,
    0xFE, 0x3F, 0xF0, 0x7F, 0x80, 0x01, 0xF8, 0x03, 0xF0, 0x0F, 0xE0, 0x3F, 0xC0, 0x77, 0x81, 0xEF,
    0x03, 0x9E, 0x0F, 0x3C, 0x3C, 0x78, 0x70, 0xF1, 0xE1, 0xE7, 0x83, 0xCF, 0xFF, 0xFF, 0xFF, 0xFF,
    0xFF, 0x80, 0x3C, 0x00, 0x78, 0x00, 0xF0, 0x7F, 0xF3, 0xFF, 0x9F, 0xFC, 0xE0, 0x07, 0x00, 0x38,
    0x01, 0xDF, 0x0F, 0xFE, 0x7F, 0xF3, 0x83, 0xC0, 0x1E, 0x00, 0x70, 0x03, 0xF8, 0x3F, 0xE1, 0xEF,
    0xFE, 0x3F, 0xF0, 0xFE, 0x00, 0x0F, 0xE0, 0x7F, 0xC3, 0xFF, 0x9E, 0x1F, 0x78, 0x3D, 0xC0, 0x0F,
    0x3E, 0x3D, 0xFC, 0xFF, 0xFB, 0xE1, 0xFF, 0x83, 0xFC, 0x0F, 0xF0, 0x3D, 0xE0, 0xF7, 0x87, 0xCF,
    0xFE, 0x1F, 0xF0, 0x3F, 0x80, 0xFF, 0xFF, 0xFF, 0xFF, 0xFE, 0x01, 0xE0, 0x0F, 0x00, 0xF0, 0x07,
    0x80, 0x78, 0x03, 0xC0, 0x3C, 0x01, 0xE0, 0x1E, 0x00, 0xF0, 0x0F, 0x00, 0x78, 0x07, 0x80, 0x3C,
    0x03, 0xC0, 0x00, 0x1F, 0xE0, 0xFF, 0xC7, 0xEF, 0x9E, 0x1E, 0x70, 0x39, 0xE0, 0xE7, 0x87, 0x8F,
    0xFC, 0x0F, 0xC0, 0xFF, 0xC7, 0x87, 0xBC, 0x0F, 0xF0, 0x3F, 0xC0, 0xFF, 0x83, 0xDF, 0xFE, 0x3F,
    0xF0, 0x7F, 0x80, 0x1F, 0xE0, 0xFF, 0xC7, 0xFF, 0x9E, 0x1E, 0xF0, 0x3F, 0xC0, 0xFF, 0x03, 0xFC,
    0x0F, 0x78, 0x7D, 0xFF, 0xF3, 0xFB, 0xC3, 0x8F, 0x00, 0x3F, 0xC1, 0xE7, 0x87, 0x9F, 0xFC, 0x3F,
    0xE0, 0x7F, 0x00, 0x7F, 0xF7, 0x00, 0x00, 0x07, 0xFF, 0x70, 0x39, 0xE7, 0xCE, 0x00, 0x00, 0x00,
    0x00, 0x07, 0x9E, 0x71, 0xC7, 0x1C, 0xE0, 0x00, 0x10, 0x0F, 0x03, 0xF0, 0xFF, 0x3F, 0x8F, 0xE0,
    0xF0, 0x0F, 0xC0, 0x7F, 0x01, 0xFE, 0x07, 0xF0, 0x1F, 0x00, 0x30, 0x01, 0xFF, 0xFF, 0xFF, 0xFF,
    0xFE, 0x00, 0x00, 0x00, 0x00, 0x03, 0xFF, 0xFF, 0xFF, 0xFF, 0xF8, 0xC0, 0x07, 0xC0, 0x3F, 0x80,
    0xFF, 0x00, 0xFE, 0x01, 0xFC, 0x01, 0xE0, 0x3F, 0x07, 0xF1, 0xFE, 0x3F, 0xC1, 0xF8, 0x0E, 0x00,
    0x40, 0x00, 0x3F, 0xC7, 0xFE, 0xFF, 0xEF, 0x0F, 0xF0, 0xF0, 0x0F, 0x01, 0xE0, 0x3E, 0x07, 0xC0,
    0xF0, 0x0E, 0x00, 0xE0, 0x00, 0x00, 0x00, 0x0E, 0x01, 0xE0, 0x1F, 0x00, 0xE0, 0x00, 0xFF, 0x00,
    0x0F, 0xFF, 0x80, 0x3F, 0xFF, 0xC0, 0xF8, 0x07, 0xC3, 0xC0, 0x03, 0xCF, 0x02, 0x03, 0x9C, 0x3F,
    0x67, 0xB8, 0xFF, 0xC7, 0xF1, 0xE7, 0x8F, 0xC7, 0x07, 0x1F, 0x8E, 0x0E, 0x3F, 0x1C, 0x1C, 0x7E,
    0x38, 0x38, 0xFC, 0x70, 0x71, 0xFC, 0xF1, 0xE3, 0xB8, 0xFF, 0xFE, 0x70, 0xFD, 0xF8, 0xF0, 0x70,
    0xE0, 0xF0, 0x00, 0x00, 0xF8, 0x02, 0x00, 0xFF, 0xF8, 0x00, 0xFF, 0xF8, 0x00, 0x7F, 0xE0, 0x00,
    0x03, 0xE0, 0x03, 0xF0, 0x01, 0xFC, 0x00, 0xFE, 0x00, 0xF7, 0x00, 0x7B, 0xC0, 0x39, 0xE0, 0x3C,
    0xF0, 0x1E, 0x3C, 0x1E, 0x1E, 0x0F, 0x0F, 0x07, 0xFF, 0xC7, 0xFF, 0xE3, 0xFF, 0xF1, 0xE0, 0x3D,
    0xF0, 0x1E, 0xF0, 0x0F, 0xF8, 0x03, 0xC0, 0xFF, 0xC3, 0xFF, 0xCF, 0xFF, 0x38, 0x3E, 0xE0, 0x7B,
    0x81, 0xEE, 0x07, 0x3F, 0xF8, 0xFF, 0xC3, 0xFF, 0xCE, 0x07, 0xB8, 0x1E, 0xE0, 0x3F, 0x80, 0xFE,
    0x07, 0xBF, 0xFE, 0xFF, 0xF3, 0xFF, 0x00, 0x07, 0xF8, 0x1F, 0xFC, 0x3F, 0xFE, 0x7C, 0x1F, 0x78,
    0x0F, 0x78, 0x07, 0xF0, 0x00, 0xF0, 0x00, 0xF0, 0x00, 0xF0, 0x00, 0xF0, 0x00, 0xF0, 0x00, 0x78,
    0x0F, 0x78, 0x0F, 0x3E, 0x1F, 0x3F, 0xFE, 0x1F, 0xFC, 0x07, 0xF0, 0xFF, 0xC1, 0xFF, 0xE3, 0xFF,
    0xE7, 0x07, 0xEE, 0x03, 0xDC, 0x03, 0xB8, 0x07, 0xF0, 0x0F, 0xE0, 0x1F, 0xC0, 0x3F, 0x80, 0x7F,
    0x00, 0xFE, 0x03, 0xDC, 0x07, 0xB8, 0x3E, 0x7F, 0xFC, 0xFF, 0xE1, 0xFF, 0x00, 0xFF, 0xFF, 0xFF,
    0xFF, 0xFE, 0x00, 0xE0, 0x0E, 0x00, 0xE0, 0x0F, 0xFE, 0xFF, 0xEF, 0xFE, 0xE0, 0x0E, 0x00, 0xE0,
    0x0E, 0x00, 0xE0, 0x0F, 0xFF, 0xFF, 0xFF, 0xFF, 0xFF, 0xFF, 0xFF, 0xFF, 0xFE, 0x00, 0xE0, 0x0E,
    0x00, 0xE0, 0x0E, 0x00, 0xFF, 0xEF, 0xFE, 0xFF, 0xEE, 0x00, 0xE0, 0x0E, 0x00, 0xE0, 0x0E, 0x00,
    0xE0, 0x0E, 0x00, 0x07, 0xF8, 0x0F, 0xFE, 0x0F, 0xFF, 0x8F, 0x83, 0xE7, 0x80, 0xF3, 0xC0, 0x3B,
    0xC0, 0x01, 0xE0, 0x00, 0xF0, 0x7F, 0xF8, 0x3F, 0xFC, 0x1F, 0xFE, 0x00, 0xE7, 0x80, 0x73, 0xC0,
    0x78, 0xF8, 0x7C, 0x7F, 0xFC, 0x1F, 0xFC, 0x03, 0xF8, 0x00, 0xE0, 0x1F, 0xC0, 0x3F, 0x80, 0x7F,
    0x00, 0xFE, 0x01, 0xFC, 0x03, 0xF8, 0x07, 0xFF, 0xFF, 0xFF, 0xFF, 0xFF, 0xFF, 0x80, 0x7F, 0x00,
    0xFE, 0x01, 0xFC, 0x03, 0xF8, 0x07, 0xF0, 0x0F, 0xE0, 0x1F, 0xC0, 0x3C, 0xFF, 0xFF, 0xFF, 0xFF,
    0xFF, 0xFF, 0xFC, 0x00, 0xF0, 0x0F, 0x00, 0xF0, 0x0F, 0x00, 0xF0, 0x0F, 0x00, 0xF0, 0x0F, 0x00,
    0xF0, 0x0F, 0x00, 0xFF, 0x0F, 0xF0, 0xFF, 0x0F, 0xF0, 0xFF, 0xFE, 0x7F, 0xE1, 0xF8, 0xE0, 0x3F,
    0xC0, 0xFB, 0x83, 0xE7, 0x0F, 0x8E, 0x1E, 0x1C, 0x78, 0x39, 0xE0, 0x77, 0xC0, 0xEF, 0x81, 0xFF,
    0x83, 0xEF, 0x07, 0xCF, 0x0F, 0x1F, 0x1C, 0x1E, 0x38, 0x1E, 0x70, 0x3E, 0xE0, 0x3D, 0xC0, 0x3C,
    0xE0, 0x1C, 0x03, 0x80, 0x70, 0x0E, 0x01, 0xC0, 0x38, 0x07, 0x00, 0xE0, 0x1C, 0x03, 0x80, 0x70,
    0x0E, 0x01, 0xC0, 0x38, 0x07, 0xFF, 0xFF, 0xFF, 0xFC, 0xFC, 0x03, 0xFF, 0xC0, 0x7F, 0xFC, 0x07,
    0xFF, 0xE0, 0x7F, 0xEE, 0x0F, 0xFE, 0xE0, 0xEF, 0xEF, 0x0E, 0xFE, 0xF1, 0xEF, 0xE7, 0x1E, 0xFE,
    0x79, 0xCF, 0xE7, 0xBC, 0xFE, 0x3B, 0xCF, 0xE3, 0xB8, 0xFE, 0x3F, 0x8F, 0xE1, 0xF0, 0xFE, 0x1F,
    0x0F, 0xE0, 0xF0, 0xFE, 0x0E, 0x0F, 0xF0, 0x0F, 0xF0, 0x1F, 0xE0, 0x3F, 0xE0, 0x7F, 0xE0, 0xFD,
    0xC1, 0xFB, 0xC3, 0xF3, 0xC7, 0xE7, 0x8F, 0xC7, 0x9F, 0x87, 0x3F, 0x0F, 0x7E, 0x0E, 0xFC, 0x1F,
    0xF8, 0x1F, 0xF0, 0x1F, 0xE0, 0x3F, 0xC0, 0x3C, 0x07, 0xF8, 0x0F, 0xFE, 0x0F, 0xFF, 0x8F, 0x83,
    0xE7, 0x80, 0xF3, 0xC0, 0x3F, 0xC0, 0x1F, 0xE0, 0x0F, 0xF0, 0x07, 0xF8, 0x03, 0xFC, 0x01, 0xFE,
    0x00, 0xF7, 0x80, 0x7B, 0xC0, 0x78, 0xF8, 0x7C, 0x7F, 0xFC, 0x1F, 0xFC, 0x03, 0xF8, 0x00, 0xFF,
    0xC7, 0xFF, 0xBF, 0xFD, 0xC1, 0xFE, 0x07, 0xF0, 0x3F, 0x81, 0xFC, 0x0F, 0xE0, 0xFF, 0xFF, 0xBF,
    0xF9, 0xFF, 0x8E, 0x00, 0x70, 0x03, 0x80, 0x1C, 0x00, 0xE0, 0x07, 0x00, 0x00, 0x07, 0xF8, 0x0F,
    0xFE, 0x0F, 0xFF, 0x8F, 0x83, 0xE7, 0x80, 0xF3, 0xC0, 0x3F, 0xC0, 0x1F, 0xE0, 0x0F, 0xF0, 0x07,
    0xF8, 0x03, 0xFC, 0x01, 0xFE, 0x20, 0xF7, 0x8E, 0x7B, 0xC3, 0xF8, 0xF8, 0xFC, 0x7F, 0xFC, 0x1F,
    0xFE, 0x03, 0xFF, 0x00, 0x01, 0xC0, 0x00, 0xF0, 0xFF, 0xC3, 0xFF, 0xCF, 0xFF, 0x38, 0x3E, 0xE0,
    0x7B, 0x81, 0xEE, 0x07, 0xB8, 0x1E, 0xFF, 0xFB, 0xFF, 0xCF, 0xFE, 0x3F, 0xF0, 0xE1, 0xE3, 0x87,
    0x8E, 0x0F, 0x38, 0x3E, 0xE0, 0x7B, 0x81, 0xF0, 0x1F, 0xE0, 0xFF, 0xE7, 0xFF, 0x9E, 0x0F, 0x70,
    0x3D, 0xC0, 0x07, 0xC0, 0x1F, 0xE0, 0x3F, 0xF0, 0x3F, 0xE0, 0x1F, 0xC0, 0x0F, 0xF0, 0x1F, 0xC0,
    0xFF, 0x83, 0xDF, 0xFF, 0x3F, 0xF8, 0x7F, 0x80, 0xFF, 0xFF, 0xFF, 0xFF, 0xFF, 0xF8, 0x3C, 0x00,
    0x78, 0x00, 0xF0, 0x01, 0xE0, 0x03, 0xC0, 0x07, 0x80, 0x0F, 0x00, 0x1E, 0x00, 0x3C, 0x00, 0x78,
    0x00, 0xF0, 0x01, 0xE0, 0x03, 0xC0, 0x07, 0x80, 0x0F, 0x00, 0xE0, 0x1F, 0xC0, 0x3F, 0x80, 0x7F,
    0x00, 0xFE, 0x01, 0xFC, 0x03, 0xF8, 0x07, 0xF0, 0x0F, 0xE0, 0x1F, 0xC0, 0x3F, 0x80, 0x7F, 0x00,
    0xFF, 0x01, 0xFE, 0x07, 0xBE, 0x1F, 0x3F, 0xFC, 0x3F, 0xF8, 0x3F, 0xC0, 0xF0, 0x07, 0xF8, 0x07,
    0xDE, 0x03, 0xCF, 0x01, 0xE7, 0x81, 0xE1, 0xE0, 0xF0, 0xF0, 0x78, 0x78, 0x78, 0x1E, 0x3C, 0x0F,
    0x1E, 0x07, 0x8E, 0x01, 0xEF, 0x00, 0xF7, 0x80, 0x7B, 0x80, 0x1D, 0xC0, 0x0F, 0xE0, 0x07, 0xE0,
    0x01, 0xF0, 0x00, 0xF0, 0x3C, 0x0F, 0xF0, 0x3C, 0x0F, 0xF0, 0x7E, 0x0F, 0x78, 0x7E, 0x1E, 0x78,
    0x7E, 0x1E, 0x78, 0x7E, 0x1E, 0x78, 0xFF, 0x1E, 0x38, 0xEF, 0x3C, 0x3C, 0xE7, 0x3C, 0x3C, 0xE7,
    0x3C, 0x3D, 0xE7, 0x38, 0x1D, 0xC3, 0xB8, 0x1D, 0xC3, 0xF8, 0x1F, 0xC3, 0xF8, 0x0F, 0xC3, 0xF0,
    0x0F, 0x81, 0xF0, 0x0F, 0x81, 0xF0, 0x0F, 0x81, 0xF0, 0xF8, 0x0F, 0x3E, 0x0F, 0x0F, 0x0F, 0x83,
    0xC7, 0x81, 0xE7, 0x80, 0x7B, 0x80, 0x1F, 0xC0, 0x0F, 0xC0, 0x03, 0xC0, 0x01, 0xF0, 0x01, 0xFC,
    0x01, 0xFE, 0x01, 0xF7, 0x80, 0xF3, 0xE0, 0xF0, 0xF0, 0xF8, 0x3C, 0x78, 0x1F, 0x78, 0x07, 0xC0,
    0xF0, 0x0F, 0xBC, 0x0F, 0x9E, 0x07, 0x87, 0x87, 0xC3, 0xE3, 0xC0, 0xF3, 0xC0, 0x3D, 0xE0, 0x1F,
    0xE0, 0x07, 0xF0, 0x03, 0xF0, 0x00, 0xF0, 0x00, 0x78, 0x00, 0x3C, 0x00, 0x1E, 0x00, 0x0F, 0x00,
    0x07, 0x80, 0x03, 0xC0, 0x01, 0xE0, 0x00, 0xFF, 0xFF, 0xFF, 0xFF, 0xFF, 0xC0, 0x1E, 0x00, 0xF0,
    0x03, 0xC0, 0x1E, 0x00, 0xF0, 0x03, 0xC0, 0x1E, 0x00, 0xF0, 0x07, 0xC0, 0x1E, 0x00, 0xF0, 0x07,
    0x80, 0x1F, 0xFF, 0xFF, 0xFF, 0xFF, 0xF0, 0xFF, 0xFF, 0x3C, 0xF3, 0xCF, 0x3C, 0xF3, 0xCF, 0x3C,
    0xF3, 0xCF, 0x3C, 0xF3, 0xCF, 0x3C, 0xFF, 0xF0, 0xF0, 0x38, 0x1C, 0x0E, 0x03, 0x81, 0xC0, 0xE0,
    0x78, 0x1C, 0x0E, 0x07, 0x03, 0xC0, 0xE0, 0x70, 0x38, 0x0E, 0x07, 0x03, 0x81, 0xC0, 0x70, 0x38,
    0x1C, 0xFF, 0xF1, 0xC7, 0x1C, 0x71, 0xC7, 0x1C, 0x71, 0xC7, 0x1C, 0x71, 0xC7, 0x1C, 0x71, 0xC7,
    0xFF, 0xF0, 0x1E, 0x07, 0x83, 0xF0, 0xFC, 0x33, 0x9C, 0xE6, 0x1F, 0x87, 0xFF, 0xFF, 0xFF, 0xFF,
    0xF0, 0xF3, 0x8E, 0x70, 0x0F, 0x03, 0xFC, 0x7F, 0xEF, 0x0F, 0x00, 0xF0, 0x0F, 0x1F, 0xF7, 0xFF,
    0xF8, 0xFE, 0x0F, 0xE0, 0xFF, 0x3F, 0xFF, 0xF7, 0xEF, 0xE0, 0x07, 0x00, 0x38, 0x01, 0xC0, 0x0E,
    0x78, 0x77, 0xF3, 0xFF, 0xDF, 0x3E, 0xF0, 0xF7, 0x03, 0xF8, 0x1F, 0xC0, 0xFE, 0x07, 0xF8, 0x3F,
    0xC3, 0xDF, 0xFE, 0xEF, 0xE7, 0x3E, 0x00, 0x0F, 0x81, 0xFF, 0x1F, 0xFC, 0xF1, 0xEF, 0x07, 0xF8,
    0x03, 0xC0, 0x1E, 0x00, 0xF0, 0x07, 0x83, 0x9E, 0x1E, 0xFF, 0xE3, 0xFE, 0x0F, 0xE0, 0x00, 0x38,
    0x01, 0xC0, 0x0E, 0x00, 0x70, 0xE3, 0x9F, 0xDD, 0xFE, 0xEF, 0x1F, 0xF0, 0x7F, 0x83, 0xFC, 0x0F,
    0xE0, 0x7F, 0x07, 0xF8, 0x3F, 0xE1, 0xEF, 0xFF, 0x3F, 0xB8, 0xF9, 0xC0, 0x0F, 0x01, 0xFF, 0x1F,
    0xFC, 0xF1, 0xEF, 0x07, 0xF8, 0x3F, 0xFF, 0xFF, 0xFF, 0xF0, 0x07, 0x80, 0x1C, 0x1E, 0xFF, 0xE3,
    0xFF, 0x0F, 0xE0, 0x07, 0xC7, 0xE1, 0xF8, 0x78, 0x1C, 0x3F, 0xEF, 0xFB, 0xFE, 0x1C, 0x07, 0x01,
    0xC0, 0x70, 0x1C, 0x07, 0x01, 0xC0, 0x70, 0x1C, 0x07, 0x01, 0xC0, 0x0E, 0x39, 0xFD, 0xDF, 0xEE,
    0xF1, 0xFF, 0x07, 0xF8, 0x3F, 0xC0, 0xFE, 0x07, 0xF0, 0x7F, 0x83, 0xDE, 0x3E, 0xFF, 0xF3, 0xFB,
    0x87, 0x1C, 0x00, 0xE6, 0x0F, 0xF8, 0xFB, 0xFF, 0x87, 0xF8, 0xE0, 0x0E, 0x00, 0xE0, 0x0E, 0x00,
    0xE3, 0x8E, 0xFE, 0xFF, 0xEF, 0x9F, 0xF0, 0xFE, 0x0F, 0xE0, 0xFE, 0x0F, 0xE0, 0xFE, 0x0F, 0xE0,
    0xFE, 0x0F, 0xE0, 0xFE, 0x0F, 0x7F, 0x72, 0x07, 0x77, 0x77, 0x77, 0x77, 0x77, 0x77, 0x70, 0x1C,
    0xF1, 0xC2, 0x00, 0x71, 0xC7, 0x1C, 0x71, 0xC7, 0x1C, 0x71, 0xC7, 0x1C, 0x71, 0xC7, 0x3F, 0xFF,
    0xBC, 0xE0, 0x0E, 0x00, 0xE0, 0x0E, 0x00, 0xE0, 0xFE, 0x1E, 0xE3, 0xCE, 0x78, 0xEF, 0x8E, 0xF0,
    0xFE, 0x0F, 0xF0, 0xFF, 0x8E, 0x78, 0xE3, 0xCE, 0x3E, 0xE1, 0xEE, 0x0F, 0xFF, 0xFF, 0xFF, 0xFF,
    0xFF, 0xFF, 0xFC, 0xE7, 0x87, 0x9D, 0xF9, 0xFB, 0xFF, 0x7F, 0xF8, 0xF8, 0xFE, 0x1E, 0x1F, 0xC1,
    0xC1, 0xF8, 0x38, 0x3F, 0x07, 0x07, 0xE0, 0xE0, 0xFC, 0x1C, 0x1F, 0x83, 0x83, 0xF0, 0x70, 0x7E,
    0x0E, 0x0F, 0xC1, 0xC1, 0xC0, 0xE3, 0x8E, 0xFE, 0xFF, 0xEF, 0x9F, 0xF0, 0xFE, 0x0F, 0xE0, 0xFE,
    0x0F, 0xE0, 0xFE, 0x0F, 0xE0, 0xFE, 0x0F, 0xE0, 0xFE, 0x0F, 0x0F, 0x81, 0xFF, 0x1F, 0xFC, 0xF1,
    0xFF, 0x07, 0xF8, 0x3F, 0xC0, 0xFE, 0x07, 0xF0, 0x7F, 0x83, 0xDE, 0x1E, 0xFF, 0xE3, 0xFE, 0x0F,
    0xE0, 0xE7, 0x87, 0x7F, 0x3F, 0xFD, 0xF3, 0xEF, 0x0F, 0x70, 0x3F, 0x81, 0xFC, 0x0F, 0xE0, 0x7F,
    0x83, 0xFC, 0x3D, 0xFF, 0xEE, 0xFE, 0x73, 0xE3, 0x80, 0x1C, 0x00, 0xE0, 0x07, 0x00, 0x38, 0x00,
    0x0E, 0x39, 0xFD, 0xDF, 0xEE, 0xF1, 0xFF, 0x07, 0xF8, 0x3F, 0xC0, 0xFE, 0x07, 0xF0, 0x7F, 0x83,
    0xFE, 0x1E, 0xFF, 0xF3, 0xFB, 0x8F, 0x9C, 0x00, 0xE0, 0x07, 0x00, 0x38, 0x01, 0xC0, 0x0E, 0xE7,
    0xEF, 0xFF, 0xFD, 0xF0, 0xE0, 0xE0, 0xE0, 0xE0, 0xE0, 0xE0, 0xE0, 0xE0, 0xE0, 0x0F, 0x03, 0xFC,
    0x7F, 0xEF, 0x0F, 0xF0, 0x0F, 0x80, 0x7F, 0xC3, 0xFE, 0x07, 0xF0, 0x0F, 0xF0, 0xFF, 0xFF, 0x7F,
    0xE3, 0xFC, 0x3C, 0x1E, 0x0F, 0x1F, 0xEF, 0xF7, 0xF8, 0xF0, 0x78, 0x3C, 0x1E, 0x0F, 0x07, 0x83,
    0xC1, 0xE0, 0xFC, 0x3E, 0x0F, 0x80, 0xE0, 0xFE, 0x0F, 0xE0, 0xFE, 0x0F, 0xE0, 0xFE, 0x0F, 0xE0,
    0xFE, 0x0F, 0xE0, 0xFE, 0x0F, 0xF1, 0xFF, 0xF7, 0x7F, 0x73, 0xE7, 0xF0, 0x1E, 0xF0, 0x79, 0xE0,
    0xF1, 0xC1, 0xC3, 0xC7, 0x87, 0x8F, 0x07, 0x1C, 0x0F, 0x78, 0x1E, 0xF0, 0x1D, 0xC0, 0x3B, 0x80,
    0x7F, 0x00, 0x7C, 0x00, 0xF8, 0x00, 0xF0, 0x70, 0x7B, 0x83, 0xC3, 0xDE, 0x3E, 0x3C, 0xF1, 0xF1,
    0xE3, 0x8F, 0x8F, 0x1C, 0x6E, 0x70, 0xF7, 0x73, 0x87, 0xBB, 0xBC, 0x1D, 0xCD, 0xC0, 0xEC, 0x6E,
    0x07, 0x63, 0xF0, 0x1F, 0x1F, 0x80, 0xF8, 0x78, 0x07, 0x83, 0xC0, 0xF0, 0x7F, 0x87, 0x9E, 0x38,
    0x7B, 0xC3, 0xDC, 0x0F, 0xE0, 0x3E, 0x01, 0xF0, 0x1F, 0xC1, 0xEE, 0x0E, 0x78, 0xF1, 0xCF, 0x0F,
    0x78, 0x3C, 0xF0, 0x1E, 0xF0, 0x79, 0xE0, 0xF1, 0xC1, 0xC3, 0xC7, 0x87, 0x8F, 0x07, 0x1C, 0x0F,
    0x78, 0x1E, 0xF0, 0x1D, 0xC0, 0x3B, 0x80, 0x3E, 0x00, 0x7C, 0x00, 0xF8, 0x01, 0xE0, 0x03, 0xC0,
    0x3F, 0x00, 0x7E, 0x01, 0xF8, 0x00, 0x7F, 0xF7, 0xFF, 0x7F, 0xF0, 0x1E, 0x03, 0xC0, 0x7C, 0x07,
    0x80, 0xF0, 0x1E, 0x03, 0xC0, 0x7C, 0x07, 0xFF, 0xFF, 0xFF, 0xFF, 0x0F, 0x1F, 0x1F, 0x3C, 0x3C,
    0x3C, 0x3C, 0x3C, 0x3C, 0xF8, 0xF0, 0xF0, 0xF8, 0x3C, 0x3C, 0x3C, 0x3C, 0x3C, 0x3C, 0x1E, 0x1F,
    0x0F, 0xFF, 0xFF, 0xFF, 0xFF, 0xFF, 0xFF, 0xFF, 0xFF, 0xFF, 0xFF, 0xFF, 0xC0, 0xF0, 0x7E, 0x1F,
    0x03, 0x81, 0xC0, 0xE0, 0x70, 0x38, 0x1E, 0x0F, 0xC1, 0xE0, 0xF1, 0xF8, 0xF0, 0x70, 0x38, 0x1C,
    0x0E, 0x07, 0x0F, 0x8F, 0xC7, 0xC0, 0x3C, 0x3B, 0xF1, 0xFF, 0xFF, 0xCF, 0xEE, 0x1F, 0x00, 0x00,
    0x7F, 0xF7, 0x00, 0x7F, 0xFF, 0xFF, 0xFF, 0xFF, 0xFF, 0x02, 0x00, 0x10, 0x03, 0xF0, 0x7F, 0xC7,
    0xFF, 0x3D, 0x3B, 0xC9, 0xFE, 0x40, 0xF2, 0x07, 0x90, 0x3C, 0x81, 0xE4, 0xF7, 0xAF, 0x3F, 0xF8,
    0xFF, 0x81, 0xF0, 0x02, 0x00, 0x10, 0x00, 0x0F, 0xE0, 0x7F, 0xC3, 0xFF, 0x8F, 0x0F, 0x38, 0x38,
    0xE0, 0x03, 0x80, 0x0E, 0x00, 0xFF, 0xC3, 0xFF, 0x03, 0xC0, 0x0F, 0x00, 0x3C, 0x00, 0xE0, 0x07,
    0x83, 0xFF, 0xFF, 0xFF, 0xFB, 0xFF, 0xC0, 0xC7, 0xC7, 0xFF, 0xFD, 0xF1, 0xF3, 0x80, 0xE6, 0x00,
    0xDC, 0x01, 0xF0, 0x01, 0xE0, 0x03, 0xC0, 0x07, 0xC0, 0x1D, 0x80, 0x33, 0x80, 0xE7, 0x83, 0xDF,
    0xFF, 0xD3, 0xF9, 0x80, 0xF0, 0x3D, 0xE1, 0xE3, 0x87, 0x8F, 0x1C, 0x1C, 0xF0, 0x7B, 0x81, 0xFE,
    0x03, 0xF0, 0x0F, 0xC1, 0xFF, 0xE7, 0xFF, 0x81, 0xE0, 0x7F, 0xF9, 0xFF, 0xE0, 0x78, 0x01, 0xE0,
    0x07, 0x80, 0x1E, 0x00, 0xFF, 0xFF, 0xFF, 0x00, 0x01, 0xFF, 0xFF, 0xFE, 0x1F, 0x83, 0xFC, 0x7F,
    0xE7, 0x0E, 0x70, 0x07, 0x80, 0x3F, 0x01, 0xFC, 0x77, 0xEE, 0x1F, 0xE0, 0x7F, 0x07, 0x7C, 0x73,
    0xFC, 0x0F, 0xC0, 0x3E, 0x00, 0xE7, 0x0E, 0x79, 0xE7, 0xFE, 0x3F, 0xC0, 0xF0, 0x63, 0xF9, 0xFC,
    0xE0, 0x07, 0xFC, 0x01, 0xFF, 0xC0, 0x7E, 0xFC, 0x1E, 0x03, 0xC7, 0x9F, 0x3C, 0xE7, 0xF3, 0xB9,
    0xEF, 0x77, 0x30, 0x67, 0xEE, 0x00, 0xFD, 0xC0, 0x1F, 0x9C, 0x73, 0xF3, 0xFE, 0xE7, 0x3F, 0x9C,
    0xF3, 0xE7, 0x8F, 0x01, 0xE0, 0xFF, 0xF8, 0x0F, 0xFE, 0x00, 0x7F, 0x00, 0x08, 0x3F, 0xBF, 0xEC,
    0x70, 0x3B, 0xFF, 0xEF, 0xC7, 0xE3, 0xFE, 0xDE, 0x60, 0x0F, 0xBE, 0x3C, 0xF0, 0x7B, 0xC1, 0xEF,
    0x07, 0x9E, 0x1E, 0x78, 0x1E, 0x78, 0x1E, 0x70, 0x1E, 0xF0, 0x3C, 0xF0, 0x3E, 0xF8, 0xFF, 0xFF,
    0xFF, 0xFF, 0x80, 0x70, 0x0E, 0x01, 0xC0, 0x38, 0x0F, 0xE0, 0xFB, 0xC3, 0x03, 0x99, 0xE7, 0xE7,
    0xCF, 0x13, 0x3C, 0x4C, 0x71, 0xE3, 0xC4, 0xCD, 0x93, 0x37, 0x01, 0x8E, 0x1C, 0x1F, 0xE0, 0x1E,
    0x00, 0xFF, 0xFC, 0x3E, 0x3F, 0x9C, 0xFC, 0x3E, 0x3B, 0x9D, 0xFC, 0x7C, 0x07, 0x00, 0x38, 0x01,
    0xC1, 0xFF, 0xFF, 0xFF, 0xFF, 0xFC, 0x1C, 0x00, 0xE0, 0x07, 0x00, 0x00, 0x3F, 0xFF, 0xFF, 0xFF,
    0xFF, 0x80, 0x3E, 0x3F, 0xF8, 0xE0, 0x70, 0x78, 0x78, 0x70, 0xF0, 0xFF, 0xFF, 0xC0, 0x3F, 0x1F,
    0xEE, 0x38, 0x0E, 0x1F, 0x07, 0xE0, 0x3F, 0x8F, 0x7F, 0x8F, 0xC0, 0x7B, 0x99, 0xC0, 0xE0, 0xF3,
    0x83, 0xCE, 0x0F, 0x38, 0x3C, 0xE0, 0xF3, 0x83, 0xCE, 0x0F, 0x38, 0x3C, 0xE0, 0xF3, 0x83, 0xCF,
    0x0F, 0x3F, 0xFF, 0xFF, 0x7F, 0xB8, 0xFE, 0x00, 0x38, 0x00, 0xE0, 0x03, 0x80, 0x0E, 0x00, 0x00,
    0x1F, 0xF7, 0xFF, 0x7F, 0xFF, 0xE7, 0xFE, 0x7F, 0xE7, 0xFE, 0x7F, 0xE7, 0x7E, 0x77, 0xE7, 0x1E,
    0x70, 0x07, 0x00, 0x70, 0x07, 0x00, 0x70, 0x07, 0x00, 0x70, 0x07, 0x7F, 0xF7, 0x42, 0x3C, 0x73,
    0x78, 0x3F, 0xFF, 0xE7, 0x1C, 0x71, 0xC7, 0x1C, 0x70, 0x04, 0x0F, 0xE7, 0xFB, 0x87, 0xE1, 0xF8,
    0x7E, 0x1F, 0x87, 0xF3, 0xDF, 0xE1, 0xF0, 0xF3, 0xC1, 0xE7, 0x83, 0xCF, 0x07, 0x9E, 0x0F, 0x3C,
    0x1E, 0xF0, 0xF3, 0xC7, 0x9E, 0x3C, 0xF1, 0xE7, 0x8F, 0x3C, 0x00, 0x78, 0x03, 0x9F, 0x00, 0xC2,
    0xE0, 0x38, 0x5C, 0x06, 0x03, 0x81, 0x80, 0x70, 0x70, 0x0E, 0x1C, 0x01, 0xC3, 0x00, 0x38, 0xE1,
    0xC7, 0x38, 0x78, 0x06, 0x0F, 0x01, 0xC3, 0x60, 0x70, 0xEC, 0x0C, 0x19, 0x83, 0x87, 0x30, 0xE0,
    0xFF, 0x18, 0x1F, 0xE6, 0x00, 0x18, 0x78, 0x03, 0x8F, 0x80, 0x60, 0xB8, 0x0E, 0x0B, 0x80, 0xC0,
    0x38, 0x18, 0x03, 0x83, 0x80, 0x38, 0x70, 0x03, 0x86, 0x00, 0x38, 0xE3, 0xE3, 0x9C, 0x7F, 0x01,
    0x86, 0x70, 0x38, 0x07, 0x07, 0x00, 0x60, 0x60, 0x0E, 0x0E, 0x01, 0xC1, 0xC0, 0x38, 0x18, 0x07,
    0xF3, 0x00, 0x7F, 0x7C, 0x01, 0xC7, 0xF0, 0x0C, 0x39, 0x80, 0xE0, 0x0C, 0x0E, 0x01, 0xC0, 0x60,
    0x0F, 0x07, 0x00, 0x1C, 0x70, 0x1C, 0xE3, 0x00, 0xFE, 0x38, 0x73, 0xE3, 0x87, 0x80, 0x18, 0x7C,
    0x01, 0x83, 0x60, 0x1C, 0x3B, 0x00, 0xC1, 0x98, 0x0C, 0x18, 0xC0, 0xE0, 0xFF, 0x0E, 0x07, 0xF8,
    0xE0, 0x01, 0x80, 0x07, 0x00, 0xF8, 0x0F, 0x80, 0x70, 0x00, 0x00, 0x00, 0x07, 0x00, 0x70, 0x0F,
    0x01, 0xF0, 0x3E, 0x07, 0x80, 0xF0, 0x0F, 0x00, 0xF0, 0xFF, 0x9F, 0x7F, 0xE3, 0xFC, 0x0F, 0x00,
    0x07, 0x00, 0x01, 0xC0, 0x00, 0xE0, 0x00, 0x38, 0x00, 0x00, 0x00, 0x00, 0x00, 0x0F, 0x80, 0x0F,
    0xC0, 0x07, 0xF0, 0x03, 0xF8, 0x03, 0xDC, 0x01, 0xEF, 0x00, 0xE7, 0x80, 0xF3, 0xC0, 0x78, 0xF0,
    0x78, 0x78, 0x3C, 0x3C, 0x1F, 0xFF, 0x1F, 0xFF, 0x8F, 0xFF, 0xC7, 0x80, 0xF7, 0xC0, 0x7B, 0xC0,
    0x3F, 0xE0, 0x0F, 0x00, 0xF0, 0x00, 0x70, 0x00, 0x70, 0x00, 0x38, 0x00, 0x00, 0x00, 0x00, 0x00,
    0x0F, 0x80, 0x0F, 0xC0, 0x07, 0xF0, 0x03, 0xF8, 0x03, 0xDC, 0x01, 0xEF, 0x00, 0xE7, 0x80, 0xF3,
    0xC0, 0x78, 0xF0, 0x78, 0x78, 0x3C, 0x3C, 0x1F, 0xFF, 0x1F, 0xFF, 0x8F, 0xFF, 0xC7, 0x80, 0xF7,
    0xC0, 0x7B, 0xC0, 0x3F, 0xE0, 0x0F, 0x03, 0xC0, 0x03, 0xF0, 0x03, 0x9C, 0x03, 0xC7, 0x00, 0x00,
    0x00, 0x00, 0x00, 0x0F, 0x80, 0x0F, 0xC0, 0x07, 0xF0, 0x03, 0xF8, 0x03, 0xDC, 0x01, 0xEF, 0x00,
    0xE7, 0x80, 0xF3, 0xC0, 0x78, 0xF0, 0x78, 0x78, 0x3C, 0x3C, 0x1F, 0xFF, 0x1F, 0xFF, 0x8F, 0xFF,
    0xC7, 0x80, 0xF7, 0xC0, 0x7B, 0xC0, 0x3F, 0xE0, 0x0F, 0x07, 0x18, 0x07, 0xF8, 0x03, 0x3C, 0x00,
    0x00, 0x00, 0x00, 0x00, 0x00, 0x00, 0x0F, 0x80, 0x0F, 0xC0, 0x07, 0xF0, 0x03, 0xF8, 0x03, 0xDC,
    0x01, 0xEF, 0x00, 0xE7, 0x80, 0xF3, 0xC0, 0x78, 0xF0, 0x78, 0x78, 0x3C, 0x3C, 0x1F, 0xFF, 0x1F,
    0xFF, 0x8F, 0xFF, 0xC7, 0x80, 0xF7, 0xC0, 0x7B, 0xC0, 0x3F, 0xE0, 0x0F, 0x0E, 0x30, 0x07, 0x3C,
    0x03, 0x9E, 0x00, 0x00, 0x00, 0x00, 0x00, 0x00, 0x00, 0x0F, 0x80, 0x0F, 0xC0, 0x07, 0xF0, 0x03,
    0xF8, 0x03, 0xDC, 0x01, 0xEF, 0x00, 0xE7, 0x80, 0xF3, 0xC0, 0x78, 0xF0, 0x78, 0x78, 0x3C, 0x3C,
    0x1F, 0xFF, 0x1F, 0xFF, 0x8F, 0xFF, 0xC7, 0x80, 0xF7, 0xC0, 0x7B, 0xC0, 0x3F, 0xE0, 0x0F, 0x01,
    0xC0, 0x03, 0xF0, 0x01, 0x8C, 0x00, 0xC6, 0x00, 0x7E, 0x00, 0x1E, 0x00, 0x00, 0x00, 0x07, 0xC0,
    0x07, 0xE0, 0x03, 0xF8, 0x01, 0xFC, 0x01, 0xEE, 0x00, 0xF7, 0x80, 0x73, 0xC0, 0x79, 0xE0, 0x3C,
    0x78, 0x3C, 0x3C, 0x1E, 0x1E, 0x0F, 0xFF, 0x8F, 0xFF, 0xC7, 0xFF, 0xE3, 0xC0, 0x7B, 0xE0, 0x3D,
    0xE0, 0x1F, 0xF0, 0x07, 0x80, 0x01, 0xFF, 0xFE, 0x03, 0xFF, 0xFC, 0x0F, 0x7F, 0xF8, 0x1E, 0xF0,
    0x00, 0x79, 0xE0, 0x00, 0xF3, 0xC0, 0x01, 0xC7, 0x80, 0x07, 0x8F, 0xFF, 0x0F, 0x1F, 0xFE, 0x3C,
    0x3F, 0xFC, 0x78, 0x78, 0x01, 0xFF, 0xF0, 0x03, 0xFF, 0xE0, 0x07, 0xFF, 0xC0, 0x1E, 0x07, 0x80,
    0x3C, 0x0F, 0xFF, 0xF0, 0x1F, 0xFF, 0xE0, 0x3F, 0xFC, 0x07, 0xF8, 0x1F, 0xFC, 0x3F, 0xFE, 0x7C,
    0x1F, 0x78, 0x0F, 0x78, 0x07, 0xF0, 0x00, 0xF0, 0x00, 0xF0, 0x00, 0xF0, 0x00, 0xF0, 0x00, 0xF0,
    0x00, 0x78, 0x0F, 0x78, 0x0F, 0x3E, 0x1F, 0x3F, 0xFE, 0x1F, 0xFC, 0x07, 0xF0, 0x00, 0x80, 0x01,
    0xE0, 0x00, 0x70, 0x00, 0x70, 0x01, 0xE0, 0x3C, 0x01, 0xC0, 0x0E, 0x00, 0xE0, 0x00, 0x00, 0x00,
    0xFF, 0xFF, 0xFF, 0xFF, 0xFE, 0x00, 0xE0, 0x0E, 0x00, 0xE0, 0x0F, 0xFE, 0xFF, 0xEF, 0xFE, 0xE0,
    0x0E, 0x00, 0xE0, 0x0E, 0x00, 0xE0, 0x0F, 0xFF, 0xFF, 0xFF, 0xFF, 0x03, 0xC0, 0x70, 0x07, 0x00,
    0xE0, 0x00, 0x00, 0x00, 0xFF, 0xFF, 0xFF, 0xFF, 0xFE, 0x00, 0xE0, 0x0E, 0x00, 0xE0, 0x0F, 0xFE,
    0xFF, 0xEF, 0xFE, 0xE0, 0x0E, 0x00, 0xE0, 0x0E, 0x00, 0xE0, 0x0F, 0xFF, 0xFF, 0xFF, 0xFF, 0x0F,
    0x01, 0xF8, 0x39, 0xC7, 0x1E, 0x00, 0x00, 0x00, 0xFF, 0xFF, 0xFF, 0xFF, 0xFE, 0x00, 0xE0, 0x0E,
    0x00, 0xE0, 0x0F, 0xFE, 0xFF, 0xEF, 0xFE, 0xE0, 0x0E, 0x00, 0xE0, 0x0E, 0x00, 0xE0, 0x0F, 0xFF,
    0xFF, 0xFF, 0xFF, 0x31, 0xC7, 0x9C, 0x79, 0xC0, 0x00, 0x00, 0x00, 0x00, 0xFF, 0xFF, 0xFF, 0xFF,
    0xFE, 0x00, 0xE0, 0x0E, 0x00, 0xE0, 0x0F, 0xFE, 0xFF, 0xEF, 0xFE, 0xE0, 0x0E, 0x00, 0xE0, 0x0E,
    0x00, 0xE0, 0x0F, 0xFF, 0xFF, 0xFF, 0xFF, 0xE3, 0x8C, 0x70, 0x00, 0xE7, 0x39, 0xCE, 0x73, 0x9C,
    0xE7, 0x39, 0xCE, 0x73, 0x9C, 0xE7, 0x3B, 0x9D, 0xC0, 0x03, 0x9C, 0xE7, 0x39, 0xCE, 0x73, 0x9C,
    0xE7, 0x39, 0xCE, 0x73, 0x9C, 0x3E, 0x3B, 0xBD, 0xFC, 0x70, 0x00, 0x00, 0x70, 0x38, 0x1C, 0x0E,
    0x07, 0x03, 0x81, 0xC0, 0xE0, 0x70, 0x38, 0x1C, 0x0E, 0x07, 0x03, 0x81, 0xC0, 0xE0, 0x70, 0x38,
    0xE3, 0xFB, 0xF8, 0xE0, 0x00, 0x00, 0x00, 0x70, 0x38, 0x1C, 0x0E, 0x07, 0x03, 0x81, 0xC0, 0xE0,
    0x70, 0x38, 0x1C, 0x0E, 0x07, 0x03, 0x81, 0xC0, 0xE0, 0x70, 0x38, 0x1F, 0xF8, 0x07, 0xFF, 0x81,
    0xFF, 0xF0, 0x70, 0x7C, 0x1C, 0x07, 0x87, 0x01, 0xE1, 0xC0, 0x3C, 0x70, 0x0F, 0xFF, 0xC3, 0xFF,
    0xF0, 0xF1, 0xC0, 0x3C, 0x70, 0x0F, 0x1C, 0x07, 0x87, 0x01, 0xE1, 0xC1, 0xF0, 0x7F, 0xFC, 0x1F,
    0xFC, 0x07, 0xFC, 0x00, 0x0E, 0x30, 0x1F, 0xE0, 0x67, 0x80, 0x00, 0x00, 0x00, 0x00, 0x00, 0x3C,
    0x03, 0xFC, 0x07, 0xF8, 0x0F, 0xF8, 0x1F, 0xF8, 0x3F, 0x70, 0x7E, 0xF0, 0xFC, 0xF1, 0xF9, 0xE3,
    0xF1, 0xE7, 0xE1, 0xCF, 0xC3, 0xDF, 0x83, 0xBF, 0x07, 0xFE, 0x07, 0xFC, 0x07, 0xF8, 0x0F, 0xF0,
    0x0F, 0x07, 0x80, 0x01, 0xC0, 0x00, 0x60, 0x00, 0x38, 0x00, 0x00, 0x00, 0x00, 0x00, 0x1F, 0xE0,
    0x3F, 0xF8, 0x3F, 0xFE, 0x3E, 0x0F, 0x9E, 0x03, 0xCF, 0x00, 0xFF, 0x00, 0x7F, 0x80, 0x3F, 0xC0,
    0x1F, 0xE0, 0x0F, 0xF0, 0x07, 0xF8, 0x03, 0xDE, 0x01, 0xEF, 0x01, 0xE3, 0xE1, 0xF1, 0xFF, 0xF0,
    0x7F, 0xF0, 0x0F, 0xE0, 0x00, 0x70, 0x00, 0x70, 0x00, 0x38, 0x00, 0x38, 0x00, 0x00, 0x00, 0x00,
    0x00, 0x1F, 0xE0, 0x3F, 0xF8, 0x3F, 0xFE, 0x3E, 0x0F, 0x9E, 0x03, 0xCF, 0x00, 0xFF, 0x00, 0x7F,
    0x80, 0x3F, 0xC0, 0x1F, 0xE0, 0x0F, 0xF0, 0x07, 0xF8, 0x03, 0xDE, 0x01, 0xEF, 0x01, 0xE3, 0xE1,
    0xF1, 0xFF, 0xF0, 0x7F, 0xF0, 0x0F, 0xE0, 0x01, 0xE0, 0x01, 0xF8, 0x01, 0xDE, 0x01, 0xC7, 0x80,
    0x00, 0x00, 0x00, 0x00, 0x1F, 0xE0, 0x3F, 0xF8, 0x3F, 0xFE, 0x3E, 0x0F, 0x9E, 0x03, 0xCF, 0x00,
    0xFF, 0x00, 0x7F, 0x80, 0x3F, 0xC0, 0x1F, 0xE0, 0x0F, 0xF0, 0x07, 0xF8, 0x03, 0xDE, 0x01, 0xEF,
    0x01, 0xE3, 0xE1, 0xF1, 0xFF, 0xF0, 0x7F, 0xF0, 0x0F, 0xE0, 0x03, 0x98, 0x03, 0xFC, 0x03, 0xBC,
    0x00, 0x00, 0x00, 0x00, 0x00, 0x00, 0x00, 0x1F, 0xE0, 0x3F, 0xF8, 0x3F, 0xFE, 0x3E, 0x0F, 0x9E,
    0x03, 0xCF, 0x00, 0xFF, 0x00, 0x7F, 0x80, 0x3F, 0xC0, 0x1F, 0xE0, 0x0F, 0xF0, 0x07, 0xF8, 0x03,
    0xDE, 0x01, 0xEF, 0x01, 0xE3, 0xE1, 0xF1, 0xFF, 0xF0, 0x7F, 0xF0, 0x0F, 0xE0, 0x06, 0x38, 0x07,
    0x9C, 0x03, 0xCE, 0x00, 0x00, 0x00, 0x00, 0x00, 0x00, 0x00, 0x1F, 0xE0, 0x3F, 0xF8, 0x3F, 0xFE,
    0x3E, 0x0F, 0x9E, 0x03, 0xCF, 0x00, 0xFF, 0x00, 0x7F, 0x80, 0x3F, 0xC0, 0x1F, 0xE0, 0x0F, 0xF0,
    0x07, 0xF8, 0x03, 0xDE, 0x01, 0xEF, 0x01, 0xE3, 0xE1, 0xF1, 0xFF, 0xF0, 0x7F, 0xF0, 0x0F, 0xE0,
    0x20, 0x23, 0x83, 0xBE, 0x3E, 0xFB, 0xE3, 0xFE, 0x0F, 0xE0, 0x3E, 0x03, 0xF8, 0x3F, 0xE3, 0xEF,
    0xBE, 0x3E, 0xE0, 0xE2, 0x02, 0x00, 0x00, 0x02, 0x03, 0xFF, 0x87, 0xFF, 0x87, 0xFF, 0xC7, 0xC1,
    0xF3, 0xC1, 0xF9, 0xE0, 0xDF, 0xE0, 0xEF, 0xF0, 0xE7, 0xF8, 0x63, 0xFC, 0x71, 0xFE, 0x70, 0xFF,
    0x70, 0x7B, 0xF0, 0x3D, 0xF8, 0x3C, 0x7C, 0x3E, 0x3F, 0xFE, 0x1F, 0xFE, 0x1D, 0xFC, 0x04, 0x00,
    0x00, 0x1E, 0x00, 0x1E, 0x00, 0x1C, 0x00, 0x18, 0x00, 0x00, 0x00, 0x00, 0x38, 0x07, 0xF0, 0x0F,
    0xE0, 0x1F, 0xC0, 0x3F, 0x80, 0x7F, 0x00, 0xFE, 0x01, 0xFC, 0x03, 0xF8, 0x07, 0xF0, 0x0F, 0xE0,
    0x1F, 0xC0, 0x3F, 0xC0, 0x7F, 0x81, 0xEF, 0x87, 0xCF, 0xFF, 0x0F, 0xFE, 0x0F, 0xF0, 0x01, 0xE0,
    0x03, 0x80, 0x0E, 0x00, 0x18, 0x00, 0x00, 0x00, 0x00, 0x38, 0x07, 0xF0, 0x0F, 0xE0, 0x1F, 0xC0,
    0x3F, 0x80, 0x7F, 0x00, 0xFE, 0x01, 0xFC, 0x03, 0xF8, 0x07, 0xF0, 0x0F, 0xE0, 0x1F, 0xC0, 0x3F,
    0xC0, 0x7F, 0x81, 0xEF, 0x87, 0xCF, 0xFF, 0x0F, 0xFE, 0x0F, 0xF0, 0x07, 0x80, 0x1F, 0x80, 0x73,
    0x81, 0xC3, 0x80, 0x00, 0x00, 0x00, 0x38, 0x07, 0xF0, 0x0F, 0xE0, 0x1F, 0xC0, 0x3F, 0x80, 0x7F,
    0x00, 0xFE, 0x01, 0xFC, 0x03, 0xF8, 0x07, 0xF0, 0x0F, 0xE0, 0x1F, 0xC0, 0x3F, 0xC0, 0x7F, 0x81,
    0xEF, 0x87, 0xCF, 0xFF, 0x0F, 0xFE, 0x0F, 0xF0, 0x1C, 0xE0, 0x39, 0xE0, 0x73, 0x80, 0x00, 0x00,
    0x00, 0x00, 0x00, 0x38, 0x07, 0xF0, 0x0F, 0xE0, 0x1F, 0xC0, 0x3F, 0x80, 0x7F, 0x00, 0xFE, 0x01,
    0xFC, 0x03, 0xF8, 0x07, 0xF0, 0x0F, 0xE0, 0x1F, 0xC0, 0x3F, 0xC0, 0x7F, 0x81, 0xEF, 0x87, 0xCF,
    0xFF, 0x0F, 0xFE, 0x0F, 0xF0, 0x00, 0xF0, 0x00, 0x70, 0x00, 0x70, 0x00, 0x30, 0x00, 0x00, 0x00,
    0x00, 0x07, 0xC0, 0x3C, 0xF0, 0x3E, 0x78, 0x1E, 0x1E, 0x1F, 0x0F, 0x8F, 0x03, 0xCF, 0x00, 0xF7,
    0x80, 0x7F, 0x80, 0x1F, 0xC0, 0x0F, 0xC0, 0x03, 0xC0, 0x01, 0xE0, 0x00, 0xF0, 0x00, 0x78, 0x00,
    0x3C, 0x00, 0x1E, 0x00, 0x0F, 0x00, 0x07, 0x80, 0xE0, 0x07, 0x00, 0x38, 0x01, 0xFF, 0x0F, 0xFE,
    0x7F, 0xFB, 0x83, 0xDC, 0x0F, 0xE0, 0x7F, 0x03, 0xF8, 0x1D, 0xFF, 0xEF, 0xFE, 0x7F, 0xE3, 0x80,
    0x1C, 0x00, 0xE0, 0x07, 0x00, 0x00, 0x3F, 0xC3, 0xFF, 0x3F, 0xFD, 0xE1, 0xEE, 0x0F, 0x70, 0x7B,
    0x83, 0xDC, 0xFC, 0xE7, 0xC7, 0x3F, 0xB8, 0x3F, 0xC0, 0xFE, 0x03, 0xF0, 0x1F, 0x81, 0xFC, 0xFF,
    0xE7, 0xF7, 0x3E, 0x00, 0x3C, 0x00, 0xE0, 0x0E, 0x00, 0x70, 0x00, 0x00, 0xF0, 0x3F, 0xC7, 0xFE,
    0xF0, 0xF0, 0x0F, 0x00, 0xF1, 0xFF, 0x7F, 0xFF, 0x8F, 0xE0, 0xFE, 0x0F, 0xF3, 0xFF, 0xFF, 0x7E,
    0xF0, 0x03, 0xC0, 0x38, 0x07, 0x00, 0x70, 0x00, 0x00, 0xF0, 0x3F, 0xC7, 0xFE, 0xF0, 0xF0, 0x0F,
    0x00, 0xF1, 0xFF, 0x7F, 0xFF, 0x8F, 0xE0, 0xFE, 0x0F, 0xF3, 0xFF, 0xFF, 0x7E, 0xF0, 0x0F, 0x01,
    0xF8, 0x39, 0xC7, 0x0E, 0x00, 0x00, 0xF0, 0x3F, 0xC7, 0xFE, 0xF0, 0xF0, 0x0F, 0x00, 0xF1, 0xFF,
    0x7F, 0xFF, 0x8F, 0xE0, 0xFE, 0x0F, 0xF3, 0xFF, 0xFF, 0x7E, 0xF0, 0x1C, 0xC3, 0xFC, 0x33, 0xC0,
    0x00, 0x00, 0x00, 0xF0, 0x3F, 0xC7, 0xFE, 0xF0, 0xF0, 0x0F, 0x00, 0xF1, 0xFF, 0x7F, 0xFF, 0x8F,
    0xE0, 0xFE, 0x0F, 0xF3, 0xFF, 0xFF, 0x7E, 0xF0, 0x38, 0xC3, 0x9E, 0x39, 0xE0, 0x00, 0x00, 0x00,
    0xF0, 0x3F, 0xC7, 0xFE, 0xF0, 0xF0, 0x0F, 0x00, 0xF1, 0xFF, 0x7F, 0xFF, 0x8F, 0xE0, 0xFE, 0x0F,
    0xF3, 0xFF, 0xFF, 0x7E, 0xF0, 0x07, 0x01, 0xF8, 0x19, 0x81, 0x8C, 0x1D, 0x80, 0xF8, 0x00, 0x00,
    0xF0, 0x3F, 0xC7, 0xFE, 0xF0, 0xF0, 0x0F, 0x00, 0xF1, 0xFF, 0x7F, 0xFF, 0x8F, 0xE0, 0xFE, 0x0F,
    0xF3, 0xFF, 0xFF, 0x7E, 0xF0, 0x0F, 0x0F, 0x01, 0xFF, 0xFF, 0x1F, 0xFF, 0xF9, 0xE1, 0xF1, 0xE0,
    0x0F, 0x07, 0x00, 0x78, 0x3C, 0xFF, 0xFF, 0xEF, 0xFF, 0xFF, 0xF0, 0xE0, 0x07, 0x07, 0x80, 0x38,
    0x3C, 0x1F, 0xF7, 0xFF, 0xEF, 0xFB, 0xFE, 0x3F, 0x8F, 0xE0, 0x0F, 0x81, 0xFF, 0x1F, 0xFC, 0xF1,
    0xEF, 0x07, 0xF8, 0x03, 0xC0, 0x1E, 0x00, 0xF0, 0x07, 0x83, 0x9E, 0x1E, 0xFF, 0xE3, 0xFE, 0x0F,
    0xE0, 0x08, 0x00, 0x70, 0x00, 0xC0, 0x0E, 0x01, 0xE0, 0x1C, 0x00, 0x70, 0x03, 0x80, 0x0E, 0x00,
    0x00, 0x07, 0x80, 0xFF, 0x8F, 0xFE, 0x78, 0xF7, 0x83, 0xFC, 0x1F, 0xFF, 0xFF, 0xFF, 0xF8, 0x03,
    0xC0, 0x0E, 0x0F, 0x7F, 0xF1, 0xFF, 0x87, 0xF0, 0x01, 0xC0, 0x1C, 0x00, 0xC0, 0x0E, 0x00, 0x00,
    0x07, 0x80, 0xFF, 0x8F, 0xFE, 0x78, 0xF7, 0x83, 0xFC, 0x1F, 0xFF, 0xFF, 0xFF, 0xF8, 0x03, 0xC0,
    0x0E, 0x0F, 0x7F, 0xF1, 0xFF, 0x87, 0xF0, 0x0F, 0x80, 0xEE, 0x0F, 0x78, 0x71, 0xC0, 0x00, 0x07,
    0x80, 0xFF, 0x8F, 0xFE, 0x78, 0xF7, 0x83, 0xFC, 0x1F, 0xFF, 0xFF, 0xFF, 0xF8, 0x03, 0xC0, 0x0E,
    0x0F, 0x7F, 0xF1, 0xFF, 0x87, 0xF0, 0x38, 0xE1, 0xEF, 0x0E, 0x38, 0x00, 0x00, 0x00, 0x07, 0x80,
    0xFF, 0x8F, 0xFE, 0x78, 0xF7, 0x83, 0xFC, 0x1F, 0xFF, 0xFF, 0xFF, 0xF8, 0x03, 0xC0, 0x0E, 0x0F,
    0x7F, 0xF1, 0xFF, 0x87, 0xF0, 0xE3, 0x9C, 0x70, 0x1C, 0xE7, 0x39, 0xCE, 0x73, 0x9C, 0xE7, 0x39,
    0xCE, 0x7B, 0x99, 0xC0, 0x73, 0x9C, 0xE7, 0x39, 0xCE, 0x73, 0x9C, 0xE7, 0x38, 0x1E, 0x0F, 0xC7,
    0xBB, 0xC7, 0x00, 0x03, 0x80, 0xE0, 0x38, 0x0E, 0x03, 0x80, 0xE0, 0x38, 0x0E, 0x03, 0x80, 0xE0,
    0x38, 0x0E, 0x03, 0x80, 0xE0, 0xE3, 0x7B, 0xF9, 0xE0, 0x00, 0x00, 0xE0, 0x70, 0x38, 0x1C, 0x0E,
    0x07, 0x03, 0x81, 0xC0, 0xE0, 0x70, 0x38, 0x1C, 0x0E, 0x07, 0x00, 0x38, 0x21, 0xF7, 0x03, 0xE0,
    0x1F, 0x03, 0x9C, 0x18, 0x70, 0x13, 0xC7, 0xFE, 0x7F, 0xF3, 0xC3, 0xFC, 0x1F, 0xE0, 0xFF, 0x03,
    0xF8, 0x3F, 0xC1, 0xFE, 0x0E, 0x7F, 0xF1, 0xFF, 0x07, 0xF0, 0x1C, 0xC3, 0xFC, 0x37, 0x80, 0x00,
    0x00, 0x0E, 0x38, 0xEF, 0xEF, 0xFE, 0xF9, 0xFF, 0x0F, 0xE0, 0xFE, 0x0F, 0xE0, 0xFE, 0x0F, 0xE0,
    0xFE, 0x0F, 0xE0, 0xFE, 0x0F, 0xE0, 0xF0, 0x1E, 0x00, 0x70, 0x01, 0x80, 0x0E, 0x00, 0x00, 0x07,
    0xC0, 0xFF, 0x8F, 0xFE, 0x78, 0xFF, 0x83, 0xFC, 0x1F, 0xE0, 0x7F, 0x03, 0xF8, 0x3F, 0xC1, 0xEF,
    0x0F, 0x7F, 0xF1, 0xFF, 0x07, 0xF0, 0x01, 0xC0, 0x1C, 0x00, 0xE0, 0x0E, 0x00, 0x00, 0x07, 0xC0,
    0xFF, 0x8F, 0xFE, 0x78, 0xFF, 0x83, 0xFC, 0x1F, 0xE0, 0x7F, 0x03, 0xF8, 0x3F, 0xC1, 0xEF, 0x0F,
    0x7F, 0xF1, 0xFF, 0x07, 0xF0, 0x07, 0x80, 0x7E, 0x07, 0x38, 0x71, 0xE0, 0x00, 0x07, 0xC0, 0xFF,
    0x8F, 0xFE, 0x78, 0xFF, 0x83, 0xFC, 0x1F, 0xE0, 0x7F, 0x03, 0xF8, 0x3F, 0xC1, 0xEF, 0x0F, 0x7F,
    0xF1, 0xFF, 0x07, 0xF0, 0x0C, 0x60, 0xFF, 0x0E, 0xF0, 0x00, 0x00, 0x00, 0x07, 0xC0, 0xFF, 0x8F,
    0xFE, 0x78, 0xFF, 0x83, 0xFC, 0x1F, 0xE0, 0x7F, 0x03, 0xF8, 0x3F, 0xC1, 0xEF, 0x0F, 0x7F, 0xF1,
    0xFF, 0x07, 0xF0, 0x18, 0xE1, 0xE7, 0x0F, 0x38, 0x00, 0x00, 0x00, 0x07, 0xC0, 0xFF, 0x8F, 0xFE,
    0x78, 0xFF, 0x83, 0xFC, 0x1F, 0xE0, 0x7F, 0x03, 0xF8, 0x3F, 0xC1, 0xEF, 0x0F, 0x7F, 0xF1, 0xFF,
    0x07, 0xF0, 0x07, 0x00, 0x7C, 0x03, 0xC0, 0x0E, 0x00, 0x00, 0x7F, 0xFF, 0xFF, 0xFF, 0xFF, 0x00,
    0x00, 0x00, 0x01, 0xC0, 0x1F, 0x00, 0x70, 0x01, 0x00, 0x0F, 0x99, 0xFF, 0xDF, 0xFC, 0xF1, 0xFF,
    0x0F, 0xF8, 0xFF, 0xCC, 0xFE, 0xE7, 0xFE, 0x7F, 0xE3, 0xDE, 0x1E, 0xFF, 0xE7, 0xFE, 0x6F, 0xE1,
    0x00, 0x00, 0x3C, 0x01, 0xC0, 0x0E, 0x00, 0xE0, 0x00, 0x0E, 0x0F, 0xE0, 0xFE, 0x0F, 0xE0, 0xFE,
    0x0F, 0xE0, 0xFE, 0x0F, 0xE0, 0xFE, 0x0F, 0xE0, 0xFF, 0x1F, 0xFF, 0x77, 0xF7, 0x3E, 0x70, 0x03,
    0xC0, 0x70, 0x07, 0x00, 0xE0, 0x00, 0x0E, 0x0F, 0xE0, 0xFE, 0x0F, 0xE0, 0xFE, 0x0F, 0xE0, 0xFE,
    0x0F, 0xE0, 0xFE, 0x0F, 0xE0, 0xFF, 0x1F, 0xFF, 0x77, 0xF7, 0x3E, 0x70, 0x0F, 0x01, 0xF8, 0x39,
    0xC7, 0x1E, 0x00, 0x0E, 0x0F, 0xE0, 0xFE, 0x0F, 0xE0, 0xFE, 0x0F, 0xE0, 0xFE, 0x0F, 0xE0, 0xFE,
    0x0F, 0xE0, 0xFF, 0x1F, 0xFF, 0x77, 0xF7, 0x3E, 0x70, 0x31, 0xC7, 0x9C, 0x79, 0xC0, 0x00, 0x00,
    0x0E, 0x0F, 0xE0, 0xFE, 0x0F, 0xE0, 0xFE, 0x0F, 0xE0, 0xFE, 0x0F, 0xE0, 0xFE, 0x0F, 0xE0, 0xFF,
    0x1F, 0xFF, 0x77, 0xF7, 0x3E, 0x70, 0x00, 0xE0, 0x03, 0x80, 0x07, 0x00, 0x1C, 0x00, 0x00, 0x1E,
    0x03, 0xDE, 0x0F, 0x3C, 0x1E, 0x38, 0x38, 0x78, 0xF0, 0xF1, 0xE0, 0xE3, 0x81, 0xEF, 0x03, 0xDE,
    0x03, 0xB8, 0x07, 0x70, 0x07, 0xC0, 0x0F, 0x80, 0x1F, 0x00, 0x3C, 0x00, 0x78, 0x07, 0xE0, 0x0F,
    0xC0, 0x3F, 0x00, 0xE0, 0x07, 0x00, 0x38, 0x01, 0xC0, 0x0E, 0x78, 0x77, 0xF3, 0xFF, 0xDF, 0x3E,
    0xF0, 0xF7, 0x03, 0xF8, 0x1F, 0xC0, 0xFE, 0x07, 0xF8, 0x3F, 0xC3, 0xDF, 0xFE, 0xEF, 0xE7, 0x3E,
    0x38, 0x01, 0xC0, 0x0E, 0x00, 0x70, 0x03, 0x80, 0x00, 0x1C, 0x70, 0x3D, 0xE0, 0x71, 0xC0, 0x00,
    0x00, 0x00, 0x1E, 0x03, 0xDE, 0x0F, 0x3C, 0x1E, 0x38, 0x38, 0x78, 0xF0, 0xF1, 0xE0, 0xE3, 0x81,
    0xEF, 0x03, 0xDE, 0x03, 0xB8, 0x07, 0x70, 0x07, 0xC0, 0x0F, 0x80, 0x1F, 0x00, 0x3C, 0x00, 0x78,
    0x07, 0xE0, 0x0F, 0xC0, 0x3F, 0x00, 0x07, 0xF0, 0x03, 0xF8, 0x00, 0x00, 0x00, 0x00, 0x00, 0x00,
    0x00, 0x1F, 0x00, 0x1F, 0x80, 0x0F, 0xE0, 0x07, 0xF0, 0x07, 0xB8, 0x03, 0xDE, 0x01, 0xCF, 0x01,
    0xE7, 0x80, 0xF1, 0xE0, 0xF0, 0xF0, 0x78, 0x78, 0x3F, 0xFE, 0x3F, 0xFF, 0x1F, 0xFF, 0x8F, 0x01,
    0xEF, 0x80, 0xF7, 0x80, 0x7F, 0xC0, 0x1E, 0x1F, 0xC1, 0xFC, 0x00, 0x00, 0x00, 0x0F, 0x03, 0xFC,
    0x7F, 0xEF, 0x0F, 0x00, 0xF0, 0x0F, 0x1F, 0xF7, 0xFF, 0xF8, 0xFE, 0x0F, 0xE0, 0xFF, 0x3F, 0xFF,
    0xF7, 0xEF, 0x0C, 0x38, 0x07, 0x38, 0x01, 0xF8, 0x00, 0x38, 0x00, 0x00, 0x00, 0x00, 0x00, 0x0F,
    0x80, 0x0F, 0xC0, 0x07, 0xF0, 0x03, 0xF8, 0x03, 0xDC, 0x01, 0xEF, 0x00, 0xE7, 0x80, 0xF3, 0xC0,
    0x78, 0xF0, 0x78, 0x78, 0x3C, 0x3C, 0x1F, 0xFF, 0x1F, 0xFF, 0x8F, 0xFF, 0xC7, 0x80, 0xF7, 0xC0,
    0x7B, 0xC0, 0x3F, 0xE0, 0x0F, 0x30, 0xC3, 0x9C, 0x1F, 0x80, 0x70, 0x00, 0x00, 0xF0, 0x3F, 0xC7,
    0xFE, 0xF0, 0xF0, 0x0F, 0x00, 0xF1, 0xFF, 0x7F, 0xFF, 0x8F, 0xE0, 0xFE, 0x0F, 0xF3, 0xFF, 0xFF,
    0x7E, 0xF0, 0x03, 0xE0, 0x01, 0xF8, 0x00, 0x7F, 0x00, 0x1F, 0xC0, 0x0F, 0x70, 0x03, 0xDE, 0x00,
    0xE7, 0x80, 0x79, 0xE0, 0x1E, 0x3C, 0x0F, 0x0F, 0x03, 0xC3, 0xC0, 0xFF, 0xF8, 0x7F, 0xFE, 0x1F,
    0xFF, 0x87, 0x80, 0xF3, 0xE0, 0x3C, 0xF0, 0x0F, 0xBC, 0x01, 0xE0, 0x00, 0xF0, 0x00, 0x38, 0x00,
    0x0E, 0x00, 0x03, 0xE0, 0x00, 0x7C, 0x0F, 0x01, 0xFE, 0x1F, 0xF9, 0xE1, 0xE0, 0x0F, 0x00, 0x78,
    0x7F, 0xCF, 0xFE, 0xF8, 0xF7, 0x07, 0xB8, 0x3D, 0xE7, 0xEF, 0xFF, 0x3F, 0x78, 0x03, 0x80, 0x38,
    0x01, 0xC0, 0x0F, 0x80, 0x3E, 0x00, 0x70, 0x00, 0xE0, 0x00, 0xE0, 0x01, 0xC0, 0x00, 0x00, 0x00,
    0x00, 0x07, 0xF8, 0x1F, 0xFC, 0x3F, 0xFE, 0x7C, 0x1F, 0x78, 0x0F, 0x78, 0x07, 0xF0, 0x00, 0xF0,
    0x00, 0xF0, 0x00, 0xF0, 0x00, 0xF0, 0x00, 0xF0, 0x00, 0x78, 0x0F, 0x78, 0x0F, 0x3E, 0x1F, 0x3F,
    0xFE, 0x1F, 0xFC, 0x07, 0xF0, 0x01, 0xC0, 0x1C, 0x00, 0xE0, 0x0E, 0x00, 0x00, 0x07, 0xC0, 0xFF,
    0x8F, 0xFE, 0x78, 0xF7, 0x83, 0xFC, 0x01, 0xE0, 0x0F, 0x00, 0x78, 0x03, 0xC1, 0xCF, 0x0F, 0x7F,
    0xF1, 0xFF, 0x07, 0xF0, 0x01, 0xE0, 0x03, 0xF0, 0x07, 0x78, 0x0E, 0x3C, 0x00, 0x00, 0x00, 0x00,
    0x07, 0xF8, 0x1F, 0xFC, 0x3F, 0xFE, 0x7C, 0x1F, 0x78, 0x0F, 0x78, 0x07, 0xF0, 0x00, 0xF0, 0x00,
    0xF0, 0x00, 0xF0, 0x00, 0xF0, 0x00, 0xF0, 0x00, 0x78, 0x0F, 0x78, 0x0F, 0x3E, 0x1F, 0x3F, 0xFE,
    0x1F, 0xFC, 0x07, 0xF0, 0x07, 0x80, 0x7E, 0x07, 0x38, 0x71, 0xE0, 0x00, 0x07, 0xC0, 0xFF, 0x8F,
    0xFE, 0x78, 0xF7, 0x83, 0xFC, 0x01, 0xE0, 0x0F, 0x00, 0x78, 0x03, 0xC1, 0xCF, 0x0F, 0x7F, 0xF1,
    0xFF, 0x07, 0xF0, 0x01, 0xC0, 0x01, 0xE0, 0x01, 0xC0, 0x00, 0x80, 0x00, 0x00, 0x00, 0x00, 0x07,
    0xF8, 0x1F, 0xFC, 0x3F, 0xFE, 0x7C, 0x1F, 0x78, 0x0F, 0x78, 0x07, 0xF0, 0x00, 0xF0, 0x00, 0xF0,
    0x00, 0xF0, 0x00, 0xF0, 0x00, 0xF0, 0x00, 0x78, 0x0F, 0x78, 0x0F, 0x3E, 0x1F, 0x3F, 0xFE, 0x1F,
    0xFC, 0x07, 0xF0, 0x07, 0x00, 0x3C, 0x01, 0xC0, 0x04, 0x00, 0x00, 0x07, 0xC0, 0xFF, 0x8F, 0xFE,
    0x78, 0xF7, 0x83, 0xFC, 0x01, 0xE0, 0x0F, 0x00, 0x78, 0x03, 0xC1, 0xCF, 0x0F, 0x7F, 0xF1, 0xFF,
    0x07, 0xF0, 0x0E, 0x3C, 0x07, 0x70, 0x03, 0xE0, 0x01, 0xC0, 0x00, 0x00, 0x00, 0x00, 0x07, 0xF8,
    0x1F, 0xFC, 0x3F, 0xFE, 0x7C, 0x1F, 0x78, 0x0F, 0x78, 0x07, 0xF0, 0x00, 0xF0, 0x00, 0xF0, 0x00,
    0xF0, 0x00, 0xF0, 0x00, 0xF0, 0x00, 0x78, 0x0F, 0x78, 0x0F, 0x3E, 0x1F, 0x3F, 0xFE, 0x1F, 0xFC,
    0x07, 0xF0, 0x38, 0xF0, 0xEE, 0x03, 0xE0, 0x0E, 0x00, 0x00, 0x07, 0xC0, 0xFF, 0x8F, 0xFE, 0x78,
    0xF7, 0x83, 0xFC, 0x01, 0xE0, 0x0F, 0x00, 0x78, 0x03, 0xC1, 0xCF, 0x0F, 0x7F, 0xF1, 0xFF, 0x07,
    0xF0, 0xF1, 0xC0, 0x77, 0x00, 0x7C, 0x00, 0x70, 0x00, 0x00, 0x00, 0x00, 0x3F, 0xF0, 0x7F, 0xF8,
    0xFF, 0xF9, 0xC1, 0xFB, 0x80, 0xF7, 0x00, 0xEE, 0x01, 0xFC, 0x03, 0xF8, 0x07, 0xF0, 0x0F, 0xE0,
    0x1F, 0xC0, 0x3F, 0x80, 0xF7, 0x01, 0xEE, 0x0F, 0x9F, 0xFF, 0x3F, 0xF8, 0x7F, 0xC0, 0x00, 0x01,
    0xC0, 0x0E, 0x60, 0x03, 0x98, 0x00, 0xE6, 0x00, 0x39, 0x83, 0x8E, 0x03, 0xFB, 0x81, 0xFE, 0xE0,
    0x78, 0xF8, 0x3C, 0x1E, 0x0F, 0x07, 0x83, 0xC0, 0xE0, 0xF0, 0x38, 0x3C, 0x1E, 0x0F, 0x07, 0x83,
    0xE1, 0xE0, 0x7F, 0xF8, 0x0F, 0xEE, 0x01, 0xF3, 0x80, 0x1F, 0xF8, 0x07, 0xFF, 0x81, 0xFF, 0xF0,
    0x70, 0x7C, 0x1C, 0x07, 0x87, 0x01, 0xE1, 0xC0, 0x3C, 0x70, 0x0F, 0xFF, 0xC3, 0xFF, 0xF0, 0xF1,
    0xC0, 0x3C, 0x70, 0x0F, 0x1C, 0x07, 0x87, 0x01, 0xE1, 0xC1, 0xF0, 0x7F, 0xFC, 0x1F, 0xFC, 0x07,
    0xFC, 0x00, 0x00, 0x38, 0x07, 0xFC, 0x0F, 0xF8, 0x01, 0xC0, 0xE3, 0x87, 0xF7, 0x1F, 0xEE, 0x3C,
    0x7C, 0xF0, 0x79, 0xE0, 0xF3, 0xC0, 0xE7, 0x81, 0xCF, 0x07, 0x9E, 0x0F, 0x3E, 0x1E, 0x3F, 0xFC,
    0x3F, 0xB8, 0x3E, 0x70, 0x3F, 0x83, 0xF8, 0x00, 0x00, 0x00, 0x00, 0x0F, 0xFF, 0xFF, 0xFF, 0xFF,
    0xE0, 0x0E, 0x00, 0xE0, 0x0E, 0x00, 0xFF, 0xEF, 0xFE, 0xFF, 0xEE, 0x00, 0xE0, 0x0E, 0x00, 0xE0,
    0x0E, 0x00, 0xFF, 0xFF, 0xFF, 0xFF, 0xF0, 0x1F, 0xC0, 0xFE, 0x00, 0x00, 0x00, 0x00, 0xF0, 0x1F,
    0xF1, 0xFF, 0xCF, 0x1E, 0xF0, 0x7F, 0x83, 0xFF, 0xFF, 0xFF, 0xFF, 0x00, 0x78, 0x01, 0xC1, 0xEF,
    0xFE, 0x3F, 0xF0, 0xFE, 0x00, 0x30, 0xC3, 0x9C, 0x1F, 0x80, 0xE0, 0x00, 0x00, 0x00, 0xFF, 0xFF,
    0xFF, 0xFF, 0xFE, 0x00, 0xE0, 0x0E, 0x00, 0xE0, 0x0F, 0xFE, 0xFF, 0xEF, 0xFE, 0xE0, 0x0E, 0x00,
    0xE0, 0x0E, 0x00, 0xE0, 0x0F, 0xFF, 0xFF, 0xFF, 0xFF, 0x38, 0xE0, 0xEE, 0x07, 0xF0, 0x0E, 0x00,
    0x00, 0x07, 0x80, 0xFF, 0x8F, 0xFE, 0x78, 0xF7, 0x83, 0xFC, 0x1F, 0xFF, 0xFF, 0xFF, 0xF8, 0x03,
    0xC0, 0x0E, 0x0F, 0x7F, 0xF1, 0xFF, 0x87, 0xF0, 0x0E, 0x00, 0xF0, 0x0F, 0x00, 0x40, 0x00, 0x00,
    0x00, 0xFF, 0xFF, 0xFF, 0xFF, 0xFE, 0x00, 0xE0, 0x0E, 0x00, 0xE0, 0x0F, 0xFE, 0xFF, 0xEF, 0xFE,
    0xE0, 0x0E, 0x00, 0xE0, 0x0E, 0x00, 0xE0, 0x0F, 0xFF, 0xFF, 0xFF, 0xFF, 0x07, 0x00, 0x7C, 0x01,
    0xC0, 0x04, 0x00, 0x00, 0x07, 0x80, 0xFF, 0x8F, 0xFE, 0x78, 0xF7, 0x83, 0xFC, 0x1F, 0xFF, 0xFF,
    0xFF, 0xF8, 0x03, 0xC0, 0x0E, 0x0F, 0x7F, 0xF1, 0xFF, 0x87, 0xF0, 0xFF, 0xFF, 0xFF, 0xFF, 0xFE,
    0x00, 0xE0, 0x0E, 0x00, 0xE0, 0x0F, 0xFE, 0xFF, 0xEF, 0xFE, 0xE0, 0x0E, 0x00, 0xE0, 0x0E, 0x00,
    0xE0, 0x0F, 0xFF, 0xFF, 0xFF, 0xFF, 0x00, 0xE0, 0x1C, 0x01, 0xC0, 0x1F, 0x01, 0xF0, 0x0F, 0x01,
    0xFF, 0x1F, 0xFC, 0xF1, 0xEF, 0x07, 0xF8, 0x3F, 0xFF, 0xFF, 0xFF, 0xF0, 0x07, 0x80, 0x1C, 0x1E,
    0xFF, 0xE3, 0xFF, 0x0F, 0xF0, 0x03, 0x80, 0x38, 0x01, 0xC0, 0x0F, 0x80, 0x3E, 0x79, 0xE3, 0xB8,
    0x1F, 0x00, 0xE0, 0x00, 0x00, 0x00, 0xFF, 0xFF, 0xFF, 0xFF, 0xFE, 0x00, 0xE0, 0x0E, 0x00, 0xE0,
    0x0F, 0xFE, 0xFF, 0xEF, 0xFE, 0xE0, 0x0E, 0x00, 0xE0, 0x0E, 0x00, 0xE0, 0x0F, 0xFF, 0xFF, 0xFF,
    0xFF, 0x38, 0xE0, 0xEE, 0x03, 0xE0, 0x0E, 0x00, 0x00, 0x07, 0x80, 0xFF, 0x8F, 0xFE, 0x78, 0xF7,
    0x83, 0xFC, 0x1F, 0xFF, 0xFF, 0xFF, 0xF8, 0x03, 0xC0, 0x0E, 0x0F, 0x7F, 0xF1, 0xFF, 0x87, 0xF0,
    0x03, 0xE0, 0x03, 0xF8, 0x01, 0xDE, 0x01, 0xC7, 0x00, 0x00, 0x00, 0x00, 0x00, 0x1F, 0xE0, 0x3F,
    0xF8, 0x3F, 0xFE, 0x3E, 0x0F, 0x9E, 0x03, 0xCF, 0x00, 0xEF, 0x00, 0x07, 0x80, 0x03, 0xC1, 0xFF,
    0xE0, 0xFF, 0xF0, 0x7F, 0xF8, 0x03, 0x9E, 0x01, 0xCF, 0x01, 0xE3, 0xE1, 0xF1, 0xFF, 0xF0, 0x7F,
    0xF0, 0x0F, 0xE0, 0x07, 0x80, 0x7E, 0x07, 0x38, 0x71, 0xE0, 0x00, 0x07, 0x1C, 0xFE, 0xEF, 0xF7,
    0x78, 0xFF, 0x83, 0xFC, 0x1F, 0xE0, 0x7F, 0x03, 0xF8, 0x3F, 0xC1, 0xEF, 0x1F, 0x7F, 0xF9, 0xFD,
    0xC3, 0x8E, 0x00, 0x73, 0x07, 0xFC, 0x7D, 0xFF, 0xC3, 0xFC, 0x0E, 0x38, 0x03, 0xB8, 0x01, 0xFC,
    0x00, 0x38, 0x00, 0x00, 0x00, 0x00, 0x00, 0x1F, 0xE0, 0x3F, 0xF8, 0x3F, 0xFE, 0x3E, 0x0F, 0x9E,
    0x03, 0xCF, 0x00, 0xEF, 0x00, 0x07, 0x80, 0x03, 0xC1, 0xFF, 0xE0, 0xFF, 0xF0, 0x7F, 0xF8, 0x03,
    0x9E, 0x01, 0xCF, 0x01, 0xE3, 0xE1, 0xF1, 0xFF, 0xF0, 0x7F, 0xF0, 0x0F, 0xE0, 0x38, 0x60, 0xE7,
    0x03, 0xF0, 0x0E, 0x00, 0x00, 0x07, 0x1C, 0xFE, 0xEF, 0xF7, 0x78, 0xFF, 0x83, 0xFC, 0x1F, 0xE0,
    0x7F, 0x03, 0xF8, 0x3F, 0xC1, 0xEF, 0x1F, 0x7F, 0xF9, 0xFD, 0xC3, 0x8E, 0x00, 0x73, 0x07, 0xFC,
    0x7D, 0xFF, 0xC3, 0xFC, 0x01, 0xC0, 0x00, 0xF0, 0x00, 0x70, 0x00, 0x10, 0x00, 0x00, 0x00, 0x00,
    0x00, 0x1F, 0xE0, 0x3F, 0xF8, 0x3F, 0xFE, 0x3E, 0x0F, 0x9E, 0x03, 0xCF, 0x00, 0xEF, 0x00, 0x07,
    0x80, 0x03, 0xC1, 0xFF, 0xE0, 0xFF, 0xF0, 0x7F, 0xF8, 0x03, 0x9E, 0x01, 0xCF, 0x01, 0xE3, 0xE1,
    0xF1, 0xFF, 0xF0, 0x7F, 0xF0, 0x0F, 0xE0, 0x07, 0x00, 0x3C, 0x01, 0xE0, 0x04, 0x00, 0x00, 0x07,
    0x1C, 0xFE, 0xEF, 0xF7, 0x78, 0xFF, 0x83, 0xFC, 0x1F, 0xE0, 0x7F, 0x03, 0xF8, 0x3F, 0xC1, 0xEF,
    0x1F, 0x7F, 0xF9, 0xFD, 0xC3, 0x8E, 0x00, 0x73, 0x07, 0xFC, 0x7D, 0xFF, 0xC3, 0xFC, 0x07, 0xF8,
    0x0F, 0xFE, 0x0F, 0xFF, 0x8F, 0x83, 0xE7, 0x80, 0xF3, 0xC0, 0x3B, 0xC0, 0x01, 0xE0, 0x00, 0xF0,
    0x7F, 0xF8, 0x3F, 0xFC, 0x1F, 0xFE, 0x00, 0xE7, 0x80, 0x73, 0xC0, 0x78, 0xF8, 0x7C, 0x7F, 0xFC,
    0x1F, 0xFC, 0x03, 0xF8, 0x00, 0x00, 0x00, 0x38, 0x00, 0x1C, 0x00, 0x1C, 0x00, 0x0E, 0x00, 0x06,
    0x00, 0x01, 0x00, 0x1C, 0x00, 0xC0, 0x0E, 0x00, 0x70, 0x03, 0x80, 0x00, 0x01, 0xC7, 0x3F, 0xBB,
    0xFD, 0xDE, 0x3F, 0xE0, 0xFF, 0x07, 0xF8, 0x1F, 0xC0, 0xFE, 0x0F, 0xF0, 0x7B, 0xC7, 0xDF, 0xFE,
    0x7F, 0x70, 0xE3, 0x80, 0x1C, 0xC1, 0xFF, 0x1F, 0x7F, 0xF0, 0xFF, 0x00, 0x07, 0x80, 0x1F, 0x80,
    0x73, 0x81, 0xE3, 0x80, 0x00, 0x00, 0x00, 0x38, 0x07, 0xF0, 0x0F, 0xE0, 0x1F, 0xC0, 0x3F, 0x80,
    0x7F, 0x00, 0xFE, 0x01, 0xFF, 0xFF, 0xFF, 0xFF, 0xFF, 0xFF, 0xE0, 0x1F, 0xC0, 0x3F, 0x80, 0x7F,
    0x00, 0xFE, 0x01, 0xFC, 0x03, 0xF8, 0x07, 0xF0, 0x0F, 0x1E, 0x00, 0x3F, 0x00, 0x73, 0x80, 0xF1,
    0xC0, 0x00, 0x00, 0x00, 0x00, 0x0E, 0x00, 0x0E, 0x00, 0x0E, 0x00, 0x0E, 0x00, 0x0E, 0x38, 0x0E,
    0xFE, 0x0F, 0xFE, 0x0F, 0x9F, 0x0F, 0x0F, 0x0E, 0x0F, 0x0E, 0x0F, 0x0E, 0x0F, 0x0E, 0x0F, 0x0E,
    0x0F, 0x0E, 0x0F, 0x0E, 0x0F, 0x0E, 0x0F, 0x0E, 0x0F, 0x78, 0x07, 0x9E, 0x01, 0xE7, 0x80, 0x7B,
    0xFF, 0xFF, 0xFF, 0xFF, 0xDE, 0x01, 0xE7, 0x80, 0x79, 0xFF, 0xFE, 0x7F, 0xFF, 0x9F, 0xFF, 0xE7,
    0x80, 0x79, 0xE0, 0x1E, 0x78, 0x07, 0x9E, 0x01, 0xE7, 0x80, 0x79, 0xE0, 0x1E, 0x78, 0x07, 0x9E,
    0x01, 0xE0, 0x38, 0x03, 0xFE, 0x0F, 0xF8, 0x0E, 0x00, 0x38, 0xE0, 0xEF, 0xE3, 0xFF, 0x8F, 0x9F,
    0x3C, 0x3C, 0xE0, 0xF3, 0x83, 0xCE, 0x0F, 0x38, 0x3C, 0xE0, 0xF3, 0x83, 0xCE, 0x0F, 0x38, 0x3C,
    0xE0, 0xF0, 0x71, 0xBF, 0xF3, 0xC0, 0x00, 0x00, 0x00, 0x70, 0x38, 0x1C, 0x0E, 0x07, 0x03, 0x81,
    0xC0, 0xE0, 0x70, 0x38, 0x1C, 0x0E, 0x07, 0x03, 0x81, 0xC0, 0xE0, 0x70, 0x38, 0x71, 0xFF, 0xB3,
    0xC0, 0x00, 0x00, 0xE0, 0x70, 0x38, 0x1C, 0x0E, 0x07, 0x03, 0x81, 0xC0, 0xE0, 0x70, 0x38, 0x1C,
    0x0E, 0x07, 0x00, 0xFF, 0xFC, 0x00, 0x00, 0x07, 0x0E, 0x1C, 0x38, 0x70, 0xE1, 0xC3, 0x87, 0x0E,
    0x1C, 0x38, 0x70, 0xE1, 0xC3, 0x87, 0x0E, 0x00, 0xFF, 0xFC, 0x00, 0x03, 0x87, 0x0E, 0x1C, 0x38,
    0x70, 0xE1, 0xC3, 0x87, 0x0E, 0x1C, 0x38, 0x70, 0xE3, 0xBB, 0x9F, 0xC3, 0x80, 0x00, 0x00, 0x70,
    0x38, 0x1C, 0x0E, 0x07, 0x03, 0x81, 0xC0, 0xE0, 0x70, 0x38, 0x1C, 0x0E, 0x07, 0x03, 0x81, 0xC0,
    0xE0, 0x70, 0x38, 0xC3, 0xB3, 0x9F, 0x83, 0x80, 0x00, 0xE0, 0x70, 0x38, 0x1C, 0x0E, 0x07, 0x03,
    0x81, 0xC0, 0xE0, 0x70, 0x38, 0x1C, 0x0E, 0x07, 0x00, 0x38, 0xE3, 0x8E, 0x38, 0xE3, 0x8E, 0x38,
    0xE3, 0x8E, 0x38, 0xE3, 0x8E, 0x38, 0xE7, 0x3C, 0xE3, 0xF7, 0xC0, 0x39, 0xE3, 0x84, 0x00, 0xE3,
    0x8E, 0x38, 0xE3, 0x8E, 0x38, 0xE3, 0x8E, 0x38, 0xE3, 0x9C, 0xE3, 0x8F, 0x9F, 0xEF, 0xE4, 0x00,
    0xEE, 0xEE, 0xEE, 0xEE, 0xEE, 0xEE, 0xEE, 0xEE, 0xEE, 0xFF, 0xFF, 0xFF, 0xFF, 0xFF, 0xC0, 0xE0,
    0x03, 0xF8, 0x00, 0xFE, 0x00, 0x3F, 0x80, 0x0F, 0xE0, 0x03, 0xF8, 0x00, 0xFE, 0x00, 0x3F, 0x80,
    0x0F, 0xE0, 0x03, 0xF8, 0x00, 0xFE, 0x00, 0x3F, 0x8F, 0x0F, 0xE3, 0xC3, 0xF8, 0xF0, 0xFE, 0x3C,
    0x3F, 0x8F, 0xFE, 0xE1, 0xFF, 0xB8, 0x3F, 0x80, 0x70, 0xFE, 0x3D, 0xC7, 0x90, 0x20, 0x00, 0xE3,
    0xDC, 0x7B, 0x8F, 0x71, 0xEE, 0x3D, 0xC7, 0xB8, 0xF7, 0x1E, 0xE3, 0xDC, 0x7B, 0x8F, 0x71, 0xEE,
    0x3D, 0xC7, 0x80, 0xF0, 0x1E, 0x0F, 0xC1, 0xF0, 0x3C, 0x00, 0xF0, 0x03, 0xF0, 0x0E, 0x70, 0x38,
    0x70, 0x00, 0x00, 0x00, 0x00, 0x3C, 0x00, 0x78, 0x00, 0xF0, 0x01, 0xE0, 0x03, 0xC0, 0x07, 0x80,
    0x0F, 0x00, 0x1E, 0x00, 0x3C, 0x00, 0x78, 0x00, 0xF1, 0xE1, 0xE3, 0xC3, 0xC7, 0x87, 0x8F, 0x0F,
    0x1F, 0xFC, 0x1F, 0xF8, 0x0F, 0xC0, 0x1E, 0x0F, 0xC7, 0xBB, 0xC7, 0x00, 0x03, 0x80, 0xE0, 0x38,
    0x0E, 0x03, 0x80, 0xE0, 0x38, 0x0E, 0x03, 0x80, 0xE0, 0x38, 0x0E, 0x03, 0x80, 0xE0, 0x38, 0x1E,
    0x1F, 0x87, 0xC1, 0xE0, 0xE0, 0x3F, 0xC0, 0xFB, 0x83, 0xE7, 0x0F, 0x8E, 0x1E, 0x1C, 0x78, 0x39,
    0xE0, 0x77, 0xC0, 0xEF, 0x81, 0xFF, 0x83, 0xEF, 0x07, 0xCF, 0x0F, 0x1F, 0x1C, 0x1E, 0x38, 0x1E,
    0x70, 0x3E, 0xE0, 0x3D, 0xC0, 0x3C, 0x00, 0x00, 0x3C, 0x00, 0x70, 0x00, 0xE0, 0x03, 0x80, 0x07,
    0x00, 0xE0, 0x0E, 0x00, 0xE0, 0x0E, 0x00, 0xE0, 0xFE, 0x1E, 0xE3, 0xCE, 0x78, 0xEF, 0x8E, 0xF0,
    0xFE, 0x0F, 0xF0, 0xFF, 0x8E, 0x78, 0xE3, 0xCE, 0x3E, 0xE1, 0xEE, 0x0F, 0x00, 0x00, 0xE0, 0x1E,
    0x01, 0xC0, 0x1C, 0x01, 0x80, 0xE0, 0xFF, 0x0F, 0xB8, 0x79, 0xC7, 0x8E, 0x78, 0x73, 0xC3, 0xFC,
    0x1F, 0xE0, 0xFF, 0x07, 0x3C, 0x38, 0xF1, 0xC7, 0xCE, 0x1E, 0x70, 0x78, 0x38, 0x0E, 0x01, 0x80,
    0x70, 0x00, 0x00, 0x00, 0x38, 0x07, 0x00, 0xE0, 0x1C, 0x03, 0x80, 0x70, 0x0E, 0x01, 0xC0, 0x38,
    0x07, 0x00, 0xE0, 0x1C, 0x03, 0x80, 0x70, 0x0E, 0x01, 0xFF, 0xFF, 0xFF, 0xFF, 0x7B, 0x99, 0xC0,
    0x03, 0x9C, 0xE7, 0x39, 0xCE, 0x73, 0x9C, 0xE7, 0x39, 0xCE, 0x73, 0x9C, 0xE0, 0x1C, 0x03, 0x80,
    0x70, 0x0E, 0x01, 0xC0, 0x38, 0x07, 0x00, 0xE0, 0x1C, 0x03, 0x80, 0x70, 0x0E, 0x01, 0xC0, 0x38,
    0x07, 0xFF, 0xFF, 0xFF, 0xFC, 0x00, 0x07, 0x01, 0xE0, 0x38, 0x07, 0x00, 0xC0, 0x77, 0x77, 0x77,
    0x77, 0x77, 0x77, 0x77, 0x77, 0x77, 0x07, 0xFE, 0xEC, 0x03, 0x9C, 0x73, 0x8E, 0x71, 0x8E, 0x31,
    0xC0, 0x38, 0x07, 0x00, 0xE0, 0x1C, 0x03, 0x80, 0x70, 0x0E, 0x01, 0xC0, 0x38, 0x07, 0x00, 0xFF,
    0xFF, 0xFF, 0xFF, 0x80, 0x07, 0xE6, 0xE6, 0xE6, 0xE6, 0xE0, 0xE0, 0xE0, 0xE0, 0xE0, 0xE0, 0xE0,
    0xE0, 0xE0, 0xE0, 0xE0, 0xE0, 0xE0, 0xE0, 0xE0, 0x1C, 0x03, 0x80, 0x70, 0x0E, 0x01, 0xC7, 0x39,
    0xE7, 0x3C, 0xE1, 0x1C, 0x03, 0x80, 0x70, 0x0E, 0x01, 0xC0, 0x38, 0x07, 0xFF, 0xFF, 0xFF, 0xFC,
    0xE0, 0x70, 0x38, 0x1C, 0x0E, 0x07, 0x03, 0x81, 0xC6, 0xE7, 0xF3, 0xF9, 0xFC, 0x0E, 0x07, 0x03,
    0x81, 0xC0, 0xE0, 0x70, 0x00, 0x1C, 0x00, 0x70, 0x01, 0xC0, 0x07, 0x08, 0x1C, 0x60, 0x77, 0x81,
    0xFE, 0x07, 0xE0, 0x3E, 0x03, 0xF0, 0x0F, 0xC0, 0x37, 0x00, 0x9C, 0x00, 0x70, 0x01, 0xC0, 0x07,
    0xFF, 0x1F, 0xFC, 0x7F, 0xF0, 0x38, 0x70, 0xE1, 0xC3, 0xA7, 0xCF, 0xBE, 0xF9, 0xF2, 0xE1, 0xC3,
    0x87, 0x0E, 0x1C, 0x38, 0x70, 0x00, 0xE0, 0x03, 0x80, 0x07, 0x00, 0x1C, 0x00, 0x00, 0x00, 0x00,
    0x3C, 0x03, 0xFC, 0x07, 0xF8, 0x0F, 0xF8, 0x1F, 0xF8, 0x3F, 0x70, 0x7E, 0xF0, 0xFC, 0xF1, 0xF9,
    0xE3, 0xF1, 0xE7, 0xE1, 0xCF, 0xC3, 0xDF, 0x83, 0xBF, 0x07, 0xFE, 0x07, 0xFC, 0x07, 0xF8, 0x0F,
    0xF0, 0x0F, 0x03, 0xC0, 0x70, 0x07, 0x00, 0xE0, 0x00, 0x0E, 0x38, 0xEF, 0xEF, 0xFE, 0xF9, 0xFF,
    0x0F, 0xE0, 0xFE, 0x0F, 0xE0, 0xFE, 0x0F, 0xE0, 0xFE, 0x0F, 0xE0, 0xFE, 0x0F, 0xE0, 0xF0, 0xF0,
    0x0F, 0xF0, 0x1F, 0xE0, 0x3F, 0xE0, 0x7F, 0xE0, 0xFD, 0xC1, 0xFB, 0xC3, 0xF3, 0xC7, 0xE7, 0x8F,
    0xC7, 0x9F, 0x87, 0x3F, 0x0F, 0x7E, 0x0E, 0xFC, 0x1F, 0xF8, 0x1F, 0xF0, 0x1F, 0xE0, 0x3F, 0xC0,
    0x3C, 0x00, 0x00, 0x1C, 0x00, 0x38, 0x00, 0xE0, 0x01, 0xC0, 0x03, 0x00, 0xE3, 0x8E, 0xFE, 0xFF,
    0xEF, 0x9F, 0xF0, 0xFE, 0x0F, 0xE0, 0xFE, 0x0F, 0xE0, 0xFE, 0x0F, 0xE0, 0xFE, 0x0F, 0xE0, 0xFE,
    0x0F, 0x00, 0x00, 0xE0, 0x0E, 0x00, 0xE0, 0x1C, 0x01, 0xC0, 0x1C, 0x70, 0x1D, 0xC0, 0x1F, 0x00,
    0x1C, 0x00, 0x00, 0x00, 0x00, 0x3C, 0x03, 0xFC, 0x07, 0xF8, 0x0F, 0xF8, 0x1F, 0xF8, 0x3F, 0x70,
    0x7E, 0xF0, 0xFC, 0xF1, 0xF9, 0xE3, 0xF1, 0xE7, 0xE1, 0xCF, 0xC3, 0xDF, 0x83, 0xBF, 0x07, 0xFE,
    0x07, 0xFC, 0x07, 0xF8, 0x0F, 0xF0, 0x0F, 0x79, 0xE3, 0xB8, 0x1F, 0x00, 0xE0, 0x00, 0x0E, 0x38,
    0xEF, 0xEF, 0xFE, 0xF9, 0xFF, 0x0F, 0xE0, 0xFE, 0x0F, 0xE0, 0xFE, 0x0F, 0xE0, 0xFE, 0x0F, 0xE0,
    0xFE, 0x0F, 0xE0, 0xF0, 0xF0, 0x0F, 0xF0, 0x1F, 0xE0, 0x3F, 0xE0, 0x7F, 0xE0, 0xFD, 0xC1, 0xFB,
    0xC3, 0xF3, 0xC7, 0xE7, 0x8F, 0xC7, 0x9F, 0x87, 0x3F, 0x0F, 0x7E, 0x0E, 0xFC, 0x1F, 0xF8, 0x1F,
    0xF0, 0x1F, 0xE0, 0x3F, 0xC0, 0x3C, 0x00, 0x38, 0x00, 0x70, 0x07, 0xE0, 0x0F, 0xC0, 0x1F, 0x00,
    0xE3, 0x8E, 0xFE, 0xFF, 0xEF, 0x9F, 0xF0, 0xFE, 0x0F, 0xE0, 0xFE, 0x0F, 0xE0, 0xFE, 0x0F, 0xE0,
    0xFE, 0x0F, 0xE0, 0xFE, 0x0F, 0x00, 0xF0, 0x0F, 0x03, 0xF0, 0x3F, 0x03, 0xE0, 0x07, 0xF0, 0x03,
    0xF8, 0x00, 0x00, 0x00, 0x00, 0x00, 0x00, 0x00, 0x3F, 0xC0, 0x7F, 0xF0, 0x7F, 0xFC, 0x7C, 0x1F,
    0x3C, 0x07, 0x9E, 0x01, 0xFE, 0x00, 0xFF, 0x00, 0x7F, 0x80, 0x3F, 0xC0, 0x1F, 0xE0, 0x0F, 0xF0,
    0x07, 0xBC, 0x03, 0xDE, 0x03, 0xC7, 0xC3, 0xE3, 0xFF, 0xE0, 0xFF, 0xE0, 0x1F, 0xC0, 0x1F, 0xC0,
    0xFE, 0x00, 0x00, 0x00, 0x00, 0xF8, 0x1F, 0xF1, 0xFF, 0xCF, 0x1F, 0xF0, 0x7F, 0x83, 0xFC, 0x0F,
    0xE0, 0x7F, 0x07, 0xF8, 0x3D, 0xE1, 0xEF, 0xFE, 0x3F, 0xE0, 0xFE, 0x00, 0x0E, 0x18, 0x03, 0xB8,
    0x00, 0xFC, 0x00, 0x38, 0x00, 0x00, 0x00, 0x00, 0x00, 0x1F, 0xE0, 0x3F, 0xF8, 0x3F, 0xFE, 0x3E,
    0x0F, 0x9E, 0x03, 0xCF, 0x00, 0xFF, 0x00, 0x7F, 0x80, 0x3F, 0xC0, 0x1F, 0xE0, 0x0F, 0xF0, 0x07,
    0xF8, 0x03, 0xDE, 0x01, 0xEF, 0x01, 0xE3, 0xE1, 0xF1, 0xFF, 0xF0, 0x7F, 0xF0, 0x0F, 0xE0, 0x38,
    0x60, 0xE6, 0x03, 0xF0, 0x0E, 0x00, 0x00, 0x07, 0xC0, 0xFF, 0x8F, 0xFE, 0x78, 0xFF, 0x83, 0xFC,
    0x1F, 0xE0, 0x7F, 0x03, 0xF8, 0x3F, 0xC1, 0xEF, 0x0F, 0x7F, 0xF1, 0xFF, 0x07, 0xF0, 0x07, 0xBC,
    0x03, 0x9C, 0x01, 0x9C, 0x01, 0xDC, 0x00, 0x00, 0x00, 0x00, 0x00, 0x1F, 0xE0, 0x3F, 0xF8, 0x3F,
    0xFE, 0x3E, 0x0F, 0x9E, 0x03, 0xCF, 0x00, 0xFF, 0x00, 0x7F, 0x80, 0x3F, 0xC0, 0x1F, 0xE0, 0x0F,
    0xF0, 0x07, 0xF8, 0x03, 0xDE, 0x01, 0xEF, 0x01, 0xE3, 0xE1, 0xF1, 0xFF, 0xF0, 0x7F, 0xF0, 0x0F,
    0xE0, 0x1E, 0xF0, 0xE7, 0x06, 0x70, 0x73, 0x00, 0x00, 0x07, 0xC0, 0xFF, 0x8F, 0xFE, 0x78, 0xFF,
    0x83, 0xFC, 0x1F, 0xE0, 0x7F, 0x03, 0xF8, 0x3F, 0xC1, 0xEF, 0x0F, 0x7F, 0xF1, 0xFF, 0x07, 0xF0,
    0x07, 0xFF, 0xFE, 0x3F, 0xFF, 0xFC, 0xFF, 0xFF, 0xF9, 0xF0, 0xF0, 0x07, 0x81, 0xE0, 0x0F, 0x03,
    0xC0, 0x3C, 0x07, 0x80, 0x78, 0x0F, 0xFE, 0xF0, 0x1F, 0xFD, 0xE0, 0x3F, 0xFB, 0xC0, 0x78, 0x07,
    0x80, 0xF0, 0x07, 0x81, 0xE0, 0x0F, 0x03, 0xC0, 0x0F, 0x87, 0x80, 0x1F, 0xFF, 0xFF, 0x0F, 0xFF,
    0xFE, 0x07, 0xFF, 0xFC, 0x0F, 0x83, 0xC0, 0x7F, 0xDF, 0xE1, 0xFF, 0xFF, 0xE3, 0xC7, 0xF1, 0xEF,
    0x07, 0xC1, 0xDE, 0x0F, 0x03, 0xFC, 0x0F, 0xFF, 0xF8, 0x1F, 0xFF, 0xF0, 0x78, 0x01, 0xE0, 0xF8,
    0x01, 0xE1, 0xF0, 0x7B, 0xFF, 0xFF, 0xE3, 0xFE, 0xFF, 0x83, 0xF8, 0xFE, 0x00, 0x03, 0xC0, 0x0E,
    0x00, 0x70, 0x01, 0x80, 0x00, 0x00, 0x00, 0x0F, 0xFC, 0x3F, 0xFC, 0xFF, 0xF3, 0x83, 0xEE, 0x07,
    0xB8, 0x1E, 0xE0, 0x7B, 0x81, 0xEF, 0xFF, 0xBF, 0xFC, 0xFF, 0xE3, 0xFF, 0x0E, 0x1E, 0x38, 0x78,
    0xE0, 0xF3, 0x83, 0xEE, 0x07, 0xB8, 0x1F, 0x0E, 0x1C, 0x1C, 0x38, 0x00, 0xE7, 0xEF, 0xFF, 0xFD,
    0xF0, 0xE0, 0xE0, 0xE0, 0xE0, 0xE0, 0xE0, 0xE0, 0xE0, 0xE0, 0xFF, 0xC3, 0xFF, 0xCF, 0xFF, 0x38,
    0x3E, 0xE0, 0x7B, 0x81, 0xEE, 0x07, 0xB8, 0x1E, 0xFF, 0xFB, 0xFF, 0xCF, 0xFE, 0x3F, 0xF0, 0xE1,
    0xE3, 0x87, 0x8E, 0x0F, 0x38, 0x3E, 0xE0, 0x7B, 0x81, 0xF0, 0x00, 0x01, 0xC0, 0x0F, 0x00, 0x38,
    0x00, 0xE0, 0x03, 0x00, 0x73, 0xBB, 0xDF, 0xEF, 0xD7, 0x83, 0x81, 0xC0, 0xE0, 0x70, 0x38, 0x1C,
    0x0E, 0x07, 0x03, 0x80, 0x00, 0xE0, 0xF0, 0x70, 0x38, 0x18, 0x00, 0x79, 0xE0, 0x7E, 0x00, 0xF8,
    0x01, 0xC0, 0x00, 0x00, 0x00, 0x0F, 0xFC, 0x3F, 0xFC, 0xFF, 0xF3, 0x83, 0xEE, 0x07, 0xB8, 0x1E,
    0xE0, 0x7B, 0x81, 0xEF, 0xFF, 0xBF, 0xFC, 0xFF, 0xE3, 0xFF, 0x0E, 0x1E, 0x38, 0x78, 0xE0, 0xF3,
    0x83, 0xEE, 0x07, 0xB8, 0x1F, 0xE3, 0xDD, 0xC3, 0xE0, 0x70, 0x00, 0x1C, 0xE7, 0x79, 0xFE, 0x7E,
    0x9E, 0x07, 0x01, 0xC0, 0x70, 0x1C, 0x07, 0x01, 0xC0, 0x70, 0x1C, 0x07, 0x00, 0x01, 0xE0, 0x07,
    0x00, 0x38, 0x00, 0xE0, 0x00, 0x00, 0x00, 0x01, 0xFE, 0x0F, 0xFE, 0x7F, 0xF9, 0xE0, 0xF7, 0x03,
    0xDC, 0x00, 0x7C, 0x01, 0xFE, 0x03, 0xFF, 0x03, 0xFE, 0x01, 0xFC, 0x00, 0xFF, 0x01, 0xFC, 0x0F,
    0xF8, 0x3D, 0xFF, 0xF3, 0xFF, 0x87, 0xF8, 0x03, 0xC0, 0x38, 0x07, 0x00, 0x60, 0x00, 0x00, 0xF0,
    0x3F, 0xC7, 0xFE, 0xF0, 0xFF, 0x00, 0xF8, 0x07, 0xFC, 0x3F, 0xE0, 0x7F, 0x00, 0xFF, 0x0F, 0xFF,
    0xF7, 0xFE, 0x3F, 0xC0, 0x07, 0x80, 0x3F, 0x01, 0xCE, 0x0E, 0x1C, 0x00, 0x00, 0x00, 0x01, 0xFE,
    0x0F, 0xFE, 0x7F, 0xF9, 0xE0, 0xF7, 0x03, 0xDC, 0x00, 0x7C, 0x01, 0xFE, 0x03, 0xFF, 0x03, 0xFE,
    0x01, 0xFC, 0x00, 0xFF, 0x01, 0xFC, 0x0F, 0xF8, 0x3D, 0xFF, 0xF3, 0xFF, 0x87, 0xF8, 0x0F, 0x01,
    0xF8, 0x39, 0xC7, 0x0E, 0x00, 0x00, 0xF0, 0x3F, 0xC7, 0xFE, 0xF0, 0xFF, 0x00, 0xF8, 0x07, 0xFC,
    0x3F, 0xE0, 0x7F, 0x00, 0xFF, 0x0F, 0xFF, 0xF7, 0xFE, 0x3F, 0xC0, 0x1F, 0xE0, 0xFF, 0xE7, 0xFF,
    0x9E, 0x0F, 0x70, 0x3D, 0xC0, 0x07, 0xC0, 0x1F, 0xE0, 0x3F, 0xF0, 0x3F, 0xE0, 0x1F, 0xC0, 0x0F,
    0xF0, 0x1F, 0xC0, 0xFF, 0x83, 0xDF, 0xFF, 0x3F, 0xF8, 0x7F, 0x80, 0x30, 0x00, 0xF0, 0x00, 0xC0,
    0x03, 0x00, 0x3C, 0x00, 0x0F, 0x03, 0xFC, 0x7F, 0xEF, 0x0F, 0xF0, 0x0F, 0x80, 0x7F, 0xC3, 0xFE,
    0x07, 0xF0, 0x0F, 0xF0, 0xFF, 0xFF, 0x7F, 0xE3, 0xFC, 0x06, 0x00, 0x78, 0x01, 0x80, 0x18, 0x07,
    0x80, 0x3C, 0xF0, 0x3B, 0x80, 0x7C, 0x00, 0xE0, 0x00, 0x00, 0x00, 0x01, 0xFE, 0x0F, 0xFE, 0x7F,
    0xF9, 0xE0, 0xF7, 0x03, 0xDC, 0x00, 0x7C, 0x01, 0xFE, 0x03, 0xFF, 0x03, 0xFE, 0x01, 0xFC, 0x00,
    0xFF, 0x01, 0xFC, 0x0F, 0xF8, 0x3D, 0xFF, 0xF3, 0xFF, 0x87, 0xF8, 0x79, 0xE1, 0xF8, 0x0F, 0x00,
    0x60, 0x00, 0x00, 0xF0, 0x3F, 0xC7, 0xFE, 0xF0, 0xFF, 0x00, 0xF8, 0x07, 0xFC, 0x3F, 0xE0, 0x7F,
    0x00, 0xFF, 0x0F, 0xFF, 0xF7, 0xFE, 0x3F, 0xC0, 0xFF, 0xFF, 0xFF, 0xFF, 0xFF, 0xF8, 0x3C, 0x00,
    0x78, 0x00, 0xF0, 0x01, 0xE0, 0x03, 0xC0, 0x07, 0x80, 0x0F, 0x00, 0x1E, 0x00, 0x3C, 0x00, 0x78,
    0x00, 0xF0, 0x01, 0xE0, 0x03, 0xC0, 0x07, 0x80, 0x0F, 0x00, 0x0C, 0x00, 0x1E, 0x00, 0x0C, 0x00,
    0x18, 0x00, 0xF0, 0x00, 0x3C, 0x1E, 0x0F, 0x1F, 0xEF, 0xF7, 0xF8, 0xF0, 0x78, 0x3C, 0x1E, 0x0F,
    0x07, 0x83, 0xC1, 0xE0, 0xFC, 0x3E, 0x0F, 0x82, 0x01, 0xC0, 0x30, 0x38, 0x78, 0x3C, 0xF0, 0x1D,
    0xC0, 0x1F, 0x00, 0x1C, 0x00, 0x00, 0x00, 0x00, 0x3F, 0xFF, 0xFF, 0xFF, 0xFF, 0xFE, 0x0F, 0x00,
    0x1E, 0x00, 0x3C, 0x00, 0x78, 0x00, 0xF0, 0x01, 0xE0, 0x03, 0xC0, 0x07, 0x80, 0x0F, 0x00, 0x1E,
    0x00, 0x3C, 0x00, 0x78, 0x00, 0xF0, 0x01, 0xE0, 0x03, 0xC0, 0x01, 0xC0, 0x70, 0x1C, 0xF7, 0x3D,
    0x8F, 0x0F, 0xF3, 0xFC, 0xFF, 0x0F, 0x03, 0xC0, 0xF0, 0x3C, 0x0F, 0x03, 0xC0, 0xF0, 0x3C, 0x0F,
    0xC1, 0xF0, 0x3E, 0xFF, 0xFF, 0xFF, 0xFF, 0xFF, 0xF8, 0x3C, 0x00, 0x78, 0x00, 0xF0, 0x01, 0xE0,
    0x03, 0xC0, 0x3F, 0xF8, 0x7F, 0xF0, 0x1E, 0x00, 0x3C, 0x00, 0x78, 0x00, 0xF0, 0x01, 0xE0, 0x03,
    0xC0, 0x07, 0x80, 0x0F, 0x00, 0x3C, 0x1E, 0x0F, 0x1F, 0xEF, 0xF7, 0xF8, 0xF0, 0x78, 0xFF, 0x7F,
    0x8F, 0x07, 0x83, 0xC1, 0xE0, 0xFC, 0x3E, 0x0F, 0x80, 0x0E, 0x60, 0x3F, 0xC0, 0x67, 0x80, 0x00,
    0x00, 0x00, 0x00, 0x00, 0x38, 0x07, 0xF0, 0x0F, 0xE0, 0x1F, 0xC0, 0x3F, 0x80, 0x7F, 0x00, 0xFE,
    0x01, 0xFC, 0x03, 0xF8, 0x07, 0xF0, 0x0F, 0xE0, 0x1F, 0xC0, 0x3F, 0xC0, 0x7F, 0x81, 0xEF, 0x87,
    0xCF, 0xFF, 0x0F, 0xFE, 0x0F, 0xF0, 0x1C, 0xC3, 0xFC, 0x37, 0x80, 0x00, 0x00, 0x0E, 0x0F, 0xE0,
    0xFE, 0x0F, 0xE0, 0xFE, 0x0F, 0xE0, 0xFE, 0x0F, 0xE0, 0xFE, 0x0F, 0xE0, 0xFF, 0x1F, 0xFF, 0x77,
    0xF7, 0x3E, 0x70, 0x0F, 0xE0, 0x1F, 0xC0, 0x00, 0x00, 0x00, 0x00, 0x00, 0x1C, 0x03, 0xF8, 0x07,
    0xF0, 0x0F, 0xE0, 0x1F, 0xC0, 0x3F, 0x80, 0x7F, 0x00, 0xFE, 0x01, 0xFC, 0x03, 0xF8, 0x07, 0xF0,
    0x0F, 0xE0, 0x1F, 0xE0, 0x3F, 0xC0, 0xF7, 0xC3, 0xE7, 0xFF, 0x87, 0xFF, 0x07, 0xF8, 0x00, 0x3F,
    0x83, 0xF8, 0x00, 0x00, 0x00, 0xE0, 0xFE, 0x0F, 0xE0, 0xFE, 0x0F, 0xE0, 0xFE, 0x0F, 0xE0, 0xFE,
    0x0F, 0xE0, 0xFE, 0x0F, 0xF1, 0xFF, 0xF7, 0x7F, 0x73, 0xE7, 0x18, 0x60, 0x39, 0xC0, 0x3F, 0x00,
    0x18, 0x00, 0x00, 0x00, 0x00, 0x38, 0x07, 0xF0, 0x0F, 0xE0, 0x1F, 0xC0, 0x3F, 0x80, 0x7F, 0x00,
    0xFE, 0x01, 0xFC, 0x03, 0xF8, 0x07, 0xF0, 0x0F, 0xE0, 0x1F, 0xC0, 0x3F, 0xC0, 0x7F, 0x81, 0xEF,
    0x87, 0xCF, 0xFF, 0x0F, 0xFE, 0x0F, 0xF0, 0x30, 0xC3, 0x9C, 0x1F, 0x80, 0x60, 0x00, 0x0E, 0x0F,
    0xE0, 0xFE, 0x0F, 0xE0, 0xFE, 0x0F, 0xE0, 0xFE, 0x0F, 0xE0, 0xFE, 0x0F, 0xE0, 0xFF, 0x1F, 0xFF,
    0x77, 0xF7, 0x3E, 0x70, 0x03, 0x80, 0x1F, 0x80, 0x33, 0x00, 0x63, 0x00, 0xFC, 0x00, 0xF0, 0x00,
    0x00, 0x70, 0x0F, 0xE0, 0x1F, 0xC0, 0x3F, 0x80, 0x7F, 0x00, 0xFE, 0x01, 0xFC, 0x03, 0xF8, 0x07,
    0xF0, 0x0F, 0xE0, 0x1F, 0xC0, 0x3F, 0x80, 0x7F, 0x80, 0xFF, 0x03, 0xDF, 0x0F, 0x9F, 0xFE, 0x1F,
    0xFC, 0x1F, 0xE0, 0x0E, 0x01, 0xF8, 0x19, 0x83, 0x18, 0x1B, 0x81, 0xF0, 0x00, 0x0E, 0x0F, 0xE0,
    0xFE, 0x0F, 0xE0, 0xFE, 0x0F, 0xE0, 0xFE, 0x0F, 0xE0, 0xFE, 0x0F, 0xE0, 0xFF, 0x1F, 0xFF, 0x77,
    0xF7, 0x3E, 0x70, 0x0E, 0x78, 0x1D, 0xC0, 0x73, 0x80, 0xCE, 0x00, 0x00, 0x00, 0x00, 0x38, 0x07,
    0xF0, 0x0F, 0xE0, 0x1F, 0xC0, 0x3F, 0x80, 0x7F, 0x00, 0xFE, 0x01, 0xFC, 0x03, 0xF8, 0x07, 0xF0,
    0x0F, 0xE0, 0x1F, 0xC0, 0x3F, 0xC0, 0x7F, 0x81, 0xEF, 0x87, 0xCF, 0xFF, 0x0F, 0xFE, 0x0F, 0xF0,
    0x3D, 0xE3, 0x9C, 0x3B, 0x87, 0x30, 0x00, 0x0E, 0x0F, 0xE0, 0xFE, 0x0F, 0xE0, 0xFE, 0x0F, 0xE0,
    0xFE, 0x0F, 0xE0, 0xFE, 0x0F, 0xE0, 0xFF, 0x1F, 0xFF, 0x77, 0xF7, 0x3E, 0x70, 0xE0, 0x1F, 0xC0,
    0x3F, 0x80, 0x7F, 0x00, 0xFE, 0x01, 0xFC, 0x03, 0xF8, 0x07, 0xF0, 0x0F, 0xE0, 0x1F, 0xC0, 0x3F,
    0x80, 0x7F, 0x00, 0xFF, 0x01, 0xFE, 0x07, 0xBE, 0x1F, 0x3F, 0xFC, 0x3F, 0xF8, 0x3F, 0xC0, 0x0E,
    0x00, 0x38, 0x00, 0x70, 0x00, 0xF8, 0x00, 0xF8, 0x00, 0xE0, 0xF7, 0x07, 0xB8, 0x3D, 0xC1, 0xEE,
    0x0F, 0x70, 0x7B, 0x83, 0xDC, 0x1E, 0xE0, 0xF7, 0x07, 0xBC, 0x7D, 0xFE, 0xE7, 0xF7, 0x1F, 0x38,
    0x03, 0x80, 0x38, 0x01, 0xC0, 0x0F, 0x80, 0x3E, 0x00, 0x3C, 0x00, 0x00, 0x7E, 0x00, 0x00, 0xE7,
    0x00, 0x01, 0xC3, 0x80, 0x00, 0x00, 0x00, 0x00, 0x00, 0x00, 0xF0, 0x3C, 0x0F, 0xF0, 0x3C, 0x0F,
    0xF0, 0x7E, 0x0F, 0x78, 0x7E, 0x1E, 0x78, 0x7E, 0x1E, 0x78, 0x7E, 0x1E, 0x78, 0xFF, 0x1E, 0x38,
    0xEF, 0x3C, 0x3C, 0xE7, 0x3C, 0x3C, 0xE7, 0x3C, 0x3D, 0xE7, 0x38, 0x1D, 0xC3, 0xB8, 0x1D, 0xC3,
    0xF8, 0x1F, 0xC3, 0xF8, 0x0F, 0xC3, 0xF0, 0x0F, 0x81, 0xF0, 0x0F, 0x81, 0xF0, 0x0F, 0x81, 0xF0,
    0x00, 0x78, 0x00, 0x07, 0xE0, 0x00, 0x77, 0x80, 0x07, 0x1E, 0x00, 0x00, 0x00, 0x78, 0x38, 0x3D,
    0xC1, 0xE1, 0xEF, 0x1F, 0x1E, 0x78, 0xF8, 0xF1, 0xC7, 0xC7, 0x8E, 0x37, 0x38, 0x7B, 0xB9, 0xC3,
    0xDD, 0xDE, 0x0E, 0xE6, 0xE0, 0x76, 0x37, 0x03, 0xB1, 0xF8, 0x0F, 0x8F, 0xC0, 0x7C, 0x3C, 0x03,
    0xC1, 0xE0, 0x03, 0xC0, 0x03, 0xF0, 0x03, 0x9C, 0x03, 0x87, 0x00, 0x00, 0x00, 0x00, 0x07, 0xC0,
    0x3C, 0xF0, 0x3E, 0x78, 0x1E, 0x1E, 0x1F, 0x0F, 0x8F, 0x03, 0xCF, 0x00, 0xF7, 0x80, 0x7F, 0x80,
    0x1F, 0xC0, 0x0F, 0xC0, 0x03, 0xC0, 0x01, 0xE0, 0x00, 0xF0, 0x00, 0x78, 0x00, 0x3C, 0x00, 0x1E,
    0x00, 0x0F, 0x00, 0x07, 0x80, 0x07, 0xC0, 0x0F, 0xC0, 0x3B, 0xC0, 0xE3, 0xC0, 0x00, 0x1E, 0x03,
    0xDE, 0x0F, 0x3C, 0x1E, 0x38, 0x38, 0x78, 0xF0, 0xF1, 0xE0, 0xE3, 0x81, 0xEF, 0x03, 0xDE, 0x03,
    0xB8, 0x07, 0x70, 0x07, 0xC0, 0x0F, 0x80, 0x1F, 0x00, 0x3C, 0x00, 0x78, 0x07, 0xE0, 0x0F, 0xC0,
    0x3F, 0x00, 0x0E, 0x70, 0x07, 0x3C, 0x03, 0x9C, 0x00, 0x00, 0x00, 0x00, 0x00, 0x00, 0x07, 0xC0,
    0x3C, 0xF0, 0x3E, 0x78, 0x1E, 0x1E, 0x1F, 0x0F, 0x8F, 0x03, 0xCF, 0x00, 0xF7, 0x80, 0x7F, 0x80,
    0x1F, 0xC0, 0x0F, 0xC0, 0x03, 0xC0, 0x01, 0xE0, 0x00, 0xF0, 0x00, 0x78, 0x00, 0x3C, 0x00, 0x1E,
    0x00, 0x0F, 0x00, 0x07, 0x80, 0x01, 0xE0, 0x07, 0x00, 0x38, 0x00, 0xE0, 0x00, 0x00, 0x00, 0x0F,
    0xFF, 0xFF, 0xFF, 0xFF, 0xFC, 0x01, 0xE0, 0x0F, 0x00, 0x3C, 0x01, 0xE0, 0x0F, 0x00, 0x3C, 0x01,
    0xE0, 0x0F, 0x00, 0x7C, 0x01, 0xE0, 0x0F, 0x00, 0x78, 0x01, 0xFF, 0xFF, 0xFF, 0xFF, 0xFF, 0x03,
    0xC0, 0x38, 0x07, 0x00, 0x60, 0x00, 0x07, 0xFF, 0x7F, 0xF7, 0xFF, 0x01, 0xE0, 0x3C, 0x07, 0xC0,
    0x78, 0x0F, 0x01, 0xE0, 0x3C, 0x07, 0xC0, 0x7F, 0xFF, 0xFF, 0xFF, 0xF0, 0x03, 0x80, 0x1E, 0x00,
    0x38, 0x00, 0x40, 0x00, 0x00, 0x00, 0x0F, 0xFF, 0xFF, 0xFF, 0xFF, 0xFC, 0x01, 0xE0, 0x0F, 0x00,
    0x3C, 0x01, 0xE0, 0x0F, 0x00, 0x3C, 0x01, 0xE0, 0x0F, 0x00, 0x7C, 0x01, 0xE0, 0x0F, 0x00, 0x78,
    0x01, 0xFF, 0xFF, 0xFF, 0xFF, 0xFF, 0x07, 0x00, 0xF0, 0x0F, 0x00, 0x20, 0x00, 0x07, 0xFF, 0x7F,
    0xF7, 0xFF, 0x01, 0xE0, 0x3C, 0x07, 0xC0, 0x78, 0x0F, 0x01, 0xE0, 0x3C, 0x07, 0xC0, 0x7F, 0xFF,
    0xFF, 0xFF, 0xF0, 0x3C, 0xF0, 0x3B, 0x80, 0x7C, 0x00, 0xE0, 0x00, 0x00, 0x00, 0x0F, 0xFF, 0xFF,
    0xFF, 0xFF, 0xFC, 0x01, 0xE0, 0x0F, 0x00, 0x3C, 0x01, 0xE0, 0x0F, 0x00, 0x3C, 0x01, 0xE0, 0x0F,
    0x00, 0x7C, 0x01, 0xE0, 0x0F, 0x00, 0x78, 0x01, 0xFF, 0xFF, 0xFF, 0xFF, 0xFF, 0x79, 0xE1, 0xFC,
    0x0F, 0x80, 0x70, 0x00, 0x07, 0xFF, 0x7F, 0xF7, 0xFF, 0x01, 0xE0, 0x3C, 0x07, 0xC0, 0x78, 0x0F,
    0x01, 0xE0, 0x3C, 0x07, 0xC0, 0x7F, 0xFF, 0xFF, 0xFF, 0xF0, 0x3F, 0xFB, 0xF7, 0x0E, 0x1C, 0x38,
    0x70, 0xE1, 0xC3, 0x87, 0x0E, 0x1C, 0x38, 0x70, 0xE1, 0xC3, 0x80, 0x00, 0x03, 0x80, 0x01, 0xC0,
    0x00, 0xE0, 0xFF, 0xF1, 0xFF, 0xF9, 0xFF, 0xF1, 0xF0, 0x7C, 0xF0, 0x1E, 0x78, 0x07, 0xF8, 0x03,
    0xFC, 0x01, 0xFE, 0x00, 0xFF, 0x00, 0x7F, 0x80, 0x3F, 0xC0, 0x1E, 0xF0, 0x0F, 0x78, 0x0F, 0x1F,
    0x0F, 0x8F, 0xFF, 0x83, 0xFF, 0x80, 0x7F, 0x00, 0x00, 0x1C, 0x00, 0x70, 0x01, 0xC3, 0xFF, 0x3F,
    0xF9, 0xFF, 0xC7, 0x8F, 0xBC, 0x1E, 0xF0, 0x7B, 0xC0, 0xEF, 0x03, 0xBC, 0x1E, 0xF0, 0x79, 0xE1,
    0xE7, 0xFF, 0x0F, 0xF8, 0x1F, 0xC0, 0x00, 0x03, 0x80, 0x01, 0xC0, 0x00, 0xFC, 0x03, 0xFE, 0x01,
    0xF7, 0x00, 0xF3, 0x80, 0x79, 0xC0, 0x3C, 0xE0, 0x1E, 0x70, 0x0F, 0x38, 0x07, 0x9C, 0x03, 0xCE,
    0x01, 0xE7, 0x00, 0xF3, 0x80, 0x79, 0xE0, 0x3C, 0xF0, 0x3C, 0x7C, 0x3E, 0x1F, 0xFE, 0x07, 0xFF,
    0x01, 0xFE, 0x00, 0x00, 0x1C, 0x00, 0x70, 0x01, 0xF8, 0x3F, 0xE0, 0xFF, 0x83, 0xCE, 0x0F, 0x38,
    0x3C, 0xE0, 0xF3, 0x83, 0xCE, 0x0F, 0x38, 0x3C, 0xE0, 0xF3, 0xC7, 0xCF, 0xF7, 0x1F, 0xDC, 0x3E,
    0x70, 0x00, 0x00, 0x3C, 0xF7, 0xFE, 0x00, 0x7F, 0x3F, 0xFC, 0x01, 0xF1, 0xFF, 0xF0, 0x07, 0x0E,
    0x0F, 0xC0, 0x00, 0x70, 0x1E, 0x1F, 0xFF, 0x80, 0x70, 0xFF, 0xFC, 0x03, 0xC7, 0xFF, 0xE0, 0x1E,
    0x00, 0xF7, 0x00, 0xF0, 0x0F, 0x38, 0x07, 0x80, 0x79, 0xC0, 0x3C, 0x07, 0x8E, 0x01, 0xE0, 0x78,
    0x70, 0x1E, 0x07, 0x83, 0x80, 0xF0, 0x78, 0x1C, 0x1F, 0x03, 0xC0, 0xFF, 0xF8, 0x3F, 0xFF, 0xFF,
    0x01, 0xFF, 0xFF, 0xE0, 0x0F, 0xFE, 0x00, 0x00, 0x39, 0xE0, 0x03, 0x83, 0xF8, 0x00, 0x38, 0x1F,
    0x00, 0x03, 0x80, 0xE0, 0x00, 0x38, 0x00, 0x00, 0xE3, 0x8F, 0xFE, 0x3F, 0xB8, 0xFF, 0xE7, 0xFB,
    0x8F, 0xFE, 0x78, 0xF8, 0x01, 0xEF, 0x07, 0x80, 0x3C, 0xF0, 0x78, 0x07, 0x8F, 0x03, 0x80, 0xF8,
    0xF0, 0x38, 0x0F, 0x0F, 0x07, 0x81, 0xE0, 0xF0, 0x78, 0x3C, 0x0F, 0x87, 0x87, 0x80, 0x7F, 0xF8,
    0xFF, 0xF3, 0xFB, 0x8F, 0xFF, 0x1F, 0x38, 0xFF, 0xF0, 0xE0, 0x00, 0x07, 0xF0, 0x00, 0x03, 0xF8,
    0x00, 0x01, 0xFC, 0x00, 0x00, 0xFE, 0x00, 0x00, 0x7F, 0x00, 0x00, 0x3F, 0x80, 0x00, 0x1F, 0xC0,
    0x00, 0x0F, 0xE0, 0x00, 0x07, 0xF0, 0x00, 0x03, 0xF8, 0x00, 0x01, 0xFC, 0x00, 0xF0, 0xFE, 0x00,
    0x78, 0x7F, 0x00, 0x3C, 0x3F, 0x80, 0x1E, 0x1F, 0xFF, 0xC7, 0xFE, 0xFF, 0xE3, 0xFF, 0x7F, 0xF0,
    0x7E, 0x00, 0x00, 0x03, 0xB8, 0x00, 0xFE, 0x00, 0x3B, 0x80, 0x04, 0xE0, 0x00, 0x38, 0x00, 0xEE,
    0x00, 0x3B, 0x80, 0x0E, 0xE0, 0x03, 0xB8, 0x00, 0xEE, 0x00, 0x3B, 0x80, 0x0E, 0xE0, 0x03, 0xB8,
    0x00, 0xEE, 0x00, 0x3B, 0x80, 0x0E, 0xFF, 0xE3, 0xBF, 0xF8, 0xEF, 0xFE, 0x38, 0x00, 0x0E, 0x00,
    0x03, 0x80, 0x03, 0xE0, 0x00, 0xF8, 0x00, 0x38, 0x01, 0xF8, 0xFE, 0x3F, 0x82, 0xE0, 0x38, 0xFE,
    0x3F, 0x8F, 0xE3, 0xF8, 0xFE, 0x3F, 0x8F, 0xE3, 0xF8, 0xFE, 0x3F, 0x8F, 0xE3, 0xF8, 0xFE, 0x3C,
    0x0F, 0x03, 0xC3, 0xF0, 0xF8, 0x3C, 0xF0, 0x0E, 0x00, 0x3F, 0xE0, 0x38, 0x00, 0xFF, 0x80, 0xE0,
    0x03, 0xFF, 0x03, 0x80, 0x0F, 0xFE, 0x0E, 0x00, 0x3F, 0xB8, 0x38, 0x00, 0xFE, 0xF0, 0xE0, 0x03,
    0xF9, 0xE3, 0x80, 0x0F, 0xE7, 0x8E, 0x00, 0x3F, 0x8F, 0x38, 0x00, 0xFE, 0x1C, 0xE0, 0x03, 0xF8,
    0x7B, 0x8F, 0x0F, 0xE0, 0xEE, 0x3C, 0x3F, 0x83, 0xF8, 0xF0, 0xFE, 0x07, 0xE3, 0xC3, 0xF8, 0x0F,
    0x87, 0xFE, 0xE0, 0x3E, 0x1F, 0xFB, 0x80, 0x78, 0x1F, 0x80, 0x00, 0x00, 0x1F, 0xC0, 0x38, 0xFF,
    0x80, 0xE1, 0xFE, 0x03, 0x82, 0xFC, 0x0E, 0x03, 0xF8, 0x38, 0x7E, 0xE0, 0xE1, 0xFB, 0xC3, 0x87,
    0xE7, 0x8E, 0x1F, 0x9E, 0x38, 0x7E, 0x3C, 0xE1, 0xF8, 0x73, 0x87, 0xE1, 0xEE, 0x1F, 0x83, 0xB8,
    0x7E, 0x0F, 0xE1, 0xF8, 0x1F, 0x87, 0xE0, 0x3E, 0x1F, 0x80, 0xF8, 0x7E, 0x01, 0xE1, 0xC0, 0x00,
    0x07, 0x00, 0x00, 0x3C, 0x00, 0x03, 0xF0, 0x00, 0x0F, 0x80, 0x00, 0x3C, 0x00, 0x01, 0xE0, 0x00,
    0x3C, 0x00, 0x07, 0x80, 0x00, 0x60, 0x00, 0x01, 0xC7, 0x03, 0xFB, 0xF8, 0x7F, 0xFF, 0x0F, 0xF9,
    0xF1, 0xFE, 0x1E, 0x3F, 0x83, 0xC7, 0xF0, 0x78, 0xFE, 0x0F, 0x1F, 0xC1, 0xE3, 0xF8, 0x3C, 0x7F,
    0x07, 0x8F, 0xE0, 0xF1, 0xFC, 0x1E, 0x3F, 0x83, 0xC7, 0x80, 0x00, 0xF0, 0x00, 0x1E, 0x00, 0x0F,
    0xC0, 0x01, 0xF0, 0x00, 0x3C, 0x1E, 0x78, 0x03, 0xB8, 0x00, 0xF8, 0x00, 0x38, 0x00, 0x00, 0x00,
    0x00, 0x00, 0x0F, 0x80, 0x0F, 0xC0, 0x07, 0xF0, 0x03, 0xF8, 0x03, 0xDC, 0x01, 0xEF, 0x00, 0xE7,
    0x80, 0xF3, 0xC0, 0x78, 0xF0, 0x78, 0x78, 0x3C, 0x3C, 0x1F, 0xFF, 0x1F, 0xFF, 0x8F, 0xFF, 0xC7,
    0x80, 0xF7, 0xC0, 0x7B, 0xC0, 0x3F, 0xE0, 0x0F, 0x79, 0xE1, 0xDC, 0x0F, 0x80, 0x70, 0x00, 0x00,
    0xF0, 0x3F, 0xC7, 0xFE, 0xF0, 0xF0, 0x0F, 0x00, 0xF1, 0xFF, 0x7F, 0xFF, 0x8F, 0xE0, 0xFE, 0x0F,
    0xF3, 0xFF, 0xFF, 0x7E, 0xF0, 0xE3, 0xBB, 0x8F, 0x83, 0x80, 0x00, 0x00, 0x70, 0x38, 0x1C, 0x0E,
    0x07, 0x03, 0x81, 0xC0, 0xE0, 0x70, 0x38, 0x1C, 0x0E, 0x07, 0x03, 0x81, 0xC0, 0xE0, 0x70, 0x38,
    0xF1, 0xCE, 0xE1, 0xF0, 0x38, 0x00, 0x03, 0x80, 0xE0, 0x38, 0x0E, 0x03, 0x80, 0xE0, 0x38, 0x0E,
    0x03, 0x80, 0xE0, 0x38, 0x0E, 0x03, 0x80, 0xE0, 0x0E, 0x3C, 0x03, 0xB8, 0x00, 0xF8, 0x00, 0x38,
    0x00, 0x00, 0x00, 0x00, 0x00, 0x1F, 0xE0, 0x3F, 0xF8, 0x3F, 0xFE, 0x3E, 0x0F, 0x9E, 0x03, 0xCF,
    0x00, 0xFF, 0x00, 0x7F, 0x80, 0x3F, 0xC0, 0x1F, 0xE0, 0x0F, 0xF0, 0x07, 0xF8, 0x03, 0xDE, 0x01,
    0xEF, 0x01, 0xE3, 0xE1, 0xF1, 0xFF, 0xF0, 0x7F, 0xF0, 0x0F, 0xE0, 0x38, 0xF0, 0xEE, 0x03, 0xE0,
    0x0E, 0x00, 0x00, 0x07, 0xC0, 0xFF, 0x8F, 0xFE, 0x78, 0xFF, 0x83, 0xFC, 0x1F, 0xE0, 0x7F, 0x03,
    0xF8, 0x3F, 0xC1, 0xEF, 0x0F, 0x7F, 0xF1, 0xFF, 0x07, 0xF0, 0x3C, 0xF0, 0x1F, 0xC0, 0x1F, 0x00,
    0x1C, 0x00, 0x00, 0x00, 0x00, 0x38, 0x07, 0xF0, 0x0F, 0xE0, 0x1F, 0xC0, 0x3F, 0x80, 0x7F, 0x00,
    0xFE, 0x01, 0xFC, 0x03, 0xF8, 0x07, 0xF0, 0x0F, 0xE0, 0x1F, 0xC0, 0x3F, 0xC0, 0x7F, 0x81, 0xEF,
    0x87, 0xCF, 0xFF, 0x0F, 0xFE, 0x0F, 0xF0, 0x79, 0xE3, 0xB8, 0x1F, 0x00, 0xE0, 0x00, 0x0E, 0x0F,
    0xE0, 0xFE, 0x0F, 0xE0, 0xFE, 0x0F, 0xE0, 0xFE, 0x0F, 0xE0, 0xFE, 0x0F, 0xE0, 0xFF, 0x1F, 0xFF,
    0x77, 0xF7, 0x3E, 0x70, 0x0F, 0xE0, 0x1F, 0xC0, 0x00, 0x00, 0x43, 0x01, 0xCF, 0x03, 0x9E, 0x02,
    0x18, 0x00, 0x00, 0x00, 0x01, 0xC0, 0x3F, 0x80, 0x7F, 0x00, 0xFE, 0x01, 0xFC, 0x03, 0xF8, 0x07,
    0xF0, 0x0F, 0xE0, 0x1F, 0xC0, 0x3F, 0x80, 0x7F, 0x00, 0xFE, 0x01, 0xFE, 0x03, 0xFC, 0x0F, 0x7C,
    0x3E, 0x7F, 0xF8, 0x7F, 0xF0, 0x7F, 0x80, 0x3F, 0x83, 0xF8, 0x00, 0x03, 0x0C, 0x79, 0xC7, 0x9C,
    0x31, 0x80, 0x00, 0xE0, 0xFE, 0x0F, 0xE0, 0xFE, 0x0F, 0xE0, 0xFE, 0x0F, 0xE0, 0xFE, 0x0F, 0xE0,
    0xFE, 0x0F, 0xF1, 0xFF, 0xF7, 0x7F, 0x73, 0xE7, 0x01, 0xC0, 0x03, 0x00, 0x0E, 0x00, 0x00, 0x00,
    0x86, 0x03, 0x9E, 0x07, 0x3C, 0x04, 0x30, 0x00, 0x00, 0x00, 0x03, 0x80, 0x7F, 0x00, 0xFE, 0x01,
    0xFC, 0x03, 0xF8, 0x07, 0xF0, 0x0F, 0xE0, 0x1F, 0xC0, 0x3F, 0x80, 0x7F, 0x00, 0xFE, 0x01, 0xFC,
    0x03, 0xFC, 0x07, 0xF8, 0x1E, 0xF8, 0x7C, 0xFF, 0xF0, 0xFF, 0xE0, 0xFF, 0x00, 0x03, 0x80, 0x70,
    0x06, 0x00, 0x00, 0x30, 0xC7, 0x9C, 0x79, 0xC3, 0x18, 0x00, 0x0E, 0x0F, 0xE0, 0xFE, 0x0F, 0xE0,
    0xFE, 0x0F, 0xE0, 0xFE, 0x0F, 0xE0, 0xFE, 0x0F, 0xE0, 0xFF, 0x1F, 0xFF, 0x77, 0xF7, 0x3E, 0x70,
    0x1C, 0xE0, 0x1F, 0x80, 0x1E, 0x00, 0x00, 0x00, 0x86, 0x03, 0x9E, 0x07, 0x3C, 0x04, 0x30, 0x00,
    0x00, 0x00, 0x03, 0x80, 0x7F, 0x00, 0xFE, 0x01, 0xFC, 0x03, 0xF8, 0x07, 0xF0, 0x0F, 0xE0, 0x1F,
    0xC0, 0x3F, 0x80, 0x7F, 0x00, 0xFE, 0x01, 0xFC, 0x03, 0xFC, 0x07, 0xF8, 0x1E, 0xF8, 0x7C, 0xFF,
    0xF0, 0xFF, 0xE0, 0xFF, 0x00, 0x79, 0xC1, 0xF8, 0x0F, 0x00, 0x00, 0x30, 0xC7, 0x9C, 0x79, 0xC3,
    0x18, 0x00, 0x0E, 0x0F, 0xE0, 0xFE, 0x0F, 0xE0, 0xFE, 0x0F, 0xE0, 0xFE, 0x0F, 0xE0, 0xFE, 0x0F,
    0xE0, 0xFF, 0x1F, 0xFF, 0x77, 0xF7, 0x3E, 0x70, 0x0E, 0x00, 0x0C, 0x00, 0x1C, 0x00, 0x00, 0x00,
    0x86, 0x03, 0x9E, 0x07, 0x3C, 0x04, 0x30, 0x00, 0x00, 0x00, 0x03, 0x80, 0x7F, 0x00, 0xFE, 0x01,
    0xFC, 0x03, 0xF8, 0x07, 0xF0, 0x0F, 0xE0, 0x1F, 0xC0, 0x3F, 0x80, 0x7F, 0x00, 0xFE, 0x01, 0xFC,
    0x03, 0xFC, 0x07, 0xF8, 0x1E, 0xF8, 0x7C, 0xFF, 0xF0, 0xFF, 0xE0, 0xFF, 0x00, 0x3C, 0x01, 0xC0,
    0x0E, 0x00, 0x00, 0x30, 0xC7, 0x9C, 0x79, 0xC3, 0x18, 0x00, 0x0E, 0x0F, 0xE0, 0xFE, 0x0F, 0xE0,
    0xFE, 0x0F, 0xE0, 0xFE, 0x0F, 0xE0, 0xFE, 0x0F, 0xE0, 0xFF, 0x1F, 0xFF, 0x77, 0xF7, 0x3E, 0x70,
    0x1F, 0x81, 0xFF, 0x1F, 0xFD, 0xE1, 0xE0, 0x07, 0x80, 0x3F, 0xFF, 0xFF, 0xFF, 0xFF, 0xFF, 0x83,
    0xDC, 0x3C, 0xFF, 0xE3, 0xFE, 0x0F, 0xC0, 0x07, 0xF0, 0x03, 0xF8, 0x00, 0x00, 0x00, 0xC6, 0x00,
    0xE7, 0x80, 0x73, 0xC0, 0x18, 0xC0, 0x00, 0x00, 0x00, 0x00, 0x01, 0xF0, 0x01, 0xF8, 0x00, 0xFE,
    0x00, 0x7F, 0x00, 0x7B, 0x80, 0x3D, 0xE0, 0x1C, 0xF0, 0x1E, 0x78, 0x0F, 0x1E, 0x0F, 0x0F, 0x07,
    0x87, 0x83, 0xFF, 0xE3, 0xFF, 0xF1, 0xFF, 0xF8, 0xF0, 0x1E, 0xF8, 0x0F, 0x78, 0x07, 0xFC, 0x01,
    0xE0, 0x1F, 0xC1, 0xFC, 0x00, 0x01, 0x0C, 0x39, 0xE3, 0x9E, 0x30, 0xC0, 0x00, 0x0F, 0x03, 0xFC,
    0x7F, 0xEF, 0x0F, 0x00, 0xF0, 0x0F, 0x1F, 0xF7, 0xFF, 0xF8, 0xFE, 0x0F, 0xE0, 0xFF, 0x3F, 0xFF,
    0xF7, 0xEF, 0x07, 0xF0, 0x03, 0xF8, 0x00, 0x00, 0x00, 0x30, 0x00, 0x3C, 0x00, 0x1E, 0x00, 0x07,
    0x00, 0x00, 0x00, 0x00, 0x00, 0x01, 0xF0, 0x01, 0xF8, 0x00, 0xFE, 0x00, 0x7F, 0x00, 0x7B, 0x80,
    0x3D, 0xE0, 0x1C, 0xF0, 0x1E, 0x78, 0x0F, 0x1E, 0x0F, 0x0F, 0x07, 0x87, 0x83, 0xFF, 0xE3, 0xFF,
    0xF1, 0xFF, 0xF8, 0xF0, 0x1E, 0xF8, 0x0F, 0x78, 0x07, 0xFC, 0x01, 0xE0, 0x1F, 0xC1, 0xFC, 0x00,
    0x00, 0x60, 0x0F, 0x00, 0xF0, 0x06, 0x00, 0x00, 0x0F, 0x03, 0xFC, 0x7F, 0xEF, 0x0F, 0x00, 0xF0,
    0x0F, 0x1F, 0xF7, 0xFF, 0xF8, 0xFE, 0x0F, 0xE0, 0xFF, 0x3F, 0xFF, 0xF7, 0xEF, 0x00, 0x0F, 0xE0,
    0x00, 0x1F, 0xC0, 0x00, 0x00, 0x00, 0x00, 0x00, 0x00, 0x00, 0x00, 0x00, 0x3F, 0xFF, 0xC0, 0x7F,
    0xFF, 0x81, 0xEF, 0xFF, 0x03, 0xDE, 0x00, 0x0F, 0x3C, 0x00, 0x1E, 0x78, 0x00, 0x38, 0xF0, 0x00,
    0xF1, 0xFF, 0xE1, 0xE3, 0xFF, 0xC7, 0x87, 0xFF, 0x8F, 0x0F, 0x00, 0x3F, 0xFE, 0x00, 0x7F, 0xFC,
    0x00, 0xFF, 0xF8, 0x03, 0xC0, 0xF0, 0x07, 0x81, 0xFF, 0xFE, 0x03, 0xFF, 0xFC, 0x07, 0xFF, 0x80,
    0x01, 0xFC, 0x00, 0x0F, 0xE0, 0x00, 0x00, 0x00, 0x00, 0x00, 0x00, 0xF0, 0xF0, 0x1F, 0xFF, 0xF1,
    0xFF, 0xFF, 0x9E, 0x1F, 0x1E, 0x00, 0xF0, 0x70, 0x07, 0x83, 0xCF, 0xFF, 0xFE, 0xFF, 0xFF, 0xFF,
    0x0E, 0x00, 0x70, 0x78, 0x03, 0x83, 0xC1, 0xFF, 0x7F, 0xFE, 0xFF, 0xBF, 0xE3, 0xF8, 0xFE, 0x00,
    0x07, 0xF8, 0x07, 0xFF, 0x03, 0xFF, 0xE1, 0xF0, 0x7C, 0x78, 0x0F, 0x1E, 0x01, 0xCF, 0x00, 0x03,
    0xC0, 0x00, 0xF0, 0x7F, 0xBC, 0x1F, 0xEF, 0x07, 0xFB, 0xC0, 0x1C, 0x78, 0x07, 0x1E, 0x1F, 0xF3,
    0xE1, 0xF0, 0xFF, 0xF8, 0x1F, 0xFC, 0x01, 0xFC, 0x00, 0x0E, 0x38, 0x3F, 0xB8, 0x7F, 0xB8, 0x78,
    0xF8, 0xF0, 0x78, 0xF0, 0x78, 0xF1, 0xFF, 0xF1, 0xFF, 0xF0, 0x78, 0xF0, 0x78, 0x78, 0xF8, 0x7F,
    0xF8, 0x3F, 0xB8, 0x0E, 0x38, 0x00, 0x38, 0x30, 0x78, 0xF8, 0xF8, 0x7F, 0xF0, 0x1F, 0xE0, 0x0E,
    0x38, 0x03, 0xB8, 0x00, 0xF8, 0x00, 0x38, 0x00, 0x00, 0x00, 0x00, 0x00, 0x1F, 0xE0, 0x3F, 0xF8,
    0x3F, 0xFE, 0x3E, 0x0F, 0x9E, 0x03, 0xCF, 0x00, 0xEF, 0x00, 0x07, 0x80, 0x03, 0xC1, 0xFF, 0xE0,
    0xFF, 0xF0, 0x7F, 0xF8, 0x03, 0x9E, 0x01, 0xCF, 0x01, 0xE3, 0xE1, 0xF1, 0xFF, 0xF0, 0x7F, 0xF0,
    0x0F, 0xE0, 0x3C, 0xF0, 0xEE, 0x03, 0xE0, 0x0E, 0x00, 0x00, 0x07, 0x1C, 0xFE, 0xEF, 0xF7, 0x78,
    0xFF, 0x83, 0xFC, 0x1F, 0xE0, 0x7F, 0x03, 0xF8, 0x3F, 0xC1, 0xEF, 0x1F, 0x7F, 0xF9, 0xFD, 0xC3,
    0x8E, 0x00, 0x73, 0x07, 0xFC, 0x7D, 0xFF, 0xC3, 0xFC, 0x3C, 0xF0, 0x1F, 0x80, 0x3E, 0x00, 0x38,
    0x00, 0x00, 0x00, 0x00, 0x38, 0x0F, 0xF0, 0x3E, 0xE0, 0xF9, 0xC3, 0xE3, 0x87, 0x87, 0x1E, 0x0E,
    0x78, 0x1D, 0xF0, 0x3B, 0xE0, 0x7F, 0xE0, 0xFB, 0xC1, 0xF3, 0xC3, 0xC7, 0xC7, 0x07, 0x8E, 0x07,
    0x9C, 0x0F, 0xB8, 0x0F, 0x70, 0x0F, 0xF1, 0xC0, 0x3B, 0x80, 0x1F, 0x00, 0x0E, 0x00, 0x00, 0x00,
    0x00, 0x00, 0x0E, 0x00, 0x0E, 0x00, 0x0E, 0x00, 0x0E, 0x00, 0x0E, 0x0F, 0x0E, 0x1E, 0x0E, 0x3C,
    0x0E, 0x78, 0x0E, 0xF8, 0x0E, 0xF0, 0x0F, 0xE0, 0x0F, 0xF0, 0x0F, 0xF8, 0x0E, 0x78, 0x0E, 0x3C,
    0x0E, 0x3E, 0x0E, 0x1E, 0x0E, 0x0F, 0x07, 0xF8, 0x0F, 0xFE, 0x0F, 0xFF, 0x8F, 0x83, 0xE7, 0x80,
    0xF3, 0xC0, 0x3F, 0xC0, 0x1F, 0xE0, 0x0F, 0xF0, 0x07, 0xF8, 0x03, 0xFC, 0x01, 0xFE, 0x00, 0xF7,
    0x80, 0x7B, 0xC0, 0x78, 0xF8, 0x7C, 0x7F, 0xFC, 0x1F, 0xFC, 0x03, 0xFC, 0x00, 0x78, 0x00, 0x70,
    0x00, 0x38, 0x00, 0x1F, 0x00, 0x07, 0xC0, 0x0F, 0x81, 0xFF, 0x1F, 0xFC, 0xF1, 0xFF, 0x07, 0xF8,
    0x3F, 0xC0, 0xFE, 0x07, 0xF0, 0x7F, 0x83, 0xDE, 0x1E, 0xFF, 0xE3, 0xFE, 0x0F, 0xE0, 0x1E, 0x01,
    0xE0, 0x0E, 0x00, 0x7E, 0x01, 0xF0, 0x07, 0xF0, 0x03, 0xF8, 0x00, 0x00, 0x00, 0x00, 0x00, 0x00,
    0x00, 0x3F, 0xC0, 0x7F, 0xF0, 0x7F, 0xFC, 0x7C, 0x1F, 0x3C, 0x07, 0x9E, 0x01, 0xFE, 0x00, 0xFF,
    0x00, 0x7F, 0x80, 0x3F, 0xC0, 0x1F, 0xE0, 0x0F, 0xF0, 0x07, 0xBC, 0x03, 0xDE, 0x03, 0xC7, 0xC3,
    0xE3, 0xFF, 0xE0, 0xFF, 0xE0, 0x1F, 0xE0, 0x03, 0xC0, 0x03, 0x80, 0x01, 0xC0, 0x00, 0xF8, 0x00,
    0x3E, 0x00, 0x1F, 0xC0, 0xFE, 0x00, 0x00, 0x00, 0x00, 0xF8, 0x1F, 0xF1, 0xFF, 0xCF, 0x1F, 0xF0,
    0x7F, 0x83, 0xFC, 0x0F, 0xE0, 0x7F, 0x07, 0xF8, 0x3D, 0xE1, 0xEF, 0xFE, 0x3F, 0xE0, 0xFE, 0x01,
    0xE0, 0x1E, 0x00, 0xE0, 0x07, 0xE0, 0x1F, 0x00, 0x1C, 0x78, 0x1D, 0xC0, 0x1F, 0x00, 0x1C, 0x00,
    0x00, 0x00, 0x00, 0x1F, 0xFF, 0xBF, 0xFF, 0x7F, 0xFE, 0x00, 0x78, 0x01, 0xE0, 0x07, 0x80, 0x1E,
    0x00, 0xF8, 0x01, 0xF0, 0x03, 0xF8, 0x07, 0xF8, 0x00, 0xF8, 0x00, 0xF8, 0x00, 0xF0, 0x01, 0xE0,
    0x03, 0xC0, 0x07, 0xF8, 0x0F, 0xF0, 0x1E, 0xF0, 0x79, 0xFF, 0xF1, 0xFF, 0xC0, 0xFE, 0x00, 0x3C,
    0xF0, 0x3F, 0x80, 0x7C, 0x00, 0xE0, 0x00, 0x00, 0x00, 0x07, 0xFF, 0x9F, 0xFE, 0x7F, 0xF8, 0x03,
    0xC0, 0x1E, 0x00, 0xF0, 0x07, 0x80, 0x1E, 0x00, 0x7F, 0x01, 0xFE, 0x00, 0x7C, 0x00, 0xF0, 0x03,
    0xFC, 0x0F, 0xF8, 0x7D, 0xFF, 0xE3, 0xFF, 0x07, 0xF8, 0xF1, 0xCE, 0xE1, 0xF0, 0x38, 0x00, 0x03,
    0x80, 0xE0, 0x38, 0x0E, 0x03, 0x80, 0xE0, 0x38, 0x0E, 0x03, 0x80, 0xE0, 0x38, 0x0E, 0x03, 0x80,
    0xE0, 0x38, 0x1E, 0x1F, 0x87, 0xC1, 0xE0, 0xFF, 0xC0, 0x7F, 0xFF, 0xFF, 0xE0, 0xFF, 0xFF, 0xFF,
    0xE1, 0xFF, 0xFF, 0x07, 0xE0, 0x01, 0xEE, 0x03, 0xC0, 0x07, 0xDC, 0x03, 0x80, 0x0F, 0x38, 0x07,
    0x80, 0x3C, 0x70, 0x0F, 0x00, 0xF0, 0xE0, 0x1E, 0x01, 0xE1, 0xC0, 0x3C, 0x07, 0x83, 0x80, 0x78,
    0x1E, 0x07, 0x00, 0xF0, 0x7C, 0x0E, 0x03, 0xC0, 0xF0, 0x1C, 0x07, 0x83, 0xC0, 0x38, 0x3E, 0x0F,
    0x00, 0x7F, 0xFC, 0x1F, 0xFF, 0xFF, 0xE0, 0x7F, 0xFF, 0xFF, 0x00, 0xFF, 0xFC, 0xFF, 0xC0, 0x00,
    0x07, 0xFF, 0x80, 0x00, 0x3F, 0xFE, 0x00, 0x01, 0xC1, 0xF8, 0x00, 0x0E, 0x03, 0xC3, 0xFF, 0xF0,
    0x0E, 0x1F, 0xFF, 0x80, 0x78, 0xFF, 0xFC, 0x03, 0xC0, 0x1E, 0xE0, 0x1E, 0x01, 0xE7, 0x00, 0xF0,
    0x0F, 0x38, 0x07, 0x80, 0xF1, 0xC0, 0x3C, 0x0F, 0x0E, 0x03, 0xC0, 0xF0, 0x70, 0x1E, 0x0F, 0x03,
    0x83, 0xE0, 0x78, 0x1F, 0xFF, 0x07, 0xFF, 0xFF, 0xE0, 0x3F, 0xFF, 0xFC, 0x01, 0xFF, 0xC0, 0x00,
    0x38, 0x00, 0x00, 0x03, 0x80, 0x00, 0x00, 0x38, 0x00, 0x00, 0x03, 0x80, 0x00, 0x0E, 0x38, 0xFF,
    0xE3, 0xFB, 0x8F, 0xFE, 0x7F, 0xB8, 0xFF, 0xE7, 0x8F, 0x80, 0x1E, 0xF0, 0x78, 0x03, 0xCF, 0x07,
    0x80, 0x78, 0xF0, 0x38, 0x0F, 0x8F, 0x03, 0x80, 0xF0, 0xF0, 0x78, 0x1E, 0x0F, 0x07, 0x83, 0xC0,
    0xF8, 0x78, 0x78, 0x07, 0xFF, 0x8F, 0xFF, 0x3F, 0xB8, 0xFF, 0xF1, 0xF3, 0x8F, 0xFF, 0x00, 0x70,
    0x00, 0x70, 0x00, 0x38, 0x00, 0x38, 0x00, 0x00, 0x00, 0x00, 0x00, 0x1F, 0xE0, 0x3F, 0xF8, 0x3F,
    0xFE, 0x3E, 0x0F, 0x9E, 0x03, 0xCF, 0x00, 0xEF, 0x00, 0x07, 0x80, 0x03, 0xC1, 0xFF, 0xE0, 0xFF,
    0xF0, 0x7F, 0xF8, 0x03, 0x9E, 0x01, 0xCF, 0x01, 0xE3, 0xE1, 0xF1, 0xFF, 0xF0, 0x7F, 0xF0, 0x0F,
    0xE0, 0x01, 0xC0, 0x1C, 0x00, 0xE0, 0x0E, 0x00, 0x00, 0x07, 0x1C, 0xFE, 0xEF, 0xF7, 0x78, 0xFF,
    0x83, 0xFC, 0x1F, 0xE0, 0x7F, 0x03, 0xF8, 0x3F, 0xC1, 0xEF, 0x1F, 0x7F, 0xF9, 0xFD, 0xC3, 0x8E,
    0x00, 0x73, 0x07, 0xFC, 0x7D, 0xFF, 0xC3, 0xFC, 0xE0, 0x1E, 0x00, 0x70, 0x0F, 0x00, 0x38, 0x07,
    0x80, 0x1C, 0x03, 0xC0, 0x0E, 0x01, 0xE0, 0x07, 0x00, 0xF0, 0x3F, 0x80, 0x78, 0x1F, 0xFF, 0xFC,
    0x0F, 0xFF, 0xFE, 0x07, 0xFF, 0xFF, 0x03, 0xF8, 0x07, 0x81, 0xFC, 0x03, 0xC0, 0xFE, 0x01, 0xE0,
    0x7F, 0x00, 0xF0, 0x3B, 0x80, 0x3C, 0x3D, 0xC0, 0x1F, 0xFE, 0xE0, 0x07, 0xFE, 0x70, 0x01, 0xFC,
    0x00, 0xFF, 0xE3, 0xFF, 0xCF, 0xFF, 0xBC, 0x1F, 0xF0, 0x3F, 0xC0, 0xFF, 0x01, 0xFC, 0x07, 0xF0,
    0x1F, 0xC0, 0x7F, 0x03, 0xFC, 0x0F, 0xF0, 0x7F, 0xC1, 0xEF, 0x0F, 0x3C, 0xF8, 0xFF, 0xC3, 0xFE,
    0x0F, 0xE0, 0x3E, 0x00, 0xF0, 0x03, 0xC0, 0x0F, 0x00, 0x00, 0x0E, 0x00, 0x0E, 0x00, 0x0C, 0x00,
    0x1C, 0x00, 0x00, 0x00, 0x00, 0x3C, 0x03, 0xFC, 0x07, 0xF8, 0x0F, 0xF8, 0x1F, 0xF8, 0x3F, 0x70,
    0x7E, 0xF0, 0xFC, 0xF1, 0xF9, 0xE3, 0xF1, 0xE7, 0xE1, 0xCF, 0xC3, 0xDF, 0x83, 0xBF, 0x07, 0xFE,
    0x07, 0xFC, 0x07, 0xF8, 0x0F, 0xF0, 0x0F, 0x3C, 0x01, 0xC0, 0x0E, 0x00, 0xE0, 0x00, 0x0E, 0x38,
    0xEF, 0xEF, 0xFE, 0xF9, 0xFF, 0x0F, 0xE0, 0xFE, 0x0F, 0xE0, 0xFE, 0x0F, 0xE0, 0xFE, 0x0F, 0xE0,
    0xFE, 0x0F, 0xE0, 0xF0, 0x00, 0x70, 0x00, 0x70, 0x00, 0x70, 0x00, 0x00, 0x00, 0x3E, 0x00, 0x33,
    0x00, 0x18, 0xC0, 0x0E, 0xC0, 0x03, 0xE0, 0x00, 0x00, 0x00, 0xF8, 0x00, 0xFC, 0x00, 0x7F, 0x00,
    0x3F, 0x80, 0x3D, 0xC0, 0x1E, 0xF0, 0x0E, 0x78, 0x0F, 0x3C, 0x07, 0x8F, 0x07, 0x87, 0x83, 0xC3,
    0xC1, 0xFF, 0xF1, 0xFF, 0xF8, 0xFF, 0xFC, 0x78, 0x0F, 0x7C, 0x07, 0xBC, 0x03, 0xFE, 0x00, 0xF0,
    0x03, 0xC0, 0x30, 0x04, 0x00, 0x70, 0x1F, 0x81, 0x98, 0x18, 0xC1, 0xD8, 0x0F, 0x80, 0x00, 0x0F,
    0x03, 0xFC, 0x7F, 0xEF, 0x0F, 0x00, 0xF0, 0x0F, 0x1F, 0xF7, 0xFF, 0xF8, 0xFE, 0x0F, 0xE0, 0xFF,
    0x3F, 0xFF, 0xF7, 0xEF, 0x00, 0x01, 0xE0, 0x00, 0x03, 0x80, 0x00, 0x06, 0x00, 0x00, 0x1C, 0x00,
    0x00, 0x00, 0x00, 0x00, 0x00, 0x00, 0x7F, 0xFF, 0x80, 0xFF, 0xFF, 0x03, 0xDF, 0xFE, 0x07, 0xBC,
    0x00, 0x1E, 0x78, 0x00, 0x3C, 0xF0, 0x00, 0x71, 0xE0, 0x01, 0xE3, 0xFF, 0xC3, 0xC7, 0xFF, 0x8F,
    0x0F, 0xFF, 0x1E, 0x1E, 0x00, 0x7F, 0xFC, 0x00, 0xFF, 0xF8, 0x01, 0xFF, 0xF0, 0x07, 0x81, 0xE0,
    0x0F, 0x03, 0xFF, 0xFC, 0x07, 0xFF, 0xF8, 0x0F, 0xFF, 0x00, 0x3C, 0x00, 0x01, 0xC0, 0x00, 0x1C,
    0x00, 0x00, 0xC0, 0x00, 0x00, 0x00, 0x07, 0x87, 0x80, 0xFF, 0xFF, 0x8F, 0xFF, 0xFC, 0xF0, 0xF8,
    0xF0, 0x07, 0x83, 0x80, 0x3C, 0x1E, 0x7F, 0xFF, 0xF7, 0xFF, 0xFF, 0xF8, 0x70, 0x03, 0x83, 0xC0,
    0x1C, 0x1E, 0x0F, 0xFB, 0xFF, 0xF7, 0xFD, 0xFF, 0x1F, 0xC7, 0xF0, 0x00, 0x70, 0x00, 0x70, 0x00,
    0x38, 0x00, 0x38, 0x00, 0x00, 0x00, 0x00, 0x10, 0x1F, 0xFC, 0x3F, 0xFC, 0x3F, 0xFE, 0x3E, 0x0F,
    0x9E, 0x0F, 0xCF, 0x06, 0xFF, 0x07, 0x7F, 0x87, 0x3F, 0xC3, 0x1F, 0xE3, 0x8F, 0xF3, 0x87, 0xFB,
    0x83, 0xDF, 0x81, 0xEF, 0xC1, 0xE3, 0xE1, 0xF1, 0xFF, 0xF0, 0xFF, 0xF0, 0xEF, 0xE0, 0x20, 0x00,
    0x00, 0x01, 0xC0, 0x1C, 0x00, 0xE0, 0x0E, 0x00, 0x00, 0x07, 0xCC, 0xFF, 0xEF, 0xFE, 0x78, 0xFF,
    0x87, 0xFC, 0x7F, 0xE6, 0x7F, 0x73, 0xFF, 0x3F, 0xF1, 0xEF, 0x0F, 0x7F, 0xF3, 0xFF, 0x37, 0xF0,
    0x80, 0x00, 0x3D, 0xE0, 0x0E, 0x70, 0x03, 0x98, 0x00, 0xEE, 0x00, 0x00, 0x00, 0x00, 0x00, 0x0F,
    0x80, 0x0F, 0xC0, 0x07, 0xF0, 0x03, 0xF8, 0x03, 0xDC, 0x01, 0xEF, 0x00, 0xE7, 0x80, 0xF3, 0xC0,
    0x78, 0xF0, 0x78, 0x78, 0x3C, 0x3C, 0x1F, 0xFF, 0x1F, 0xFF, 0x8F, 0xFF, 0xC7, 0x80, 0xF7, 0xC0,
    0x7B, 0xC0, 0x3F, 0xE0, 0x0F, 0xF7, 0x87, 0x38, 0x3B, 0x81, 0x9C, 0x00, 0x00, 0xF0, 0x3F, 0xC7,
    0xFE, 0xF0, 0xF0, 0x0F, 0x00, 0xF1, 0xFF, 0x7F, 0xFF, 0x8F, 0xE0, 0xFE, 0x0F, 0xF3, 0xFF, 0xFF,
    0x7E, 0xF0, 0x03, 0xE0, 0x03, 0xF8, 0x03, 0x0C, 0x01, 0x87, 0x00, 0x00, 0x00, 0x00, 0x00, 0x0F,
    0x80, 0x0F, 0xC0, 0x07, 0xF0, 0x03, 0xF8, 0x03, 0xDC, 0x01, 0xEF, 0x00, 0xE7, 0x80, 0xF3, 0xC0,
    0x78, 0xF0, 0x78, 0x78, 0x3C, 0x3C, 0x1F, 0xFF, 0x1F, 0xFF, 0x8F, 0xFF, 0xC7, 0x80, 0xF7, 0xC0,
    0x7B, 0xC0, 0x3F, 0xE0, 0x0F, 0x1F, 0x83, 0xFC, 0x30, 0xC3, 0x0E, 0x00, 0x00, 0xF0, 0x3F, 0xC7,
    0xFE, 0xF0, 0xF0, 0x0F, 0x00, 0xF1, 0xFF, 0x7F, 0xFF, 0x8F, 0xE0, 0xFE, 0x0F, 0xF3, 0xFF, 0xFF,
    0x7E, 0xF0, 0xF3, 0x81, 0xDC, 0x0E, 0x70, 0x39, 0x80, 0x00, 0x00, 0x01, 0xFF, 0xEF, 0xFF, 0x7F,
    0xFB, 0x80, 0x1C, 0x00, 0xE0, 0x07, 0x00, 0x3F, 0xF9, 0xFF, 0xCF, 0xFE, 0x70, 0x03, 0x80, 0x1C,
    0x00, 0xE0, 0x07, 0x00, 0x3F, 0xFD, 0xFF, 0xEF, 0xFF, 0xF7, 0x83, 0xDC, 0x0E, 0x70, 0x3B, 0x80,
    0x00, 0x07, 0x80, 0xFF, 0x8F, 0xFE, 0x78, 0xF7, 0x83, 0xFC, 0x1F, 0xFF, 0xFF, 0xFF, 0xF8, 0x03,
    0xC0, 0x0E, 0x0F, 0x7F, 0xF1, 0xFF, 0x87, 0xF0, 0x1F, 0x83, 0xF8, 0x31, 0xC7, 0x0C, 0x00, 0x00,
    0x00, 0xFF, 0xFF, 0xFF, 0xFF, 0xFE, 0x00, 0xE0, 0x0E, 0x00, 0xE0, 0x0F, 0xFE, 0xFF, 0xEF, 0xFE,
    0xE0, 0x0E, 0x00, 0xE0, 0x0E, 0x00, 0xE0, 0x0F, 0xFF, 0xFF, 0xFF, 0xFF, 0x0F, 0x80, 0xFE, 0x0E,
    0x38, 0x60, 0xC0, 0x00, 0x07, 0x80, 0xFF, 0x8F, 0xFE, 0x78, 0xF7, 0x83, 0xFC, 0x1F, 0xFF, 0xFF,
    0xFF, 0xF8, 0x03, 0xC0, 0x0E, 0x0F, 0x7F, 0xF1, 0xFF, 0x87, 0xF0, 0xF7, 0x9E, 0xE3, 0x9C, 0x77,
    0x00, 0x00, 0x00, 0x70, 0x1C, 0x07, 0x01, 0xC0, 0x70, 0x1C, 0x07, 0x01, 0xC0, 0x70, 0x1C, 0x07,
    0x01, 0xC0, 0x70, 0x1C, 0x07, 0x01, 0xC0, 0x70, 0x1C, 0xF7, 0x9C, 0xE3, 0x98, 0x77, 0x00, 0x01,
    0xC0, 0x70, 0x1C, 0x07, 0x01, 0xC0, 0x70, 0x1C, 0x07, 0x01, 0xC0, 0x70, 0x1C, 0x07, 0x01, 0xC0,
    0x70, 0x3E, 0x3F, 0xB8, 0xF8, 0x30, 0x00, 0x00, 0x70, 0x38, 0x1C, 0x0E, 0x07, 0x03, 0x81, 0xC0,
    0xE0, 0x70, 0x38, 0x1C, 0x0E, 0x07, 0x03, 0x81, 0xC0, 0xE0, 0x70, 0x38, 0x3E, 0x3F, 0xB8, 0xF8,
    0x30, 0x00, 0xE0, 0x70, 0x38, 0x1C, 0x0E, 0x07, 0x03, 0x81, 0xC0, 0xE0, 0x70, 0x38, 0x1C, 0x0E,
    0x07, 0x00, 0x3D, 0xE0, 0x07, 0x70, 0x03, 0x9C, 0x00, 0xEE, 0x00, 0x00, 0x00, 0x00, 0x00, 0x1F,
    0xE0, 0x3F, 0xF8, 0x3F, 0xFE, 0x3E, 0x0F, 0x9E, 0x03, 0xCF, 0x00, 0xFF, 0x00, 0x7F, 0x80, 0x3F,
    0xC0, 0x1F, 0xE0, 0x0F, 0xF0, 0x07, 0xF8, 0x03, 0xDE, 0x01, 0xEF, 0x01, 0xE3, 0xE1, 0xF1, 0xFF,
    0xF0, 0x7F, 0xF0, 0x0F, 0xE0, 0xF7, 0x81, 0xDC, 0x0E, 0x70, 0x3B, 0x80, 0x00, 0x07, 0xC0, 0xFF,
    0x8F, 0xFE, 0x78, 0xFF, 0x83, 0xFC, 0x1F, 0xE0, 0x7F, 0x03, 0xF8, 0x3F, 0xC1, 0xEF, 0x0F, 0x7F,
    0xF1, 0xFF, 0x07, 0xF0, 0x03, 0xE0, 0x03, 0xF8, 0x03, 0x8E, 0x01, 0xC3, 0x00, 0x00, 0x00, 0x00,
    0x00, 0x1F, 0xE0, 0x3F, 0xF8, 0x3F, 0xFE, 0x3E, 0x0F, 0x9E, 0x03, 0xCF, 0x00, 0xFF, 0x00, 0x7F,
    0x80, 0x3F, 0xC0, 0x1F, 0xE0, 0x0F, 0xF0, 0x07, 0xF8, 0x03, 0xDE, 0x01, 0xEF, 0x01, 0xE3, 0xE1,
    0xF1, 0xFF, 0xF0, 0x7F, 0xF0, 0x0F, 0xE0, 0x0F, 0x80, 0xFE, 0x0E, 0x38, 0x70, 0xC0, 0x00, 0x07,
    0xC0, 0xFF, 0x8F, 0xFE, 0x78, 0xFF, 0x83, 0xFC, 0x1F, 0xE0, 0x7F, 0x03, 0xF8, 0x3F, 0xC1, 0xEF,
    0x0F, 0x7F, 0xF1, 0xFF, 0x07, 0xF0, 0xF7, 0x01, 0xCE, 0x03, 0xB8, 0x06, 0x70, 0x00, 0x00, 0x00,
    0x0F, 0xFC, 0x3F, 0xFC, 0xFF, 0xF3, 0x83, 0xEE, 0x07, 0xB8, 0x1E, 0xE0, 0x7B, 0x81, 0xEF, 0xFF,
    0xBF, 0xFC, 0xFF, 0xE3, 0xFF, 0x0E, 0x1E, 0x38, 0x78, 0xE0, 0xF3, 0x83, 0xEE, 0x07, 0xB8, 0x1F,
    0xF7, 0x8F, 0x70, 0xE7, 0x0E, 0xE0, 0x00, 0x39, 0xC7, 0x78, 0xFF, 0x1F, 0xA3, 0xC0, 0x70, 0x0E,
    0x01, 0xC0, 0x38, 0x07, 0x00, 0xE0, 0x1C, 0x03, 0x80, 0x70, 0x00, 0x1F, 0x80, 0xFF, 0x03, 0x0C,
    0x0C, 0x30, 0x00, 0x00, 0x00, 0x0F, 0xFC, 0x3F, 0xFC, 0xFF, 0xF3, 0x83, 0xEE, 0x07, 0xB8, 0x1E,
    0xE0, 0x7B, 0x81, 0xEF, 0xFF, 0xBF, 0xFC, 0xFF, 0xE3, 0xFF, 0x0E, 0x1E, 0x38, 0x78, 0xE0, 0xF3,
    0x83, 0xEE, 0x07, 0xB8, 0x1F, 0x3E, 0x3F, 0xB8, 0xF8, 0x30, 0x03, 0x9D, 0xDE, 0xFF, 0x7E, 0xBC,
    0x1C, 0x0E, 0x07, 0x03, 0x81, 0xC0, 0xE0, 0x70, 0x38, 0x1C, 0x00, 0x7B, 0xC0, 0x73, 0x80, 0x77,
    0x00, 0x67, 0x00, 0x00, 0x00, 0x00, 0x38, 0x07, 0xF0, 0x0F, 0xE0, 0x1F, 0xC0, 0x3F, 0x80, 0x7F,
    0x00, 0xFE, 0x01, 0xFC, 0x03, 0xF8, 0x07, 0xF0, 0x0F, 0xE0, 0x1F, 0xC0, 0x3F, 0xC0, 0x7F, 0x81,
    0xEF, 0x87, 0xCF, 0xFF, 0x0F, 0xFE, 0x0F, 0xF0, 0xF3, 0x81, 0xCC, 0x0E, 0x70, 0x39, 0x80, 0x00,
    0x38, 0x3D, 0xC1, 0xEE, 0x0F, 0x70, 0x7B, 0x83, 0xDC, 0x1E, 0xE0, 0xF7, 0x07, 0xB8, 0x3D, 0xC1,
    0xEF, 0x1F, 0x7F, 0xB9, 0xFD, 0xC7, 0xCE, 0x0F, 0xC0, 0x3F, 0xC0, 0x61, 0x80, 0xC3, 0x00, 0x00,
    0x00, 0x00, 0x38, 0x07, 0xF0, 0x0F, 0xE0, 0x1F, 0xC0, 0x3F, 0x80, 0x7F, 0x00, 0xFE, 0x01, 0xFC,
    0x03, 0xF8, 0x07, 0xF0, 0x0F, 0xE0, 0x1F, 0xC0, 0x3F, 0xC0, 0x7F, 0x81, 0xEF, 0x87, 0xCF, 0xFF,
    0x0F, 0xFE, 0x0F, 0xF0, 0x1F, 0x83, 0xF8, 0x30, 0xC7, 0x0C, 0x00, 0x0E, 0x0F, 0xE0, 0xFE, 0x0F,
    0xE0, 0xFE, 0x0F, 0xE0, 0xFE, 0x0F, 0xE0, 0xFE, 0x0F, 0xE0, 0xFF, 0x1F, 0xFF, 0x77, 0xF7, 0x3E,
    0x70, 0x1F, 0xE0, 0xFF, 0xE7, 0xFF, 0x9E, 0x0F, 0x70, 0x3D, 0xC0, 0x07, 0xC0, 0x1F, 0xE0, 0x3F,
    0xF0, 0x3F, 0xE0, 0x1F, 0xC0, 0x0F, 0xF0, 0x1F, 0xC0, 0xFF, 0x83, 0xDF, 0xFF, 0x3F, 0xF8, 0x7F,
    0x80, 0x00, 0x00, 0xE0, 0x07, 0x00, 0x1C, 0x00, 0x70, 0x03, 0x80, 0x0F, 0x03, 0xFC, 0x7F, 0xEF,
    0x0F, 0xF0, 0x0F, 0x80, 0x7F, 0xC3, 0xFE, 0x07, 0xF0, 0x0F, 0xF0, 0xFF, 0xFF, 0x7F, 0xE3, 0xFC,
    0x00, 0x00, 0xF0, 0x0E, 0x00, 0xE0, 0x0C, 0x01, 0xC0, 0xFF, 0xFF, 0xFF, 0xFF, 0xFF, 0xF8, 0x3C,
    0x00, 0x78, 0x00, 0xF0, 0x01, 0xE0, 0x03, 0xC0, 0x07, 0x80, 0x0F, 0x00, 0x1E, 0x00, 0x3C, 0x00,
    0x78, 0x00, 0xF0, 0x01, 0xE0, 0x03, 0xC0, 0x07, 0x80, 0x0F, 0x00, 0x00, 0x00, 0x1C, 0x00, 0x78,
    0x00, 0xE0, 0x01, 0xC0, 0x03, 0x00, 0x3C, 0x1E, 0x0F, 0x1F, 0xEF, 0xF7, 0xF8, 0xF0, 0x78, 0x3C,
    0x1E, 0x0F, 0x07, 0x83, 0xC1, 0xE0, 0xFC, 0x3E, 0x0F, 0x80, 0x07, 0x83, 0x81, 0xC0, 0xC0, 0xE0,
    0x3F, 0xC3, 0xFF, 0xBF, 0xFD, 0xE0, 0xFE, 0x07, 0x80, 0x3C, 0x01, 0xE0, 0x1E, 0x00, 0xF0, 0x1F,
    0x07, 0xFC, 0xFE, 0xF7, 0xC7, 0xB0, 0x3C, 0x01, 0xE0, 0x0F, 0x00, 0xF8, 0x07, 0x80, 0xFC, 0x1F,
    0xC7, 0xF8, 0x3F, 0x81, 0xE0, 0x00, 0x1F, 0x0F, 0xF3, 0xFF, 0x78, 0xFE, 0x1E, 0x03, 0x80, 0xF0,
    0x3E, 0x0F, 0x8F, 0xF9, 0xE7, 0xB0, 0xF0, 0x1E, 0x03, 0xC0, 0xF0, 0x7C, 0x7F, 0x0F, 0xC1, 0xC0,
    0x00, 0x3C, 0xF0, 0x1D, 0xC0, 0x1F, 0x00, 0x1C, 0x00, 0x00, 0x00, 0x00, 0x38, 0x07, 0xF0, 0x0F,
    0xE0, 0x1F, 0xC0, 0x3F, 0x80, 0x7F, 0x00, 0xFE, 0x01, 0xFF, 0xFF, 0xFF, 0xFF, 0xFF, 0xFF, 0xE0,
    0x1F, 0xC0, 0x3F, 0x80, 0x7F, 0x00, 0xFE, 0x01, 0xFC, 0x03, 0xF8, 0x07, 0xF0, 0x0F, 0xF3, 0xC0,
    0x3B, 0x80, 0x1F, 0x00, 0x0E, 0x00, 0x00, 0x00, 0x00, 0x00, 0x0E, 0x00, 0x0E, 0x00, 0x0E, 0x00,
    0x0E, 0x00, 0x0E, 0x38, 0x0E, 0xFE, 0x0F, 0xFE, 0x0F, 0x9F, 0x0F, 0x0F, 0x0E, 0x0F, 0x0E, 0x0F,
    0x0E, 0x0F, 0x0E, 0x0F, 0x0E, 0x0F, 0x0E, 0x0F, 0x0E, 0x0F, 0x0E, 0x0F, 0x0E, 0x0F, 0xF3, 0x8E,
    0x70, 0x7B, 0x99, 0xC0, 0x1E, 0x0F, 0xC7, 0x3B, 0x8F, 0x73, 0xFF, 0xB3, 0xC0, 0xFF, 0xFC, 0xC3,
    0xB3, 0x9F, 0x83, 0x80, 0xEF, 0xE4, 0x63, 0xF9, 0xFC, 0xE0, 0xF7, 0xCC, 0xE0, 0x38, 0xFB, 0x1E,
    0x3E, 0xEF, 0x80, 0xF3, 0xDD, 0xC3, 0xE0, 0x70, 0xF7, 0x9C, 0xE3, 0x98, 0x77, 0x77, 0x7F, 0xEE,
    0xC0, 0x77, 0x7F, 0xEE, 0xC0, 0x77, 0x77, 0x7E, 0x40, 0xEF, 0xE4, 0x77, 0x6E, 0x40, 0x42, 0x3C,
    0x73, 0x78, 0x7B, 0x8E, 0x3E, 0x7C, 0xF3, 0xDD, 0xC3, 0xE0, 0x70, 0x00, 0xC0, 0x70, 0x18, 0x0E,
    0x03, 0x01, 0xC0, 0x60, 0x38, 0x0C, 0x07, 0x01, 0x80, 0xE0, 0x30, 0x1C, 0x06, 0x03, 0x80, 0xC0,
    0x00, 0x00, 0x0C, 0x00, 0x20, 0x01, 0x80, 0x0C, 0x00, 0x20, 0x01, 0x80, 0x0C, 0x00, 0x30, 0x01,
    0x80, 0x04, 0x00, 0x30, 0x01, 0x80, 0x06, 0x00, 0x30, 0x00, 0x80, 0x06, 0x00, 0x30, 0x00, 0xC0,
    0x06, 0x00, 0x30, 0x00, 0x73, 0xFF, 0xCF, 0x3B, 0xDC, 0xEE, 0x00, 0xFF, 0xFF, 0xFF, 0xF8, 0x7C,
    0x38, 0xFF, 0xFF, 0xFF, 0x00, 0xFF, 0xFF, 0xE7, 0xCF, 0x9F, 0x3E, 0x60, 0xFF, 0xC6, 0x31, 0x80,
    0x37, 0xDF, 0xEF, 0xFB, 0x68, 0x08, 0x00, 0x0C, 0x07, 0x81, 0xE0, 0x20, 0x79, 0xFF, 0xEC, 0x70,
    0x30, 0x1E, 0x07, 0x80, 0xC0, 0x39, 0xDF, 0xEE, 0x30, 0xE3, 0x7F, 0xB8, 0xC0, 0x39, 0xC7, 0xFE,
    0xFF, 0xF3, 0x0C, 0x19, 0x80, 0x11, 0xEF, 0xED, 0x30, 0xC0, 0x00, 0xE0, 0x3E, 0x07, 0xF0, 0x3F,
    0x07, 0xCF, 0xFF, 0xE3, 0xC0, 0x80, 0x00, 0x3E, 0x66, 0x1C, 0x7E, 0xFF, 0xC3, 0x08, 0x3C, 0x3C,
    0x18, 0xDF, 0xDD, 0xFD, 0x80, 0x06, 0x7F, 0xC7, 0xC1, 0xE0, 0x40, 0xC1, 0xF8, 0x39, 0xFF, 0x10,
    0x00, 0xC0, 0x67, 0xC3, 0x87, 0xBC, 0x7D, 0xAF, 0x19, 0xC0, 0xCC, 0x99, 0xBF, 0x80, 0xEF, 0xE4,
    0x12, 0x5F, 0xCC, 0x69, 0x20, 0x7B, 0x93, 0xBC, 0xC5, 0x3B, 0x3B, 0x80, 0x31, 0x87, 0xFE, 0x18,
    0x60, 0xC0, 0x00, 0xFC, 0x00, 0xF7, 0xC0, 0xF8, 0x7F, 0xF8, 0x07, 0xF8, 0x00, 0xE0, 0x00, 0xEE,
    0x00, 0x38, 0xF8, 0x3E, 0x0F, 0xFF, 0x80, 0x3F, 0x80, 0xFF, 0xFF, 0xFF, 0xFC, 0xFF, 0xFF, 0xFF,
    0xFC, 0x00, 0x00, 0x01, 0x3F, 0xFF, 0xE3, 0xFF, 0xFF, 0xFF, 0xD8, 0x00, 0x3F, 0xC0, 0x07, 0xFC,
    0x03, 0xFF, 0xE0, 0xF0, 0x1E, 0x78, 0x00, 0xF0, 0x00, 0x03, 0xE7, 0xFF, 0xFF, 0xBF, 0xFF, 0xFE,
    0x00, 0x01, 0xC0, 0x00, 0x3C, 0x00, 0x11, 0xFC, 0xCF, 0xEF, 0x3F, 0xC0, 0x7F, 0x3F, 0xFF, 0xC5,
    0xF1, 0x00, 0xF3, 0xFF, 0xC0, 0x7D, 0x9B, 0x1E, 0x3C, 0xCF, 0x84, 0x00, 0xCF, 0x3C, 0xF3, 0xCD,
    0xF0, 0x7F, 0x3C, 0x30, 0xCD, 0xF1, 0x00, 0x0C, 0x30, 0xDF, 0xCF, 0x3C, 0xF3, 0x7C, 0xC3, 0x0C,
    0x3F, 0xCF, 0x3C, 0xF3, 0xCC, 0xFF, 0xF3, 0x3C, 0xCF, 0x33, 0xCC, 0xF3, 0x30, 0xFF, 0xCC, 0xCC,
    0x63, 0x3E, 0xC6, 0x31, 0xC7, 0xCE, 0xD9, 0xA3, 0xC3, 0x86, 0x00, 0xEE, 0xF0, 0xE1, 0xC6, 0xDD,
    0xC0, 0x3C, 0x01, 0xC0, 0x0E, 0x00, 0xE0, 0x00, 0x00, 0x00, 0xFF, 0xFF, 0xFF, 0xFF, 0xFE, 0x00,
    0xE0, 0x0E, 0x00, 0xE0, 0x0F, 0xFE, 0xFF, 0xEF, 0xFE, 0xE0, 0x0E, 0x00, 0xE0, 0x0E, 0x00, 0xE0,
    0x0F, 0xFF, 0xFF, 0xFF, 0xFF, 0x31, 0xC7, 0x9C, 0x79, 0xC0, 0x00, 0x00, 0x00, 0x00, 0xFF, 0xFF,
    0xFF, 0xFF, 0xFE, 0x00, 0xE0, 0x0E, 0x00, 0xE0, 0x0F, 0xFE, 0xFF, 0xEF, 0xFE, 0xE0, 0x0E, 0x00,
    0xE0, 0x0E, 0x00, 0xE0, 0x0F, 0xFF, 0xFF, 0xFF, 0xFF, 0xFF, 0xFE, 0x1F, 0xFF, 0xC3, 0xFF, 0xF8,
    0x03, 0xC0, 0x00, 0x78, 0x00, 0x0F, 0x00, 0x01, 0xE0, 0x00, 0x3D, 0xF8, 0x07, 0xFF, 0xC0, 0xFF,
    0xF8, 0x1F, 0x8F, 0x83, 0xE0, 0xF0, 0x78, 0x0E, 0x0F, 0x01, 0xC1, 0xE0, 0x78, 0x3C, 0x1F, 0x07,
    0x9F, 0xC0, 0xF3, 0xF8, 0x00, 0x7C, 0x00, 0x03, 0xC0, 0x70, 0x07, 0x00, 0xE0, 0x00, 0x00, 0x00,
    0xFF, 0xFF, 0xFF, 0xFF, 0xFE, 0x00, 0xE0, 0x0E, 0x00, 0xE0, 0x0E, 0x00, 0xE0, 0x0E, 0x00, 0xE0,
    0x0E, 0x00, 0xE0, 0x0E, 0x00, 0xE0, 0x0E, 0x00, 0xE0, 0x0E, 0x00, 0x07, 0xF8, 0x1F, 0xFC, 0x3F,
    0xFE, 0x7C, 0x1F, 0x78, 0x0F, 0x78, 0x07, 0xF0, 0x00, 0xFF, 0xC0, 0xFF, 0xC0, 0xFF, 0xC0, 0xF0,
    0x00, 0xF0, 0x00, 0x78, 0x0F, 0x78, 0x0F, 0x3E, 0x1F, 0x3F, 0xFE, 0x1F, 0xFC, 0x07, 0xF0, 0x1F,
    0xE0, 0xFF, 0xE7, 0xFF, 0x9E, 0x0F, 0x70, 0x3D, 0xC0, 0x07, 0xC0, 0x1F, 0xE0, 0x3F, 0xF0, 0x3F,
    0xE0, 0x1F, 0xC0, 0x0F, 0xF0, 0x1F, 0xC0, 0xFF, 0x83, 0xDF, 0xFF, 0x3F, 0xF8, 0x7F, 0x80, 0xFF,
    0xFF, 0xFF, 0xFF, 0xFF, 0xFF, 0xFC, 0xE3, 0xFB, 0xF8, 0xE0, 0x00, 0x00, 0x00, 0x70, 0x38, 0x1C,
    0x0E, 0x07, 0x03, 0x81, 0xC0, 0xE0, 0x70, 0x38, 0x1C, 0x0E, 0x07, 0x03, 0x81, 0xC0, 0xE0, 0x70,
    0x38, 0x00, 0xF0, 0x0F, 0x00, 0xF0, 0x0F, 0x00, 0xF0, 0x0F, 0x00, 0xF0, 0x0F, 0x00, 0xF0, 0x0F,
    0x00, 0xFF, 0x0F, 0xF0, 0xFF, 0x0F, 0xF0, 0xFF, 0xFE, 0x7F, 0xE1, 0xF8, 0x0F, 0xFF, 0x00, 0x03,
    0xFF, 0xC0, 0x00, 0xFF, 0xF0, 0x00, 0x78, 0x3C, 0x00, 0x1E, 0x0F, 0x00, 0x07, 0x83, 0xC0, 0x01,
    0xE0, 0xFF, 0x80, 0x78, 0x3F, 0xFC, 0x1E, 0x0F, 0xFF, 0x87, 0x83, 0xC1, 0xE1, 0xE0, 0xF0, 0x3C,
    0x70, 0x3C, 0x0F, 0x1C, 0x0F, 0x03, 0xCF, 0x03, 0xC0, 0xF3, 0xC0, 0xF0, 0x7B, 0xE0, 0x3F, 0xFE,
    0xF8, 0x0F, 0xFF, 0x38, 0x03, 0xFF, 0x00, 0xE0, 0x1E, 0x00, 0x70, 0x0F, 0x00, 0x38, 0x07, 0x80,
    0x1C, 0x03, 0xC0, 0x0E, 0x01, 0xE0, 0x07, 0x00, 0xF0, 0x03, 0xFF, 0xFF, 0xE1, 0xFF, 0xFF, 0xFC,
    0xFF, 0xFF, 0xFF, 0x70, 0x0F, 0x07, 0xF8, 0x07, 0x81, 0xFC, 0x03, 0xC0, 0xFE, 0x01, 0xE0, 0x7F,
    0x00, 0xF0, 0x3F, 0x80, 0x78, 0x3F, 0xC0, 0x3F, 0xFE, 0xE0, 0x1F, 0xFE, 0x70, 0x0F, 0xFC, 0x00,
    0xFF, 0xFE, 0x0F, 0xFF, 0xE0, 0xFF, 0xFE, 0x00, 0x78, 0x00, 0x07, 0x80, 0x00, 0x78, 0x00, 0x07,
    0x80, 0x00, 0x7B, 0xF8, 0x07, 0xFF, 0xC0, 0x7F, 0xFE, 0x07, 0xC1, 0xF0, 0x78, 0x0F, 0x07, 0x80,
    0xF0, 0x78, 0x0F, 0x07, 0x80, 0xF0, 0x78, 0x0F, 0x07, 0x80, 0xF0, 0x78, 0x0F, 0x01, 0xC0, 0x07,
    0x00, 0x0E, 0x00, 0x38, 0x00, 0x00, 0x00, 0x00, 0x38, 0x0F, 0xF0, 0x3E, 0xE0, 0x79, 0xC1, 0xE3,
    0x87, 0xC7, 0x0F, 0x0E, 0x3C, 0x1F, 0xF0, 0x3F, 0xE0, 0x7F, 0xC0, 0xE3, 0xC1, 0xC7, 0xC3, 0x87,
    0x87, 0x07, 0x8E, 0x0F, 0x9C, 0x0F, 0xB8, 0x0F, 0x70, 0x0F, 0x1E, 0x00, 0x0E, 0x00, 0x1C, 0x00,
    0x1C, 0x00, 0x00, 0x00, 0x00, 0x38, 0x07, 0xF0, 0x1F, 0xE0, 0x3F, 0xC0, 0xFF, 0x83, 0xFF, 0x07,
    0x7E, 0x1E, 0xFC, 0x79, 0xF8, 0xF3, 0xF3, 0xC7, 0xE7, 0x0F, 0xDE, 0x1F, 0xB8, 0x3F, 0xF0, 0x7F,
    0xC0, 0xFF, 0x01, 0xFE, 0x03, 0xF8, 0x07, 0x1C, 0x30, 0x0E, 0x70, 0x07, 0xE0, 0x03, 0x80, 0x00,
    0x00, 0x00, 0x00, 0xF0, 0x1F, 0xF8, 0x1E, 0x78, 0x3E, 0x7C, 0x3C, 0x3C, 0x3C, 0x3C, 0x78, 0x1E,
    0x78, 0x1E, 0x70, 0x0E, 0xF0, 0x0F, 0xF0, 0x07, 0xE0, 0x07, 0xE0, 0x03, 0xC0, 0x03, 0xC0, 0x07,
    0x80, 0x3F, 0x80, 0x3F, 0x00, 0x3E, 0x00, 0xE0, 0x1F, 0xC0, 0x3F, 0x80, 0x7F, 0x00, 0xFE, 0x01,
    0xFC, 0x03, 0xF8, 0x07, 0xF0, 0x0F, 0xE0, 0x1F, 0xC0, 0x3F, 0x80, 0x7F, 0x00, 0xFE, 0x01, 0xFC,
    0x03, 0xF8, 0x07, 0xFF, 0xFF, 0xFF, 0xFF, 0xFF, 0xFC, 0x1E, 0x00, 0x3C, 0x00, 0x78, 0x00, 0xF0,
    0x00, 0x03, 0xE0, 0x03, 0xF0, 0x01, 0xFC, 0x00, 0xFE, 0x00, 0xF7, 0x00, 0x7B, 0xC0, 0x39, 0xE0,
    0x3C, 0xF0, 0x1E, 0x3C, 0x1E, 0x1E, 0x0F, 0x0F, 0x07, 0xFF, 0xC7, 0xFF, 0xE3, 0xFF, 0xF1, 0xE0,
    0x3D, 0xF0, 0x1E, 0xF0, 0x0F, 0xF8, 0x03, 0xC0, 0xFF, 0xF7, 0xFF, 0xBF, 0xFD, 0xC0, 0x0E, 0x00,
    0x70, 0x03, 0x80, 0x1F, 0xF0, 0xFF, 0xE7, 0xFF, 0xB8, 0x1F, 0xC0, 0xFE, 0x03, 0xF0, 0x3F, 0x81,
    0xFF, 0xFE, 0xFF, 0xF7, 0xFE, 0x00, 0xFF, 0xC3, 0xFF, 0xCF, 0xFF, 0x38, 0x3E, 0xE0, 0x7B, 0x81,
    0xEE, 0x07, 0x3F, 0xF8, 0xFF, 0xC3, 0xFF, 0xCE, 0x07, 0xB8, 0x1E, 0xE0, 0x3F, 0x80, 0xFE, 0x07,
    0xBF, 0xFE, 0xFF, 0xF3, 0xFF, 0x00, 0xFF, 0xFF, 0xFF, 0xFF, 0xFE, 0x00, 0xE0, 0x0E, 0x00, 0xE0,
    0x0E, 0x00, 0xE0, 0x0E, 0x00, 0xE0, 0x0E, 0x00, 0xE0, 0x0E, 0x00, 0xE0, 0x0E, 0x00, 0xE0, 0x0E,
    0x00, 0x07, 0xFF, 0xC0, 0x7F, 0xFC, 0x07, 0xFF, 0xC0, 0x70, 0x3C, 0x0F, 0x03, 0xC0, 0xF0, 0x3C,
    0x0F, 0x03, 0xC0, 0xF0, 0x3C, 0x0F, 0x03, 0xC0, 0xF0, 0x3C, 0x0F, 0x03, 0xC0, 0xE0, 0x3C, 0x1E,
    0x03, 0xC1, 0xE0, 0x3C, 0x3C, 0x03, 0xCF, 0xFF, 0xFF, 0xFF, 0xFF, 0xFF, 0xFF, 0xFF, 0xF0, 0x00,
    0xFF, 0x00, 0x0F, 0xF0, 0x00, 0xFF, 0x00, 0x0F, 0xFF, 0xFF, 0xFF, 0xFF, 0xFE, 0x00, 0xE0, 0x0E,
    0x00, 0xE0, 0x0F, 0xFE, 0xFF, 0xEF, 0xFE, 0xE0, 0x0E, 0x00, 0xE0, 0x0E, 0x00, 0xE0, 0x0F, 0xFF,
    0xFF, 0xFF, 0xFF, 0xF8, 0x3C, 0x0F, 0xBC, 0x1E, 0x0F, 0x8F, 0x0F, 0x07, 0x87, 0x87, 0x87, 0xC1,
    0xE3, 0xC3, 0xC0, 0xF9, 0xE3, 0xC0, 0x3C, 0xF1, 0xE0, 0x0F, 0x79, 0xE0, 0x07, 0xFF, 0xF0, 0x03,
    0xFF, 0xF8, 0x03, 0xFF, 0xFE, 0x03, 0xE7, 0x8F, 0x01, 0xE3, 0xC3, 0xC1, 0xE1, 0xE1, 0xE0, 0xF0,
    0xF0, 0x78, 0xF0, 0x78, 0x3E, 0x78, 0x3C, 0x0F, 0x78, 0x1E, 0x07, 0xC0, 0x1F, 0xE0, 0xFF, 0xC7,
    0xFF, 0x9E, 0x1E, 0x70, 0x38, 0x00, 0xE0, 0x07, 0x81, 0xFC, 0x07, 0xC0, 0x1F, 0xC0, 0x07, 0x80,
    0x0F, 0x00, 0x3F, 0xC0, 0xFF, 0x87, 0xDF, 0xFE, 0x3F, 0xF0, 0x7F, 0x80, 0xE0, 0x1F, 0xC0, 0x7F,
    0x80, 0xFF, 0x03, 0xFE, 0x0F, 0xFC, 0x1D, 0xF8, 0x7B, 0xF1, 0xE7, 0xE3, 0xCF, 0xCF, 0x1F, 0x9C,
    0x3F, 0x78, 0x7E, 0xE0, 0xFF, 0xC1, 0xFF, 0x03, 0xFC, 0x07, 0xF8, 0x0F, 0xE0, 0x1C, 0x18, 0x60,
    0x39, 0xC0, 0x3F, 0x00, 0x1C, 0x00, 0x00, 0x00, 0x00, 0x38, 0x07, 0xF0, 0x1F, 0xE0, 0x3F, 0xC0,
    0xFF, 0x83, 0xFF, 0x07, 0x7E, 0x1E, 0xFC, 0x79, 0xF8, 0xF3, 0xF3, 0xC7, 0xE7, 0x0F, 0xDE, 0x1F,
    0xB8, 0x3F, 0xF0, 0x7F, 0xC0, 0xFF, 0x01, 0xFE, 0x03, 0xF8, 0x07, 0xE0, 0x3F, 0xC0, 0xFB, 0x81,
    0xE7, 0x07, 0x8E, 0x1F, 0x1C, 0x3C, 0x38, 0xF0, 0x7F, 0xC0, 0xFF, 0x81, 0xFF, 0x03, 0x8F, 0x07,
    0x1F, 0x0E, 0x1E, 0x1C, 0x1E, 0x38, 0x3E, 0x70, 0x3E, 0xE0, 0x3D, 0xC0, 0x3C, 0x0F, 0xFF, 0x0F,
    0xFF, 0x0F, 0xFF, 0x1E, 0x0F, 0x1E, 0x0F, 0x1E, 0x0F, 0x1E, 0x0F, 0x1E, 0x0F, 0x1E, 0x0F, 0x1E,
    0x0F, 0x1E, 0x0F, 0x1C, 0x0F, 0x1C, 0x0F, 0x3C, 0x0F, 0x3C, 0x0F, 0xF8, 0x0F, 0xF8, 0x0F, 0xE0,
    0x0F, 0xFC, 0x03, 0xFF, 0xC0, 0x7F, 0xFC, 0x07, 0xFF, 0xE0, 0x7F, 0xEE, 0x0F, 0xFE, 0xE0, 0xEF,
    0xEF, 0x0E, 0xFE, 0xF1, 0xEF, 0xE7, 0x1E, 0xFE, 0x79, 0xCF, 0xE7, 0xBC, 0xFE, 0x3B, 0xCF, 0xE3,
    0xB8, 0xFE, 0x3F, 0x8F, 0xE1, 0xF0, 0xFE, 0x1F, 0x0F, 0xE0, 0xF0, 0xFE, 0x0E, 0x0F, 0xE0, 0x1F,
    0xC0, 0x3F, 0x80, 0x7F, 0x00, 0xFE, 0x01, 0xFC, 0x03, 0xF8, 0x07, 0xFF, 0xFF, 0xFF, 0xFF, 0xFF,
    0xFF, 0x80, 0x7F, 0x00, 0xFE, 0x01, 0xFC, 0x03, 0xF8, 0x07, 0xF0, 0x0F, 0xE0, 0x1F, 0xC0, 0x3C,
    0x07, 0xF8, 0x0F, 0xFE, 0x0F, 0xFF, 0x8F, 0x83, 0xE7, 0x80, 0xF3, 0xC0, 0x3F, 0xC0, 0x1F, 0xE0,
    0x0F, 0xF0, 0x07, 0xF8, 0x03, 0xFC, 0x01, 0xFE, 0x00, 0xF7, 0x80, 0x7B, 0xC0, 0x78, 0xF8, 0x7C,
    0x7F, 0xFC, 0x1F, 0xFC, 0x03, 0xF8, 0x00, 0xFF, 0xFF, 0xFF, 0xFF, 0xFF, 0xFF, 0x00, 0xFE, 0x01,
    0xFC, 0x03, 0xF8, 0x07, 0xF0, 0x0F, 0xE0, 0x1F, 0xC0, 0x3F, 0x80, 0x7F, 0x00, 0xFE, 0x01, 0xFC,
    0x03, 0xF8, 0x07, 0xF0, 0x0F, 0xE0, 0x1F, 0xC0, 0x3C, 0xFF, 0xC7, 0xFF, 0xBF, 0xFD, 0xC1, 0xFE,
    0x07, 0xF0, 0x3F, 0x81, 0xFC, 0x0F, 0xE0, 0xFF, 0xFF, 0xBF, 0xF9, 0xFF, 0x8E, 0x00, 0x70, 0x03,
    0x80, 0x1C, 0x00, 0xE0, 0x07, 0x00, 0x00, 0x07, 0xF8, 0x1F, 0xFC, 0x3F, 0xFE, 0x7C, 0x1F, 0x78,
    0x0F, 0x78, 0x07, 0xF0, 0x00, 0xF0, 0x00, 0xF0, 0x00, 0xF0, 0x00, 0xF0, 0x00, 0xF0, 0x00, 0x78,
    0x0F, 0x78, 0x0F, 0x3E, 0x1F, 0x3F, 0xFE, 0x1F, 0xFC, 0x07, 0xF0, 0xFF, 0xFF, 0xFF, 0xFF, 0xFF,
    0xF8, 0x3C, 0x00, 0x78, 0x00, 0xF0, 0x01, 0xE0, 0x03, 0xC0, 0x07, 0x80, 0x0F, 0x00, 0x1E, 0x00,
    0x3C, 0x00, 0x78, 0x00, 0xF0, 0x01, 0xE0, 0x03, 0xC0, 0x07, 0x80, 0x0F, 0x00, 0xF0, 0x1F, 0xF8,
    0x1E, 0x78, 0x3E, 0x7C, 0x3C, 0x3C, 0x3C, 0x3C, 0x78, 0x1E, 0x78, 0x1E, 0x70, 0x0E, 0xF0, 0x0F,
    0xF0, 0x07, 0xE0, 0x07, 0xE0, 0x03, 0xC0, 0x03, 0xC0, 0x07, 0x80, 0x3F, 0x80, 0x3F, 0x00, 0x3E,
    0x00, 0x00, 0xE0, 0x00, 0x1C, 0x00, 0x1F, 0xF0, 0x0F, 0xFF, 0x83, 0xFF, 0xF8, 0xF9, 0xCF, 0x9E,
    0x38, 0xF7, 0x87, 0x0E, 0xF0, 0xE1, 0xFE, 0x1C, 0x3F, 0xC3, 0x87, 0xF8, 0x70, 0xFF, 0x0E, 0x1C,
    0xF1, 0xC7, 0x9F, 0xBB, 0xE1, 0xFF, 0xFC, 0x1F, 0xFE, 0x00, 0x7F, 0x00, 0x03, 0x80, 0x00, 0x70,
    0x00, 0xF8, 0x0F, 0x3E, 0x0F, 0x0F, 0x0F, 0x83, 0xC7, 0x81, 0xE7, 0x80, 0x7B, 0x80, 0x1F, 0xC0,
    0x0F, 0xC0, 0x03, 0xC0, 0x01, 0xF0, 0x01, 0xFC, 0x01, 0xFE, 0x01, 0xF7, 0x80, 0xF3, 0xE0, 0xF0,
    0xF0, 0xF8, 0x3C, 0x78, 0x1F, 0x78, 0x07, 0xC0, 0xE0, 0x1E, 0xE0, 0x1E, 0xE0, 0x1E, 0xE0, 0x1E,
    0xE0, 0x1E, 0xE0, 0x1E, 0xE0, 0x1E, 0xE0, 0x1E, 0xE0, 0x1E, 0xE0, 0x1E, 0xE0, 0x1E, 0xE0, 0x1E,
    0xE0, 0x1E, 0xE0, 0x1E, 0xE0, 0x1E, 0xFF, 0xFF, 0xFF, 0xFF, 0xFF, 0xFF, 0x00, 0x07, 0x00, 0x07,
    0x00, 0x07, 0x00, 0x07, 0xE0, 0x3F, 0x80, 0xFE, 0x03, 0xF8, 0x0F, 0xE0, 0x3F, 0x80, 0xFE, 0x03,
    0xFC, 0x0F, 0xFF, 0xFD, 0xFF, 0xF3, 0xFF, 0xC1, 0x0F, 0x00, 0x3C, 0x00, 0xF0, 0x03, 0xC0, 0x0F,
    0x00, 0x3C, 0x00, 0xF0, 0xE0, 0x70, 0x7F, 0x03, 0x83, 0xF8, 0x1C, 0x1F, 0xC0, 0xE0, 0xFE, 0x07,
    0x07, 0xF0, 0x38, 0x3F, 0x81, 0xC1, 0xFC, 0x0E, 0x0F, 0xE0, 0x70, 0x7F, 0x03, 0x83, 0xF8, 0x1C,
    0x1F, 0xC0, 0xE0, 0xFE, 0x07, 0x07, 0xF0, 0x38, 0x3F, 0x81, 0xC1, 0xFF, 0xFF, 0xFF, 0xFF, 0xFF,
    0xFF, 0xFF, 0xFF, 0xC0, 0xE0, 0x70, 0x79, 0xC0, 0xE0, 0xF3, 0x81, 0xC1, 0xE7, 0x03, 0x83, 0xCE,
    0x07, 0x07, 0x9C, 0x0E, 0x0F, 0x38, 0x1C, 0x1E, 0x70, 0x38, 0x3C, 0xE0, 0x70, 0x79, 0xC0, 0xE0,
    0xF3, 0x81, 0xC1, 0xE7, 0x03, 0x83, 0xCE, 0x07, 0x07, 0x9C, 0x0E, 0x0F, 0x38, 0x1C, 0x1E, 0x7F,
    0xFF, 0xFF, 0xFF, 0xFF, 0xFF, 0xFF, 0xFF, 0xFC, 0x00, 0x00, 0x78, 0x00, 0x00, 0xF0, 0x00, 0x01,
    0xE0, 0x00, 0x03, 0xC0, 0xFF, 0x80, 0x1F, 0xF0, 0x03, 0xFE, 0x00, 0x03, 0xC0, 0x00, 0x78, 0x00,
    0x0F, 0x00, 0x01, 0xFF, 0x00, 0x3F, 0xFC, 0x07, 0xFF, 0xC0, 0xF0, 0xF8, 0x1E, 0x07, 0x83, 0xC0,
    0xF0, 0x78, 0x1E, 0x0F, 0x03, 0xC1, 0xE0, 0xF0, 0x3F, 0xFE, 0x07, 0xFF, 0x80, 0xFF, 0xC0, 0xE0,
    0x00, 0xFC, 0x00, 0x1F, 0x80, 0x03, 0xF0, 0x00, 0x7E, 0x00, 0x0F, 0xC0, 0x01, 0xFF, 0xE0, 0x3F,
    0xFF, 0x07, 0xFF, 0xF0, 0xFC, 0x1F, 0x1F, 0x81, 0xE3, 0xF0, 0x1E, 0x7E, 0x03, 0xCF, 0xC0, 0x71,
    0xF8, 0x1E, 0x3F, 0xFF, 0x87, 0xFF, 0xF0, 0xFF, 0xF8, 0x1C, 0xE0, 0x03, 0x80, 0x0E, 0x00, 0x38,
    0x00, 0xE0, 0x03, 0x80, 0x0F, 0xF8, 0x3F, 0xF8, 0xFF, 0xF3, 0x83, 0xEE, 0x07, 0xB8, 0x0F, 0xE0,
    0x3F, 0x80, 0xEE, 0x07, 0xBF, 0xFC, 0xFF, 0xF3, 0xFF, 0x00, 0x0F, 0xF0, 0x3F, 0xF8, 0x7F, 0xFC,
    0x78, 0x3E, 0xF0, 0x1F, 0xF0, 0x0F, 0x00, 0x0F, 0x03, 0xFF, 0x03, 0xFF, 0x03, 0xFF, 0x00, 0x0F,
    0x00, 0x0F, 0xF0, 0x0F, 0xF8, 0x1E, 0x7C, 0x3E, 0x3F, 0xFC, 0x1F, 0xF8, 0x0F, 0xE0, 0xE0, 0x3F,
    0xC1, 0xC0, 0xFF, 0xE3, 0x83, 0xFF, 0xE7, 0x0F, 0x83, 0xEE, 0x1E, 0x03, 0xDC, 0x78, 0x07, 0xB8,
    0xF0, 0x07, 0xFF, 0xE0, 0x0F, 0xFF, 0xC0, 0x1F, 0xFF, 0x80, 0x3F, 0x8F, 0x00, 0x7F, 0x1E, 0x00,
    0xFE, 0x3C, 0x03, 0xDC, 0x3C, 0x07, 0xB8, 0x7C, 0x3F, 0x70, 0x7F, 0xFC, 0xE0, 0x7F, 0xF1, 0xC0,
    0x3F, 0x80, 0x1F, 0xFC, 0xFF, 0xF7, 0xFF, 0xDE, 0x0F, 0xF0, 0x3F, 0xC0, 0xFF, 0x03, 0xFE, 0x0F,
    0x7F, 0xFD, 0xFF, 0xF1, 0xFF, 0xC7, 0xFF, 0x1E, 0x3C, 0xF0, 0xF7, 0xC3, 0xDE, 0x0F, 0xF0, 0x3F,
    0xC0, 0xF0, 0x0F, 0x03, 0xFC, 0x7F, 0xEF, 0x0F, 0x00, 0xF0, 0x0F, 0x1F, 0xF7, 0xFF, 0xF8, 0xFE,
    0x0F, 0xE0, 0xFF, 0x3F, 0xFF, 0xF7, 0xEF, 0x00, 0x38, 0x1F, 0x87, 0xFC, 0x7F, 0x87, 0x80, 0x38,
    0xC3, 0x9F, 0x9D, 0xFE, 0xF8, 0x7F, 0x83, 0xFC, 0x0F, 0xE0, 0x7F, 0x03, 0xF8, 0x3D, 0xC1, 0xEF,
    0xFE, 0x3F, 0xE0, 0xFE, 0x00, 0xFE, 0x0F, 0xFC, 0xFF, 0xCE, 0x1E, 0xE1, 0xEE, 0x1C, 0xFF, 0x8F,
    0xFC, 0xE1, 0xEE, 0x0E, 0xE0, 0xFF, 0xFE, 0xFF, 0xEF, 0xF8, 0xFF, 0xFF, 0xFF, 0xFC, 0x0E, 0x07,
    0x03, 0x81, 0xC0, 0xE0, 0x70, 0x38, 0x1C, 0x0E, 0x07, 0x00, 0x0F, 0xFC, 0x1F, 0xFC, 0x1F, 0xFC,
    0x1E, 0x3C, 0x1E, 0x3C, 0x1E, 0x3C, 0x1C, 0x3C, 0x1C, 0x3C, 0x1C, 0x3C, 0x1C, 0x3C, 0x3C, 0x3C,
    0xFF, 0xFF, 0xFF, 0xFF, 0xFF, 0xFF, 0xF0, 0x07, 0xF0, 0x07, 0xF0, 0x07, 0xF0, 0x07, 0x0F, 0x01,
    0xFF, 0x1F, 0xFC, 0xF1, 0xEF, 0x07, 0xF8, 0x3F, 0xFF, 0xFF, 0xFF, 0xF0, 0x07, 0x80, 0x1C, 0x1E,
    0xFF, 0xE3, 0xFF, 0x0F, 0xE0, 0xF0, 0xF0, 0xFF, 0x8F, 0x1E, 0x78, 0xF3, 0xE3, 0xCF, 0x3C, 0x1E,
    0xF7, 0x81, 0xEF, 0xF0, 0x0F, 0xFF, 0x00, 0xFF, 0xF0, 0x1F, 0xFF, 0x01, 0xEF, 0x78, 0x3C, 0xF7,
    0xC7, 0xCF, 0x3C, 0x78, 0xF1, 0xEF, 0x0F, 0x1F, 0x1F, 0x07, 0xF1, 0xFF, 0x78, 0xF0, 0x1E, 0x03,
    0x83, 0xE0, 0x7E, 0x03, 0xE0, 0x3F, 0xC7, 0xFF, 0xF7, 0xFC, 0x7F, 0x00, 0xE0, 0x7E, 0x0F, 0xE1,
    0xFE, 0x1F, 0xE3, 0xFE, 0x7F, 0xE7, 0xFE, 0xEF, 0xFC, 0xFF, 0xCF, 0xF8, 0xFF, 0x0F, 0xF0, 0xFE,
    0x0F, 0x30, 0xC3, 0x9C, 0x1F, 0x80, 0xE0, 0x00, 0x0E, 0x07, 0xE0, 0xFE, 0x1F, 0xE1, 0xFE, 0x3F,
    0xE7, 0xFE, 0x7F, 0xEE, 0xFF, 0xCF, 0xFC, 0xFF, 0x8F, 0xF0, 0xFF, 0x0F, 0xE0, 0xF0, 0xE0, 0xFE,
    0x1F, 0xE1, 0xEE, 0x3C, 0xE7, 0x8E, 0x78, 0xFF, 0x0F, 0xF0, 0xFF, 0x8E, 0x78, 0xE3, 0xCE, 0x3E,
    0xE1, 0xEE, 0x0F, 0x1F, 0xFC, 0x7F, 0xF1, 0xFF, 0xC7, 0x0F, 0x1C, 0x3C, 0x70, 0xF1, 0xC3, 0xC7,
    0x0F, 0x3C, 0x3C, 0xF0, 0xF3, 0xC3, 0xFE, 0x0F, 0xF8, 0x3F, 0xC0, 0xF0, 0xF8, 0x1F, 0xFE, 0x0F,
    0xFF, 0x0F, 0xFF, 0x87, 0xFF, 0xE3, 0xFF, 0x73, 0xFF, 0xB9, 0xDF, 0xDE, 0xEF, 0xE7, 0x77, 0xF3,
    0xF3, 0xF9, 0xF9, 0xFC, 0x7C, 0xFE, 0x3C, 0x7F, 0x1E, 0x3C, 0xE0, 0xFE, 0x0F, 0xE0, 0xFE, 0x0F,
    0xE0, 0xFE, 0x0F, 0xFF, 0xFF, 0xFF, 0xE0, 0xFE, 0x0F, 0xE0, 0xFE, 0x0F, 0xE0, 0xFE, 0x0F, 0x0F,
    0x81, 0xFF, 0x1F, 0xFC, 0xF1, 0xFF, 0x07, 0xF8, 0x3F, 0xC0, 0xFE, 0x07, 0xF0, 0x7F, 0x83, 0xDE,
    0x1E, 0xFF, 0xE3, 0xFE, 0x0F, 0xE0, 0xFF, 0xFF, 0xFF, 0xFF, 0xFE, 0x0F, 0xE0, 0xFE, 0x0F, 0xE0,
    0xFE, 0x0F, 0xE0, 0xFE, 0x0F, 0xE0, 0xFE, 0x0F, 0xE0, 0xFE, 0x0F, 0xE7, 0x87, 0x7F, 0x3F, 0xFD,
    0xF3, 0xEF, 0x0F, 0x70, 0x3F, 0x81, 0xFC, 0x0F, 0xE0, 0x7F, 0x83, 0xFC, 0x3D, 0xFF, 0xEE, 0xFE,
    0x73, 0xE3, 0x80, 0x1C, 0x00, 0xE0, 0x07, 0x00, 0x38, 0x00, 0x0F, 0x81, 0xFF, 0x1F, 0xFC, 0xF1,
    0xEF, 0x07, 0xF8, 0x03, 0xC0, 0x1E, 0x00, 0xF0, 0x07, 0x83, 0x9E, 0x1E, 0xFF, 0xE3, 0xFE, 0x0F,
    0xE0, 0xFF, 0xFF, 0xFF, 0xFF, 0xFE, 0x0E, 0x00, 0x70, 0x03, 0x80, 0x1C, 0x00, 0xE0, 0x07, 0x00,
    0x38, 0x01, 0xC0, 0x0E, 0x00, 0x70, 0x03, 0x80, 0xF0, 0x1E, 0xF0, 0x79, 0xE0, 0xF1, 0xC1, 0xC3,
    0xC7, 0x87, 0x8F, 0x07, 0x1C, 0x0F, 0x78, 0x1E, 0xF0, 0x1D, 0xC0, 0x3B, 0x80, 0x3E, 0x00, 0x7C,
    0x00, 0xF8, 0x01, 0xE0, 0x03, 0xC0, 0x3F, 0x00, 0x7E, 0x01, 0xF8, 0x00, 0x01, 0xE0, 0x00, 0xF0,
    0x00, 0x78, 0x00, 0x3C, 0x00, 0x7F, 0x80, 0xFF, 0xF0, 0xFF, 0xFC, 0xF3, 0xDF, 0xF1, 0xE7, 0xF8,
    0xF1, 0xFC, 0x78, 0xFE, 0x3C, 0x7F, 0x1E, 0x3F, 0x8F, 0x3D, 0xE7, 0x9E, 0xFB, 0xFE, 0x3F, 0xFE,
    0x0F, 0xFE, 0x00, 0x78, 0x00, 0x3C, 0x00, 0x1E, 0x00, 0x0F, 0x00, 0x07, 0x80, 0xF0, 0x7F, 0x87,
    0x9E, 0x38, 0x7B, 0xC3, 0xDC, 0x0F, 0xE0, 0x3E, 0x01, 0xF0, 0x1F, 0xC1, 0xEE, 0x0E, 0x78, 0xF1,
    0xCF, 0x0F, 0x78, 0x3C, 0xE0, 0xF3, 0x83, 0xCE, 0x0F, 0x38, 0x3C, 0xE0, 0xF3, 0x83, 0xCE, 0x0F,
    0x38, 0x3C, 0xE0, 0xF3, 0x83, 0xCE, 0x0F, 0x3F, 0xFF, 0xFF, 0xFF, 0xFF, 0xF0, 0x03, 0xC0, 0x0F,
    0x00, 0x3C, 0x00, 0xF0, 0xE0, 0xFC, 0x1F, 0x83, 0xF0, 0x7E, 0x0F, 0xC1, 0xFC, 0x3F, 0xFF, 0x7F,
    0xE7, 0xFC, 0x03, 0x80, 0x70, 0x0E, 0x01, 0xC0, 0xE1, 0xE3, 0xF8, 0x78, 0xFE, 0x1E, 0x3F, 0x87,
    0x8F, 0xE1, 0xE3, 0xF8, 0x78, 0xFE, 0x1E, 0x3F, 0x87, 0x8F, 0xE1, 0xE3, 0xF8, 0x78, 0xFE, 0x1E,
    0x3F, 0xFF, 0xFF, 0xFF, 0xFF, 0xFF, 0xFF, 0xF0, 0xE1, 0xE3, 0xCE, 0x1E, 0x3C, 0xE1, 0xE3, 0xCE,
    0x1E, 0x3C, 0xE1, 0xE3, 0xCE, 0x1E, 0x3C, 0xE1, 0xE3, 0xCE, 0x1E, 0x3C, 0xE1, 0xE3, 0xCE, 0x1E,
    0x3C, 0xE1, 0xE3, 0xCF, 0xFF, 0xFF, 0xFF, 0xFF, 0xFF, 0xFF, 0xFF, 0x00, 0x00, 0xF0, 0x00, 0x0F,
    0x00, 0x00, 0xF0, 0x00, 0x0F, 0xFE, 0x00, 0xFE, 0x00, 0xFE, 0x00, 0x0E, 0x00, 0x0E, 0x00, 0x0F,
    0xFC, 0x0F, 0xFE, 0x0F, 0xFF, 0x0E, 0x0F, 0x0E, 0x0F, 0x0E, 0x0F, 0x0F, 0xFE, 0x0F, 0xFE, 0x0F,
    0xF8, 0xE0, 0x07, 0xF0, 0x03, 0xF8, 0x01, 0xFC, 0x00, 0xFE, 0x00, 0x7F, 0xFE, 0x3F, 0xFF, 0x9F,
    0xFF, 0xCF, 0xE0, 0xF7, 0xF0, 0x7B, 0xF8, 0x3D, 0xFF, 0xFC, 0xFF, 0xFC, 0x7F, 0xFC, 0x3C, 0xE0,
    0x0E, 0x00, 0xE0, 0x0E, 0x00, 0xE0, 0x0F, 0xFC, 0xFF, 0xEF, 0xFE, 0xE0, 0xFE, 0x0F, 0xE0, 0xFF,
    0xFE, 0xFF, 0xCF, 0xF8, 0x0F, 0x01, 0xFE, 0x1F, 0xF9, 0xE1, 0xEF, 0x07, 0x00, 0x3C, 0x1F, 0xE0,
    0xFF, 0x00, 0x7B, 0x03, 0xBC, 0x3C, 0xFF, 0xE7, 0xFE, 0x0F, 0xC0, 0xE0, 0x3C, 0x1C, 0x1F, 0xE3,
    0x87, 0xFE, 0x71, 0xF3, 0xEE, 0x3C, 0x3D, 0xCF, 0x03, 0xFF, 0xE0, 0x7F, 0xFC, 0x0F, 0xFF, 0x81,
    0xFC, 0x70, 0x3B, 0x8F, 0x0F, 0x71, 0xFF, 0xEE, 0x1F, 0xF9, 0xC0, 0xFC, 0x00, 0x03, 0xF8, 0xFF,
    0xCF, 0xFE, 0xF8, 0xF7, 0x87, 0xBC, 0x3D, 0xF1, 0xE7, 0xFF, 0x1F, 0xF8, 0xF3, 0xC7, 0x1E, 0x78,
    0xF7, 0x87, 0xFC, 0x3C, 0x1C, 0x00, 0x70, 0x03, 0x80, 0x0E, 0x00, 0x00, 0x07, 0x80, 0xFF, 0x8F,
    0xFE, 0x78, 0xF7, 0x83, 0xFC, 0x1F, 0xFF, 0xFF, 0xFF, 0xF8, 0x03, 0xC0, 0x0E, 0x0F, 0x7F, 0xF1,
    0xFF, 0x87, 0xF0, 0x38, 0xE1, 0xEF, 0x0E, 0x38, 0x00, 0x00, 0x00, 0x07, 0x80, 0xFF, 0x8F, 0xFE,
    0x78, 0xF7, 0x83, 0xFC, 0x1F, 0xFF, 0xFF, 0xFF, 0xF8, 0x03, 0xC0, 0x0E, 0x0F, 0x7F, 0xF1, 0xFF,
    0x87, 0xF0, 0x38, 0x03, 0xFE, 0x0F, 0xF8, 0x0E, 0x00, 0x38, 0xE0, 0xEF, 0xE3, 0xFF, 0x8F, 0x9F,
    0x3C, 0x3C, 0xE0, 0xF3, 0x83, 0xCE, 0x0F, 0x38, 0x3C, 0xE0, 0xF3, 0x83, 0xCE, 0x0F, 0x38, 0x3C,
    0xE0, 0xF0, 0x03, 0xC0, 0x0F, 0x01, 0x7C, 0x03, 0xF0, 0x0F, 0x80, 0x0F, 0x07, 0x07, 0x03, 0x80,
    0x07, 0xFF, 0xFF, 0xFF, 0xE0, 0x70, 0x38, 0x1C, 0x0E, 0x07, 0x03, 0x81, 0xC0, 0xE0, 0x70, 0x38,
    0x00, 0x0F, 0x81, 0xFF, 0x1F, 0xFC, 0xF1, 0xEF, 0x07, 0xF8, 0x03, 0xFC, 0x1F, 0xE0, 0xF0, 0x07,
    0x83, 0x9C, 0x1E, 0xFF, 0xE3, 0xFE, 0x0F, 0xE0, 0x0F, 0x03, 0xFC, 0x7F, 0xEF, 0x0F, 0xF0, 0x0F,
    0x80, 0x7F, 0xC3, 0xFE, 0x07, 0xF0, 0x0F, 0xF0, 0xFF, 0xFF, 0x7F, 0xE3, 0xFC, 0x7F, 0x72, 0x07,
    0x77, 0x77, 0x77, 0x77, 0x77, 0x77, 0x70, 0xE3, 0x7B, 0xF9, 0xE0, 0x00, 0x00, 0xE0, 0x70, 0x38,
    0x1C, 0x0E, 0x07, 0x03, 0x81, 0xC0, 0xE0, 0x70, 0x38, 0x1C, 0x0E, 0x07, 0x00, 0x1C, 0xF1, 0xC2,
    0x00, 0x71, 0xC7, 0x1C, 0x71, 0xC7, 0x1C, 0x71, 0xC7, 0x1C, 0x71, 0xC7, 0x3F, 0xFF, 0xBC, 0x1F,
    0xFC, 0x00, 0x3F, 0xF8, 0x00, 0x7F, 0xF0, 0x00, 0xF1, 0xE0, 0x01, 0xE3, 0xC0, 0x03, 0xC7, 0xFF,
    0x07, 0x0F, 0xFF, 0x0E, 0x1F, 0xFE, 0x1C, 0x3C, 0x1E, 0x38, 0x78, 0x3C, 0xF0, 0xF0, 0x77, 0xE1,
    0xFF, 0xEF, 0x83, 0xFF, 0x9E, 0x07, 0xFE, 0x00, 0xE0, 0xF0, 0x0E, 0x0F, 0x00, 0xE0, 0xF0, 0x0E,
    0x0F, 0x00, 0xE0, 0xF0, 0x0E, 0x0F, 0xF8, 0xFF, 0xFF, 0xEF, 0xFF, 0xFF, 0xE0, 0xF0, 0xFE, 0x0F,
    0x07, 0xE0, 0xF0, 0xFE, 0x0F, 0xFF, 0xE0, 0xFF, 0xEE, 0x0F, 0xF8, 0x38, 0x03, 0xFE, 0x0F, 0xF8,
    0x0E, 0x00, 0x38, 0xE0, 0xEF, 0xE3, 0xFF, 0x8F, 0x9F, 0x3C, 0x3C, 0xE0, 0xF3, 0x83, 0xCE, 0x0F,
    0x38, 0x3C, 0xE0, 0xF3, 0x83, 0xCE, 0x0F, 0x38, 0x3C, 0xE0, 0xF0, 0x07, 0x80, 0x70, 0x0E, 0x00,
    0xE0, 0x00, 0x0E, 0x0F, 0xE1, 0xFE, 0x1E, 0xE3, 0xCE, 0x78, 0xE7, 0x8F, 0xF0, 0xFF, 0x0F, 0xF8,
    0xE7, 0x8E, 0x3C, 0xE3, 0xEE, 0x1E, 0xE0, 0xF0, 0x3C, 0x01, 0xC0, 0x0E, 0x00, 0xE0, 0x00, 0x0E,
    0x07, 0xE0, 0xFE, 0x1F, 0xE1, 0xFE, 0x3F, 0xE7, 0xFE, 0x7F, 0xEE, 0xFF, 0xCF, 0xFC, 0xFF, 0x8F,
    0xF0, 0xFF, 0x0F, 0xE0, 0xF0, 0x1C, 0x70, 0x1D, 0xC0, 0x3F, 0x80, 0x1C, 0x00, 0x00, 0x1E, 0x03,
    0xDE, 0x0F, 0x3C, 0x1E, 0x38, 0x38, 0x78, 0xF0, 0xF1, 0xE0, 0xE3, 0x81, 0xEF, 0x03, 0xDE, 0x03,
    0xB8, 0x07, 0x70, 0x07, 0xC0, 0x0F, 0x80, 0x1F, 0x00, 0x3C, 0x00, 0x78, 0x07, 0xE0, 0x0F, 0xC0,
    0x3F, 0x00, 0xE0, 0xFE, 0x0F, 0xE0, 0xFE, 0x0F, 0xE0, 0xFE, 0x0F, 0xE0, 0xFE, 0x0F, 0xE0, 0xFE,
    0x0F, 0xE0, 0xFF, 0xFF, 0xFF, 0xFF, 0xFF, 0x0F, 0x00, 0xF0, 0x0F, 0x00, 0xE0, 0xE0, 0xF0, 0x7F,
    0x07, 0x83, 0xF8, 0x3C, 0x1F, 0xC1, 0xE0, 0xFE, 0x0F, 0x07, 0xF0, 0x78, 0x3F, 0x83, 0xC1, 0xFC,
    0x1E, 0x0F, 0xE0, 0xF0, 0x7F, 0x07, 0x83, 0xF8, 0x3C, 0x1F, 0xC1, 0xE0, 0xFE, 0x0F, 0x07, 0xF8,
    0x78, 0x3F, 0xC3, 0xE3, 0xDF, 0xFF, 0xFE, 0x7F, 0xFF, 0xE0, 0xFC, 0x7E, 0x00, 0xE1, 0xE1, 0xF8,
    0x78, 0x7E, 0x1E, 0x1F, 0x87, 0x87, 0xE1, 0xE1, 0xF8, 0x78, 0x7E, 0x1E, 0x1F, 0x87, 0x87, 0xE1,
    0xE1, 0xF8, 0x78, 0x7F, 0x1E, 0x3F, 0xFF, 0xFF, 0x7F, 0x3F, 0x8F, 0x87, 0xC0, 0x1E, 0x00, 0x0F,
    0x00, 0x3F, 0xF8, 0x1F, 0xFC, 0x01, 0xE0, 0x00, 0xF0, 0x00, 0x7F, 0xC0, 0x3F, 0xFC, 0x1F, 0xFF,
    0x0F, 0x0F, 0x87, 0x81, 0xE3, 0xC0, 0xF1, 0xE0, 0x78, 0xF0, 0x3C, 0x78, 0x3C, 0x3F, 0xFE, 0x1F,
    0xFE, 0x0F, 0xFC, 0x00, 0x1E, 0x00, 0x3C, 0x00, 0x78, 0x00, 0xF0, 0x0F, 0xFE, 0x1F, 0xFC, 0x3F,
    0xF8, 0x0F, 0x00, 0x1E, 0x00, 0x3F, 0xF0, 0x7F, 0xF0, 0xFF, 0xF1, 0xE1, 0xE3, 0xC3, 0xC7, 0x87,
    0x8F, 0xFF, 0x1F, 0xFC, 0x3F, 0xE0, 0xE0, 0x3F, 0xC3, 0x81, 0xFF, 0xCE, 0x0F, 0xFF, 0xB8, 0x7C,
    0x1E, 0xE1, 0xE0, 0x3F, 0x8F, 0x00, 0xFE, 0x3C, 0x00, 0x3F, 0xFF, 0x80, 0xFF, 0xFE, 0x03, 0xFF,
    0xF8, 0x0E, 0x3C, 0x00, 0x38, 0xF0, 0x00, 0xE1, 0xC0, 0x3F, 0x87, 0x80, 0xFE, 0x1F, 0x0F, 0xB8,
    0x3F, 0xFC, 0xE0, 0x7F, 0xE3, 0x80, 0x7F, 0x00, 0xE0, 0x3C, 0x38, 0x3F, 0xCE, 0x1F, 0xFB, 0x8F,
    0x1E, 0xE7, 0x83, 0xF9, 0xE0, 0x0F, 0xFF, 0x83, 0xFF, 0xE0, 0xE7, 0x80, 0x39, 0xE0, 0xFE, 0x3C,
    0x3F, 0x8F, 0xFE, 0xE1, 0xFF, 0x38, 0x3F, 0x80, 0x03, 0xE0, 0x03, 0xF0, 0x01, 0xFC, 0x00, 0xFE,
    0x00, 0xF7, 0x00, 0x7B, 0xC0, 0x39, 0xE0, 0x3C, 0xF0, 0x1E, 0x3C, 0x1E, 0x1E, 0x0F, 0xFF, 0x07,
    0xFF, 0xC7, 0x9D, 0xE3, 0xCE, 0xF1, 0xE7, 0x3D, 0xF3, 0x9E, 0xF1, 0xCF, 0xF8, 0xE3, 0xC0, 0x07,
    0x80, 0x1F, 0x00, 0x7C, 0x03, 0xF0, 0x0E, 0xE0, 0x3B, 0x81, 0xCF, 0x07, 0x1C, 0x3E, 0xF0, 0xFF,
    0xE3, 0xBB, 0x9E, 0xEE, 0x73, 0xBF, 0xCE, 0x70, 0xE0, 0x1F, 0x03, 0x80, 0xFC, 0x0E, 0x03, 0xF8,
    0x38, 0x0E, 0xE0, 0xE0, 0x7B, 0x83, 0x81, 0xEF, 0x0E, 0x07, 0x3C, 0x38, 0x3C, 0x78, 0xE0, 0xF1,
    0xE3, 0x83, 0xC7, 0x8F, 0xFF, 0xFF, 0x3F, 0xFF, 0xFC, 0xE1, 0xEE, 0xF3, 0x8F, 0x39, 0xEE, 0x3C,
    0xE7, 0xB8, 0xF3, 0x9E, 0xE7, 0x8E, 0x3F, 0x9E, 0x38, 0xF0, 0xE0, 0x78, 0x38, 0x1F, 0x0E, 0x07,
    0xC3, 0x83, 0xF0, 0xE0, 0xEE, 0x38, 0x3B, 0x8E, 0x1E, 0xF3, 0xFF, 0x1C, 0xFF, 0xEF, 0x3F, 0xFF,
    0xEE, 0x3B, 0xBB, 0x9E, 0xEE, 0xE7, 0xBB, 0xFB, 0xCE, 0x70, 0x7F, 0xFF, 0x87, 0xFF, 0xE0, 0xFF,
    0xFC, 0x0F, 0x07, 0x00, 0xE1, 0xC0, 0x1E, 0x78, 0x01, 0xCE, 0x00, 0x3F, 0xC0, 0x1F, 0xFE, 0x0F,
    0xFF, 0xF3, 0xFF, 0xFF, 0x78, 0xF1, 0xEE, 0x1E, 0x1D, 0xC3, 0xC3, 0xB8, 0x78, 0x7F, 0x0F, 0x0F,
    0xE1, 0xE1, 0xFC, 0x3C, 0x3C, 0x7F, 0xFE, 0x3F, 0xFE, 0x1F, 0xFC, 0x1E, 0x3C, 0x0F, 0x78, 0x07,
    0x70, 0x07, 0xF0, 0x3F, 0xFC, 0x7F, 0xFF, 0x79, 0xCF, 0xF1, 0xC7, 0xF1, 0xC7, 0xF1, 0xC7, 0xF1,
    0xC7, 0xE0, 0xFF, 0xFF, 0xB8, 0x1F, 0xFF, 0xCE, 0x03, 0xFF, 0xE3, 0x80, 0x70, 0x78, 0xE0, 0x1E,
    0x1C, 0x38, 0x03, 0x8E, 0x0E, 0x00, 0xF7, 0x83, 0x80, 0x1D, 0xC0, 0xFF, 0xFF, 0xFE, 0x3F, 0xFF,
    0xFF, 0xCF, 0xFF, 0xFF, 0xFB, 0x87, 0xC7, 0x1F, 0xE1, 0xE1, 0xC3, 0xF8, 0x78, 0x70, 0xFE, 0x1E,
    0x1C, 0x3F, 0x87, 0x87, 0x0F, 0xE1, 0xE1, 0xC3, 0xF8, 0x78, 0x70, 0xF0, 0xE1, 0xFF, 0xFB, 0x83,
    0xFF, 0xEE, 0x07, 0xFF, 0x38, 0x1E, 0x38, 0xE0, 0x39, 0xE3, 0x80, 0xF7, 0x0F, 0xFF, 0xFC, 0x3F,
    0xFF, 0xFC, 0xFF, 0xFF, 0xFB, 0x87, 0x9C, 0xFE, 0x3C, 0x71, 0xF8, 0xF1, 0xC7, 0xE3, 0xC7, 0x1F,
    0x8F, 0x1C, 0x70, 0x3C, 0xF0, 0xFC, 0x07, 0x80, 0x00, 0x00, 0x03, 0xF8, 0x3F, 0xC3, 0xFE, 0x01,
    0xE0, 0x0F, 0x00, 0xE0, 0x1E, 0x1F, 0xC1, 0xF8, 0x1F, 0xC0, 0x3E, 0x00, 0xF0, 0x0F, 0x00, 0xF0,
    0x0F, 0x1F, 0xE7, 0xFE, 0xFF, 0x8F, 0x00, 0xF0, 0x07, 0x00, 0x78, 0x03, 0x80, 0x71, 0xE7, 0x70,
    0x7C, 0x07, 0x00, 0x00, 0xF8, 0x1F, 0xE3, 0xFE, 0x03, 0xE0, 0x3C, 0x07, 0x1F, 0xC3, 0xF8, 0x7F,
    0x80, 0x78, 0x0F, 0x0F, 0xEF, 0xFB, 0xFE, 0x78, 0x0E, 0x01, 0xF0, 0x1E, 0x01, 0xC0, 0xE1, 0xE1,
    0xFC, 0x3C, 0x3F, 0x87, 0x87, 0xF0, 0xF0, 0xFE, 0x1E, 0x1F, 0xC3, 0xC3, 0xF8, 0x78, 0x7F, 0x8F,
    0x0E, 0xF1, 0xE3, 0xCF, 0x3C, 0x79, 0xFF, 0xFE, 0x1F, 0xFF, 0x80, 0xFF, 0xE0, 0x03, 0xC0, 0x00,
    0x78, 0x00, 0x0F, 0x00, 0x01, 0xE0, 0x00, 0x3C, 0x00, 0x01, 0xC0, 0x00, 0xE0, 0x00, 0x70, 0x1C,
    0x38, 0x7E, 0x1C, 0x3F, 0x0E, 0x1F, 0x87, 0x0F, 0xC3, 0x87, 0xE1, 0xC3, 0xF0, 0xE1, 0xF8, 0x70,
    0xFC, 0x38, 0xFE, 0x1C, 0x7F, 0x8E, 0x3D, 0xFF, 0xFC, 0xFF, 0xFC, 0x1F, 0xFC, 0x00, 0xE0, 0x00,
    0x70, 0x00, 0x38, 0x00, 0x1C, 0x00, 0x0E, 0x00, 0x07, 0xF8, 0x0F, 0xFE, 0x0F, 0xFF, 0x8F, 0x83,
    0xE7, 0x80, 0xF3, 0xC0, 0x3F, 0xC0, 0x1F, 0xE0, 0x0F, 0xFF, 0xFF, 0xFF, 0xFF, 0xFC, 0x01, 0xFE,
    0x00, 0xF7, 0x80, 0x7B, 0xC0, 0x78, 0xF8, 0x7C, 0x7F, 0xFC, 0x1F, 0xFC, 0x03, 0xF8, 0x00, 0x0F,
    0x81, 0xFF, 0x1F, 0xFC, 0xF1, 0xFF, 0x07, 0xF8, 0x3F, 0xF9, 0xFF, 0xFF, 0xF0, 0x7F, 0x83, 0xDE,
    0x1E, 0xFF, 0xE3, 0xFE, 0x0F, 0xE0, 0xF0, 0x03, 0xF8, 0x03, 0xDE, 0x03, 0xEF, 0x01, 0xE7, 0x81,
    0xE1, 0xE0, 0xF0, 0xF0, 0x78, 0x78, 0x78, 0x1E, 0x3C, 0x0F, 0x1E, 0x07, 0x9E, 0x01, 0xCF, 0x00,
    0xF7, 0x80, 0x7F, 0x80, 0x1F, 0xC0, 0x0F, 0xE0, 0x07, 0xE0, 0x01, 0xF0, 0x00, 0xF0, 0x0E, 0xF0,
    0x7D, 0xE0, 0xFB, 0xC3, 0xC3, 0x87, 0x87, 0x8E, 0x07, 0x3C, 0x0E, 0x78, 0x1E, 0xE0, 0x1D, 0xC0,
    0x3F, 0x80, 0x7E, 0x00, 0x7C, 0x00, 0xF0, 0x00, 0x3D, 0xE0, 0x0F, 0x70, 0x03, 0x9C, 0x00, 0xEE,
    0x00, 0x00, 0x00, 0x00, 0x03, 0xC0, 0x0F, 0xE0, 0x0F, 0x78, 0x0F, 0xBC, 0x07, 0x9E, 0x07, 0x87,
    0x83, 0xC3, 0xC1, 0xE1, 0xE1, 0xE0, 0x78, 0xF0, 0x3C, 0x78, 0x1E, 0x78, 0x07, 0x3C, 0x03, 0xDE,
    0x01, 0xFE, 0x00, 0x7F, 0x00, 0x3F, 0x80, 0x1F, 0x80, 0x07, 0xC0, 0x7B, 0xC0, 0x73, 0x80, 0x77,
    0x00, 0x67, 0x00, 0x00, 0x1E, 0x01, 0xDE, 0x0F, 0xBC, 0x1F, 0x78, 0x78, 0x70, 0xF0, 0xF1, 0xC0,
    0xE7, 0x81, 0xCF, 0x03, 0xDC, 0x03, 0xB8, 0x07, 0xF0, 0x0F, 0xC0, 0x0F, 0x80, 0x1E, 0x00, 0x07,
    0xF8, 0x00, 0x00, 0x0F, 0xFE, 0x00, 0x00, 0x0F, 0xFF, 0x80, 0x00, 0x0F, 0x83, 0xE0, 0x00, 0x07,
    0x80, 0xF1, 0xE0, 0x7B, 0xC0, 0x3C, 0xF0, 0x3F, 0xC0, 0x1E, 0x78, 0x3D, 0xE0, 0x0F, 0x1E, 0x1E,
    0xF0, 0x07, 0x8F, 0x0E, 0x78, 0x03, 0xC3, 0x8F, 0x3C, 0x01, 0xE1, 0xE7, 0x9E, 0x00, 0xF0, 0xF3,
    0x87, 0x80, 0x78, 0x3B, 0xC3, 0xC0, 0x78, 0x1D, 0xC0, 0xF8, 0x7C, 0x0F, 0xE0, 0x7F, 0xFC, 0x03,
    0xF0, 0x1F, 0xFC, 0x01, 0xF0, 0x03, 0xF8, 0x00, 0x78, 0x00, 0x00, 0x00, 0x3C, 0x00, 0x00, 0x00,
    0x3C, 0x00, 0x00, 0x00, 0xFE, 0x00, 0x00, 0x00, 0x7E, 0x00, 0x00, 0x00, 0x3E, 0x00, 0x0F, 0x83,
    0xC0, 0x79, 0xFF, 0x0F, 0x07, 0x9F, 0xFC, 0x78, 0x3C, 0xF1, 0xF3, 0xC1, 0xCF, 0x07, 0x8E, 0x1E,
    0x78, 0x3C, 0x78, 0xF3, 0xC0, 0xE1, 0xC7, 0x1E, 0x07, 0x0E, 0x78, 0xF0, 0x78, 0x7B, 0x87, 0x83,
    0xC1, 0xDC, 0x1E, 0x1E, 0x0F, 0xE0, 0xFF, 0xE0, 0x7E, 0x03, 0xFE, 0x01, 0xF0, 0x0F, 0xE0, 0x0F,
    0x80, 0x00, 0x00, 0x78, 0x00, 0x00, 0x03, 0xC0, 0x00, 0x00, 0xFC, 0x00, 0x00, 0x07, 0xE0, 0x00,
    0x00, 0x7E, 0x00, 0x0F, 0xF0, 0x1F, 0xFC, 0x3F, 0xFE, 0x7C, 0x1E, 0x78, 0x0F, 0xF0, 0x0F, 0xF0,
    0x00, 0xF0, 0x00, 0xF0, 0x00, 0xF0, 0x00, 0xF0, 0x0F, 0x78, 0x0F, 0x7C, 0x3F, 0x3F, 0xFF, 0x1F,
    0xFF, 0x0F, 0xEF, 0x00, 0x0F, 0x00, 0x0F, 0x0F, 0x81, 0xFF, 0x1F, 0xFC, 0xF1, 0xEF, 0x07, 0xF8,
    0x03, 0xC0, 0x1E, 0x00, 0xF0, 0x07, 0x80, 0x1E, 0x00, 0xFF, 0x03, 0xF8, 0x0F, 0xC0, 0x1E, 0x00,
    0xF0, 0x07, 0x80, 0x3C, 0x00, 0x00, 0x30, 0x03, 0x07, 0x38, 0x1F, 0x80, 0x38, 0x00, 0xF0, 0x0D,
    0xF0, 0xE3, 0xC6, 0x07, 0xE0, 0x0F, 0x00, 0x3E, 0x01, 0xBC, 0x18, 0xC1, 0xC0, 0x1C, 0x00, 0x01,
    0x80, 0xFF, 0xF8, 0x0C, 0x00, 0x0F, 0xBF, 0xEF, 0x0C, 0xD9, 0xB0, 0x6F, 0x60, 0x7C, 0x3F, 0xFC,
    0x3C, 0x00, 0x1C, 0x00, 0x00, 0x1B, 0x00, 0x00, 0x08, 0x80, 0x00, 0x00, 0x00, 0x01, 0xE0, 0x03,
    0xC0, 0x98, 0x03, 0x20, 0x00, 0x00, 0x00, 0x00, 0x00, 0x00, 0x00, 0x00, 0x00, 0x00, 0x00, 0x00,
    0x1E, 0x00, 0x03, 0xD9, 0x80, 0x03, 0x30, 0x00, 0x00, 0x00, 0x00, 0x00, 0x00, 0x00, 0x00, 0x00,
    0x00, 0x00, 0x00, 0x1E, 0x00, 0x38, 0x09, 0x80, 0x32, 0x08, 0x00, 0x00, 0x00, 0x00, 0x00, 0x00,
    0x03, 0xE0, 0x00, 0x01, 0x10, 0x00, 0x00, 0x08, 0x00, 0x00, 0x30, 0x00, 0x00, 0x60, 0x00, 0x40,
    0x80, 0x00, 0xC2, 0x03, 0x80, 0x80, 0x1E, 0x01, 0x80, 0x10, 0x00, 0x00, 0x00, 0x00, 0x00, 0x00,
    0x00, 0x00, 0x03, 0x00, 0x00, 0x43, 0xC0, 0x00, 0xF1, 0x80, 0x00, 0x20, 0x00, 0x00, 0x00, 0x00,
    0x00, 0x00, 0x00, 0x00, 0x00, 0x00, 0x40, 0x0E, 0x00, 0xC0, 0x70, 0x01, 0x80, 0x80, 0xC1, 0x80,
    0x01, 0x81, 0x00, 0x02, 0x00, 0x00, 0x0C, 0x00, 0x00, 0x18, 0x60, 0x0E, 0x70, 0x03, 0xF0, 0x00,
    0x70, 0x00, 0x00, 0x00, 0x00, 0x03, 0x80, 0x79, 0xC0, 0x7C, 0xE0, 0x3E, 0x70, 0x3F, 0x38, 0x3F,
    0x9C, 0x1D, 0xCE, 0x1E, 0xE7, 0x1E, 0x73, 0x8F, 0x39, 0xCF, 0x1C, 0xE7, 0x0E, 0x77, 0x87, 0x3B,
    0x83, 0x9F, 0xC1, 0xCF, 0xC0, 0xE7, 0xC0, 0x7F, 0xE0, 0x3F, 0xE0, 0x1E, 0x00, 0x07, 0x00, 0x07,
    0x80, 0x03, 0x80, 0x01, 0xC0, 0x30, 0xC0, 0xE7, 0x01, 0xF8, 0x03, 0x80, 0x00, 0x03, 0x81, 0xCE,
    0x0F, 0x38, 0x7C, 0xE1, 0xF3, 0x8F, 0xCE, 0x7F, 0x39, 0xFC, 0xEE, 0xF3, 0xF3, 0xCF, 0xCF, 0x3E,
    0x3C, 0xF0, 0xFF, 0xC3, 0xFE, 0x0F, 0xC0, 0x0E, 0x00, 0x38, 0x01, 0xE0, 0x07, 0x00, 0x1E, 0x00,
    0x0F, 0x00, 0x3F, 0xF8, 0x1F, 0xFC, 0x01, 0xE0, 0x00, 0xF0, 0x00, 0x7F, 0xC0, 0x3F, 0xFC, 0x1F,
    0xFF, 0x0F, 0x0F, 0x87, 0x81, 0xE3, 0xC0, 0xF1, 0xE0, 0x78, 0xF0, 0x3C, 0x78, 0x3C, 0x3F, 0xFE,
    0x1F, 0xFE, 0x0F, 0xFC, 0x00, 0x1E, 0x00, 0x3C, 0x00, 0x78, 0x07, 0xFF, 0x0F, 0xFE, 0x1F, 0xFC,
    0x07, 0x80, 0x0F, 0x00, 0x1F, 0xF8, 0x3F, 0xF8, 0x7F, 0xF8, 0xF0, 0xF1, 0xE1, 0xE3, 0xC3, 0xC7,
    0xFF, 0x8F, 0xFE, 0x1F, 0xF0, 0xFF, 0xC7, 0xFF, 0xBF, 0xFD, 0xC1, 0xFE, 0x07, 0xF0, 0x3F, 0x85,
    0xFC, 0x6F, 0xE1, 0xFF, 0xFF, 0xBF, 0xF9, 0xFF, 0xCE, 0x06, 0x70, 0x13, 0x80, 0x1C, 0x00, 0xE0,
    0x07, 0x00, 0x00, 0xE3, 0x87, 0x7F, 0x3F, 0xFD, 0xF1, 0xEF, 0x0F, 0xF0, 0x3F, 0x81, 0xFC, 0x0F,
    0xE0, 0x7F, 0x9B, 0xFC, 0x7D, 0xFF, 0xEE, 0xFE, 0x73, 0xF3, 0x80, 0xDC, 0x00, 0xE0, 0x07, 0x00,
    0x38, 0x00, 0x00, 0xF0, 0x0F, 0x00, 0xF0, 0x0F, 0xFF, 0xFF, 0xFF, 0xFF, 0xFE, 0x00, 0xE0, 0x0E,
    0x00, 0xE0, 0x0E, 0x00, 0xE0, 0x0E, 0x00, 0xE0, 0x0E, 0x00, 0xE0, 0x0E, 0x00, 0xE0, 0x0E, 0x00,
    0xE0, 0x0E, 0x00, 0x03, 0x81, 0xC0, 0xFF, 0xFF, 0xFF, 0xFF, 0x81, 0xC0, 0xE0, 0x70, 0x38, 0x1C,
    0x0E, 0x07, 0x03, 0x81, 0xC0, 0xE0, 0x00, 0x1F, 0xFE, 0x3F, 0xFC, 0x7F, 0xF8, 0xE0, 0x01, 0xC0,
    0x03, 0x80, 0x07, 0x00, 0x0E, 0x00, 0xFF, 0xE1, 0xFF, 0xC0, 0x70, 0x00, 0xE0, 0x01, 0xC0, 0x03,
    0x80, 0x07, 0x00, 0x0E, 0x00, 0x1C, 0x00, 0x38, 0x00, 0x3F, 0xE7, 0xFC, 0xFF, 0x9C, 0x03, 0x80,
    0x70, 0x3F, 0xE7, 0xFC, 0x38, 0x07, 0x00, 0xE0, 0x1C, 0x03, 0x80, 0x70, 0x00, 0xFF, 0xF3, 0xFF,
    0xCF, 0xFF, 0x38, 0x00, 0xE0, 0x03, 0x80, 0x0E, 0x00, 0x3B, 0xF0, 0xFF, 0xF3, 0xFF, 0xEF, 0x8F,
    0xBC, 0x1E, 0xE0, 0x3F, 0x80, 0xFE, 0x07, 0xB8, 0x1E, 0xE7, 0xFB, 0x9F, 0xC0, 0x7C, 0x00, 0xFF,
    0x9F, 0xF3, 0xFE, 0x70, 0x0E, 0x01, 0xC0, 0x39, 0xC7, 0x7C, 0xFF, 0xDE, 0x3F, 0x83, 0xF0, 0x7E,
    0x0F, 0xC1, 0xC0, 0x78, 0x3E, 0x0F, 0xC1, 0xE0, 0xF8, 0x3C, 0x0F, 0x9E, 0x0F, 0x07, 0xC3, 0xC3,
    0xC1, 0xE0, 0xF0, 0xF0, 0xF8, 0x1E, 0x3C, 0x3C, 0x07, 0xCF, 0x1E, 0x00, 0xF3, 0xC7, 0x80, 0x1E,
    0xF3, 0xC0, 0x07, 0xFF, 0xF0, 0x01, 0xFF, 0xFC, 0x00, 0xFF, 0xFF, 0x80, 0x7C, 0xF1, 0xE0, 0x1E,
    0x3C, 0x3C, 0x0F, 0x0F, 0x0F, 0x03, 0xC3, 0xC1, 0xE1, 0xE0, 0xF0, 0x7F, 0x78, 0x3C, 0x0F, 0xFC,
    0x0F, 0x03, 0xF0, 0x00, 0x00, 0x1C, 0x00, 0x00, 0x07, 0x00, 0x00, 0x01, 0xC0, 0x00, 0x00, 0x70,
    0xF0, 0xF0, 0xF7, 0xC7, 0x8F, 0x1E, 0x3C, 0xF8, 0x79, 0xE7, 0x81, 0xEF, 0x78, 0x0F, 0x7F, 0x80,
    0x3F, 0xFC, 0x01, 0xFF, 0xE0, 0x1F, 0xFF, 0x00, 0xF7, 0xBC, 0x0F, 0x3D, 0xF0, 0xF9, 0xE7, 0xF7,
    0x8F, 0x1F, 0xF8, 0x78, 0xFC, 0x00, 0x00, 0xE0, 0x00, 0x07, 0x00, 0x00, 0x38, 0x00, 0x01, 0xC0,
    0x1F, 0xE0, 0xFF, 0xC7, 0xFF, 0x9E, 0x1E, 0x70, 0x38, 0x00, 0xE0, 0x07, 0x81, 0xFC, 0x07, 0xC0,
    0x1F, 0xC0, 0x07, 0x80, 0x0F, 0x00, 0x3F, 0xC0, 0xFF, 0x87, 0xDF, 0xFE, 0x3F, 0xF0, 0x7F, 0x80,
    0x30, 0x00, 0xF0, 0x00, 0xC0, 0x03, 0x00, 0x3C, 0x00, 0x1F, 0x07, 0xF1, 0xFF, 0x78, 0xF0, 0x1E,
    0x03, 0x83, 0xE0, 0x7E, 0x03, 0xE0, 0x3F, 0xC7, 0xFF, 0xF7, 0xFC, 0x7F, 0x01, 0x00, 0x78, 0x03,
    0x80, 0x70, 0x3C, 0x00, 0xE0, 0x3E, 0xE0, 0x7C, 0xE0, 0x78, 0xE0, 0xF0, 0xE1, 0xF0, 0xE1, 0xE0,
    0xE3, 0xC0, 0xFF, 0x80, 0xFF, 0x80, 0xFF, 0x80, 0xE3, 0xC0, 0xE3, 0xE0, 0xE1, 0xE0, 0xE0, 0xF0,
    0xE0, 0xF8, 0xE0, 0x7F, 0xE0, 0x3F, 0xE0, 0x1F, 0x00, 0x07, 0x00, 0x07, 0x00, 0x07, 0x00, 0x07,
    0xE0, 0xF7, 0x0F, 0xB8, 0x79, 0xC7, 0x8E, 0x78, 0x73, 0xC3, 0xFC, 0x1F, 0xE0, 0xFF, 0x87, 0x3C,
    0x38, 0xF1, 0xC7, 0xFE, 0x1F, 0xF0, 0x7C, 0x00, 0xE0, 0x07, 0x00, 0x38, 0x01, 0xC0, 0xE0, 0x3F,
    0xC0, 0x7B, 0x81, 0xE7, 0x03, 0xCE, 0xEF, 0x1D, 0xDE, 0x3B, 0xF8, 0x7F, 0xF0, 0xFF, 0xC1, 0xFF,
    0xC3, 0xFF, 0x87, 0x77, 0x8E, 0xEF, 0x1D, 0xCF, 0x38, 0x1E, 0x70, 0x1E, 0xE0, 0x3F, 0xC0, 0x3C,
    0xE0, 0x7F, 0x81, 0xEE, 0x0F, 0x3B, 0x3C, 0xED, 0xE3, 0xB7, 0x8F, 0xFC, 0x3F, 0xF0, 0xFF, 0xE3,
    0xB7, 0x8E, 0xCF, 0x38, 0x3C, 0xE0, 0x7B, 0x81, 0xF0, 0xFF, 0x81, 0xF7, 0xFC, 0x0F, 0x3F, 0xE0,
    0xF0, 0x0F, 0x0F, 0x80, 0x78, 0x78, 0x03, 0xC7, 0x80, 0x1E, 0x78, 0x00, 0xFF, 0xC0, 0x07, 0xFC,
    0x00, 0x3F, 0xE0, 0x01, 0xE7, 0x80, 0x0F, 0x1E, 0x00, 0x78, 0xF8, 0x03, 0xC3, 0xC0, 0x1E, 0x0F,
    0x00, 0xF0, 0x7C, 0x07, 0x81, 0xE0, 0x3C, 0x07, 0xC0, 0xFE, 0x0F, 0xFF, 0x07, 0xBF, 0x87, 0x81,
    0xC7, 0x80, 0xE7, 0xC0, 0x73, 0xC0, 0x3F, 0xC0, 0x1F, 0xE0, 0x0F, 0xF8, 0x07, 0x3C, 0x03, 0x8F,
    0x01, 0xC3, 0xC0, 0xE1, 0xF0, 0x70, 0x7C, 0xE0, 0x1E, 0x70, 0x0F, 0x38, 0x07, 0x9C, 0x03, 0xCE,
    0x01, 0xE7, 0x00, 0xF3, 0x80, 0x79, 0xFF, 0xFC, 0xFF, 0xFE, 0x7F, 0xFF, 0x38, 0x07, 0x9C, 0x03,
    0xCE, 0x01, 0xE7, 0x00, 0xF3, 0x80, 0x79, 0xC0, 0x3F, 0xE0, 0x1F, 0xF0, 0x0F, 0xC0, 0x01, 0xE0,
    0x00, 0xF0, 0x00, 0x78, 0x00, 0x3C, 0xE0, 0xF3, 0x83, 0xCE, 0x0F, 0x38, 0x3C, 0xE0, 0xF3, 0x83,
    0xCF, 0xFF, 0x3F, 0xFC, 0xE0, 0xF3, 0x83, 0xCE, 0x0F, 0x38, 0x3F, 0xE0, 0xFF, 0x83, 0xF0, 0x03,
    0xC0, 0x0F, 0x00, 0x3C, 0x00, 0xF0, 0xE0, 0x1F, 0xFF, 0x80, 0x7F, 0xFE, 0x01, 0xFF, 0xF8, 0x07,
    0x80, 0xE0, 0x1E, 0x03, 0x80, 0x78, 0x0E, 0x01, 0xE0, 0x3F, 0xFF, 0x80, 0xFF, 0xFE, 0x03, 0xFF,
    0xF8, 0x0E, 0x01, 0xE0, 0x38, 0x07, 0x80, 0xE0, 0x1E, 0x03, 0x80, 0x78, 0x0E, 0x01, 0xE0, 0x38,
    0x07, 0x80, 0xE0, 0x1E, 0x03, 0x80, 0x78, 0x00, 0xE0, 0xFF, 0xC1, 0xFF, 0x83, 0xFF, 0x07, 0x8E,
    0x0F, 0x1C, 0x1E, 0x3F, 0xFC, 0x7F, 0xF8, 0xE0, 0xF1, 0xC1, 0xE3, 0x83, 0xC7, 0x07, 0x8E, 0x0F,
    0x1C, 0x1E, 0x00, 0xFF, 0xFE, 0x00, 0x7F, 0xFF, 0x00, 0x3F, 0xFF, 0x80, 0x1C, 0x03, 0xC0, 0x0E,
    0x01, 0xE0, 0x07, 0x00, 0xF0, 0x03, 0x80, 0x78, 0x01, 0xC0, 0x3D, 0xF8, 0xE0, 0x1F, 0xFE, 0x70,
    0x0F, 0xFF, 0xB8, 0x07, 0xE3, 0xFC, 0x03, 0xC0, 0xFE, 0x01, 0xE0, 0x7F, 0x00, 0xF0, 0x3F, 0x80,
    0x78, 0x1F, 0xC0, 0x3C, 0x1F, 0xE0, 0x1E, 0x7F, 0x70, 0x0F, 0x3F, 0x00, 0x00, 0x1F, 0x00, 0xFF,
    0xF0, 0x0F, 0xFF, 0x00, 0xFF, 0xF0, 0x0E, 0x0F, 0x00, 0xE0, 0xF0, 0x0E, 0x0F, 0x00, 0xE0, 0xFF,
    0x8E, 0x0F, 0xFE, 0xE0, 0xFF, 0xFE, 0x0F, 0x0F, 0xE0, 0xF0, 0x7E, 0x0F, 0x07, 0xE0, 0xF0, 0x7E,
    0x0F, 0x0F, 0x00, 0x01, 0xF0, 0x00, 0x3E, 0x00, 0x01, 0xC0, 0x07, 0x80, 0x00, 0x1F, 0x81, 0x00,
    0x3F, 0x8F, 0xF0, 0x7C, 0x1F, 0xF8, 0x78, 0x3F, 0xFC, 0x78, 0x3C, 0x3C, 0xF0, 0x78, 0x1E, 0xF0,
    0x78, 0x1E, 0xF0, 0x78, 0x1E, 0xF0, 0x78, 0x1E, 0xF0, 0x78, 0x3C, 0xF0, 0x3C, 0x3C, 0x78, 0x3C,
    0x7C, 0x78, 0x1E, 0xF8, 0x3E, 0x1F, 0xF0, 0x3F, 0xFF, 0xFF, 0x0F, 0xFF, 0xFF, 0x07, 0xFE, 0xFF,
    0x06, 0x00, 0x01, 0xE0, 0x00, 0x3E, 0x3E, 0x07, 0x87, 0xF0, 0xF0, 0xFF, 0x8F, 0x1E, 0x78, 0xF1,
    0xE3, 0xCF, 0x1E, 0x3C, 0xF1, 0xE3, 0xCF, 0x1E, 0x78, 0x78, 0xFF, 0x87, 0xFF, 0xF6, 0x3F, 0xFF,
    0xE0, 0xFF, 0xFF, 0x07, 0xF8, 0x1F, 0xFC, 0x3F, 0xFE, 0x7C, 0x1F, 0x78, 0x0F, 0x78, 0x07, 0xF0,
    0x00, 0xF0, 0x00, 0xF0, 0x00, 0xF0, 0x00, 0xF0, 0x00, 0xF0, 0x00, 0x78, 0x0F, 0x78, 0x0F, 0x3E,
    0x1F, 0x3F, 0xFE, 0x1F, 0xFC, 0x07, 0xF0, 0x00, 0x80, 0x01, 0xE0, 0x00, 0x70, 0x00, 0x70, 0x01,
    0xE0, 0x0F, 0x81, 0xFF, 0x1F, 0xFC, 0xF1, 0xEF, 0x07, 0xF8, 0x03, 0xC0, 0x1E, 0x00, 0xF0, 0x07,
    0x83, 0x9E, 0x1E, 0xFF, 0xE3, 0xFE, 0x0F, 0xE0, 0x08, 0x00, 0x70, 0x00, 0xC0, 0x0E, 0x01, 0xE0,
    0xFF, 0xFF, 0xFF, 0xFF, 0xFF, 0xF8, 0x3C, 0x00, 0x78, 0x00, 0xF0, 0x01, 0xE0, 0x03, 0xC0, 0x07,
    0x80, 0x0F, 0x00, 0x1E, 0x00, 0x3C, 0x00, 0x78, 0x00, 0xF0, 0x01, 0xE0, 0x03, 0xF0, 0x07, 0xE0,
    0x0F, 0xC0, 0x07, 0x80, 0x0F, 0x00, 0x1E, 0x00, 0x3C, 0x00, 0xFF, 0xFF, 0xFF, 0xFF, 0xFE, 0x0E,
    0x00, 0x70, 0x03, 0x80, 0x1C, 0x00, 0xE0, 0x07, 0x00, 0x38, 0x01, 0xC0, 0x0F, 0x80, 0x7C, 0x03,
    0xE0, 0x0F, 0x00, 0x78, 0x03, 0xC0, 0x1E, 0x00, 0xF0, 0x0F, 0xBC, 0x0F, 0x9E, 0x07, 0x87, 0x87,
    0xC3, 0xE3, 0xC0, 0xF3, 0xC0, 0x3D, 0xE0, 0x1F, 0xE0, 0x07, 0xF0, 0x03, 0xF0, 0x00, 0xF0, 0x00,
    0x78, 0x00, 0x3C, 0x00, 0x1E, 0x00, 0x0F, 0x00, 0x07, 0x80, 0x03, 0xC0, 0x01, 0xE0, 0x00, 0xF0,
    0x1E, 0xF0, 0x79, 0xE0, 0xF1, 0xC1, 0xC3, 0xC7, 0x87, 0x8F, 0x07, 0x1C, 0x0F, 0x78, 0x1E, 0xF0,
    0x1D, 0xC0, 0x3B, 0x80, 0x7F, 0x00, 0x7C, 0x00, 0xF8, 0x00, 0xE0, 0x01, 0xC0, 0x03, 0x80, 0x07,
    0x00, 0x0E, 0x00, 0xF0, 0x0F, 0xBC, 0x0F, 0x9E, 0x07, 0x87, 0x87, 0xC3, 0xE3, 0xC0, 0xF3, 0xC0,
    0x3D, 0xE0, 0x1F, 0xE0, 0x07, 0xF0, 0x03, 0xF0, 0x00, 0xF0, 0x00, 0x78, 0x00, 0x3C, 0x00, 0xFF,
    0xE0, 0x7F, 0xF0, 0x07, 0x80, 0x03, 0xC0, 0x01, 0xE0, 0x00, 0xF0, 0x1E, 0xF0, 0x79, 0xE0, 0xF1,
    0xC1, 0xC3, 0xC7, 0x87, 0x8F, 0x07, 0x1C, 0x0F, 0x78, 0x1E, 0xF0, 0x1D, 0xC0, 0x3B, 0x80, 0x7F,
    0x00, 0x7C, 0x00, 0xF8, 0x07, 0xFC, 0x0F, 0xF8, 0x03, 0x80, 0x07, 0x00, 0x0E, 0x00, 0xF8, 0x0F,
    0x1F, 0x07, 0x83, 0xC3, 0xE0, 0x78, 0xF0, 0x1E, 0x78, 0x03, 0xDC, 0x00, 0x7F, 0x00, 0x1F, 0x80,
    0x03, 0xC0, 0x00, 0xF8, 0x00, 0x7F, 0x00, 0x3F, 0xC0, 0x1F, 0x78, 0x07, 0x9F, 0x03, 0xC3, 0xC1,
    0xF0, 0x7F, 0x78, 0x1F, 0xFC, 0x03, 0xF0, 0x00, 0x3C, 0x00, 0x0F, 0x00, 0x03, 0xC0, 0x00, 0xF0,
    0xF0, 0x7B, 0xC3, 0xC7, 0x8E, 0x0F, 0x78, 0x3D, 0xC0, 0x7F, 0x00, 0xF8, 0x03, 0xE0, 0x1F, 0xC0,
    0xF7, 0x03, 0x9E, 0x1E, 0x3F, 0xF0, 0xFF, 0xC1, 0xF0, 0x03, 0xC0, 0x0F, 0x00, 0x3C, 0x00, 0xF0,
    0xFF, 0xFC, 0x73, 0xFF, 0xF1, 0xCF, 0xFF, 0xC7, 0x01, 0xE0, 0x1C, 0x07, 0x80, 0x70, 0x1E, 0x01,
    0xC0, 0x78, 0x07, 0x01, 0xE0, 0x1C, 0x07, 0x80, 0x70, 0x1E, 0x01, 0xC0, 0x78, 0x07, 0x01, 0xE0,
    0x1C, 0x07, 0x80, 0x70, 0x1E, 0x01, 0xC0, 0x78, 0x07, 0x01, 0xFF, 0xFF, 0x07, 0xFF, 0xFC, 0x1F,
    0xFF, 0xF0, 0x00, 0x01, 0xC0, 0x00, 0x07, 0x00, 0x00, 0x1C, 0x00, 0x00, 0x70, 0xFF, 0x9E, 0x7F,
    0xCF, 0x3F, 0xE7, 0x83, 0xC3, 0xC1, 0xE1, 0xE0, 0xF0, 0xF0, 0x78, 0x78, 0x3C, 0x3C, 0x1E, 0x1E,
    0x0F, 0x0F, 0x07, 0x87, 0x83, 0xFF, 0xF1, 0xFF, 0xF8, 0xFF, 0xFC, 0x00, 0x1E, 0x00, 0x0F, 0x00,
    0x07, 0x80, 0x03, 0xC0, 0xE0, 0x3C, 0xE0, 0x3C, 0xE0, 0x3C, 0xE0, 0x3C, 0xE0, 0x3C, 0xE0, 0x3C,
    0xE0, 0x3C, 0xF0, 0x3C, 0xFF, 0xFC, 0x7F, 0xFC, 0x3F, 0xFC, 0x04, 0x3C, 0x00, 0x3C, 0x00, 0x3C,
    0x00, 0x3C, 0x00, 0x3F, 0x00, 0x3F, 0x00, 0x3F, 0x00, 0x0F, 0x00, 0x0F, 0x00, 0x0F, 0x00, 0x0F,
    0xE0, 0xE7, 0x07, 0x38, 0x39, 0xC1, 0xCE, 0x0E, 0x70, 0x73, 0xC3, 0x9F, 0xFC, 0x7F, 0xE1, 0xFF,
    0x00, 0x38, 0x01, 0xF0, 0x0F, 0x80, 0x7C, 0x00, 0xE0, 0x07, 0x00, 0x38, 0x01, 0xC0, 0xE0, 0x3F,
    0x80, 0xFE, 0x03, 0xF8, 0x0F, 0xE0, 0x3F, 0x80, 0xFE, 0x33, 0xFC, 0xCF, 0xFF, 0xFD, 0xFF, 0xF3,
    0xFF, 0xC1, 0xCF, 0x03, 0x3C, 0x0C, 0xF0, 0x03, 0xC0, 0x0F, 0x00, 0x3C, 0x00, 0xF0, 0xE0, 0xFC,
    0x1F, 0x83, 0xF0, 0x7E, 0x0F, 0xDD, 0xFF, 0xBF, 0xFF, 0x7F, 0xE7, 0xFC, 0x3B, 0x87, 0x70, 0xEE,
    0x01, 0xC0, 0xE0, 0x03, 0x80, 0x0E, 0x00, 0x38, 0x00, 0xE0, 0x03, 0x80, 0x0E, 0x3C, 0x3F, 0xFC,
    0xFF, 0xFB, 0xF3, 0xFE, 0x03, 0xF8, 0x0F, 0xE0, 0x3F, 0x80, 0xFE, 0x03, 0xF8, 0x0F, 0xE0, 0x3F,
    0x80, 0xF0, 0xE0, 0x0E, 0x00, 0xE0, 0x0E, 0x00, 0xE3, 0x8E, 0xFE, 0xFF, 0xEF, 0x9F, 0xF0, 0xFE,
    0x0F, 0xE0, 0xFE, 0x0F, 0xE0, 0xFE, 0x0F, 0xE0, 0xFE, 0x0F, 0xE0, 0xFE, 0x0F, 0x00, 0x7F, 0x80,
    0x07, 0xFE, 0x00, 0x7F, 0xF8, 0x07, 0xC3, 0xE0, 0x7C, 0x07, 0x73, 0xC0, 0x3F, 0x9E, 0x01, 0xFF,
    0xFF, 0xFF, 0x7F, 0xFF, 0xF9, 0xFF, 0xFF, 0xC1, 0xE0, 0x00, 0x0F, 0x00, 0x00, 0x78, 0x07, 0x81,
    0xE0, 0x7C, 0x0F, 0x87, 0xC0, 0x3F, 0xFC, 0x00, 0xFF, 0xC0, 0x03, 0xFC, 0x00, 0x00, 0x78, 0x00,
    0x7F, 0xC0, 0x3F, 0xFB, 0x8F, 0x1E, 0xE7, 0x83, 0xDD, 0xE0, 0xF7, 0xFF, 0xFC, 0xFF, 0xFF, 0x07,
    0x80, 0x01, 0xE0, 0x00, 0x38, 0x3C, 0x0F, 0xFE, 0x01, 0xFF, 0x80, 0x3F, 0x80, 0x00, 0x7F, 0x80,
    0x07, 0xFE, 0x00, 0x7F, 0xF8, 0x07, 0xC3, 0xE0, 0x7C, 0x07, 0x73, 0xC0, 0x3F, 0x9E, 0x01, 0xFF,
    0xFF, 0xFF, 0x7F, 0xFF, 0xF9, 0xFF, 0xFF, 0xC1, 0xE0, 0x00, 0x0F, 0x00, 0x00, 0x78, 0x07, 0x81,
    0xE0, 0x7C, 0x0F, 0x87, 0xC0, 0x3F, 0xFC, 0x00, 0xFF, 0xC0, 0x03, 0xFC, 0x00, 0x07, 0x80, 0x00,
    0x3C, 0x00, 0x01, 0xE0, 0x00, 0x0F, 0x00, 0x00, 0x78, 0x00, 0x7F, 0xC0, 0x3F, 0xFB, 0x8F, 0x1E,
    0xE7, 0x83, 0xDD, 0xE0, 0xF7, 0xFF, 0xFC, 0xFF, 0xFF, 0x07, 0x80, 0x01, 0xE0, 0x00, 0x38, 0x3C,
    0x0F, 0xFE, 0x01, 0xFF, 0x80, 0x3F, 0x80, 0x01, 0x00, 0x00, 0xF0, 0x00, 0x0C, 0x00, 0x03, 0x80,
    0x03, 0xC0, 0xFF, 0xFF, 0xFF, 0xFF, 0xFF, 0xFF, 0xFC, 0x00, 0xC3, 0x80, 0x00, 0x33, 0x80, 0x00,
    0x1F, 0x80, 0x00, 0x03, 0x80, 0x00, 0x00, 0x00, 0x00, 0x00, 0x00, 0x03, 0xE0, 0xF0, 0x3E, 0xF0,
    0x78, 0x3E, 0x3C, 0x3C, 0x1E, 0x1E, 0x1E, 0x1F, 0x07, 0x8F, 0x0F, 0x03, 0xE7, 0x8F, 0x00, 0xF3,
    0xC7, 0x80, 0x3D, 0xE7, 0x80, 0x1F, 0xFF, 0xC0, 0x0F, 0xFF, 0xE0, 0x0F, 0xFF, 0xF8, 0x0F, 0x9E,
    0x3C, 0x07, 0x8F, 0x0F, 0x07, 0x87, 0x87, 0x83, 0xC3, 0xC1, 0xE3, 0xC1, 0xE0, 0xF9, 0xE0, 0xF0,
    0x3D, 0xE0, 0x78, 0x1F, 0x03, 0x0C, 0x00, 0x39, 0xC0, 0x01, 0xF8, 0x00, 0x06, 0x00, 0x00, 0x00,
    0x0F, 0x0F, 0x0F, 0xF8, 0xF1, 0xE7, 0x8F, 0x3E, 0x3C, 0xF3, 0xC1, 0xEF, 0x78, 0x1E, 0xFF, 0x00,
    0xFF, 0xF0, 0x0F, 0xFF, 0x01, 0xFF, 0xF0, 0x1E, 0xF7, 0x83, 0xCF, 0x7C, 0x7C, 0xF3, 0xC7, 0x8F,
    0x1E, 0xF0, 0xF1, 0xF0, 0xE0, 0x7F, 0x81, 0xEE, 0x0F, 0x38, 0x7C, 0xE1, 0xE3, 0x8F, 0x0E, 0x78,
    0x3F, 0xE0, 0xFF, 0xC3, 0xFF, 0xCF, 0xFF, 0xB8, 0x1E, 0xE0, 0x3F, 0x80, 0xFE, 0x01, 0xF8, 0x07,
    0xE0, 0x1F, 0x80, 0xF0, 0x03, 0xC0, 0x7E, 0x01, 0xF0, 0x07, 0x80, 0xE0, 0xFE, 0x1F, 0xE1, 0xEE,
    0x3C, 0xE7, 0x8E, 0x78, 0xFF, 0x0F, 0xFC, 0xFF, 0xEE, 0x0F, 0xE0, 0x7E, 0x07, 0xE0, 0x7E, 0x07,
    0x00, 0xF0, 0x3E, 0x01, 0xC0, 0x08, 0x0F, 0xFF, 0x03, 0xFF, 0xC0, 0xFF, 0xF0, 0x78, 0x3C, 0x1E,
    0x0F, 0x07, 0x83, 0xC1, 0xE0, 0xF0, 0x78, 0x3C, 0x1E, 0x0F, 0x07, 0x83, 0xC1, 0xE0, 0xF0, 0x70,
    0x3C, 0x1C, 0x0F, 0x0F, 0x03, 0xC3, 0xC0, 0xF3, 0xE0, 0x3F, 0xF8, 0x0F, 0xF8, 0x03, 0xF0, 0x00,
    0x38, 0x00, 0x0E, 0x00, 0x07, 0x80, 0x01, 0xC0, 0x1F, 0xFC, 0x1F, 0xFC, 0x1F, 0xFC, 0x1C, 0x3C,
    0x1C, 0x3C, 0x1C, 0x3C, 0x1C, 0x3C, 0x1C, 0x3C, 0x3C, 0x3C, 0x3C, 0x3C, 0x3C, 0x3C, 0xF8, 0x3F,
    0xF8, 0x3E, 0xF0, 0x3E, 0x00, 0x1E, 0x00, 0x1C, 0x00, 0x1C, 0x00, 0x3C, 0xE0, 0x1F, 0xC0, 0x3F,
    0x80, 0x7F, 0x00, 0xFE, 0x01, 0xFC, 0x03, 0xF8, 0x07, 0xFF, 0xFF, 0xFF, 0xFF, 0xFF, 0xFF, 0x80,
    0x7F, 0x00, 0xFE, 0x01, 0xFC, 0x03, 0xF8, 0x07, 0xF0, 0x0F, 0xE0, 0x1F, 0xC0, 0x3C, 0x00, 0x78,
    0x00, 0xF0, 0x07, 0xE0, 0x0F, 0xC0, 0x1F, 0x00, 0xE0, 0xFE, 0x0F, 0xE0, 0xFE, 0x0F, 0xE0, 0xFE,
    0x0F, 0xFF, 0xFF, 0xFF, 0xE0, 0xFE, 0x0F, 0xE0, 0xFE, 0x0F, 0xE0, 0xFE, 0x0F, 0x00, 0xF0, 0x0F,
    0x05, 0xF0, 0x3F, 0x03, 0xE0, 0xE0, 0x1E, 0x70, 0x0F, 0x38, 0x07, 0x9C, 0x03, 0xCE, 0x01, 0xE7,
    0x00, 0xF3, 0x80, 0x79, 0xFF, 0xFC, 0xFF, 0xFE, 0x7F, 0xFF, 0x38, 0x07, 0x9C, 0x03, 0xCE, 0x01,
    0xE7, 0x00, 0xF3, 0x80, 0x79, 0xC0, 0x3F, 0xE0, 0x1F, 0xF0, 0x0F, 0xC0, 0x01, 0xC0, 0x00, 0xE0,
    0x00, 0xF0, 0x00, 0x70, 0xE0, 0xF3, 0x83, 0xCE, 0x0F, 0x38, 0x3C, 0xE0, 0xF3, 0x83, 0xCF, 0xFF,
    0x3F, 0xFC, 0xE0, 0xF3, 0x83, 0xCE, 0x0F, 0x38, 0x3F, 0xE0, 0xFF, 0x83, 0xF0, 0x03, 0x80, 0x1E,
    0x00, 0x78, 0x01, 0xC0, 0xE0, 0x3C, 0xE0, 0x3C, 0xE0, 0x3C, 0xE0, 0x3C, 0xE0, 0x3C, 0xE0, 0x3C,
    0xE0, 0x3C, 0xF0, 0x3C, 0xFF, 0xFC, 0x7F, 0xFC, 0x3F, 0xFC, 0x04, 0x3C, 0x00, 0x3C, 0x00, 0x3C,
    0x00, 0x3C, 0x00, 0x3F, 0x00, 0x3F, 0x00, 0x3F, 0x00, 0x0F, 0x00, 0x0F, 0x00, 0x0F, 0x00, 0x0F,
    0xE0, 0xE7, 0x07, 0x38, 0x39, 0xC1, 0xCE, 0x0E, 0x70, 0x73, 0xC3, 0x9F, 0xFC, 0x7F, 0xE1, 0xFF,
    0x00, 0x38, 0x01, 0xF0, 0x0F, 0x80, 0x7C, 0x00, 0xE0, 0x07, 0x00, 0x38, 0x01, 0xC0, 0xFC, 0x03,
    0xF3, 0xF0, 0x1F, 0xCF, 0xC0, 0x7F, 0x3F, 0x81, 0xFC, 0xEE, 0x0F, 0xF3, 0xB8, 0x3B, 0xCE, 0xF0,
    0xEF, 0x3B, 0xC7, 0xBC, 0xE7, 0x1E, 0xF3, 0x9E, 0x73, 0xCE, 0x7B, 0xCF, 0x38, 0xEF, 0x3C, 0xE3,
    0xB8, 0xF3, 0x8F, 0xE3, 0xCE, 0x1F, 0x0F, 0x38, 0x7C, 0x3F, 0xE0, 0xF0, 0xFF, 0x83, 0x83, 0xE0,
    0x00, 0x07, 0x80, 0x00, 0x1E, 0x00, 0x00, 0x70, 0x00, 0x03, 0xC0, 0xF8, 0x1F, 0x9F, 0x83, 0xF3,
    0xF0, 0xFE, 0x7E, 0x1F, 0xCF, 0xE3, 0xF9, 0xDC, 0xFF, 0x3B, 0x9D, 0xE7, 0x7B, 0xBC, 0xE7, 0x77,
    0x9C, 0xFC, 0xF3, 0x9F, 0x9E, 0x71, 0xF3, 0xFE, 0x3C, 0x7F, 0xC7, 0x8F, 0x80, 0x00, 0x70, 0x00,
    0x1E, 0x00, 0x03, 0x80, 0x00, 0x70, 0xFF, 0xFF, 0xFF, 0xFF, 0xFF, 0xFF, 0xFC, 0x0C, 0x38, 0x07,
    0x38, 0x01, 0xF8, 0x00, 0x38, 0x00, 0x00, 0x00, 0x00, 0x00, 0x0F, 0x80, 0x0F, 0xC0, 0x07, 0xF0,
    0x03, 0xF8, 0x03, 0xDC, 0x01, 0xEF, 0x00, 0xE7, 0x80, 0xF3, 0xC0, 0x78, 0xF0, 0x78, 0x78, 0x3C,
    0x3C, 0x1F, 0xFF, 0x1F, 0xFF, 0x8F, 0xFF, 0xC7, 0x80, 0xF7, 0xC0, 0x7B, 0xC0, 0x3F, 0xE0, 0x0F,
    0x30, 0xC3, 0x9C, 0x1F, 0x80, 0x70, 0x00, 0x00, 0xF0, 0x3F, 0xC7, 0xFE, 0xF0, 0xF0, 0x0F, 0x00,
    0xF1, 0xFF, 0x7F, 0xFF, 0x8F, 0xE0, 0xFE, 0x0F, 0xF3, 0xFF, 0xFF, 0x7E, 0xF0, 0x0E, 0x30, 0x07,
    0x3C, 0x03, 0x9E, 0x00, 0x00, 0x00, 0x00, 0x00, 0x00, 0x00, 0x0F, 0x80, 0x0F, 0xC0, 0x07, 0xF0,
    0x03, 0xF8, 0x03, 0xDC, 0x01, 0xEF, 0x00, 0xE7, 0x80, 0xF3, 0xC0, 0x78, 0xF0, 0x78, 0x78, 0x3C,
    0x3C, 0x1F, 0xFF, 0x1F, 0xFF, 0x8F, 0xFF, 0xC7, 0x80, 0xF7, 0xC0, 0x7B, 0xC0, 0x3F, 0xE0, 0x0F,
    0x38, 0xC3, 0x9E, 0x39, 0xE0, 0x00, 0x00, 0x00, 0xF0, 0x3F, 0xC7, 0xFE, 0xF0, 0xF0, 0x0F, 0x00,
    0xF1, 0xFF, 0x7F, 0xFF, 0x8F, 0xE0, 0xFE, 0x0F, 0xF3, 0xFF, 0xFF, 0x7E, 0xF0, 0x01, 0xFF, 0xFE,
    0x03, 0xFF, 0xFC, 0x0F, 0x7F, 0xF8, 0x1E, 0xF0, 0x00, 0x79, 0xE0, 0x00, 0xF3, 0xC0, 0x01, 0xC7,
    0x80, 0x07, 0x8F, 0xFF, 0x0F, 0x1F, 0xFE, 0x3C, 0x3F, 0xFC, 0x78, 0x78, 0x01, 0xFF, 0xF0, 0x03,
    0xFF, 0xE0, 0x07, 0xFF, 0xC0, 0x1E, 0x07, 0x80, 0x3C, 0x0F, 0xFF, 0xF0, 0x1F, 0xFF, 0xE0, 0x3F,
    0xFC, 0x0F, 0x0F, 0x01, 0xFF, 0xFF, 0x1F, 0xFF, 0xF9, 0xE1, 0xF1, 0xE0, 0x0F, 0x07, 0x00, 0x78,
    0x3C, 0xFF, 0xFF, 0xEF, 0xFF, 0xFF, 0xF0, 0xE0, 0x07, 0x07, 0x80, 0x38, 0x3C, 0x1F, 0xF7, 0xFF,
    0xEF, 0xFB, 0xFE, 0x3F, 0x8F, 0xE0, 0x30, 0xC3, 0x9C, 0x1F, 0x80, 0xE0, 0x00, 0x00, 0x00, 0xFF,
    0xFF, 0xFF, 0xFF, 0xFE, 0x00, 0xE0, 0x0E, 0x00, 0xE0, 0x0F, 0xFE, 0xFF, 0xEF, 0xFE, 0xE0, 0x0E,
    0x00, 0xE0, 0x0E, 0x00, 0xE0, 0x0F, 0xFF, 0xFF, 0xFF, 0xFF, 0x38, 0xE0, 0xEE, 0x07, 0xF0, 0x0E,
    0x00, 0x00, 0x07, 0x80, 0xFF, 0x8F, 0xFE, 0x78, 0xF7, 0x83, 0xFC, 0x1F, 0xFF, 0xFF, 0xFF, 0xF8,
    0x03, 0xC0, 0x0E, 0x0F, 0x7F, 0xF1, 0xFF, 0x87, 0xF0, 0x0F, 0xF0, 0x0F, 0xFE, 0x0F, 0xFF, 0x8F,
    0x87, 0xC7, 0x81, 0xF7, 0x80, 0x78, 0x00, 0x3D, 0xFF, 0xFE, 0xFF, 0xFF, 0xFF, 0xFF, 0xFC, 0x01,
    0xDE, 0x01, 0xE7, 0x00, 0xF3, 0xC0, 0xF9, 0xF0, 0xF8, 0x7F, 0xF8, 0x1F, 0xF8, 0x03, 0xF8, 0x00,
    0x1F, 0x81, 0xFF, 0x1F, 0xFD, 0xE1, 0xE0, 0x07, 0x80, 0x3F, 0xFF, 0xFF, 0xFF, 0xFF, 0xFF, 0x83,
    0xDC, 0x3C, 0xFF, 0xE3, 0xFE, 0x0F, 0xC0, 0x0E, 0x70, 0x07, 0x3C, 0x03, 0x9C, 0x00, 0x00, 0x00,
    0x00, 0x00, 0x00, 0x00, 0x3F, 0xC0, 0x3F, 0xF8, 0x3F, 0xFE, 0x3E, 0x1F, 0x1E, 0x07, 0xDE, 0x01,
    0xE0, 0x00, 0xF7, 0xFF, 0xFB, 0xFF, 0xFF, 0xFF, 0xFF, 0xF0, 0x07, 0x78, 0x07, 0x9C, 0x03, 0xCF,
    0x03, 0xE7, 0xC3, 0xE1, 0xFF, 0xE0, 0x7F, 0xE0, 0x0F, 0xE0, 0x38, 0xE1, 0xEF, 0x0E, 0x38, 0x00,
    0x00, 0x00, 0x0F, 0xC0, 0xFF, 0x8F, 0xFE, 0xF0, 0xF0, 0x03, 0xC0, 0x1F, 0xFF, 0xFF, 0xFF, 0xFF,
    0xFF, 0xC1, 0xEE, 0x1E, 0x7F, 0xF1, 0xFF, 0x07, 0xE0, 0x00, 0xE3, 0x00, 0x00, 0x73, 0xC0, 0x00,
    0x39, 0xE0, 0x00, 0x00, 0x00, 0x00, 0x00, 0x00, 0x00, 0x00, 0x00, 0x03, 0xE0, 0xF0, 0x3E, 0xF0,
    0x78, 0x3E, 0x3C, 0x3C, 0x1E, 0x1E, 0x1E, 0x1F, 0x07, 0x8F, 0x0F, 0x03, 0xE7, 0x8F, 0x00, 0xF3,
    0xC7, 0x80, 0x3D, 0xE7, 0x80, 0x1F, 0xFF, 0xC0, 0x0F, 0xFF, 0xE0, 0x0F, 0xFF, 0xF8, 0x0F, 0x9E,
    0x3C, 0x07, 0x8F, 0x0F, 0x07, 0x87, 0x87, 0x83, 0xC3, 0xC1, 0xE3, 0xC1, 0xE0, 0xF9, 0xE0, 0xF0,
    0x3D, 0xE0, 0x78, 0x1F, 0x03, 0x1C, 0x00, 0x79, 0xC0, 0x07, 0x9C, 0x00, 0x00, 0x00, 0x00, 0x00,
    0x0F, 0x0F, 0x0F, 0xF8, 0xF1, 0xE7, 0x8F, 0x3E, 0x3C, 0xF3, 0xC1, 0xEF, 0x78, 0x1E, 0xFF, 0x00,
    0xFF, 0xF0, 0x0F, 0xFF, 0x01, 0xFF, 0xF0, 0x1E, 0xF7, 0x83, 0xCF, 0x7C, 0x7C, 0xF3, 0xC7, 0x8F,
    0x1E, 0xF0, 0xF1, 0xF0, 0x1C, 0xE0, 0x73, 0xC1, 0xCE, 0x00, 0x00, 0x00, 0x00, 0x00, 0x01, 0xFE,
    0x0F, 0xFC, 0x7F, 0xF9, 0xE1, 0xE7, 0x03, 0x80, 0x0E, 0x00, 0x78, 0x1F, 0xC0, 0x7C, 0x01, 0xFC,
    0x00, 0x78, 0x00, 0xF0, 0x03, 0xFC, 0x0F, 0xF8, 0x7D, 0xFF, 0xE3, 0xFF, 0x07, 0xF8, 0x71, 0xCF,
    0x79, 0xC7, 0x00, 0x00, 0x00, 0x3E, 0x0F, 0xE3, 0xFE, 0xF1, 0xE0, 0x3C, 0x07, 0x07, 0xC0, 0xFC,
    0x07, 0xC0, 0x7F, 0x8F, 0xFF, 0xEF, 0xF8, 0xFE, 0x00, 0x7F, 0xF9, 0xFF, 0xE7, 0xFF, 0x80, 0x3C,
    0x01, 0xE0, 0x0F, 0x00, 0x78, 0x01, 0xE0, 0x07, 0xF0, 0x1F, 0xE0, 0x07, 0xC0, 0x0F, 0x00, 0x3F,
    0xC0, 0xFF, 0x87, 0xDF, 0xFE, 0x3F, 0xF0, 0x7F, 0x80, 0x7F, 0xF9, 0xFF, 0xE7, 0xFF, 0x80, 0x3C,
    0x01, 0xE0, 0x0F, 0x00, 0x78, 0x01, 0xE0, 0x07, 0xF0, 0x1F, 0xE0, 0x07, 0xC0, 0x0F, 0x00, 0x3F,
    0xC0, 0xFF, 0x87, 0xDF, 0xFE, 0x3F, 0xF0, 0x7F, 0x80, 0x0F, 0xE0, 0x1F, 0xC0, 0x00, 0x00, 0x00,
    0x00, 0x00, 0x1C, 0x03, 0xF8, 0x0F, 0xF0, 0x1F, 0xE0, 0x7F, 0xC1, 0xFF, 0x83, 0xBF, 0x0F, 0x7E,
    0x3C, 0xFC, 0x79, 0xF9, 0xE3, 0xF3, 0x87, 0xEF, 0x0F, 0xDC, 0x1F, 0xF8, 0x3F, 0xE0, 0x7F, 0x80,
    0xFF, 0x01, 0xFC, 0x03, 0x80, 0x3F, 0x83, 0xF8, 0x00, 0x00, 0x00, 0xE0, 0x7E, 0x0F, 0xE1, 0xFE,
    0x1F, 0xE3, 0xFE, 0x7F, 0xE7, 0xFE, 0xEF, 0xFC, 0xFF, 0xCF, 0xF8, 0xFF, 0x0F, 0xF0, 0xFE, 0x0F,
    0x1C, 0x60, 0x39, 0xE0, 0x73, 0xC0, 0x00, 0x00, 0x00, 0x00, 0x00, 0x38, 0x07, 0xF0, 0x1F, 0xE0,
    0x3F, 0xC0, 0xFF, 0x83, 0xFF, 0x07, 0x7E, 0x1E, 0xFC, 0x79, 0xF8, 0xF3, 0xF3, 0xC7, 0xE7, 0x0F,
    0xDE, 0x1F, 0xB8, 0x3F, 0xF0, 0x7F, 0xC0, 0xFF, 0x01, 0xFE, 0x03, 0xF8, 0x07, 0x31, 0xC7, 0x9C,
    0x79, 0xC0, 0x00, 0x00, 0x0E, 0x07, 0xE0, 0xFE, 0x1F, 0xE1, 0xFE, 0x3F, 0xE7, 0xFE, 0x7F, 0xEE,
    0xFF, 0xCF, 0xFC, 0xFF, 0x8F, 0xF0, 0xFF, 0x0F, 0xE0, 0xF0, 0x06, 0x38, 0x07, 0x9C, 0x03, 0xCE,
    0x00, 0x00, 0x00, 0x00, 0x00, 0x00, 0x00, 0x1F, 0xE0, 0x3F, 0xF8, 0x3F, 0xFE, 0x3E, 0x0F, 0x9E,
    0x03, 0xCF, 0x00, 0xFF, 0x00, 0x7F, 0x80, 0x3F, 0xC0, 0x1F, 0xE0, 0x0F, 0xF0, 0x07, 0xF8, 0x03,
    0xDE, 0x01, 0xEF, 0x01, 0xE3, 0xE1, 0xF1, 0xFF, 0xF0, 0x7F, 0xF0, 0x0F, 0xE0, 0x18, 0xE1, 0xE7,
    0x0F, 0x38, 0x00, 0x00, 0x00, 0x07, 0xC0, 0xFF, 0x8F, 0xFE, 0x78, 0xFF, 0x83, 0xFC, 0x1F, 0xE0,
    0x7F, 0x03, 0xF8, 0x3F, 0xC1, 0xEF, 0x0F, 0x7F, 0xF1, 0xFF, 0x07, 0xF0, 0x07, 0xF8, 0x0F, 0xFE,
    0x0F, 0xFF, 0x8F, 0x83, 0xE7, 0x80, 0xF3, 0xC0, 0x3F, 0xC0, 0x1F, 0xE0, 0x0F, 0xFF, 0xFF, 0xFF,
    0xFF, 0xFC, 0x01, 0xFE, 0x00, 0xF7, 0x80, 0x7B, 0xC0, 0x78, 0xF8, 0x7C, 0x7F, 0xFC, 0x1F, 0xFC,
    0x03, 0xF8, 0x00, 0x0F, 0x81, 0xFF, 0x1F, 0xFC, 0xF1, 0xFF, 0x07, 0xF8, 0x3F, 0xF9, 0xFF, 0xFF,
    0xF0, 0x7F, 0x83, 0xDE, 0x1E, 0xFF, 0xE3, 0xFE, 0x0F, 0xE0, 0x06, 0x38, 0x07, 0x9C, 0x03, 0xCE,
    0x00, 0x00, 0x00, 0x00, 0x00, 0x00, 0x00, 0x1F, 0xE0, 0x3F, 0xF8, 0x3F, 0xFE, 0x3E, 0x0F, 0x9E,
    0x03, 0xCF, 0x00, 0xFF, 0x00, 0x7F, 0x80, 0x3F, 0xFF, 0xFF, 0xFF, 0xFF, 0xF0, 0x07, 0xF8, 0x03,
    0xDE, 0x01, 0xEF, 0x01, 0xE3, 0xE1, 0xF1, 0xFF, 0xF0, 0x7F, 0xF0, 0x0F, 0xE0, 0x18, 0xE1, 0xE7,
    0x0F, 0x38, 0x00, 0x00, 0x00, 0x07, 0xC0, 0xFF, 0x8F, 0xFE, 0x78, 0xFF, 0x83, 0xFC, 0x1F, 0xFC,
    0xFF, 0xFF, 0xF8, 0x3F, 0xC1, 0xEF, 0x0F, 0x7F, 0xF1, 0xFF, 0x07, 0xF0, 0x0E, 0x70, 0x1E, 0x70,
    0x0E, 0x70, 0x00, 0x00, 0x00, 0x00, 0x00, 0x00, 0x0F, 0xF0, 0x3F, 0xF8, 0x7F, 0xFC, 0x78, 0x3E,
    0xF0, 0x1F, 0xF0, 0x0F, 0x00, 0x0F, 0x03, 0xFF, 0x03, 0xFF, 0x03, 0xFF, 0x00, 0x0F, 0x00, 0x0F,
    0xF0, 0x0F, 0xF8, 0x1E, 0x7C, 0x3E, 0x3F, 0xFC, 0x1F, 0xF8, 0x0F, 0xE0, 0x39, 0xC1, 0xCF, 0x0E,
    0x70, 0x00, 0x00, 0x00, 0x07, 0x80, 0xFF, 0x0F, 0xFC, 0xF0, 0xF7, 0x83, 0x80, 0x1E, 0x0F, 0xF0,
    0x7F, 0x80, 0x3D, 0x81, 0xDE, 0x1E, 0x7F, 0xF3, 0xFF, 0x07, 0xE0, 0x0F, 0xE0, 0x0F, 0xE0, 0x00,
    0x00, 0x00, 0x00, 0x00, 0x00, 0xF0, 0x1F, 0xF8, 0x1E, 0x78, 0x3E, 0x7C, 0x3C, 0x3C, 0x3C, 0x3C,
    0x78, 0x1E, 0x78, 0x1E, 0x70, 0x0E, 0xF0, 0x0F, 0xF0, 0x07, 0xE0, 0x07, 0xE0, 0x03, 0xC0, 0x03,
    0xC0, 0x07, 0x80, 0x3F, 0x80, 0x3F, 0x00, 0x3E, 0x00, 0x0F, 0xE0, 0x1F, 0xC0, 0x00, 0x00, 0x00,
    0x0F, 0x01, 0xEF, 0x07, 0x9E, 0x0F, 0x1C, 0x1C, 0x3C, 0x78, 0x78, 0xF0, 0x71, 0xC0, 0xF7, 0x81,
    0xEF, 0x01, 0xDC, 0x03, 0xB8, 0x03, 0xE0, 0x07, 0xC0, 0x0F, 0x80, 0x1E, 0x00, 0x3C, 0x03, 0xF0,
    0x07, 0xE0, 0x1F, 0x80, 0x00, 0x0C, 0x70, 0x1E, 0x70, 0x1E, 0x70, 0x00, 0x00, 0x00, 0x00, 0x00,
    0x00, 0xF0, 0x1F, 0xF8, 0x1E, 0x78, 0x3E, 0x7C, 0x3C, 0x3C, 0x3C, 0x3C, 0x78, 0x1E, 0x78, 0x1E,
    0x70, 0x0E, 0xF0, 0x0F, 0xF0, 0x07, 0xE0, 0x07, 0xE0, 0x03, 0xC0, 0x03, 0xC0, 0x07, 0x80, 0x3F,
    0x80, 0x3F, 0x00, 0x3E, 0x00, 0x1C, 0x70, 0x3D, 0xE0, 0x71, 0xC0, 0x00, 0x00, 0x00, 0x1E, 0x03,
    0xDE, 0x0F, 0x3C, 0x1E, 0x38, 0x38, 0x78, 0xF0, 0xF1, 0xE0, 0xE3, 0x81, 0xEF, 0x03, 0xDE, 0x03,
    0xB8, 0x07, 0x70, 0x07, 0xC0, 0x0F, 0x80, 0x1F, 0x00, 0x3C, 0x00, 0x78, 0x07, 0xE0, 0x0F, 0xC0,
    0x3F, 0x00, 0x0F, 0x78, 0x0E, 0x70, 0x0E, 0xE0, 0x1C, 0xC0, 0x00, 0x00, 0x00, 0x00, 0xF0, 0x1F,
    0xF8, 0x1E, 0x78, 0x3E, 0x7C, 0x3C, 0x3C, 0x3C, 0x3C, 0x78, 0x1E, 0x78, 0x1E, 0x70, 0x0E, 0xF0,
    0x0F, 0xF0, 0x07, 0xE0, 0x07, 0xE0, 0x03, 0xC0, 0x03, 0xC0, 0x07, 0x80, 0x3F, 0x80, 0x3F, 0x00,
    0x3E, 0x00, 0x0F, 0x78, 0x1C, 0xE0, 0x33, 0x80, 0xEE, 0x00, 0x00, 0x1E, 0x03, 0xDE, 0x0F, 0x3C,
    0x1E, 0x38, 0x38, 0x78, 0xF0, 0xF1, 0xE0, 0xE3, 0x81, 0xEF, 0x03, 0xDE, 0x03, 0xB8, 0x07, 0x70,
    0x07, 0xC0, 0x0F, 0x80, 0x1F, 0x00, 0x3C, 0x00, 0x78, 0x07, 0xE0, 0x0F, 0xC0, 0x3F, 0x00, 0x18,
    0xE0, 0xF3, 0x83, 0xCE, 0x00, 0x00, 0x00, 0x00, 0x00, 0x0E, 0x03, 0xF8, 0x0F, 0xE0, 0x3F, 0x80,
    0xFE, 0x03, 0xF8, 0x0F, 0xE0, 0x3F, 0xC0, 0xFF, 0xFF, 0xDF, 0xFF, 0x3F, 0xFC, 0x10, 0xF0, 0x03,
    0xC0, 0x0F, 0x00, 0x3C, 0x00, 0xF0, 0x03, 0xC0, 0x0F, 0x71, 0xCF, 0x79, 0xC7, 0x00, 0x00, 0x01,
    0xC1, 0xF8, 0x3F, 0x07, 0xE0, 0xFC, 0x1F, 0x83, 0xF8, 0x7F, 0xFE, 0xFF, 0xCF, 0xF8, 0x07, 0x00,
    0xE0, 0x1C, 0x03, 0x80, 0xFF, 0xFF, 0xFF, 0xFF, 0xFE, 0x00, 0xE0, 0x0E, 0x00, 0xE0, 0x0E, 0x00,
    0xE0, 0x0E, 0x00, 0xE0, 0x0E, 0x00, 0xE0, 0x0E, 0x00, 0xE0, 0x0F, 0x80, 0xF8, 0x0F, 0x80, 0x38,
    0x03, 0x80, 0x38, 0x03, 0x80, 0xFF, 0xFF, 0xFF, 0xFC, 0x0E, 0x07, 0x03, 0x81, 0xC0, 0xE0, 0x70,
    0x38, 0x1F, 0x0F, 0x87, 0xC1, 0xE0, 0xF0, 0x78, 0x3C, 0x00, 0x07, 0x38, 0x01, 0xE7, 0x80, 0x1C,
    0xE0, 0x00, 0x00, 0x00, 0x00, 0x00, 0x00, 0x00, 0x38, 0x00, 0x3F, 0x00, 0x07, 0xE0, 0x00, 0xFC,
    0x00, 0x1F, 0x80, 0x03, 0xF0, 0x00, 0x7F, 0xF8, 0x0F, 0xFF, 0xC1, 0xFF, 0xFC, 0x3F, 0x07, 0xC7,
    0xE0, 0x78, 0xFC, 0x07, 0x9F, 0x80, 0xF3, 0xF0, 0x1C, 0x7E, 0x07, 0x8F, 0xFF, 0xE1, 0xFF, 0xFC,
    0x3F, 0xFE, 0x07, 0x0E, 0x70, 0x07, 0x3C, 0x03, 0x9C, 0x00, 0x00, 0x00, 0x00, 0x07, 0x00, 0x3F,
    0x80, 0x1F, 0xC0, 0x0F, 0xE0, 0x07, 0xF0, 0x03, 0xFF, 0xF1, 0xFF, 0xFC, 0xFF, 0xFE, 0x7F, 0x07,
    0xBF, 0x83, 0xDF, 0xC1, 0xEF, 0xFF, 0xE7, 0xFF, 0xE3, 0xFF, 0xE1, 0xE0, 0x1F, 0xFE, 0x3F, 0xFC,
    0x7F, 0xF8, 0xE0, 0x01, 0xC0, 0x03, 0x80, 0x07, 0x00, 0x0E, 0x00, 0xFF, 0xE1, 0xFF, 0xC0, 0x70,
    0x00, 0xE0, 0x01, 0xC0, 0x03, 0x80, 0x07, 0x00, 0x0F, 0x80, 0x1F, 0x00, 0x3E, 0x00, 0x1C, 0x00,
    0x38, 0x03, 0xF0, 0x07, 0xE0, 0x0F, 0x80, 0x00, 0x3F, 0xE7, 0xFC, 0xFF, 0x9C, 0x03, 0x80, 0x70,
    0x3F, 0xE7, 0xFC, 0x38, 0x07, 0x00, 0xE0, 0x1F, 0x03, 0xE0, 0x7C, 0x03, 0x80, 0x70, 0x7E, 0x0F,
    0x81, 0xF0, 0x00, 0xF8, 0x0F, 0x1F, 0x07, 0x83, 0xC3, 0xE0, 0x78, 0xF0, 0x1E, 0x78, 0x03, 0xDC,
    0x00, 0x7F, 0x00, 0x1F, 0x80, 0x03, 0xC0, 0x00, 0xF8, 0x00, 0x7F, 0x00, 0x3F, 0xC0, 0x1F, 0x78,
    0x07, 0x9F, 0x03, 0xC3, 0xC1, 0xF0, 0x7F, 0x78, 0x1F, 0xFC, 0x03, 0xF0, 0x00, 0x1C, 0x00, 0x0F,
    0x00, 0x0F, 0xC0, 0x03, 0xE0, 0x00, 0xF0, 0xF0, 0xFF, 0x0E, 0x79, 0xE7, 0xBC, 0x3F, 0xC1, 0xF8,
    0x1F, 0x81, 0xF0, 0x1F, 0x83, 0xF8, 0x3B, 0xC7, 0x9E, 0xF1, 0xEF, 0x0F, 0x00, 0xF0, 0x0F, 0x03,
    0xF0, 0x7E, 0x07, 0xC0, 0xF8, 0x0F, 0x3E, 0x0F, 0x0F, 0x0F, 0x83, 0xC7, 0x81, 0xE7, 0x80, 0x7B,
    0x80, 0x1F, 0xC0, 0x0F, 0xC0, 0x7F, 0xFE, 0x3F, 0xFF, 0x01, 0xFC, 0x01, 0xFE, 0x01, 0xF7, 0x80,
    0xF3, 0xE0, 0xF0, 0xF0, 0xF8, 0x3C, 0x78, 0x1F, 0x78, 0x07, 0xC0, 0xF0, 0x7F, 0x87, 0x9E, 0x38,
    0x7B, 0xC3, 0xDC, 0x0F, 0xE3, 0xFF, 0xDF, 0xFE, 0x1F, 0xC1, 0xEE, 0x0E, 0x78, 0xF1, 0xCF, 0x0F,
    0x78, 0x3C, 0x03, 0xE0, 0x03, 0xF0, 0x01, 0xFC, 0x00, 0xFE, 0x00, 0xF7, 0x00, 0x7B, 0xC0, 0x39,
    0xE0, 0x3C, 0xF0, 0x1E, 0x3C, 0x1E, 0x1E, 0x0F, 0x0F, 0x07, 0xFF, 0xC7, 0xFF, 0xE3, 0xFF, 0xF1,
    0xE0, 0x3D, 0xF0, 0x1E, 0xF0, 0x0F, 0xF8, 0x03, 0xC0, 0x00, 0x00, 0x00, 0x00, 0x1C, 0x00, 0x1E,
    0x00, 0x07, 0x00, 0x01, 0x00, 0x0F, 0x03, 0xFC, 0x7F, 0xEF, 0x0F, 0x00, 0xF0, 0x0F, 0x1F, 0xF7,
    0xFF, 0xF8, 0xFE, 0x0F, 0xE0, 0xFF, 0x3F, 0xFF, 0xF7, 0xEF, 0x00, 0x00, 0x00, 0x07, 0x00, 0xF0,
    0x0F, 0x00, 0x20, 0x03, 0xC0, 0x01, 0xE0, 0x00, 0x30, 0x00, 0x30, 0x00, 0x00, 0x00, 0x00, 0x00,
    0x0F, 0x80, 0x0F, 0xC0, 0x07, 0xF0, 0x03, 0xF8, 0x03, 0xDC, 0x01, 0xEF, 0x00, 0xE7, 0x80, 0xF3,
    0xC0, 0x78, 0xF0, 0x78, 0x78, 0x3C, 0x3C, 0x1F, 0xFF, 0x1F, 0xFF, 0x8F, 0xFF, 0xC7, 0x80, 0xF7,
    0xC0, 0x7B, 0xC0, 0x3F, 0xE0, 0x0F, 0x0F, 0x00, 0xF0, 0x03, 0x00, 0x60, 0x00, 0x00, 0xF0, 0x3F,
    0xC7, 0xFE, 0xF0, 0xF0, 0x0F, 0x00, 0xF1, 0xFF, 0x7F, 0xFF, 0x8F, 0xE0, 0xFE, 0x0F, 0xF3, 0xFF,
    0xFF, 0x7E, 0xF0, 0x00, 0x1E, 0x00, 0x0E, 0x00, 0x0E, 0x00, 0x00, 0x00, 0x1C, 0x00, 0x1F, 0x00,
    0x1D, 0xC0, 0x3C, 0x70, 0x00, 0x00, 0x00, 0x00, 0x00, 0xF8, 0x00, 0xFC, 0x00, 0x7F, 0x00, 0x3F,
    0x80, 0x3D, 0xC0, 0x1E, 0xF0, 0x0E, 0x78, 0x0F, 0x3C, 0x07, 0x8F, 0x07, 0x87, 0x83, 0xC3, 0xC1,
    0xFF, 0xF1, 0xFF, 0xF8, 0xFF, 0xFC, 0x78, 0x0F, 0x7C, 0x07, 0xBC, 0x03, 0xFE, 0x00, 0xF0, 0x00,
    0x78, 0x03, 0x00, 0x38, 0x00, 0x00, 0xF0, 0x07, 0xC0, 0x77, 0x0F, 0x1C, 0x00, 0x00, 0x78, 0x0F,
    0xF0, 0xFF, 0xCF, 0x0F, 0x00, 0x78, 0x03, 0xC3, 0xFE, 0x7F, 0xF7, 0xC7, 0xB8, 0x3D, 0xC1, 0xEF,
    0x3F, 0x7F, 0xF9, 0xFB, 0xC0, 0x00, 0x70, 0x00, 0x1C, 0x00, 0x06, 0x00, 0x00, 0x80, 0x1C, 0x00,
    0x1F, 0x00, 0x1D, 0xC0, 0x3C, 0x70, 0x00, 0x00, 0x00, 0x00, 0x00, 0xF8, 0x00, 0xFC, 0x00, 0x7F,
    0x00, 0x3F, 0x80, 0x3D, 0xC0, 0x1E, 0xF0, 0x0E, 0x78, 0x0F, 0x3C, 0x07, 0x8F, 0x07, 0x87, 0x83,
    0xC3, 0xC1, 0xFF, 0xF1, 0xFF, 0xF8, 0xFF, 0xFC, 0x78, 0x0F, 0x7C, 0x07, 0xBC, 0x03, 0xFE, 0x00,
    0xF0, 0x01, 0xC0, 0x0E, 0x00, 0x60, 0x00, 0x0F, 0x00, 0xF8, 0x1D, 0xC7, 0x8E, 0x00, 0x00, 0xF0,
    0x3F, 0xC7, 0xFE, 0xF0, 0xF0, 0x0F, 0x00, 0xF1, 0xFF, 0x7F, 0xFF, 0x8F, 0xE0, 0xFE, 0x0F, 0xF3,
    0xFF, 0xFF, 0x7E, 0xF0, 0x00, 0x78, 0x00, 0x3C, 0x00, 0x0E, 0x00, 0x00, 0x00, 0x1C, 0x00, 0x1F,
    0x00, 0x1D, 0xC0, 0x3C, 0x70, 0x00, 0x00, 0x00, 0x00, 0x00, 0xF8, 0x00, 0xFC, 0x00, 0x7F, 0x00,
    0x3F, 0x80, 0x3D, 0xC0, 0x1E, 0xF0, 0x0E, 0x78, 0x0F, 0x3C, 0x07, 0x8F, 0x07, 0x87, 0x83, 0xC3,
    0xC1, 0xFF, 0xF1, 0xFF, 0xF8, 0xFF, 0xFC, 0x78, 0x0F, 0x7C, 0x07, 0xBC, 0x03, 0xFE, 0x00, 0xF0,
    0x01, 0xE0, 0x1E, 0x00, 0xE0, 0x00, 0x0F, 0x00, 0xF8, 0x1D, 0xC7, 0x8E, 0x00, 0x00, 0xF0, 0x3F,
    0xC7, 0xFE, 0xF0, 0xF0, 0x0F, 0x00, 0xF1, 0xFF, 0x7F, 0xFF, 0x8F, 0xE0, 0xFE, 0x0F, 0xF3, 0xFF,
    0xFF, 0x7E, 0xF0, 0x07, 0x18, 0x07, 0xF8, 0x03, 0x3C, 0x00, 0x00, 0x00, 0x1C, 0x00, 0x1F, 0x00,
    0x1D, 0xC0, 0x3C, 0x70, 0x00, 0x00, 0x00, 0x00, 0x00, 0xF8, 0x00, 0xFC, 0x00, 0x7F, 0x00, 0x3F,
    0x80, 0x3D, 0xC0, 0x1E, 0xF0, 0x0E, 0x78, 0x0F, 0x3C, 0x07, 0x8F, 0x07, 0x87, 0x83, 0xC3, 0xC1,
    0xFF, 0xF1, 0xFF, 0xF8, 0xFF, 0xFC, 0x78, 0x0F, 0x7C, 0x07, 0xBC, 0x03, 0xFE, 0x00, 0xF0, 0x1C,
    0xC3, 0xFC, 0x33, 0xC0, 0x00, 0x0F, 0x00, 0xF8, 0x1D, 0xC7, 0x8E, 0x00, 0x00, 0xF0, 0x3F, 0xC7,
    0xFE, 0xF0, 0xF0, 0x0F, 0x00, 0xF1, 0xFF, 0x7F, 0xFF, 0x8F, 0xE0, 0xFE, 0x0F, 0xF3, 0xFF, 0xFF,
    0x7E, 0xF0, 0x03, 0xC0, 0x03, 0xF0, 0x03, 0x9C, 0x03, 0xC7, 0x00, 0x00, 0x00, 0x00, 0x00, 0x0F,
    0x80, 0x0F, 0xC0, 0x07, 0xF0, 0x03, 0xF8, 0x03, 0xDC, 0x01, 0xEF, 0x00, 0xE7, 0x80, 0xF3, 0xC0,
    0x78, 0xF0, 0x78, 0x78, 0x3C, 0x3C, 0x1F, 0xFF, 0x1F, 0xFF, 0x8F, 0xFF, 0xC7, 0x80, 0xF7, 0xC0,
    0x7B, 0xC0, 0x3F, 0xE0, 0x0F, 0x00, 0x00, 0x00, 0x00, 0x00, 0x70, 0x00, 0x78, 0x00, 0x1C, 0x00,
    0x04, 0x00, 0x0F, 0x01, 0xF8, 0x39, 0xC7, 0x0E, 0x00, 0x00, 0xF0, 0x3F, 0xC7, 0xFE, 0xF0, 0xF0,
    0x0F, 0x00, 0xF1, 0xFF, 0x7F, 0xFF, 0x8F, 0xE0, 0xFE, 0x0F, 0xF3, 0xFF, 0xFF, 0x7E, 0xF0, 0x00,
    0x00, 0x00, 0x70, 0x0F, 0x00, 0xF0, 0x02, 0x00, 0x00, 0xF0, 0x00, 0x70, 0x00, 0x70, 0x00, 0x00,
    0x00, 0xC3, 0x80, 0x71, 0x80, 0x1F, 0xC0, 0x07, 0x80, 0x00, 0x00, 0x00, 0x00, 0x00, 0xF8, 0x00,
    0xFC, 0x00, 0x7F, 0x00, 0x3F, 0x80, 0x3D, 0xC0, 0x1E, 0xF0, 0x0E, 0x78, 0x0F, 0x3C, 0x07, 0x8F,
    0x07, 0x87, 0x83, 0xC3, 0xC1, 0xFF, 0xF1, 0xFF, 0xF8, 0xFF, 0xFC, 0x78, 0x0F, 0x7C, 0x07, 0xBC,
    0x03, 0xFE, 0x00, 0xF0, 0x03, 0xC0, 0x30, 0x07, 0x00, 0x00, 0x30, 0xC3, 0x8C, 0x1F, 0xC0, 0xF0,
    0x00, 0x00, 0xF0, 0x3F, 0xC7, 0xFE, 0xF0, 0xF0, 0x0F, 0x00, 0xF1, 0xFF, 0x7F, 0xFF, 0x8F, 0xE0,
    0xFE, 0x0F, 0xF3, 0xFF, 0xFF, 0x7E, 0xF0, 0x07, 0x00, 0x01, 0xC0, 0x00, 0x60, 0x00, 0x00, 0x00,
    0xC3, 0x80, 0x71, 0x80, 0x1F, 0xC0, 0x07, 0x80, 0x00, 0x00, 0x00, 0x00, 0x00, 0xF8, 0x00, 0xFC,
    0x00, 0x7F, 0x00, 0x3F, 0x80, 0x3D, 0xC0, 0x1E, 0xF0, 0x0E, 0x78, 0x0F, 0x3C, 0x07, 0x8F, 0x07,
    0x87, 0x83, 0xC3, 0xC1, 0xFF, 0xF1, 0xFF, 0xF8, 0xFF, 0xFC, 0x78, 0x0F, 0x7C, 0x07, 0xBC, 0x03,
    0xFE, 0x00, 0xF0, 0x1C, 0x00, 0xE0, 0x06, 0x00, 0x00, 0x30, 0xC3, 0x8C, 0x1F, 0xC0, 0xF0, 0x00,
    0x00, 0xF0, 0x3F, 0xC7, 0xFE, 0xF0, 0xF0, 0x0F, 0x00, 0xF1, 0xFF, 0x7F, 0xFF, 0x8F, 0xE0, 0xFE,
    0x0F, 0xF3, 0xFF, 0xFF, 0x7E, 0xF0, 0x03, 0xC0, 0x01, 0xE0, 0x00, 0x30, 0x00, 0x20, 0x00, 0xC3,
    0x80, 0x71, 0x80, 0x1F, 0xC0, 0x07, 0x80, 0x00, 0x00, 0x00, 0x00, 0x00, 0xF8, 0x00, 0xFC, 0x00,
    0x7F, 0x00, 0x3F, 0x80, 0x3D, 0xC0, 0x1E, 0xF0, 0x0E, 0x78, 0x0F, 0x3C, 0x07, 0x8F, 0x07, 0x87,
    0x83, 0xC3, 0xC1, 0xFF, 0xF1, 0xFF, 0xF8, 0xFF, 0xFC, 0x78, 0x0F, 0x7C, 0x07, 0xBC, 0x03, 0xFE,
    0x00, 0xF0, 0x0F, 0x00, 0xF0, 0x07, 0x00, 0x00, 0x30, 0xC3, 0x8C, 0x1F, 0xC0, 0xF0, 0x00, 0x00,
    0xF0, 0x3F, 0xC7, 0xFE, 0xF0, 0xF0, 0x0F, 0x00, 0xF1, 0xFF, 0x7F, 0xFF, 0x8F, 0xE0, 0xFE, 0x0F,
    0xF3, 0xFF, 0xFF, 0x7E, 0xF0, 0x07, 0x18, 0x07, 0xF8, 0x03, 0x3C, 0x00, 0x00, 0x00, 0xC3, 0x80,
    0x71, 0x80, 0x1F, 0xC0, 0x07, 0x80, 0x00, 0x00, 0x00, 0x00, 0x00, 0xF8, 0x00, 0xFC, 0x00, 0x7F,
    0x00, 0x3F, 0x80, 0x3D, 0xC0, 0x1E, 0xF0, 0x0E, 0x78, 0x0F, 0x3C, 0x07, 0x8F, 0x07, 0x87, 0x83,
    0xC3, 0xC1, 0xFF, 0xF1, 0xFF, 0xF8, 0xFF, 0xFC, 0x78, 0x0F, 0x7C, 0x07, 0xBC, 0x03, 0xFE, 0x00,
    0xF0, 0x1C, 0x63, 0xFC, 0x33, 0xC0, 0x00, 0x30, 0xC3, 0x8C, 0x1F, 0xC0, 0xF0, 0x00, 0x00, 0xF0,
    0x3F, 0xC7, 0xFE, 0xF0, 0xF0, 0x0F, 0x00, 0xF1, 0xFF, 0x7F, 0xFF, 0x8F, 0xE0, 0xFE, 0x0F, 0xF3,
    0xFF, 0xFF, 0x7E, 0xF0, 0x0C, 0x38, 0x07, 0x38, 0x01, 0xF8, 0x00, 0x38, 0x00, 0x00, 0x00, 0x00,
    0x00, 0x0F, 0x80, 0x0F, 0xC0, 0x07, 0xF0, 0x03, 0xF8, 0x03, 0xDC, 0x01, 0xEF, 0x00, 0xE7, 0x80,
    0xF3, 0xC0, 0x78, 0xF0, 0x78, 0x78, 0x3C, 0x3C, 0x1F, 0xFF, 0x1F, 0xFF, 0x8F, 0xFF, 0xC7, 0x80,
    0xF7, 0xC0, 0x7B, 0xC0, 0x3F, 0xE0, 0x0F, 0x00, 0x00, 0x00, 0x00, 0x00, 0x70, 0x00, 0x78, 0x00,
    0x1C, 0x00, 0x04, 0x00, 0x30, 0xC3, 0x9C, 0x1F, 0x80, 0x70, 0x00, 0x00, 0xF0, 0x3F, 0xC7, 0xFE,
    0xF0, 0xF0, 0x0F, 0x00, 0xF1, 0xFF, 0x7F, 0xFF, 0x8F, 0xE0, 0xFE, 0x0F, 0xF3, 0xFF, 0xFF, 0x7E,
    0xF0, 0x00, 0x00, 0x00, 0x70, 0x0F, 0x00, 0xF0, 0x02, 0x00, 0xFF, 0xFF, 0xFF, 0xFF, 0xFE, 0x00,
    0xE0, 0x0E, 0x00, 0xE0, 0x0F, 0xFE, 0xFF, 0xEF, 0xFE, 0xE0, 0x0E, 0x00, 0xE0, 0x0E, 0x00, 0xE0,
    0x0F, 0xFF, 0xFF, 0xFF, 0xFF, 0x00, 0x00, 0x00, 0x0E, 0x00, 0xF0, 0x0F, 0x00, 0x40, 0x0F, 0x01,
    0xFF, 0x1F, 0xFC, 0xF1, 0xEF, 0x07, 0xF8, 0x3F, 0xFF, 0xFF, 0xFF, 0xF0, 0x07, 0x80, 0x1C, 0x1E,
    0xFF, 0xE3, 0xFF, 0x0F, 0xE0, 0x00, 0x00, 0x00, 0x07, 0x00, 0x3C, 0x01, 0xC0, 0x04, 0x00, 0x1F,
    0x01, 0xF0, 0x07, 0x00, 0x60, 0x00, 0x00, 0x00, 0xFF, 0xFF, 0xFF, 0xFF, 0xFE, 0x00, 0xE0, 0x0E,
    0x00, 0xE0, 0x0F, 0xFE, 0xFF, 0xEF, 0xFE, 0xE0, 0x0E, 0x00, 0xE0, 0x0E, 0x00, 0xE0, 0x0F, 0xFF,
    0xFF, 0xFF, 0xFF, 0x0F, 0x00, 0x7C, 0x00, 0xC0, 0x0E, 0x00, 0x00, 0x07, 0x80, 0xFF, 0x8F, 0xFE,
    0x78, 0xF7, 0x83, 0xFC, 0x1F, 0xFF, 0xFF, 0xFF, 0xF8, 0x03, 0xC0, 0x0E, 0x0F, 0x7F, 0xF1, 0xFF,
    0x87, 0xF0, 0x1C, 0xC3, 0xFC, 0x37, 0x80, 0x00, 0x00, 0x00, 0x00, 0xFF, 0xFF, 0xFF, 0xFF, 0xFE,
    0x00, 0xE0, 0x0E, 0x00, 0xE0, 0x0F, 0xFE, 0xFF, 0xEF, 0xFE, 0xE0, 0x0E, 0x00, 0xE0, 0x0E, 0x00,
    0xE0, 0x0F, 0xFF, 0xFF, 0xFF, 0xFF, 0x1C, 0x60, 0xFF, 0x0C, 0xF0, 0x00, 0x00, 0x00, 0x07, 0x80,
    0xFF, 0x8F, 0xFE, 0x78, 0xF7, 0x83, 0xFC, 0x1F, 0xFF, 0xFF, 0xFF, 0xF8, 0x03, 0xC0, 0x0E, 0x0F,
    0x7F, 0xF1, 0xFF, 0x87, 0xF0, 0x00, 0x70, 0x0E, 0x00, 0xC0, 0x00, 0x0F, 0x01, 0xF8, 0x3B, 0xC7,
    0x1E, 0x00, 0x00, 0x00, 0xFF, 0xFF, 0xFF, 0xFF, 0xFE, 0x00, 0xE0, 0x0E, 0x00, 0xE0, 0x0F, 0xFE,
    0xFF, 0xEF, 0xFE, 0xE0, 0x0E, 0x00, 0xE0, 0x0E, 0x00, 0xE0, 0x0F, 0xFF, 0xFF, 0xFF, 0xFF, 0x00,
    0x38, 0x03, 0x80, 0x18, 0x01, 0x00, 0x70, 0x07, 0xC0, 0x77, 0x07, 0x1C, 0x00, 0x00, 0x78, 0x0F,
    0xF8, 0xFF, 0xE7, 0x8F, 0x78, 0x3F, 0xC1, 0xFF, 0xFF, 0xFF, 0xFF, 0x80, 0x3C, 0x00, 0xE0, 0xF7,
    0xFF, 0x1F, 0xF8, 0x7F, 0x00, 0x03, 0xC0, 0x0C, 0x00, 0xE0, 0x00, 0x0F, 0x01, 0xF8, 0x3B, 0xC7,
    0x1E, 0x00, 0x00, 0x00, 0xFF, 0xFF, 0xFF, 0xFF, 0xFE, 0x00, 0xE0, 0x0E, 0x00, 0xE0, 0x0F, 0xFE,
    0xFF, 0xEF, 0xFE, 0xE0, 0x0E, 0x00, 0xE0, 0x0E, 0x00, 0xE0, 0x0F, 0xFF, 0xFF, 0xFF, 0xFF, 0x01,
    0xC0, 0x07, 0x00, 0x1C, 0x00, 0x00, 0x70, 0x07, 0xC0, 0x77, 0x07, 0x1C, 0x00, 0x00, 0x78, 0x0F,
    0xF8, 0xFF, 0xE7, 0x8F, 0x78, 0x3F, 0xC1, 0xFF, 0xFF, 0xFF, 0xFF, 0x80, 0x3C, 0x00, 0xE0, 0xF7,
    0xFF, 0x1F, 0xF8, 0x7F, 0x00, 0x01, 0xC0, 0x1E, 0x00, 0xC0, 0x00, 0x0F, 0x01, 0xF8, 0x3B, 0xC7,
    0x1E, 0x00, 0x00, 0x00, 0xFF, 0xFF, 0xFF, 0xFF, 0xFE, 0x00, 0xE0, 0x0E, 0x00, 0xE0, 0x0F, 0xFE,
    0xFF, 0xEF, 0xFE, 0xE0, 0x0E, 0x00, 0xE0, 0x0E, 0x00, 0xE0, 0x0F, 0xFF, 0xFF, 0xFF, 0xFF, 0x01,
    0xE0, 0x0F, 0x00, 0x18, 0x01, 0x00, 0x70, 0x07, 0xC0, 0x77, 0x07, 0x1C, 0x00, 0x00, 0x78, 0x0F,
    0xF8, 0xFF, 0xE7, 0x8F, 0x78, 0x3F, 0xC1, 0xFF, 0xFF, 0xFF, 0xFF, 0x80, 0x3C, 0x00, 0xE0, 0xF7,
    0xFF, 0x1F, 0xF8, 0x7F, 0x00, 0x1C, 0xC3, 0xFC, 0x33, 0x80, 0x00, 0x0F, 0x01, 0xF8, 0x3B, 0xC7,
    0x1E, 0x00, 0x00, 0x00, 0xFF, 0xFF, 0xFF, 0xFF, 0xFE, 0x00, 0xE0, 0x0E, 0x00, 0xE0, 0x0F, 0xFE,
    0xFF, 0xEF, 0xFE, 0xE0, 0x0E, 0x00, 0xE0, 0x0E, 0x00, 0xE0, 0x0F, 0xFF, 0xFF, 0xFF, 0xFF, 0x1C,
    0x60, 0xFF, 0x0C, 0xF0, 0x00, 0x00, 0x70, 0x07, 0xC0, 0x77, 0x07, 0x1C, 0x00, 0x00, 0x78, 0x0F,
    0xF8, 0xFF, 0xE7, 0x8F, 0x78, 0x3F, 0xC1, 0xFF, 0xFF, 0xFF, 0xFF, 0x80, 0x3C, 0x00, 0xE0, 0xF7,
    0xFF, 0x1F, 0xF8, 0x7F, 0x00, 0x0F, 0x01, 0xF8, 0x39, 0xC7, 0x1E, 0x00, 0x00, 0x00, 0xFF, 0xFF,
    0xFF, 0xFF, 0xFE, 0x00, 0xE0, 0x0E, 0x00, 0xE0, 0x0F, 0xFE, 0xFF, 0xEF, 0xFE, 0xE0, 0x0E, 0x00,
    0xE0, 0x0E, 0x00, 0xE0, 0x0F, 0xFF, 0xFF, 0xFF, 0xFF, 0x00, 0x00, 0x00, 0x0E, 0x00, 0xF0, 0x0F,
    0x00, 0x40, 0x0F, 0x80, 0xEE, 0x0F, 0x78, 0x71, 0xC0, 0x00, 0x07, 0x80, 0xFF, 0x8F, 0xFE, 0x78,
    0xF7, 0x83, 0xFC, 0x1F, 0xFF, 0xFF, 0xFF, 0xF8, 0x03, 0xC0, 0x0E, 0x0F, 0x7F, 0xF1, 0xFF, 0x87,
    0xF0, 0x00, 0x00, 0x00, 0x03, 0x80, 0x1E, 0x00, 0xE0, 0x02, 0x00, 0xF7, 0xCC, 0xE0, 0x01, 0xCE,
    0x73, 0x9C, 0xE7, 0x39, 0xCE, 0x73, 0x9C, 0xE7, 0x39, 0xCE, 0xF7, 0xCC, 0xC0, 0x39, 0xCE, 0x73,
    0x9C, 0xE7, 0x39, 0xCE, 0x73, 0x9C, 0xEE, 0xEE, 0xEE, 0xEE, 0xEE, 0xEE, 0xEE, 0xEE, 0xEE, 0x00,
    0xEF, 0xE4, 0x7F, 0x72, 0x07, 0x77, 0x77, 0x77, 0x77, 0x77, 0x77, 0x70, 0x07, 0xF7, 0x20, 0x07,
    0xF8, 0x0F, 0xFE, 0x0F, 0xFF, 0x8F, 0x83, 0xE7, 0x80, 0xF3, 0xC0, 0x3F, 0xC0, 0x1F, 0xE0, 0x0F,
    0xF0, 0x07, 0xF8, 0x03, 0xFC, 0x01, 0xFE, 0x00, 0xF7, 0x80, 0x7B, 0xC0, 0x78, 0xF8, 0x7C, 0x7F,
    0xFC, 0x1F, 0xFC, 0x03, 0xF8, 0x00, 0x00, 0x00, 0x00, 0x00, 0x1C, 0x00, 0x0F, 0x00, 0x07, 0x00,
    0x01, 0x00, 0x0F, 0x81, 0xFF, 0x1F, 0xFC, 0xF1, 0xFF, 0x07, 0xF8, 0x3F, 0xC0, 0xFE, 0x07, 0xF0,
    0x7F, 0x83, 0xDE, 0x1E, 0xFF, 0xE3, 0xFE, 0x0F, 0xE0, 0x00, 0x00, 0x00, 0x07, 0x00, 0x3C, 0x01,
    0xE0, 0x04, 0x00, 0x03, 0xC0, 0x01, 0xF0, 0x00, 0x30, 0x00, 0x38, 0x00, 0x00, 0x00, 0x00, 0x00,
    0x1F, 0xE0, 0x3F, 0xF8, 0x3F, 0xFE, 0x3E, 0x0F, 0x9E, 0x03, 0xCF, 0x00, 0xFF, 0x00, 0x7F, 0x80,
    0x3F, 0xC0, 0x1F, 0xE0, 0x0F, 0xF0, 0x07, 0xF8, 0x03, 0xDE, 0x01, 0xEF, 0x01, 0xE3, 0xE1, 0xF1,
    0xFF, 0xF0, 0x7F, 0xF0, 0x0F, 0xE0, 0x0F, 0x00, 0x7C, 0x00, 0xC0, 0x0E, 0x00, 0x00, 0x07, 0xC0,
    0xFF, 0x8F, 0xFE, 0x78, 0xFF, 0x83, 0xFC, 0x1F, 0xE0, 0x7F, 0x03, 0xF8, 0x3F, 0xC1, 0xEF, 0x0F,
    0x7F, 0xF1, 0xFF, 0x07, 0xF0, 0x00, 0x0E, 0x00, 0x0E, 0x00, 0x06, 0x00, 0x00, 0x00, 0x1C, 0x00,
    0x1F, 0x00, 0x1D, 0xC0, 0x1C, 0x78, 0x00, 0x00, 0x00, 0x00, 0x01, 0xFE, 0x03, 0xFF, 0x83, 0xFF,
    0xE3, 0xE0, 0xF9, 0xE0, 0x3C, 0xF0, 0x0F, 0xF0, 0x07, 0xF8, 0x03, 0xFC, 0x01, 0xFE, 0x00, 0xFF,
    0x00, 0x7F, 0x80, 0x3D, 0xE0, 0x1E, 0xF0, 0x1E, 0x3E, 0x1F, 0x1F, 0xFF, 0x07, 0xFF, 0x00, 0xFE,
    0x00, 0x00, 0x38, 0x03, 0x80, 0x18, 0x00, 0x00, 0x70, 0x07, 0xC0, 0x77, 0x07, 0x1E, 0x00, 0x00,
    0x7C, 0x0F, 0xF8, 0xFF, 0xE7, 0x8F, 0xF8, 0x3F, 0xC1, 0xFE, 0x07, 0xF0, 0x3F, 0x83, 0xFC, 0x1E,
    0xF0, 0xF7, 0xFF, 0x1F, 0xF0, 0x7F, 0x00, 0x00, 0x78, 0x00, 0x1C, 0x00, 0x07, 0x00, 0x00, 0x00,
    0x1C, 0x00, 0x1F, 0x00, 0x1D, 0xC0, 0x1C, 0x78, 0x00, 0x00, 0x00, 0x00, 0x01, 0xFE, 0x03, 0xFF,
    0x83, 0xFF, 0xE3, 0xE0, 0xF9, 0xE0, 0x3C, 0xF0, 0x0F, 0xF0, 0x07, 0xF8, 0x03, 0xFC, 0x01, 0xFE,
    0x00, 0xFF, 0x00, 0x7F, 0x80, 0x3D, 0xE0, 0x1E, 0xF0, 0x1E, 0x3E, 0x1F, 0x1F, 0xFF, 0x07, 0xFF,
    0x00, 0xFE, 0x00, 0x01, 0xE0, 0x07, 0x00, 0x1C, 0x00, 0x00, 0x70, 0x07, 0xC0, 0x77, 0x07, 0x1E,
    0x00, 0x00, 0x7C, 0x0F, 0xF8, 0xFF, 0xE7, 0x8F, 0xF8, 0x3F, 0xC1, 0xFE, 0x07, 0xF0, 0x3F, 0x83,
    0xFC, 0x1E, 0xF0, 0xF7, 0xFF, 0x1F, 0xF0, 0x7F, 0x00, 0x00, 0x78, 0x00, 0x3C, 0x00, 0x06, 0x00,
    0x00, 0x00, 0x1C, 0x00, 0x1F, 0x00, 0x1D, 0xC0, 0x1C, 0x78, 0x00, 0x00, 0x00, 0x00, 0x01, 0xFE,
    0x03, 0xFF, 0x83, 0xFF, 0xE3, 0xE0, 0xF9, 0xE0, 0x3C, 0xF0, 0x0F, 0xF0, 0x07, 0xF8, 0x03, 0xFC,
    0x01, 0xFE, 0x00, 0xFF, 0x00, 0x7F, 0x80, 0x3D, 0xE0, 0x1E, 0xF0, 0x1E, 0x3E, 0x1F, 0x1F, 0xFF,
    0x07, 0xFF, 0x00, 0xFE, 0x00, 0x01, 0xE0, 0x0F, 0x00, 0x18, 0x00, 0x00, 0x70, 0x07, 0xC0, 0x77,
    0x07, 0x1E, 0x00, 0x00, 0x7C, 0x0F, 0xF8, 0xFF, 0xE7, 0x8F, 0xF8, 0x3F, 0xC1, 0xFE, 0x07, 0xF0,
    0x3F, 0x83, 0xFC, 0x1E, 0xF0, 0xF7, 0xFF, 0x1F, 0xF0, 0x7F, 0x00, 0x03, 0x18, 0x03, 0xFC, 0x03,
    0xBC, 0x00, 0x00, 0x00, 0x1C, 0x00, 0x1F, 0x00, 0x1D, 0xC0, 0x1C, 0x78, 0x00, 0x00, 0x00, 0x00,
    0x01, 0xFE, 0x03, 0xFF, 0x83, 0xFF, 0xE3, 0xE0, 0xF9, 0xE0, 0x3C, 0xF0, 0x0F, 0xF0, 0x07, 0xF8,
    0x03, 0xFC, 0x01, 0xFE, 0x00, 0xFF, 0x00, 0x7F, 0x80, 0x3D, 0xE0, 0x1E, 0xF0, 0x1E, 0x3E, 0x1F,
    0x1F, 0xFF, 0x07, 0xFF, 0x00, 0xFE, 0x00, 0x0E, 0x60, 0xFF, 0x0E, 0x70, 0x00, 0x00, 0x70, 0x07,
    0xC0, 0x77, 0x07, 0x1E, 0x00, 0x00, 0x7C, 0x0F, 0xF8, 0xFF, 0xE7, 0x8F, 0xF8, 0x3F, 0xC1, 0xFE,
    0x07, 0xF0, 0x3F, 0x83, 0xFC, 0x1E, 0xF0, 0xF7, 0xFF, 0x1F, 0xF0, 0x7F, 0x00, 0x01, 0xE0, 0x01,
    0xF8, 0x01, 0xDE, 0x01, 0xC7, 0x80, 0x00, 0x00, 0x00, 0x00, 0x1F, 0xE0, 0x3F, 0xF8, 0x3F, 0xFE,
    0x3E, 0x0F, 0x9E, 0x03, 0xCF, 0x00, 0xFF, 0x00, 0x7F, 0x80, 0x3F, 0xC0, 0x1F, 0xE0, 0x0F, 0xF0,
    0x07, 0xF8, 0x03, 0xDE, 0x01, 0xEF, 0x01, 0xE3, 0xE1, 0xF1, 0xFF, 0xF0, 0x7F, 0xF0, 0x0F, 0xE0,
    0x00, 0x00, 0x00, 0x00, 0x00, 0x70, 0x00, 0x3C, 0x00, 0x1C, 0x00, 0x04, 0x00, 0x07, 0x80, 0x7E,
    0x07, 0x38, 0x71, 0xE0, 0x00, 0x07, 0xC0, 0xFF, 0x8F, 0xFE, 0x78, 0xFF, 0x83, 0xFC, 0x1F, 0xE0,
    0x7F, 0x03, 0xF8, 0x3F, 0xC1, 0xEF, 0x0F, 0x7F, 0xF1, 0xFF, 0x07, 0xF0, 0x00, 0x00, 0x00, 0x03,
    0x80, 0x1E, 0x00, 0xF0, 0x02, 0x00, 0x00, 0x70, 0x00, 0x70, 0x00, 0x38, 0x00, 0x38, 0x70, 0x00,
    0x38, 0x00, 0x1C, 0x1F, 0xFE, 0x3F, 0xFF, 0x3F, 0xFE, 0x3E, 0x0F, 0x9E, 0x03, 0xCF, 0x00, 0xFF,
    0x00, 0x7F, 0x80, 0x3F, 0xC0, 0x1F, 0xE0, 0x0F, 0xF0, 0x07, 0xF8, 0x03, 0xDE, 0x01, 0xEF, 0x01,
    0xE3, 0xE1, 0xF1, 0xFF, 0xF0, 0x7F, 0xF0, 0x0F, 0xE0, 0x01, 0xC0, 0x0E, 0x00, 0x39, 0xC1, 0xC7,
    0x00, 0x1C, 0x3F, 0xF3, 0xFF, 0x9F, 0xFC, 0x78, 0xFB, 0xC1, 0xEF, 0x07, 0xBC, 0x0E, 0xF0, 0x3B,
    0xC1, 0xEF, 0x07, 0x9E, 0x1E, 0x7F, 0xF0, 0xFF, 0x81, 0xFC, 0x00, 0x07, 0x80, 0x01, 0xC0, 0x00,
    0x60, 0x00, 0x38, 0x70, 0x00, 0x38, 0x00, 0x1C, 0x1F, 0xFE, 0x3F, 0xFF, 0x3F, 0xFE, 0x3E, 0x0F,
    0x9E, 0x03, 0xCF, 0x00, 0xFF, 0x00, 0x7F, 0x80, 0x3F, 0xC0, 0x1F, 0xE0, 0x0F, 0xF0, 0x07, 0xF8,
    0x03, 0xDE, 0x01, 0xEF, 0x01, 0xE3, 0xE1, 0xF1, 0xFF, 0xF0, 0x7F, 0xF0, 0x0F, 0xE0, 0x1E, 0x00,
    0x38, 0x00, 0x61, 0xC1, 0xC7, 0x00, 0x1C, 0x3F, 0xF3, 0xFF, 0x9F, 0xFC, 0x78, 0xFB, 0xC1, 0xEF,
    0x07, 0xBC, 0x0E, 0xF0, 0x3B, 0xC1, 0xEF, 0x07, 0x9E, 0x1E, 0x7F, 0xF0, 0xFF, 0x81, 0xFC, 0x00,
    0x03, 0xC0, 0x01, 0xF0, 0x00, 0x30, 0x00, 0x38, 0x70, 0x00, 0x38, 0x00, 0x1C, 0x1F, 0xFE, 0x3F,
    0xFF, 0x3F, 0xFE, 0x3E, 0x0F, 0x9E, 0x03, 0xCF, 0x00, 0xFF, 0x00, 0x7F, 0x80, 0x3F, 0xC0, 0x1F,
    0xE0, 0x0F, 0xF0, 0x07, 0xF8, 0x03, 0xDE, 0x01, 0xEF, 0x01, 0xE3, 0xE1, 0xF1, 0xFF, 0xF0, 0x7F,
    0xF0, 0x0F, 0xE0, 0x0F, 0x00, 0x3E, 0x00, 0x31, 0xC1, 0xC7, 0x00, 0x1C, 0x3F, 0xF3, 0xFF, 0x9F,
    0xFC, 0x78, 0xFB, 0xC1, 0xEF, 0x07, 0xBC, 0x0E, 0xF0, 0x3B, 0xC1, 0xEF, 0x07, 0x9E, 0x1E, 0x7F,
    0xF0, 0xFF, 0x81, 0xFC, 0x00, 0x03, 0x98, 0x03, 0xFC, 0x03, 0xBC, 0x00, 0x00, 0x70, 0x00, 0x38,
    0x00, 0x1C, 0x1F, 0xFE, 0x3F, 0xFF, 0x3F, 0xFE, 0x3E, 0x0F, 0x9E, 0x03, 0xCF, 0x00, 0xFF, 0x00,
    0x7F, 0x80, 0x3F, 0xC0, 0x1F, 0xE0, 0x0F, 0xF0, 0x07, 0xF8, 0x03, 0xDE, 0x01, 0xEF, 0x01, 0xE3,
    0xE1, 0xF1, 0xFF, 0xF0, 0x7F, 0xF0, 0x0F, 0xE0, 0x04, 0xC0, 0x3F, 0x01, 0xB9, 0xC0, 0x07, 0x00,
    0x1C, 0x3F, 0xF3, 0xFF, 0x9F, 0xFC, 0x78, 0xFB, 0xC1, 0xEF, 0x07, 0xBC, 0x0E, 0xF0, 0x3B, 0xC1,
    0xEF, 0x07, 0x9E, 0x1E, 0x7F, 0xF0, 0xFF, 0x81, 0xFC, 0x00, 0x00, 0x03, 0x80, 0x01, 0xC0, 0x00,
    0xE0, 0xFF, 0xF1, 0xFF, 0xF9, 0xFF, 0xF1, 0xF0, 0x7C, 0xF0, 0x1E, 0x78, 0x07, 0xF8, 0x03, 0xFC,
    0x01, 0xFE, 0x00, 0xFF, 0x00, 0x7F, 0x80, 0x3F, 0xC0, 0x1E, 0xF0, 0x0F, 0x78, 0x0F, 0x1F, 0x0F,
    0x8F, 0xFF, 0x83, 0xFF, 0x80, 0x7F, 0x00, 0x00, 0x00, 0x00, 0x00, 0x03, 0x80, 0x01, 0xE0, 0x00,
    0xE0, 0x00, 0x20, 0x00, 0x00, 0x1C, 0x00, 0x70, 0x01, 0xC3, 0xFF, 0x3F, 0xF9, 0xFF, 0xC7, 0x8F,
    0xBC, 0x1E, 0xF0, 0x7B, 0xC0, 0xEF, 0x03, 0xBC, 0x1E, 0xF0, 0x79, 0xE1, 0xE7, 0xFF, 0x0F, 0xF8,
    0x1F, 0xC0, 0x00, 0x00, 0x00, 0x01, 0xC0, 0x07, 0x80, 0x1E, 0x00, 0x20, 0x00, 0xE0, 0x1F, 0xC0,
    0x3F, 0x80, 0x7F, 0x00, 0xFE, 0x01, 0xFC, 0x03, 0xF8, 0x07, 0xF0, 0x0F, 0xE0, 0x1F, 0xC0, 0x3F,
    0x80, 0x7F, 0x00, 0xFF, 0x01, 0xFE, 0x07, 0xBE, 0x1F, 0x3F, 0xFC, 0x3F, 0xF8, 0x3F, 0xC0, 0x00,
    0x00, 0x00, 0x00, 0x38, 0x00, 0xF0, 0x01, 0xE0, 0x00, 0x80, 0xE0, 0xFE, 0x0F, 0xE0, 0xFE, 0x0F,
    0xE0, 0xFE, 0x0F, 0xE0, 0xFE, 0x0F, 0xE0, 0xFE, 0x0F, 0xF1, 0xFF, 0xF7, 0x7F, 0x73, 0xE7, 0x00,
    0x00, 0x00, 0x0E, 0x00, 0xF0, 0x0F, 0x00, 0x40, 0x07, 0x80, 0x0F, 0x00, 0x06, 0x00, 0x18, 0x00,
    0x00, 0x00, 0x00, 0x38, 0x07, 0xF0, 0x0F, 0xE0, 0x1F, 0xC0, 0x3F, 0x80, 0x7F, 0x00, 0xFE, 0x01,
    0xFC, 0x03, 0xF8, 0x07, 0xF0, 0x0F, 0xE0, 0x1F, 0xC0, 0x3F, 0xC0, 0x7F, 0x81, 0xEF, 0x87, 0xCF,
    0xFF, 0x0F, 0xFE, 0x0F, 0xF0, 0x1F, 0x01, 0xF0, 0x07, 0x00, 0x60, 0x00, 0x0E, 0x0F, 0xE0, 0xFE,
    0x0F, 0xE0, 0xFE, 0x0F, 0xE0, 0xFE, 0x0F, 0xE0, 0xFE, 0x0F, 0xE0, 0xFF, 0x1F, 0xFF, 0x77, 0xF7,
    0x3E, 0x70, 0x01, 0xE0, 0x00, 0xE0, 0x00, 0xE0, 0x00, 0x60, 0x70, 0x00, 0x38, 0x00, 0x1F, 0x80,
    0x7F, 0xC0, 0x3E, 0xE0, 0x1E, 0x70, 0x0F, 0x38, 0x07, 0x9C, 0x03, 0xCE, 0x01, 0xE7, 0x00, 0xF3,
    0x80, 0x79, 0xC0, 0x3C, 0xE0, 0x1E, 0x70, 0x0F, 0x3C, 0x07, 0x9E, 0x07, 0x8F, 0x87, 0xC3, 0xFF,
    0xC0, 0xFF, 0xE0, 0x3F, 0xC0, 0x03, 0xC0, 0x1C, 0x00, 0x71, 0xC3, 0x87, 0x00, 0x1F, 0x83, 0xFE,
    0x0F, 0xF8, 0x3C, 0xE0, 0xF3, 0x83, 0xCE, 0x0F, 0x38, 0x3C, 0xE0, 0xF3, 0x83, 0xCE, 0x0F, 0x3C,
    0x7C, 0xFF, 0x71, 0xFD, 0xC3, 0xE7, 0x00, 0x1E, 0x00, 0x07, 0x80, 0x01, 0xC0, 0x00, 0x60, 0x70,
    0x00, 0x38, 0x00, 0x1F, 0x80, 0x7F, 0xC0, 0x3E, 0xE0, 0x1E, 0x70, 0x0F, 0x38, 0x07, 0x9C, 0x03,
    0xCE, 0x01, 0xE7, 0x00, 0xF3, 0x80, 0x79, 0xC0, 0x3C, 0xE0, 0x1E, 0x70, 0x0F, 0x3C, 0x07, 0x9E,
    0x07, 0x8F, 0x87, 0xC3, 0xFF, 0xC0, 0xFF, 0xE0, 0x3F, 0xC0, 0x3C, 0x00, 0x70, 0x00, 0xE1, 0xC3,
    0x87, 0x00, 0x1F, 0x83, 0xFE, 0x0F, 0xF8, 0x3C, 0xE0, 0xF3, 0x83, 0xCE, 0x0F, 0x38, 0x3C, 0xE0,
    0xF3, 0x83, 0xCE, 0x0F, 0x3C, 0x7C, 0xFF, 0x71, 0xFD, 0xC3, 0xE7, 0x00, 0x07, 0x80, 0x03, 0xC0,
    0x00, 0x60, 0x00, 0x60, 0x70, 0x00, 0x38, 0x00, 0x1F, 0x80, 0x7F, 0xC0, 0x3E, 0xE0, 0x1E, 0x70,
    0x0F, 0x38, 0x07, 0x9C, 0x03, 0xCE, 0x01, 0xE7, 0x00, 0xF3, 0x80, 0x79, 0xC0, 0x3C, 0xE0, 0x1E,
    0x70, 0x0F, 0x3C, 0x07, 0x9E, 0x07, 0x8F, 0x87, 0xC3, 0xFF, 0xC0, 0xFF, 0xE0, 0x3F, 0xC0, 0x1F,
    0x00, 0x7C, 0x00, 0x71, 0xC1, 0x87, 0x00, 0x1F, 0x83, 0xFE, 0x0F, 0xF8, 0x3C, 0xE0, 0xF3, 0x83,
    0xCE, 0x0F, 0x38, 0x3C, 0xE0, 0xF3, 0x83, 0xCE, 0x0F, 0x3C, 0x7C, 0xFF, 0x71, 0xFD, 0xC3, 0xE7,
    0x00, 0x0E, 0x60, 0x0F, 0xF0, 0x06, 0x78, 0x00, 0x00, 0x70, 0x00, 0x38, 0x00, 0x1F, 0x80, 0x7F,
    0xC0, 0x3E, 0xE0, 0x1E, 0x70, 0x0F, 0x38, 0x07, 0x9C, 0x03, 0xCE, 0x01, 0xE7, 0x00, 0xF3, 0x80,
    0x79, 0xC0, 0x3C, 0xE0, 0x1E, 0x70, 0x0F, 0x3C, 0x07, 0x9E, 0x07, 0x8F, 0x87, 0xC3, 0xFF, 0xC0,
    0xFF, 0xE0, 0x3F, 0xC0, 0x1C, 0xC0, 0xFF, 0x03, 0x79, 0xC0, 0x07, 0x00, 0x1F, 0x83, 0xFE, 0x0F,
    0xF8, 0x3C, 0xE0, 0xF3, 0x83, 0xCE, 0x0F, 0x38, 0x3C, 0xE0, 0xF3, 0x83, 0xCE, 0x0F, 0x3C, 0x7C,
    0xFF, 0x71, 0xFD, 0xC3, 0xE7, 0x00, 0x00, 0x03, 0x80, 0x01, 0xC0, 0x00, 0xFC, 0x03, 0xFE, 0x01,
    0xF7, 0x00, 0xF3, 0x80, 0x79, 0xC0, 0x3C, 0xE0, 0x1E, 0x70, 0x0F, 0x38, 0x07, 0x9C, 0x03, 0xCE,
    0x01, 0xE7, 0x00, 0xF3, 0x80, 0x79, 0xE0, 0x3C, 0xF0, 0x3C, 0x7C, 0x3E, 0x1F, 0xFE, 0x07, 0xFF,
    0x01, 0xFE, 0x00, 0x00, 0x00, 0x00, 0x00, 0x07, 0x00, 0x07, 0x80, 0x03, 0xC0, 0x00, 0x40, 0x00,
    0x00, 0x1C, 0x00, 0x70, 0x01, 0xF8, 0x3F, 0xE0, 0xFF, 0x83, 0xCE, 0x0F, 0x38, 0x3C, 0xE0, 0xF3,
    0x83, 0xCE, 0x0F, 0x38, 0x3C, 0xE0, 0xF3, 0xC7, 0xCF, 0xF7, 0x1F, 0xDC, 0x3E, 0x70, 0x00, 0x00,
    0x00, 0x03, 0x80, 0x0F, 0x00, 0x3C, 0x00, 0x40, 0x00, 0x0F, 0x00, 0x03, 0xC0, 0x00, 0xE0, 0x00,
    0x30, 0x00, 0x00, 0x00, 0x00, 0x07, 0xC0, 0x3C, 0xF0, 0x3E, 0x78, 0x1E, 0x1E, 0x1F, 0x0F, 0x8F,
    0x03, 0xCF, 0x00, 0xF7, 0x80, 0x7F, 0x80, 0x1F, 0xC0, 0x0F, 0xC0, 0x03, 0xC0, 0x01, 0xE0, 0x00,
    0xF0, 0x00, 0x78, 0x00, 0x3C, 0x00, 0x1E, 0x00, 0x0F, 0x00, 0x07, 0x80, 0x0E, 0x00, 0x0E, 0x00,
    0x0C, 0x00, 0x1C, 0x00, 0x00, 0x1E, 0x03, 0xDE, 0x0F, 0x3C, 0x1E, 0x38, 0x38, 0x78, 0xF0, 0xF1,
    0xE0, 0xE3, 0x81, 0xEF, 0x03, 0xDE, 0x03, 0xB8, 0x07, 0x70, 0x07, 0xC0, 0x0F, 0x80, 0x1F, 0x00,
    0x3C, 0x00, 0x78, 0x07, 0xE0, 0x0F, 0xC0, 0x3F, 0x00, 0xF0, 0x0F, 0xBC, 0x0F, 0x9E, 0x07, 0x87,
    0x87, 0xC3, 0xE3, 0xC0, 0xF3, 0xC0, 0x3D, 0xE0, 0x1F, 0xE0, 0x07, 0xF0, 0x03, 0xF0, 0x00, 0xF0,
    0x00, 0x78, 0x00, 0x3C, 0x00, 0x1E, 0x00, 0x0F, 0x00, 0x07, 0x80, 0x03, 0xC0, 0x01, 0xE0, 0x00,
    0x00, 0x00, 0x00, 0x00, 0x1C, 0x00, 0x1E, 0x00, 0x0F, 0x00, 0x01, 0x00, 0xF0, 0x1E, 0xF0, 0x79,
    0xE0, 0xF1, 0xC1, 0xC3, 0xC7, 0x87, 0x8F, 0x07, 0x1C, 0x0F, 0x78, 0x1E, 0xF0, 0x1D, 0xC0, 0x3B,
    0x80, 0x3E, 0x00, 0x7C, 0x00, 0xF8, 0x01, 0xE0, 0x03, 0xC0, 0x3F, 0x38, 0x7E, 0x79, 0xF8, 0xE0,
    0x00, 0x80, 0x03, 0xC0, 0x01, 0xE0, 0x00, 0x30, 0x00, 0x30, 0x00, 0x00, 0x00, 0x00, 0x07, 0xC0,
    0x3C, 0xF0, 0x3E, 0x78, 0x1E, 0x1E, 0x1F, 0x0F, 0x8F, 0x03, 0xCF, 0x00, 0xF7, 0x80, 0x7F, 0x80,
    0x1F, 0xC0, 0x0F, 0xC0, 0x03, 0xC0, 0x01, 0xE0, 0x00, 0xF0, 0x00, 0x78, 0x00, 0x3C, 0x00, 0x1E,
    0x00, 0x0F, 0x00, 0x07, 0x80, 0x07, 0x80, 0x0F, 0x80, 0x06, 0x00, 0x1C, 0x00, 0x00, 0x1E, 0x03,
    0xDE, 0x0F, 0x3C, 0x1E, 0x38, 0x38, 0x78, 0xF0, 0xF1, 0xE0, 0xE3, 0x81, 0xEF, 0x03, 0xDE, 0x03,
    0xB8, 0x07, 0x70, 0x07, 0xC0, 0x0F, 0x80, 0x1F, 0x00, 0x3C, 0x00, 0x78, 0x07, 0xE0, 0x0F, 0xC0,
    0x3F, 0x00, 0x07, 0x30, 0x07, 0xF8, 0x03, 0x3C, 0x00, 0x00, 0x00, 0x00, 0x00, 0x00, 0x07, 0xC0,
    0x3C, 0xF0, 0x3E, 0x78, 0x1E, 0x1E, 0x1F, 0x0F, 0x8F, 0x03, 0xCF, 0x00, 0xF7, 0x80, 0x7F, 0x80,
    0x1F, 0xC0, 0x0F, 0xC0, 0x03, 0xC0, 0x01, 0xE0, 0x00, 0xF0, 0x00, 0x78, 0x00, 0x3C, 0x00, 0x1E,
    0x00, 0x0F, 0x00, 0x07, 0x80, 0x0E, 0x30, 0x1F, 0xE0, 0x77, 0x80, 0x00, 0x00, 0x00, 0x1E, 0x03,
    0xDE, 0x0F, 0x3C, 0x1E, 0x38, 0x38, 0x78, 0xF0, 0xF1, 0xE0, 0xE3, 0x81, 0xEF, 0x03, 0xDE, 0x03,
    0xB8, 0x07, 0x70, 0x07, 0xC0, 0x0F, 0x80, 0x1F, 0x00, 0x3C, 0x00, 0x78, 0x07, 0xE0, 0x0F, 0xC0,
    0x3F, 0x00, 0x00, 0x00, 0x00, 0x00, 0x00, 0x00, 0x00, 0x00, 0x00, 0x00, 0x00, 0x00, 0xFF, 0xFF,
    0xFF, 0xFF, 0xFF, 0xFF, 0xFF, 0xFF, 0xFF, 0xFF, 0xFF, 0xC0, 0xFF, 0xFF, 0xFF, 0xFF, 0xFE, 0xFF,
    0xFF, 0xFF, 0xFF, 0xFF, 0xFF, 0xFF, 0xFF, 0xFF, 0xE0, 0xFF, 0xFF, 0xFF, 0xFF, 0xFF, 0xFF, 0xFF,
    0xFF, 0xFF, 0xE0, 0xE7, 0xE7, 0xE7, 0xE7, 0xE7, 0xE7, 0xE7, 0xE7, 0xE7, 0xE7, 0xE7, 0xE7, 0xE7,
    0xE7, 0xE7, 0xE7, 0xE7, 0xE7, 0xE7, 0xE7, 0xE7, 0xE7, 0xE7, 0xE7, 0xE7, 0xE7, 0xE7, 0xE7, 0xE7,
    0xE7, 0xFF, 0xFF, 0xFF, 0x00, 0x0F, 0xFF, 0xFF, 0xF0, 0x39, 0xDC, 0xE7, 0x3B, 0xC0, 0x7B, 0x9C,
    0xEE, 0x73, 0x80, 0x7B, 0xDC, 0xE7, 0x3B, 0x80, 0xF3, 0x9C, 0xE7, 0x18, 0xE0, 0x38, 0xCE, 0x77,
    0x1D, 0xC7, 0x71, 0xDC, 0xFF, 0x3C, 0x79, 0xDC, 0xF7, 0x39, 0xCE, 0xE3, 0xB8, 0xEE, 0x30, 0x79,
    0xEF, 0x39, 0xC7, 0x38, 0xE7, 0x38, 0xE7, 0x38, 0xE0, 0xF3, 0x9C, 0xE7, 0x3D, 0xC7, 0x71, 0xCC,
    0x73, 0x8C, 0x0E, 0x01, 0xC0, 0x38, 0x7F, 0xFF, 0xFF, 0xFF, 0xC3, 0x80, 0x70, 0x0E, 0x01, 0xC0,
    0x38, 0x07, 0x00, 0xC0, 0x0E, 0x01, 0xC0, 0x38, 0x7F, 0xFF, 0xFF, 0xFF, 0xC3, 0x80, 0x70, 0x0E,
    0x1F, 0xFF, 0xFF, 0xFF, 0xF0, 0xE0, 0x1C, 0x03, 0x80, 0x70, 0x0E, 0x01, 0x80, 0x3C, 0x7E, 0xFF,
    0xFF, 0xFF, 0xFE, 0x7E, 0x18, 0x81, 0xC3, 0xE7, 0xFF, 0x9E, 0x30, 0x40, 0x7F, 0xF7, 0x70, 0x77,
    0x87, 0xFC, 0x3E, 0xE0, 0xE0, 0x70, 0x70, 0x37, 0x87, 0xC3, 0xFC, 0x3E, 0x1E, 0xE0, 0xE0, 0xE0,
    0x7F, 0xF7, 0x00, 0x3E, 0x01, 0xC0, 0x01, 0xFC, 0x0E, 0x00, 0x0E, 0x70, 0x30, 0x00, 0x38, 0xC1,
    0xC0, 0x00, 0xE3, 0x0E, 0x00, 0x03, 0x9C, 0x30, 0x00, 0x07, 0xF1, 0xC0, 0x00, 0x1F, 0x8E, 0x00,
    0x00, 0x00, 0x30, 0x00, 0x00, 0x01, 0xC3, 0x01, 0xC0, 0x0E, 0x3F, 0x0F, 0x80, 0x30, 0xFE, 0x7F,
    0x01, 0x87, 0x39, 0x8C, 0x0E, 0x1C, 0x66, 0x30, 0x70, 0x71, 0x98, 0xC1, 0x81, 0xCE, 0x63, 0x0E,
    0x03, 0xF9, 0xFC, 0x70, 0x07, 0xC3, 0xE0, 0x3E, 0x01, 0xC0, 0x00, 0x00, 0x7F, 0x03, 0x80, 0x00,
    0x00, 0xE7, 0x03, 0x00, 0x00, 0x00, 0xE3, 0x07, 0x00, 0x00, 0x00, 0xE3, 0x0E, 0x00, 0x00, 0x00,
    0xE7, 0x0C, 0x00, 0x00, 0x00, 0x7F, 0x1C, 0x00, 0x00, 0x00, 0x7E, 0x38, 0x00, 0x00, 0x00, 0x00,
    0x30, 0x00, 0x00, 0x00, 0x00, 0x70, 0xC0, 0x70, 0x18, 0x00, 0xE3, 0xF0, 0xF8, 0x7E, 0x00, 0xC3,
    0xF9, 0xFC, 0xFE, 0x01, 0x87, 0x39, 0x8C, 0xE7, 0x03, 0x87, 0x19, 0x8C, 0xC7, 0x07, 0x07, 0x19,
    0x8C, 0xC7, 0x06, 0x07, 0x39, 0x8C, 0xE7, 0x0E, 0x03, 0xF9, 0xFC, 0xFE, 0x1C, 0x01, 0xF0, 0xF8,
    0x7C, 0x77, 0x77, 0x66, 0xE0, 0x70, 0xEE, 0x1D, 0xC3, 0xB8, 0x66, 0x1C, 0xC3, 0xB8, 0x70, 0x70,
    0xE1, 0xDC, 0x38, 0x77, 0x0E, 0x3D, 0xC3, 0x0E, 0x61, 0xC3, 0x98, 0x70, 0xEE, 0x1C, 0x38, 0xF7,
    0x77, 0x73, 0x30, 0xF1, 0xEE, 0x1D, 0xC3, 0xB8, 0x77, 0x0E, 0x61, 0xCC, 0x18, 0xF1, 0xE3, 0x9C,
    0x38, 0xF7, 0x0E, 0x1D, 0xC3, 0x87, 0x70, 0xE1, 0xCC, 0x38, 0x73, 0x06, 0x1C, 0x0E, 0x01, 0xE0,
    0x7E, 0x1C, 0xE7, 0x0D, 0xC1, 0xC0, 0x0F, 0x8F, 0x07, 0x87, 0x87, 0x87, 0x81, 0xE0, 0x78, 0x1E,
    0x0F, 0x03, 0xE0, 0xF0, 0x3C, 0x0F, 0x03, 0xC0, 0xF0, 0x3C, 0x3C, 0x3C, 0x3C, 0x3C, 0x3C, 0x00,
    0x01, 0xC0, 0x03, 0xC0, 0x0B, 0xD8, 0x3C, 0x3C, 0x1E, 0x78, 0x0F, 0xF0, 0x77, 0xEF, 0xF3, 0xCF,
    0xF7, 0xEF, 0x0F, 0xF0, 0x1E, 0x78, 0x3C, 0x3C, 0x1B, 0xD8, 0x0B, 0xD0, 0x03, 0xC0, 0xF0, 0x7F,
    0x83, 0xFC, 0x1F, 0xE0, 0xFF, 0x07, 0xF8, 0x3F, 0xC1, 0xFE, 0x0E, 0xF0, 0x77, 0x83, 0xBC, 0x1D,
    0xE0, 0xE0, 0x00, 0x00, 0x01, 0xC1, 0xDE, 0x0F, 0xF0, 0x7B, 0x83, 0x80, 0x3F, 0xC7, 0xFE, 0xFF,
    0xEF, 0x0F, 0xE0, 0xF1, 0xCF, 0x0C, 0xE0, 0xFE, 0x0F, 0xC0, 0xF0, 0x0E, 0x00, 0xE0, 0x0E, 0x00,
    0x00, 0x0E, 0x01, 0xE0, 0x1F, 0x00, 0xE0, 0xFF, 0xFF, 0xFF, 0xFF, 0xF0, 0x40, 0x00, 0x2F, 0x00,
    0x1F, 0x7F, 0xFF, 0xE3, 0xFF, 0xF8, 0x07, 0xFC, 0x00, 0x07, 0xFC, 0x03, 0xFF, 0xF8, 0x7F, 0xFF,
    0xEF, 0x00, 0x0F, 0x40, 0x00, 0x20, 0x01, 0x00, 0x70, 0x38, 0x1E, 0x07, 0x03, 0xC0, 0xE0, 0x70,
    0x3E, 0x0F, 0x87, 0xF1, 0xDC, 0xE3, 0x88, 0xC0, 0x05, 0x40, 0x1F, 0xC0, 0x1F, 0x00, 0x7F, 0x00,
    0x7C, 0x01, 0xEC, 0x00, 0x40, 0x08, 0x08, 0x54, 0x55, 0xFD, 0xFF, 0xFB, 0xFF, 0xF7, 0xFF, 0xEF,
    0xEA, 0x8A, 0x80, 0xFF, 0xFF, 0xF8, 0x00, 0x0E, 0x00, 0x38, 0x00, 0x60, 0x01, 0xC0, 0x07, 0x00,
    0x0C, 0x00, 0x38, 0x00, 0xE0, 0x01, 0x80, 0x07, 0x00, 0x1C, 0x00, 0x30, 0x00, 0xC0, 0x03, 0x80,
    0x06, 0x00, 0x18, 0x00, 0x70, 0x01, 0xC0, 0x00, 0xFF, 0xFF, 0x3C, 0xF3, 0xCF, 0x3C, 0xF3, 0xCF,
    0xFF, 0xF3, 0xCF, 0x3C, 0xF3, 0xCF, 0x3C, 0xFF, 0xF0, 0xFF, 0xF1, 0xC7, 0x1C, 0x71, 0xC7, 0x1C,
    0x7F, 0xFF, 0x1C, 0x71, 0xC7, 0x1C, 0x71, 0xC7, 0xFF, 0xF0, 0x3F, 0xC0, 0xFF, 0x1F, 0xF8, 0x7F,
    0xEF, 0xFE, 0x3F, 0xFB, 0xC3, 0xCF, 0x0F, 0xF0, 0xF3, 0xC3, 0xC0, 0x3C, 0x00, 0xF0, 0x1E, 0x00,
    0x78, 0x0F, 0x80, 0x3E, 0x07, 0xC0, 0x1F, 0x03, 0xC0, 0x0F, 0x00, 0xE0, 0x03, 0x80, 0x38, 0x00,
    0xE0, 0x00, 0x00, 0x00, 0x00, 0x00, 0x00, 0x00, 0xE0, 0x03, 0x80, 0x78, 0x01, 0xE0, 0x1F, 0x00,
    0x7C, 0x03, 0x80, 0x0E, 0x00, 0x3F, 0xC1, 0xEF, 0xFC, 0x3F, 0xFF, 0x87, 0xF8, 0x78, 0xFF, 0x0F,
    0x1E, 0x01, 0xE3, 0xC0, 0x78, 0x78, 0x1F, 0x0F, 0x07, 0xC1, 0xE1, 0xE0, 0x3C, 0x38, 0x07, 0x87,
    0x00, 0xF0, 0x00, 0x00, 0x00, 0x00, 0x03, 0x80, 0x30, 0xF0, 0x0F, 0x1F, 0x01, 0xE1, 0xC0, 0x1C,
    0xF0, 0x3F, 0x9E, 0x0F, 0xFB, 0xC3, 0xFF, 0xF8, 0x70, 0xFF, 0x1E, 0x1F, 0xE0, 0x03, 0xFC, 0x00,
    0x7F, 0x80, 0x3E, 0xF0, 0x0F, 0x9E, 0x01, 0xE3, 0xC0, 0x78, 0x78, 0x0F, 0x00, 0x00, 0x00, 0x00,
    0x00, 0x1C, 0x03, 0x07, 0x80, 0xF0, 0xF0, 0x1E, 0x0E, 0x03, 0xC0, 0xFF, 0xFF, 0xFF, 0xFC, 0x0E,
    0x03, 0x80, 0xE0, 0x38, 0x0E, 0x03, 0x80, 0xE0, 0x38, 0x0E, 0x07, 0x81, 0xC0, 0x70, 0x1C, 0x07,
    0x01, 0xC0, 0x70, 0xFF, 0x8F, 0xFC, 0xFF, 0xEE, 0x7F, 0xE7, 0xFE, 0x7F, 0xE7, 0xFE, 0x7F, 0xE7,
    0xEE, 0x7E, 0xE7, 0x8E, 0x00, 0xE0, 0x0E, 0x00, 0xE0, 0x0E, 0x00, 0xE0, 0x0E, 0x00, 0x3F, 0xEF,
    0xFF, 0xF3, 0xFE, 0x7F, 0xCF, 0xF9, 0xFF, 0x3F, 0xE7, 0x7F, 0xE3, 0xFC, 0xFF, 0x9F, 0xFB, 0x9F,
    0xF3, 0xFE, 0x7F, 0xCF, 0xF9, 0xFF, 0x3F, 0xFF, 0xDF, 0xE0, 0x0C, 0x13, 0x2E, 0xDB, 0xFF, 0x3F,
    0x0F, 0xCF, 0xFD, 0xB6, 0x4C, 0x83, 0x00, 0x77, 0xBC, 0xE0, 0x00, 0x00, 0x00, 0x3C, 0xE7, 0x38,
    0xE7, 0x38, 0xC0, 0x07, 0xFC, 0x03, 0xFF, 0xF8, 0x7F, 0xFF, 0xEF, 0x00, 0x1E, 0x40, 0x00, 0x20,
    0x00, 0x00, 0x00, 0x00, 0x00, 0x00, 0x00, 0x00, 0x00, 0x00, 0x00, 0x00, 0x00, 0x00, 0x00, 0x00,
    0x00, 0x00, 0x00, 0x00, 0x00, 0x00, 0x00, 0x00, 0x00, 0x00, 0x00, 0x00, 0x00, 0x00, 0x00, 0x00,
    0x00, 0x00, 0x00, 0x00, 0x00, 0x40, 0x00, 0x2F, 0x00, 0x1F, 0x7F, 0xFF, 0xE3, 0xFF, 0xF8, 0x07,
    0xFC, 0x00, 0x0C, 0x13, 0x26, 0xDF, 0xFF, 0x3F, 0x0F, 0xCF, 0xFD, 0xB3, 0x4C, 0x43, 0x00, 0x00,
    0x00, 0x0C, 0x13, 0x16, 0xDF, 0xFF, 0x3F, 0x0F, 0xCF, 0xFD, 0xB3, 0x4C, 0x43, 0x00, 0x00, 0x03,
    0x80, 0x01, 0xC7, 0x80, 0xE3, 0xE0, 0x30, 0xF8, 0x1C, 0x1E, 0x0E, 0x02, 0x03, 0x00, 0x01, 0xC0,
    0x00, 0xE0, 0x00, 0x30, 0x00, 0x18, 0x00, 0x0E, 0x0E, 0x03, 0x07, 0xC1, 0x81, 0xF0, 0xE0, 0x7C,
    0x70, 0x0E, 0x18, 0x00, 0x0E, 0x00, 0x00, 0x3E, 0x00, 0x7F, 0xC0, 0x9F, 0xFF, 0xCC, 0x3F, 0xF0,
    0x07, 0xE0, 0x00, 0x50, 0x01, 0xFF, 0xF0, 0x7F, 0xFF, 0xCF, 0xC0, 0x7F, 0x40, 0x00, 0x60, 0x07,
    0x00, 0xB9, 0x1F, 0xDE, 0x7F, 0xE1, 0xFE, 0x7F, 0xFF, 0xFF, 0xFF, 0xFF, 0x1F, 0xE1, 0xFF, 0x9F,
    0xDE, 0x2E, 0x40, 0x70, 0x00, 0x70, 0xE1, 0xC7, 0xB8, 0x70, 0xE3, 0xDC, 0x38, 0xF1, 0xCE, 0x18,
    0x70, 0xE6, 0x1C, 0x38, 0x73, 0x0E, 0x1C, 0x3B, 0x87, 0x0E, 0x18, 0x00, 0x3F, 0x1F, 0xE7, 0x3F,
    0x87, 0xE1, 0xF8, 0x7E, 0x1D, 0xCF, 0x7F, 0x8F, 0xC0, 0x7D, 0x7F, 0xFF, 0xFF, 0x80, 0x07, 0x83,
    0xE1, 0xF8, 0xFE, 0x3B, 0x9C, 0xEE, 0x3B, 0xFF, 0xFF, 0xC0, 0xE0, 0xFF, 0x7F, 0xB8, 0x1D, 0x8D,
    0xF7, 0x3C, 0x0F, 0x87, 0xFF, 0x3F, 0x00, 0x1F, 0x1F, 0xE7, 0xBF, 0x88, 0xEF, 0xBC, 0xFE, 0x1D,
    0xC7, 0x7F, 0x8F, 0xC0, 0xFF, 0xFF, 0xC0, 0xC0, 0xE0, 0xE0, 0x70, 0x70, 0x70, 0x38, 0x38, 0x00,
    0x3F, 0x1F, 0xE7, 0x39, 0xCE, 0x3F, 0x1F, 0xEE, 0x1F, 0x87, 0xFF, 0xCF, 0xC0, 0x3E, 0x1F, 0xEE,
    0x3B, 0x87, 0xF3, 0xDF, 0x71, 0x1F, 0xCE, 0x7F, 0x8F, 0xC0, 0x18, 0x18, 0xFF, 0xFF, 0x18, 0x18,
    0x18, 0xFF, 0xFF, 0xFF, 0xFF, 0xFF, 0xFF, 0x00, 0xFF, 0xFF, 0x37, 0x6E, 0xEE, 0xEE, 0xEE, 0xE7,
    0x30, 0xE7, 0x1C, 0xE7, 0x18, 0xE7, 0x33, 0x9C, 0xCE, 0x00, 0xE6, 0x7F, 0xFF, 0xFC, 0x7E, 0x3F,
    0x1F, 0x8F, 0xC7, 0x3F, 0x1F, 0xE7, 0x3F, 0x87, 0xE1, 0xF8, 0x7E, 0x1D, 0xCF, 0x7F, 0x8F, 0xC0,
    0x3F, 0xFF, 0xE7, 0x1C, 0x71, 0xC7, 0x1C, 0x70, 0x3E, 0x3F, 0xF8, 0xE0, 0x70, 0x78, 0x78, 0x70,
    0xF0, 0xFF, 0xFF, 0xC0, 0x3F, 0x1F, 0xEE, 0x38, 0x0E, 0x1F, 0x07, 0xE0, 0x3F, 0x8F, 0x7F, 0x8F,
    0xC0, 0x07, 0x83, 0xE1, 0xF8, 0xFE, 0x3B, 0x9C, 0xEE, 0x3B, 0xFF, 0xFF, 0xC0, 0xE0, 0xFF, 0x7F,
    0xB8, 0x1D, 0x8D, 0xF7, 0x3C, 0x0F, 0x87, 0xFF, 0x3F, 0x00, 0x1F, 0x1F, 0xE7, 0xBF, 0x88, 0xEF,
    0xBC, 0xFE, 0x1D, 0xC7, 0x7F, 0x8F, 0xC0, 0xFF, 0xFF, 0xC0, 0xC0, 0xE0, 0xE0, 0x70, 0x70, 0x70,
    0x38, 0x38, 0x00, 0x3F, 0x1F, 0xE7, 0x39, 0xCE, 0x3F, 0x1F, 0xEE, 0x1F, 0x87, 0xFF, 0xCF, 0xC0,
    0x3E, 0x1F, 0xEE, 0x3B, 0x87, 0xF3, 0xDF, 0x71, 0x1F, 0xCE, 0x7F, 0x8F, 0xC0, 0x18, 0x18, 0xFF,
    0xFF, 0x18, 0x18, 0x18, 0xFF, 0xFF, 0xFF, 0xFF, 0xFF, 0xFF, 0x00, 0xFF, 0xFF, 0x37, 0x6E, 0xEE,
    0xEE, 0xEE, 0xE7, 0x30, 0xE7, 0x1C, 0xE7, 0x18, 0xE7, 0x33, 0x9C, 0xCE, 0x00, 0x38, 0x7F, 0xE7,
    0x1F, 0xFF, 0xE7, 0xFF, 0xFB, 0x1C, 0x3F, 0xB9, 0xFF, 0xFF, 0xFF, 0x01, 0xFE, 0x7E, 0x1C, 0x3F,
    0xBD, 0xFC, 0x7E, 0x3F, 0x1D, 0xFC, 0x7C, 0xE3, 0xBB, 0x9D, 0xC7, 0xC3, 0xE3, 0xB1, 0xDD, 0xC7,
    0x1E, 0x1F, 0xC7, 0x78, 0x06, 0xFF, 0xFF, 0xF6, 0x1D, 0x8E, 0x7F, 0x8F, 0xC0, 0xE0, 0x70, 0x39,
    0x9F, 0xFF, 0xFF, 0x1F, 0x8F, 0xC7, 0xE3, 0xF1, 0xC0, 0xE0, 0x70, 0x38, 0xFC, 0xEE, 0xE7, 0xE3,
    0xF9, 0xFC, 0xE7, 0x73, 0xC0, 0xFF, 0xFF, 0xFF, 0xFC, 0xE6, 0x33, 0xFF, 0xFF, 0xFF, 0xF8, 0xE7,
    0xE3, 0x9F, 0x8E, 0x7E, 0x39, 0xF8, 0xE7, 0xE6, 0x7F, 0xFF, 0xFC, 0x7E, 0x3F, 0x1F, 0x8F, 0xC7,
    0xE6, 0x7F, 0xFF, 0xFC, 0x7E, 0x3F, 0x9F, 0xFF, 0xDE, 0xE0, 0x70, 0x38, 0x00, 0x3C, 0x7F, 0xE2,
    0xFC, 0x7F, 0x07, 0xFF, 0x7E, 0x67, 0xFE, 0xC6, 0x31, 0x8F, 0x78, 0x0F, 0x80, 0x1F, 0xF0, 0x1F,
    0xF8, 0x0F, 0x1E, 0x0F, 0x07, 0x07, 0x80, 0x03, 0xCF, 0xFF, 0xE7, 0xFF, 0xF3, 0xFF, 0xF9, 0xE0,
    0x1E, 0xF0, 0x0F, 0xFF, 0xE3, 0xFF, 0xF0, 0x7F, 0xF8, 0x0F, 0x00, 0x07, 0x80, 0x03, 0xFF, 0x81,
    0xFF, 0xC0, 0xFF, 0xE0, 0x00, 0x24, 0x00, 0x4C, 0x07, 0xF8, 0x1F, 0xFC, 0x3F, 0xFE, 0x7C, 0x9F,
    0x78, 0x9F, 0x79, 0x97, 0xF1, 0x30, 0xF1, 0x20, 0xF3, 0x20, 0xF2, 0x60, 0xF2, 0x40, 0xF2, 0x40,
    0x7C, 0xCF, 0x7C, 0x8F, 0x3E, 0x9F, 0x3F, 0xFE, 0x1F, 0xFC, 0x0F, 0xF0, 0x19, 0x00, 0x13, 0x00,
    0x0F, 0xF0, 0x1F, 0xFC, 0x3F, 0xFE, 0x7C, 0x1E, 0x78, 0x0F, 0x70, 0x0F, 0xF0, 0x00, 0xF1, 0xDC,
    0xF1, 0xFC, 0xF1, 0xFC, 0xF1, 0xF4, 0xF1, 0xC0, 0x79, 0xCF, 0x79, 0xCF, 0x3F, 0xFE, 0x3F, 0xFE,
    0x1F, 0xFC, 0x07, 0xF0, 0x3F, 0xFC, 0xFF, 0xF3, 0xFF, 0xCF, 0x00, 0x3C, 0x00, 0xF0, 0x03, 0xC0,
    0x0F, 0x00, 0x3F, 0xFC, 0xFF, 0xF3, 0xFF, 0xCF, 0x00, 0x3C, 0x03, 0xFE, 0x0F, 0xF8, 0x0F, 0x00,
    0x3C, 0x00, 0xF0, 0x00, 0x0F, 0xE0, 0x7F, 0xC3, 0xFF, 0x8F, 0x0F, 0x38, 0x38, 0xE0, 0x03, 0x80,
    0x3F, 0xF0, 0x38, 0x00, 0xE0, 0x0F, 0xFC, 0x3F, 0xF0, 0x3C, 0x00, 0xE0, 0x07, 0x83, 0xFF, 0xFF,
    0xFF, 0xFB, 0xFF, 0xC0, 0x00, 0x38, 0x00, 0x07, 0x03, 0x9F, 0xDC, 0x77, 0xFF, 0xEF, 0xFF, 0xFD,
    0xE7, 0xE7, 0xF8, 0x78, 0x7F, 0x0F, 0x0F, 0xE1, 0xE1, 0xFC, 0x3C, 0x3F, 0x8F, 0x87, 0xF1, 0xF0,
    0xFE, 0x7E, 0x1F, 0xCF, 0xC3, 0xF9, 0xF8, 0x7F, 0x7F, 0x0F, 0x0C, 0x00, 0x03, 0x80, 0x00, 0x3E,
    0x03, 0xC7, 0xC0, 0x78, 0xFC, 0x0F, 0x1F, 0x81, 0xE3, 0xF8, 0x3C, 0x7F, 0x87, 0xBF, 0xFF, 0xFF,
    0xFF, 0xFF, 0x3C, 0xF3, 0xC7, 0x9E, 0x7B, 0xFF, 0xFF, 0xFF, 0xFF, 0xF3, 0xC3, 0xFC, 0x78, 0x3F,
    0x8F, 0x07, 0xF1, 0xE0, 0x7E, 0x3C, 0x07, 0xC7, 0x80, 0xF8, 0xFF, 0xC0, 0x01, 0xFF, 0xE1, 0xE3,
    0xFF, 0xC3, 0xC7, 0x07, 0xC7, 0x8E, 0x07, 0xBF, 0xFC, 0x0F, 0x7F, 0xF8, 0x1E, 0xFF, 0xF0, 0x3C,
    0x78, 0xE0, 0xF8, 0xF1, 0xFF, 0xE1, 0xE3, 0xFF, 0x83, 0xC7, 0xFE, 0x07, 0x8E, 0x00, 0x0F, 0x1C,
    0x00, 0x1E, 0x38, 0x00, 0x3C, 0x70, 0x00, 0x7E, 0xE0, 0x00, 0x7F, 0xC0, 0x00, 0x7C, 0xFF, 0xC0,
    0x00, 0x3F, 0xFC, 0x00, 0x0F, 0xFF, 0x00, 0x03, 0x83, 0xE0, 0x00, 0xE0, 0x78, 0x3C, 0x38, 0x1E,
    0x3F, 0xEE, 0x07, 0x9F, 0xFF, 0x81, 0xE7, 0x8F, 0xFF, 0xF9, 0xC0, 0x3F, 0xFC, 0x7C, 0x0F, 0xFE,
    0x1F, 0xF3, 0xFF, 0x03, 0xFF, 0xE1, 0xE0, 0x0F, 0xF8, 0x78, 0x00, 0xFE, 0x0F, 0x3C, 0x1F, 0x83,
    0xE7, 0xDF, 0xE0, 0x79, 0xFF, 0xB8, 0x1F, 0x1F, 0xC0, 0xF0, 0x3C, 0x0F, 0xF0, 0x3C, 0x0F, 0x70,
    0x3C, 0x0E, 0x70, 0x7E, 0x0E, 0x78, 0x7E, 0x1E, 0xFF, 0xFF, 0xFF, 0xFF, 0xFF, 0xFF, 0x38, 0xF7,
    0x1C, 0xFF, 0xFF, 0xFF, 0xFF, 0xFF, 0xFF, 0x1D, 0xE7, 0xB8, 0x1D, 0xC3, 0xB8, 0x1F, 0xC3, 0xF8,
    0x0F, 0xC3, 0xF0, 0x0F, 0xC3, 0xF0, 0x0F, 0x81, 0xF0, 0x0F, 0x81, 0xF0, 0x07, 0x81, 0xE0, 0xFF,
    0xC0, 0x1F, 0xFF, 0x1F, 0xFF, 0xE3, 0xF0, 0x1E, 0x7E, 0x03, 0xCF, 0xCF, 0x79, 0xF9, 0xEF, 0x3F,
    0x3D, 0xE7, 0xE7, 0xBC, 0xFC, 0xF0, 0x1F, 0x9E, 0x07, 0xF3, 0xFF, 0xFE, 0x7F, 0xFD, 0xCF, 0xFF,
    0x00, 0x00, 0x38, 0x07, 0xFC, 0x0F, 0xF8, 0x01, 0xC0, 0xE3, 0x87, 0xF7, 0x1F, 0xEE, 0x3C, 0x7C,
    0xF0, 0x79, 0xE0, 0xF3, 0xC0, 0xE7, 0x81, 0xCF, 0x07, 0x9E, 0x0F, 0x3E, 0x1E, 0x3F, 0xFC, 0x3F,
    0xB8, 0x3E, 0x70, 0x00, 0x00, 0x00, 0x07, 0xFF, 0x8F, 0xFF, 0x1F, 0xFE, 0x00, 0x03, 0xFC, 0x0F,
    0xFC, 0x3F, 0xF0, 0xF8, 0x61, 0xE0, 0x07, 0x80, 0x3F, 0xFC, 0x7F, 0xF8, 0x3C, 0x00, 0x78, 0x03,
    0xFF, 0x87, 0xFE, 0x03, 0xC0, 0x03, 0xC0, 0x07, 0xC3, 0x07, 0xFE, 0x07, 0xFE, 0x07, 0xF0, 0x3C,
    0x07, 0xE7, 0x81, 0xF0, 0xF0, 0x7C, 0x1E, 0x1F, 0x03, 0xC7, 0xC0, 0x79, 0xF0, 0x0F, 0x7C, 0x07,
    0xFF, 0xFC, 0xFF, 0xFF, 0x9F, 0xFF, 0xF0, 0xFF, 0xC0, 0x1F, 0xBC, 0x03, 0xE3, 0xC0, 0x78, 0x7C,
    0x0F, 0x07, 0xC1, 0xE0, 0x78, 0x3C, 0x07, 0x87, 0x80, 0xF8, 0xFF, 0xFF, 0xFF, 0xFF, 0xFF, 0xF8,
    0x3C, 0x00, 0x78, 0x00, 0xF2, 0x01, 0xFC, 0x03, 0xE0, 0x1F, 0x80, 0x3F, 0x60, 0x1F, 0xC0, 0x3E,
    0x01, 0xF8, 0x03, 0xF0, 0x01, 0xE0, 0x03, 0xC0, 0x07, 0x80, 0x0F, 0x00, 0x03, 0x80, 0x00, 0x00,
    0x00, 0x70, 0x00, 0x00, 0x00, 0x3F, 0xF8, 0x00, 0x00, 0x1F, 0xFF, 0xC0, 0x00, 0x03, 0xF9, 0xFC,
    0x00, 0x00, 0x47, 0x07, 0x80, 0x00, 0x00, 0xE0, 0x78, 0x0F, 0x00, 0x1C, 0x0F, 0x07, 0xF8, 0x03,
    0x80, 0xF1, 0xFF, 0x80, 0x70, 0x1E, 0x78, 0xF8, 0x0E, 0x03, 0xCF, 0x0F, 0x01, 0xC0, 0x7B, 0xC0,
    0xE0, 0x38, 0x0F, 0x78, 0x1C, 0xFF, 0x01, 0xEF, 0x03, 0xFF, 0xE0, 0x79, 0xE0, 0x77, 0x3C, 0x0F,
    0x3C, 0x1E, 0xE7, 0xC3, 0xE7, 0xC3, 0xDC, 0xFF, 0xF8, 0xFF, 0xFB, 0xFF, 0xFE, 0x1F, 0xFE, 0x3F,
    0x3F, 0x83, 0xDF, 0x80, 0x00, 0x00, 0x78, 0x00, 0x00, 0x00, 0x0F, 0x00, 0x00, 0x00, 0x01, 0xE0,
    0x00, 0x00, 0x00, 0x3C, 0x00, 0x00, 0x00, 0x07, 0x80, 0x00, 0x3F, 0xF0, 0x3F, 0xF8, 0x3F, 0xFC,
    0x3C, 0x3C, 0xFF, 0xFF, 0xFF, 0xFF, 0x3C, 0x1E, 0x3C, 0x1E, 0xFF, 0xFF, 0x3C, 0x3C, 0x3C, 0x7C,
    0x3F, 0xF8, 0x3F, 0xF0, 0x3F, 0x80, 0x3C, 0x00, 0x3C, 0x00, 0x3C, 0x00, 0x3C, 0x00, 0x00, 0xC0,
    0x00, 0x60, 0x00, 0x30, 0x00, 0xFF, 0x01, 0xFF, 0xC1, 0xFF, 0xF1, 0xF3, 0x7C, 0xF1, 0x9E, 0x78,
    0xC7, 0x78, 0x60, 0x3C, 0x30, 0x1E, 0x1F, 0xFF, 0x0F, 0xFF, 0x87, 0xFF, 0xC3, 0x1C, 0xF1, 0x8E,
    0x78, 0xCF, 0x1F, 0x6F, 0x8F, 0xFF, 0x83, 0xFF, 0x80, 0x7F, 0x00, 0x06, 0x00, 0x03, 0x00, 0x03,
    0xE0, 0x03, 0xF0, 0x01, 0xFC, 0x00, 0xFE, 0x00, 0xF7, 0x00, 0x7B, 0xC0, 0x39, 0xE0, 0x3C, 0xF0,
    0xFF, 0xFF, 0xFF, 0xFF, 0xCF, 0x0F, 0x07, 0x83, 0xCF, 0xFF, 0xFF, 0xFF, 0xFD, 0xE0, 0x3D, 0xF0,
    0x1E, 0xF0, 0x0F, 0xF8, 0x03, 0xC0, 0x1F, 0xE0, 0xFF, 0xC3, 0xFF, 0x9E, 0x1E, 0x00, 0x78, 0x01,
    0xEF, 0xFF, 0xFF, 0xFF, 0x00, 0x03, 0xFF, 0xFF, 0xFF, 0xFF, 0xFF, 0x78, 0x01, 0xE0, 0xF7, 0x87,
    0x9F, 0xFE, 0x3F, 0xF8, 0x7F, 0x80, 0x00, 0x80, 0x00, 0x80, 0x00, 0x80, 0x07, 0xF8, 0x1F, 0xFC,
    0x3F, 0xFE, 0x7C, 0x9F, 0x78, 0x8F, 0x78, 0x87, 0xF0, 0x80, 0xF0, 0x80, 0xF0, 0x80, 0xF0, 0x80,
    0xF0, 0x80, 0xF0, 0x80, 0x78, 0x8F, 0x78, 0x8F, 0x3E, 0x9F, 0x3F, 0xFE, 0x1F, 0xFC, 0x07, 0xF0,
    0x00, 0x80, 0x00, 0x80, 0xFF, 0xFF, 0xFF, 0xFF, 0xFF, 0xF8, 0x00, 0x0F, 0xFF, 0xFF, 0xFF, 0xFF,
    0xFF, 0x83, 0xC0, 0x07, 0x80, 0x0F, 0x00, 0x1E, 0x00, 0x3C, 0x00, 0x78, 0x00, 0xF0, 0x01, 0xE0,
    0x03, 0xC0, 0x07, 0x80, 0x0F, 0x00, 0xFF, 0xFF, 0xFF, 0xFF, 0x80, 0x7C, 0xFF, 0xFF, 0xFF, 0xFF,
    0xF0, 0x3C, 0x1F, 0x8F, 0xF0, 0xFE, 0x07, 0x80, 0x3C, 0x01, 0xE0, 0x1F, 0x00, 0xF0, 0x07, 0x80,
    0x3C, 0x3C, 0x00, 0xF2, 0x03, 0xF8, 0x0F, 0xE0, 0xFE, 0x03, 0xF2, 0x0B, 0xF8, 0x0F, 0xE0, 0xFE,
    0x03, 0xF0, 0x0B, 0xC3, 0xCF, 0x0F, 0x3C, 0x38, 0xF1, 0xE3, 0xCF, 0x8F, 0xFC, 0x3F, 0xE0, 0xFE,
    0x00, 0x03, 0x80, 0x07, 0x00, 0x0E, 0x00, 0x3E, 0x01, 0xFF, 0x07, 0xFF, 0x1F, 0xFF, 0x3D, 0xDF,
    0xF3, 0x9F, 0xC7, 0x1F, 0x8E, 0x3F, 0x1C, 0x7E, 0x38, 0xFC, 0x71, 0xC0, 0x1F, 0xF8, 0x0F, 0xFF,
    0x07, 0xFF, 0xC3, 0x81, 0xE1, 0xC0, 0x70, 0xE0, 0x3C, 0x70, 0x1E, 0x38, 0x1E, 0xFF, 0xFF, 0x7F,
    0xFF, 0x3F, 0xFF, 0x03, 0x80, 0x01, 0xC0, 0x07, 0xFE, 0x03, 0xFF, 0x01, 0xFF, 0x80, 0x1C, 0x00,
    0x0E, 0x00, 0x00, 0x06, 0xC0, 0x0D, 0x80, 0x7F, 0xC1, 0xFF, 0xC7, 0xEF, 0xCF, 0xDF, 0xBD, 0xB7,
    0xF3, 0x67, 0xE6, 0xCF, 0xCD, 0x9F, 0x80, 0x07, 0x00, 0x0F, 0x00, 0x0E, 0x00, 0x1F, 0x00, 0x7F,
    0xFF, 0xFF, 0xFF, 0xFF, 0xFC, 0x19, 0x00, 0x64, 0x0F, 0xFC, 0x3F, 0xFC, 0xFF, 0xF3, 0x83, 0xEE,
    0x07, 0xB8, 0x1E, 0xE0, 0x73, 0xFF, 0x8F, 0xFC, 0x3F, 0xFC, 0xE0, 0x7B, 0x81, 0xEE, 0x03, 0xF8,
    0x0F, 0xE0, 0x7B, 0xFF, 0xEF, 0xFF, 0x3F, 0xF0, 0x19, 0x00, 0x64, 0x00, 0x00, 0x40, 0x00, 0x1C,
    0x00, 0x07, 0x80, 0x01, 0xE0, 0x00, 0x78, 0x00, 0x1E, 0x00, 0x07, 0x80, 0x01, 0xE0, 0x00, 0x7F,
    0xFF, 0xFF, 0xFF, 0xFC, 0xE7, 0xFF, 0x8F, 0x00, 0x00, 0xF0, 0x00, 0x0F, 0x00, 0x00, 0xF0, 0x00,
    0x0F, 0x00, 0x00, 0xE0, 0x00, 0x08, 0x00, 0x00, 0x40, 0x00, 0x30, 0x00, 0x1E, 0x00, 0x0F, 0xC0,
    0x07, 0xF8, 0x03, 0xFF, 0x01, 0xEE, 0xE0, 0xF3, 0xBC, 0x78, 0xE7, 0xBC, 0x38, 0xF2, 0x0E, 0x18,
    0x03, 0x80, 0x00, 0xE0, 0x00, 0x38, 0x00, 0x0E, 0x00, 0x03, 0x80, 0x00, 0xE0, 0x00, 0x38, 0x00,
    0x0E, 0x00, 0x00, 0x40, 0x00, 0x38, 0x00, 0x0F, 0x00, 0x01, 0xE0, 0x00, 0x3C, 0x00, 0x07, 0x80,
    0x00, 0xF0, 0x00, 0x1E, 0xFF, 0xFF, 0xFF, 0xFF, 0xFF, 0xFE, 0x78, 0x00, 0x3C, 0x00, 0x1E, 0x00,
    0x0F, 0x00, 0x07, 0x80, 0x03, 0xC0, 0x00, 0xE0, 0x00, 0x10, 0x00, 0x00, 0xE0, 0x00, 0x38, 0x00,
    0x0E, 0x00, 0x03, 0x80, 0x00, 0xE0, 0x00, 0x38, 0x00, 0x0E, 0x00, 0x83, 0x82, 0x60, 0xE1, 0xBC,
    0x38, 0xF7, 0x8E, 0x78, 0xF3, 0xBC, 0x1E, 0xFE, 0x03, 0xF7, 0x00, 0x7F, 0x80, 0x0F, 0xC0, 0x01,
    0xE0, 0x00, 0x30, 0x00, 0x00, 0x80, 0x0C, 0x00, 0x0F, 0x00, 0xF0, 0x00, 0xF0, 0x07, 0xC0, 0x0F,
    0x00, 0x1F, 0x00, 0xF0, 0x00, 0x7C, 0x0F, 0x00, 0x00, 0xF0, 0xF0, 0x00, 0x03, 0xCF, 0xFF, 0xFF,
    0xFF, 0xFF, 0xFF, 0xFF, 0xF9, 0xCF, 0xFF, 0xE7, 0x87, 0x80, 0x00, 0x78, 0x1E, 0x00, 0x07, 0x80,
    0x78, 0x00, 0x78, 0x01, 0xE0, 0x07, 0x80, 0x07, 0x80, 0x78, 0x00, 0x18, 0x01, 0x80, 0x00, 0x80,
    0x00, 0xE0, 0x00, 0xF8, 0x00, 0xFE, 0x00, 0xEF, 0x80, 0xFE, 0xE0, 0xF7, 0x38, 0xF3, 0x9E, 0xF1,
    0xC7, 0x90, 0xE1, 0x80, 0x70, 0x00, 0x38, 0x00, 0x1C, 0x00, 0x0E, 0x00, 0x07, 0x00, 0x03, 0x80,
    0x01, 0xC0, 0x00, 0xE0, 0x08, 0x70, 0x8E, 0x38, 0x6F, 0x9C, 0x79, 0xEE, 0x78, 0x7F, 0x78, 0x1D,
    0xF8, 0x07, 0xF8, 0x01, 0xF8, 0x00, 0x78, 0x00, 0x18, 0x00, 0xFF, 0xFB, 0xFF, 0xEF, 0xFF, 0xBE,
    0x00, 0xFC, 0x03, 0xF8, 0x0E, 0xF0, 0x39, 0xE0, 0xE3, 0xC3, 0x87, 0x8E, 0x0F, 0x38, 0x1E, 0xE0,
    0x3C, 0x00, 0x40, 0x7F, 0xFD, 0xFF, 0xF7, 0xFF, 0xC0, 0x1F, 0x01, 0xFC, 0x0F, 0x70, 0x79, 0xC3,
    0xC7, 0x1E, 0x1C, 0xF0, 0x77, 0x81, 0xFC, 0x07, 0xE0, 0x1D, 0x00, 0x00, 0x40, 0x01, 0x80, 0x7F,
    0x01, 0xDE, 0x07, 0x3C, 0x1C, 0x78, 0x70, 0xF1, 0xC1, 0xE7, 0x03, 0xDC, 0x07, 0xF0, 0x0F, 0xDF,
    0xFF, 0x7F, 0xFD, 0xFF, 0xF0, 0x00, 0x13, 0x80, 0xEE, 0x07, 0xF8, 0x3E, 0xE1, 0xF3, 0x8F, 0x8E,
    0x7C, 0x3B, 0xE0, 0xEF, 0x03, 0xF8, 0x0F, 0xC0, 0x3F, 0xFE, 0xFF, 0xFB, 0xFF, 0xE0, 0x00, 0x00,
    0x70, 0x00, 0x00, 0x3E, 0x00, 0x10, 0x1F, 0x80, 0x1C, 0x01, 0xE0, 0x1E, 0x00, 0x70, 0x1E, 0x00,
    0x1C, 0x1E, 0x00, 0x0E, 0x1E, 0x00, 0x0F, 0x1E, 0x00, 0x07, 0x1E, 0x00, 0x0F, 0x9F, 0xFF, 0xFF,
    0x9F, 0xFF, 0xFF, 0x83, 0x9F, 0xFE, 0x00, 0xF0, 0x00, 0x00, 0x3C, 0x00, 0x00, 0x0F, 0x00, 0x00,
    0x03, 0xC0, 0x00, 0x00, 0xF0, 0x00, 0x00, 0x38, 0x00, 0x00, 0x08, 0x00, 0x00, 0x07, 0x00, 0x00,
    0x0F, 0x80, 0x00, 0x0F, 0xC0, 0x40, 0x0F, 0x00, 0x70, 0x07, 0x00, 0x3C, 0x07, 0x00, 0x0F, 0x03,
    0x80, 0x03, 0xC1, 0xC0, 0x00, 0xF0, 0x70, 0x00, 0x3C, 0x3E, 0x00, 0x0F, 0x0F, 0xFF, 0xFF, 0xC3,
    0xFF, 0xFF, 0xF0, 0x3F, 0xF8, 0xE0, 0x00, 0x01, 0xE0, 0x00, 0x01, 0xE0, 0x00, 0x01, 0xE0, 0x00,
    0x01, 0xE0, 0x00, 0x01, 0xE0, 0x00, 0x00, 0xE0, 0x00, 0x00, 0x20, 0x00, 0x02, 0x00, 0x00, 0x30,
    0x00, 0x03, 0x80, 0x00, 0x3C, 0x00, 0x03, 0xE0, 0x00, 0x3F, 0xFF, 0xFF, 0xFF, 0xFF, 0xE7, 0xFF,
    0xFF, 0x1E, 0x00, 0x38, 0x70, 0x01, 0xC1, 0x80, 0x0E, 0x04, 0x00, 0x70, 0x00, 0x03, 0x80, 0x00,
    0x1C, 0x00, 0x00, 0xE0, 0x00, 0x07, 0x00, 0x00, 0x38, 0x00, 0x01, 0xC0, 0x00, 0x0E, 0x00, 0x02,
    0x00, 0x00, 0x08, 0x00, 0x00, 0x60, 0x00, 0x03, 0x80, 0x00, 0x1E, 0x7F, 0xFF, 0xFB, 0xFF, 0xFF,
    0xFF, 0xFF, 0xFE, 0xE0, 0x01, 0xE7, 0x00, 0x0E, 0x38, 0x00, 0x41, 0xC0, 0x02, 0x0E, 0x00, 0x00,
    0x70, 0x00, 0x03, 0x80, 0x00, 0x1C, 0x00, 0x00, 0xE0, 0x00, 0x07, 0x00, 0x00, 0x38, 0x00, 0x00,
    0xE0, 0x00, 0x07, 0x00, 0x00, 0x38, 0x00, 0x01, 0xC0, 0x00, 0x0E, 0x00, 0x20, 0x70, 0x00, 0x83,
    0x80, 0x06, 0x1C, 0x00, 0x38, 0xE0, 0x01, 0xE7, 0xFF, 0xFF, 0xBF, 0xFF, 0xFF, 0xFF, 0xFF, 0xC0,
    0x00, 0x1C, 0x00, 0x00, 0xC0, 0x00, 0x04, 0x00, 0x00, 0x20, 0xFF, 0xF8, 0x3F, 0xFE, 0x0F, 0xFF,
    0x80, 0x00, 0xE0, 0x00, 0x38, 0x00, 0x0E, 0x00, 0x03, 0x80, 0x00, 0xE0, 0x00, 0x38, 0x00, 0x0E,
    0x00, 0x03, 0x80, 0x00, 0xE0, 0x03, 0xFF, 0xC0, 0x7F, 0xE0, 0x0F, 0xF0, 0x01, 0xF8, 0x00, 0x3C,
    0x00, 0x06, 0x00, 0x00, 0x00, 0x38, 0x00, 0x01, 0xC0, 0x00, 0x0E, 0x00, 0x00, 0x70, 0x20, 0x03,
    0x83, 0x00, 0x1C, 0x38, 0x00, 0xE3, 0xC0, 0x07, 0x3E, 0x00, 0x3B, 0xFF, 0xFF, 0xFF, 0xFF, 0xFE,
    0x7F, 0xFF, 0xF1, 0xE0, 0x00, 0x07, 0x00, 0x00, 0x18, 0x00, 0x00, 0x40, 0x00, 0x00, 0x40, 0x00,
    0x20, 0x00, 0x18, 0x00, 0x0E, 0x00, 0x07, 0x80, 0x03, 0xFC, 0x01, 0xFF, 0xC0, 0x3F, 0xF8, 0x07,
    0x8F, 0x00, 0xE1, 0xE0, 0x18, 0x38, 0x02, 0x07, 0x00, 0x01, 0xC0, 0x00, 0x7E, 0x00, 0x1F, 0x80,
    0x07, 0xE0, 0x01, 0xDC, 0x00, 0xE7, 0x80, 0x78, 0xF0, 0x3C, 0x1F, 0xFE, 0x03, 0xFF, 0x00, 0x3F,
    0x00, 0x00, 0x80, 0x00, 0x10, 0x00, 0x06, 0x00, 0x01, 0xC0, 0x00, 0x78, 0x01, 0xFF, 0x00, 0xFF,
    0xE0, 0xFF, 0xE0, 0x3C, 0x70, 0x1E, 0x18, 0x0F, 0x04, 0x03, 0x82, 0x00, 0xE0, 0x00, 0x38, 0x00,
    0x0E, 0x00, 0x1F, 0x80, 0x07, 0xE0, 0x01, 0xDC, 0x00, 0xE7, 0x80, 0x78, 0xF0, 0x3C, 0x1F, 0xFE,
    0x03, 0xFF, 0x00, 0x3F, 0x00, 0x00, 0x40, 0x00, 0x1C, 0x00, 0x07, 0x80, 0x01, 0xE0, 0x00, 0x78,
    0x00, 0x1F, 0xFF, 0xC7, 0xFF, 0xF9, 0xFF, 0xFF, 0x78, 0x00, 0x1F, 0x00, 0x00, 0xFF, 0xFF, 0x8F,
    0xFF, 0xF0, 0xFF, 0xFE, 0x0F, 0x00, 0x00, 0xF0, 0x00, 0x0F, 0x00, 0x00, 0xE0, 0x00, 0x08, 0x00,
    0x00, 0x40, 0x00, 0x38, 0x00, 0x0F, 0x00, 0x01, 0xE0, 0x00, 0x3C, 0x3F, 0xFF, 0x8F, 0xFF, 0xF3,
    0xFF, 0xFE, 0x00, 0x03, 0xC0, 0x00, 0xFF, 0xFF, 0xFB, 0xFF, 0xFC, 0xFF, 0xFE, 0x00, 0x0F, 0x00,
    0x07, 0x80, 0x03, 0xC0, 0x00, 0xE0, 0x00, 0x10, 0x00, 0x00, 0x40, 0x08, 0x00, 0x07, 0x00, 0xE0,
    0x00, 0x78, 0x0F, 0x80, 0x07, 0x80, 0x3E, 0x00, 0x78, 0x00, 0xF8, 0x07, 0xFF, 0xFF, 0xE0, 0x7F,
    0xFF, 0xFF, 0x87, 0xFF, 0xFF, 0xFE, 0x78, 0x00, 0x00, 0xFF, 0xC0, 0x00, 0x03, 0xCF, 0xFF, 0xFF,
    0xFC, 0x3F, 0xFF, 0xFF, 0xC0, 0xFF, 0xFF, 0xFC, 0x03, 0xC0, 0x03, 0xC0, 0x0F, 0x00, 0x3C, 0x00,
    0x3C, 0x07, 0xC0, 0x00, 0xE0, 0x1C, 0x00, 0x02, 0x00, 0x40, 0x00, 0x04, 0x00, 0x60, 0x0F, 0x01,
    0xF8, 0x3F, 0xCF, 0xFF, 0x0E, 0x00, 0xE0, 0x3F, 0xC3, 0xFC, 0x3F, 0xC0, 0xE0, 0x0E, 0x03, 0xFC,
    0x3F, 0xC0, 0xE0, 0x0E, 0x00, 0xE0, 0x0E, 0x00, 0x0E, 0x00, 0xE0, 0x0E, 0x03, 0xFC, 0x3F, 0xC3,
    0xFC, 0x0E, 0x00, 0xE0, 0x3F, 0xC3, 0xFC, 0x0E, 0x00, 0xE0, 0xFF, 0xF7, 0xFE, 0x3F, 0xC1, 0xF8,
    0x0F, 0x00, 0x60, 0x04, 0x00, 0xE0, 0x20, 0x03, 0x81, 0x80, 0x0E, 0x0E, 0x00, 0x38, 0x78, 0x00,
    0xE3, 0xFF, 0xFF, 0x9F, 0xFF, 0xFE, 0x3F, 0xFF, 0xF8, 0x78, 0x00, 0xE0, 0xE0, 0x03, 0x81, 0x80,
    0x0E, 0x02, 0x00, 0x38, 0x08, 0x00, 0x00, 0x10, 0x1C, 0x00, 0x60, 0x70, 0x01, 0xC1, 0xC0, 0x07,
    0x87, 0xFF, 0xFF, 0x1F, 0xFF, 0xFE, 0x7F, 0xFF, 0xF9, 0xC0, 0x07, 0xC7, 0x00, 0x1E, 0x1C, 0x00,
    0x70, 0x70, 0x01, 0x81, 0xC0, 0x04, 0x07, 0x00, 0x10, 0x00, 0x00, 0x18, 0x00, 0x00, 0x3C, 0x00,
    0x00, 0x7E, 0x00, 0x00, 0xEF, 0x00, 0x01, 0xC7, 0x80, 0x03, 0x83, 0xC0, 0x07, 0x01, 0xE0, 0x0E,
    0x00, 0xF0, 0x1C, 0x00, 0x78, 0x3F, 0x81, 0xFC, 0xFF, 0x81, 0xFE, 0x03, 0x81, 0xC1, 0x03, 0x81,
    0xC0, 0x03, 0x81, 0xC0, 0x03, 0x81, 0xC0, 0x03, 0x81, 0xC0, 0x03, 0x81, 0xC0, 0x03, 0xFF, 0xC0,
    0x03, 0xFF, 0xC0, 0x00, 0x10, 0x00, 0x00, 0x18, 0x00, 0x00, 0x3C, 0x00, 0x00, 0x7E, 0x00, 0x00,
    0xEF, 0x00, 0x01, 0xC7, 0x80, 0x03, 0x83, 0xC0, 0x07, 0x01, 0xE0, 0x0E, 0x00, 0xF0, 0x1C, 0x00,
    0x78, 0x3F, 0x81, 0xFC, 0xFF, 0x81, 0xFE, 0x03, 0x81, 0xC1, 0x03, 0x81, 0xC0, 0x03, 0x81, 0xC0,
    0x03, 0xFF, 0xC0, 0x03, 0xFF, 0xC0, 0x00, 0x00, 0x00, 0x00, 0x00, 0x00, 0x03, 0xFF, 0xC0, 0x03,
    0xFF, 0xC0, 0x03, 0x81, 0xC0, 0x03, 0x81, 0xC0, 0x03, 0xFF, 0xC0, 0x03, 0xFF, 0xC0, 0x3F, 0x81,
    0xFE, 0x0F, 0xF8, 0x01, 0xE0, 0x07, 0x07, 0x38, 0xFF, 0xEF, 0xFF, 0x78, 0xFF, 0x83, 0xFC, 0x1F,
    0xE0, 0xFF, 0x07, 0xF8, 0x3B, 0xC3, 0xCF, 0xFC, 0x3F, 0xE0, 0xFC, 0x00, 0x03, 0xC6, 0x1F, 0xF8,
    0xFF, 0xE1, 0xFF, 0xE7, 0x87, 0xCE, 0x1B, 0x9C, 0x67, 0xB9, 0x8F, 0x76, 0x1E, 0xF8, 0x79, 0xF1,
    0xF1, 0xFF, 0xC7, 0xFF, 0x19, 0xFC, 0x10, 0x00, 0x00, 0x03, 0xE0, 0x03, 0xF0, 0x01, 0xFC, 0x00,
    0xFE, 0x00, 0xF7, 0x00, 0x7B, 0xC0, 0x39, 0xE0, 0x3C, 0x70, 0x1E, 0x3C, 0x0E, 0x1E, 0x0F, 0x07,
    0x07, 0x83, 0xC7, 0x81, 0xE3, 0xC0, 0x71, 0xE0, 0x3D, 0xFF, 0xFE, 0xFF, 0xFF, 0x7F, 0xFF, 0xC0,
    0xFF, 0xFF, 0xFF, 0xFF, 0xFF, 0xC0, 0x7E, 0x03, 0xF0, 0x1F, 0x80, 0xFC, 0x07, 0xE0, 0x3F, 0x01,
    0xF8, 0x0F, 0xC0, 0x7E, 0x03, 0xF0, 0x1F, 0x80, 0xFC, 0x07, 0xE0, 0x3F, 0x01, 0xF8, 0x0F, 0xC0,
    0x7E, 0x03, 0x80, 0xFF, 0xFD, 0xFF, 0xF9, 0xFF, 0xF3, 0xE0, 0x03, 0xC0, 0x03, 0xC0, 0x03, 0xC0,
    0x03, 0xC0, 0x03, 0xC0, 0x07, 0x80, 0x07, 0x80, 0x1E, 0x00, 0x7C, 0x00, 0xF0, 0x03, 0xC0, 0x0F,
    0x00, 0x3C, 0x00, 0xF8, 0x01, 0xFF, 0xFF, 0xFF, 0xFF, 0xFF, 0xE0, 0xFF, 0xFF, 0xFF, 0xFF, 0xFE,
    0x00, 0x38, 0x01, 0xC0, 0x0C, 0x00, 0xE0, 0x07, 0x00, 0x38, 0x03, 0x80, 0x1C, 0x00, 0xE7, 0xC6,
    0x3E, 0x71, 0xF3, 0x81, 0xDC, 0x0F, 0xC0, 0x7E, 0x01, 0xF0, 0x0F, 0x00, 0x38, 0x00, 0x1F, 0x83,
    0xF0, 0xFF, 0x3F, 0xE7, 0xFF, 0xFF, 0xFC, 0x7F, 0x8F, 0xE0, 0x7C, 0x1F, 0x81, 0xE0, 0x7F, 0x0F,
    0xC1, 0xFF, 0xFF, 0xFF, 0x7F, 0xEF, 0xF8, 0xFF, 0x1F, 0xC0, 0xE0, 0x1E, 0x00, 0x07, 0xE1, 0xF8,
    0x3F, 0x07, 0x01, 0xE0, 0x3C, 0x07, 0x80, 0xF0, 0x1E, 0x03, 0xC0, 0x78, 0x0F, 0x01, 0xE0, 0x3C,
    0x07, 0x80, 0xF0, 0x1E, 0x03, 0xC0, 0x78, 0x0F, 0x01, 0xE0, 0x3C, 0x1F, 0x87, 0xE0, 0xF0, 0x00,
    0x7F, 0xF7, 0x00, 0x00, 0x07, 0xFF, 0x70, 0x38, 0x03, 0xF1, 0xFF, 0xFF, 0xEF, 0xEE, 0x3F, 0x00,
    0x00, 0xF0, 0xEF, 0xC7, 0xFF, 0xFF, 0x3F, 0xB8, 0x78, 0x01, 0xE0, 0x0E, 0x3F, 0xFF, 0xFF, 0xFF,
    0xFF, 0x81, 0x80, 0x1C, 0x00, 0xE0, 0xFF, 0xFF, 0xFF, 0xFF, 0xFE, 0x38, 0x01, 0xC0, 0x1C, 0x00,
    0x00, 0x78, 0x1F, 0xCF, 0xFF, 0xFE, 0x0F, 0x80, 0x7F, 0x80, 0xFF, 0xC0, 0x7F, 0x00, 0x78, 0x00,
    0x3F, 0xFF, 0xFF, 0xFF, 0xFF, 0x80, 0xF0, 0x07, 0xF0, 0x3F, 0xF8, 0x1F, 0xF0, 0x0F, 0x83, 0xFD,
    0xFF, 0x9F, 0xC0, 0xF0, 0x00, 0x00, 0x3F, 0xFF, 0xFF, 0xFF, 0xFF, 0x80, 0x00, 0x07, 0xFC, 0x00,
    0x00, 0x0F, 0xFF, 0xE0, 0x00, 0x0F, 0xE0, 0xFE, 0x00, 0x07, 0xC0, 0x07, 0xC0, 0x03, 0xC0, 0x00,
    0x78, 0x01, 0xC0, 0x00, 0x0F, 0x00, 0xE0, 0x00, 0x00, 0xE0, 0x70, 0x00, 0x00, 0x3C, 0x38, 0x00,
    0x00, 0x07, 0x0E, 0x00, 0x38, 0x00, 0xE3, 0x00, 0x0E, 0x00, 0x39, 0xC0, 0x03, 0x80, 0x07, 0x60,
    0x00, 0xE0, 0x01, 0xD8, 0x00, 0x38, 0x00, 0x3E, 0x00, 0x0E, 0x00, 0x0F, 0x81, 0xFF, 0xFF, 0x03,
    0xE0, 0x7F, 0xFF, 0xC0, 0xF8, 0x1F, 0xFF, 0xF0, 0x3E, 0x00, 0x0E, 0x00, 0x0F, 0x80, 0x03, 0x80,
    0x03, 0x60, 0x00, 0xE0, 0x01, 0xDC, 0x00, 0x38, 0x00, 0x77, 0x00, 0x0E, 0x00, 0x1C, 0xC0, 0x03,
    0x80, 0x0E, 0x38, 0x00, 0xE0, 0x03, 0x87, 0x00, 0x00, 0x01, 0xC1, 0xC0, 0x00, 0x00, 0xF0, 0x38,
    0x00, 0x00, 0x78, 0x07, 0x80, 0x00, 0x3C, 0x00, 0xF0, 0x00, 0x1E, 0x00, 0x1F, 0x00, 0x1F, 0x00,
    0x03, 0xFF, 0xFF, 0x00, 0x00, 0x3F, 0xFF, 0x00, 0x00, 0x01, 0xFF, 0x00, 0x00, 0x00, 0x07, 0xFC,
    0x00, 0x00, 0x0F, 0xFF, 0xE0, 0x00, 0x0F, 0xE0, 0xFE, 0x00, 0x07, 0xC0, 0x07, 0xC0, 0x03, 0xC0,
    0x00, 0x78, 0x01, 0xC0, 0x00, 0x0F, 0x00, 0xE0, 0x00, 0x00, 0xE0, 0x70, 0x00, 0x00, 0x3C, 0x38,
    0x00, 0x00, 0x07, 0x0E, 0x00, 0x00, 0x00, 0xE3, 0x00, 0x00, 0x00, 0x39, 0xC0, 0x00, 0x00, 0x07,
    0x60, 0x00, 0x00, 0x01, 0xD8, 0x00, 0x00, 0x00, 0x3E, 0x00, 0x00, 0x00, 0x0F, 0x80, 0x7F, 0xFC,
    0x03, 0xE0, 0x1F, 0xFF, 0x00, 0xF8, 0x07, 0xFF, 0xC0, 0x3E, 0x00, 0x00, 0x00, 0x0F, 0x80, 0x00,
    0x00, 0x03, 0x60, 0x00, 0x00, 0x01, 0xDC, 0x00, 0x00, 0x00, 0x77, 0x00, 0x00, 0x00, 0x1C, 0xC0,
    0x00, 0x00, 0x0E, 0x38, 0x00, 0x00, 0x03, 0x87, 0x00, 0x00, 0x01, 0xC1, 0xC0, 0x00, 0x00, 0xF0,
    0x38, 0x00, 0x00, 0x78, 0x07, 0x80, 0x00, 0x3C, 0x00, 0xF0, 0x00, 0x1E, 0x00, 0x1F, 0x00, 0x1F,
    0x00, 0x03, 0xFF, 0xFF, 0x00, 0x00, 0x3F, 0xFF, 0x00, 0x00, 0x01, 0xFF, 0x00, 0x00, 0x00, 0x07,
    0xFC, 0x00, 0x00, 0x0F, 0xFF, 0xE0, 0x00, 0x0F, 0xE0, 0xFE, 0x00, 0x07, 0xC0, 0x07, 0xC0, 0x03,
    0xC0, 0x00, 0x78, 0x01, 0xC0, 0x00, 0x0F, 0x00, 0xE0, 0x00, 0x00, 0xE0, 0x70, 0x00, 0x00, 0x3C,
    0x38, 0x00, 0x00, 0x07, 0x0E, 0x00, 0x00, 0x00, 0xE3, 0x00, 0x40, 0x40, 0x39, 0xC0, 0x30, 0x38,
    0x07, 0x60, 0x1E, 0x1F, 0x01, 0xD8, 0x03, 0xCF, 0x80, 0x3E, 0x00, 0x7F, 0xC0, 0x0F, 0x80, 0x0F,
    0xE0, 0x03, 0xE0, 0x01, 0xF0, 0x00, 0xF8, 0x00, 0xFC, 0x00, 0x3E, 0x00, 0x7F, 0x80, 0x0F, 0x80,
    0x3E, 0xF0, 0x03, 0x60, 0x1F, 0x1F, 0x01, 0xDC, 0x03, 0x83, 0x80, 0x77, 0x00, 0x40, 0x40, 0x1C,
    0xC0, 0x00, 0x00, 0x0E, 0x38, 0x00, 0x00, 0x03, 0x87, 0x00, 0x00, 0x01, 0xC1, 0xC0, 0x00, 0x00,
    0xF0, 0x38, 0x00, 0x00, 0x78, 0x07, 0x80, 0x00, 0x3C, 0x00, 0xF0, 0x00, 0x1E, 0x00, 0x1F, 0x00,
    0x1F, 0x00, 0x03, 0xFF, 0xFF, 0x00, 0x00, 0x3F, 0xFF, 0x00, 0x00, 0x01, 0xFF, 0x00, 0x00, 0x00,
    0x07, 0xFC, 0x00, 0x00, 0x0F, 0xFF, 0xE0, 0x00, 0x0F, 0xE0, 0xFE, 0x00, 0x07, 0xC0, 0x07, 0xC0,
    0x03, 0xC0, 0x00, 0x78, 0x01, 0xC0, 0x00, 0x0F, 0x00, 0xE0, 0x00, 0x00, 0xE0, 0x70, 0x00, 0x00,
    0x3C, 0x38, 0x00, 0x00, 0x07, 0x0E, 0x00, 0x01, 0x00, 0xE3, 0x00, 0x00, 0x60, 0x39, 0xC0, 0x00,
    0x3C, 0x07, 0x60, 0x00, 0x1E, 0x01, 0xD8, 0x00, 0x0F, 0x00, 0x3E, 0x00, 0x07, 0x80, 0x0F, 0x80,
    0x03, 0xE0, 0x03, 0xE0, 0x00, 0xF0, 0x00, 0xF8, 0x00, 0x78, 0x00, 0x3E, 0x00, 0x3C, 0x00, 0x0F,
    0x80, 0x1E, 0x00, 0x03, 0x60, 0x0F, 0x00, 0x01, 0xDC, 0x07, 0xC0, 0x00, 0x77, 0x03, 0xE0, 0x00,
    0x1C, 0xC0, 0x30, 0x00, 0x0E, 0x38, 0x08, 0x00, 0x03, 0x87, 0x00, 0x00, 0x01, 0xC1, 0xC0, 0x00,
    0x00, 0xF0, 0x38, 0x00, 0x00, 0x78, 0x07, 0x80, 0x00, 0x3C, 0x00, 0xF0, 0x00, 0x1E, 0x00, 0x1F,
    0x00, 0x1F, 0x00, 0x03, 0xFF, 0xFF, 0x00, 0x00, 0x3F, 0xFF, 0x00, 0x00, 0x01, 0xFF, 0x00, 0x00,
};

static const EpdGlyph inter_ui_12_boldGlyphs[] = {
    { 1, 1, 234, 0, 1, 1, 0 }, // U+0000
    { 1, 1, 95, 0, 1, 1, 1 }, // U+0020
    { 4, 18, 135, 2, 18, 9, 2 }, // !
    { 9, 7, 221, 2, 18, 8, 11 }, // "
    { 16, 18, 260, 0, 18, 36, 19 }, // #
    { 14, 23, 262, 1, 21, 41, 55 }, // $
    { 21, 18, 406, 2, 18, 48, 96 }, // %
    { 16, 18, 269, 1, 18, 36, 144 }, // &
    { 4, 7, 136, 2, 18, 4, 180 }, // '
    { 7, 22, 151, 2, 19, 20, 184 }, // (
    { 6, 22, 151, 1, 19, 17, 204 }, // )
    { 10, 10, 224, 2, 18, 13, 221 }, // *
    { 13, 13, 271, 2, 14, 22, 234 }, // +
    { 5, 7, 134, 1, 3, 5, 256 }, // ,
    { 8, 3, 187, 2, 9, 3, 261 }, // -
    { 4, 4, 134, 2, 4, 2, 264 }, // .
    { 9, 22, 155, 0, 19, 25, 266 }, // /
    { 15, 18, 270, 1, 18, 34, 291 }, // 0
    { 8, 18, 172, 1, 18, 18, 325 }, // 1
    { 13, 18, 252, 1, 18, 30, 343 }, // 2
    { 14, 18, 258, 1, 18, 32, 373 }, // 3
    { 15, 18, 271, 1, 18, 34, 405 }, // 4
    { 13, 18, 249, 1, 18, 30, 439 }, // 5
    { 14, 18, 260, 1, 18, 32, 469 }, // 6
    { 13, 18, 233, 1, 18, 30, 501 }, // 7
    { 14, 18, 260, 1, 18, 32, 531 }, // 8
    { 14, 18, 260, 1, 18, 32, 563 }, // 9
    { 4, 13, 134, 2, 13, 7, 595 }, // :
    { 6, 17, 137, 1, 13, 13, 602 }, // ;
    { 12, 14, 271, 2, 14, 21, 615 }, // <
    { 13, 9, 271, 2, 12, 15, 636 }, // =
    { 13, 14, 271, 2, 14, 23, 651 }, // >
    { 12, 18, 224, 1, 18, 27, 674 }, // ?
    { 23, 23, 406, 1, 18, 67, 701 }, // @
    { 17, 18, 299, 1, 18, 39, 768 }, // A
    { 14, 18, 265, 2, 18, 32, 807 }, // B
    { 16, 18, 296, 1, 18, 36, 839 }, // C
    { 15, 18, 289, 2, 18, 34, 875 }, // D
    { 12, 18, 243, 2, 18, 27, 909 }, // E
    { 12, 18, 235, 2, 18, 27, 936 }, // F
    { 17, 18, 300, 1, 18, 39, 963 }, // G
    { 15, 18, 299, 2, 18, 34, 1002 }, // H
    { 3, 18, 112, 2, 18, 7, 1036 }, // I
    { 12, 18, 234, 1, 18, 27, 1043 }, // J
    { 15, 18, 288, 2, 18, 34, 1070 }, // K
    { 11, 18, 226, 2, 18, 25, 1104 }, // L
    { 20, 18, 373, 2, 18, 45, 1129 }, // M
    { 15, 18, 305, 2, 18, 34, 1174 }, // N
    { 17, 18, 308, 1, 18, 39, 1208 }, // O
    { 13, 18, 259, 2, 18, 30, 1247 }, // P
    { 17, 20, 311, 1, 18, 43, 1277 }, // Q
    { 14, 18, 263, 2, 18, 32, 1320 }, // R
    { 14, 18, 262, 1, 18, 32, 1352 }, // S
    { 15, 18, 267, 1, 18, 34, 1384 }, // T
    { 15, 18, 293, 2, 18, 34, 1418 }, // U
    { 17, 18, 299, 1, 18, 39, 1452 }, // V
    { 24, 18, 415, 1, 18, 54, 1491 }, // W
    { 17, 18, 295, 1, 18, 39, 1545 }, // X
    { 17, 18, 292, 1, 18, 39, 1584 }, // Y
    { 14, 18, 266, 1, 18, 32, 1623 }, // Z
    { 6, 22, 151, 2, 19, 17, 1655 }, // [
    { 9, 22, 155, 0, 19, 25, 1672 }, // <backslash>
    { 6, 22, 151, 1, 19, 17, 1697 }, // ]
    { 10, 8, 195, 1, 18, 10, 1714 }, // ^
    { 12, 3, 190, 0, 0, 5, 1724 }, // _
    { 5, 4, 146, 2, 19, 3, 1729 }, // `
    { 12, 14, 232, 1, 14, 21, 1732 }, // a
    { 13, 18, 252, 2, 18, 30, 1753 }, // b
    { 13, 14, 235, 1, 14, 23, 1783 }, // c
    { 13, 18, 252, 1, 18, 30, 1806 }, // d
    { 13, 14, 238, 1, 14, 23, 1836 }, // e
    { 10, 19, 159, 0, 19, 24, 1859 }, // f
    { 13, 19, 253, 1, 14, 31, 1883 }, // g
    { 12, 18, 249, 2, 18, 27, 1914 }, // h
    { 4, 19, 108, 1, 19, 10, 1941 }, // i
    { 6, 24, 108, -1, 19, 18, 1951 }, // j
    { 12, 18, 232, 2, 18, 27, 1969 }, // k
    { 3, 18, 108, 2, 18, 7, 1996 }, // l
    { 19, 14, 365, 2, 14, 34, 2003 }, // m
    { 12, 14, 249, 2, 14, 21, 2037 }, // n
    { 13, 14, 245, 1, 14, 23, 2058 }, // o
    { 13, 19, 252, 2, 14, 31, 2081 }, // p
    { 13, 19, 252, 1, 14, 31, 2112 }, // q
    { 8, 14, 163, 2, 14, 14, 2143 }, // r
    { 12, 14, 224, 1, 14, 21, 2157 }, // s
    { 9, 17, 146, 0, 17, 20, 2178 }, // t
    { 12, 14, 249, 2, 14, 21, 2198 }, // u
    { 15, 14, 240, 0, 14, 27, 2219 }, // v
    { 21, 14, 340, 0, 14, 37, 2246 }, // w
    { 13, 14, 232, 1, 14, 23, 2283 }, // x
    { 15, 19, 241, 0, 14, 36, 2306 }, // y
    { 12, 14, 229, 1, 14, 21, 2342 }, // z
    { 8, 22, 188, 2, 19, 22, 2363 }, // {
    { 3, 30, 149, 3, 24, 12, 2385 }, // |
    { 9, 22, 188, 1, 19, 25, 2397 }, // }
    { 13, 5, 271, 2, 10, 9, 2422 }, // ~
    { 1, 1, 95, 0, 1, 1, 2431 }, // U+00A0
    { 4, 18, 135, 2, 14, 9, 2432 }, // U+00A1
    { 13, 18, 235, 1, 18, 30, 2441 }, // U+00A2
    { 14, 18, 255, 1, 18, 32, 2471 }, // U+00A3
    { 15, 15, 305, 2, 15, 29, 2503 }, // U+00A4
    { 14, 18, 228, 0, 18, 32, 2532 }, // U+00A5
    { 3, 21, 136, 3, 18, 8, 2564 }, // U+00A6
    { 12, 22, 227, 1, 18, 33, 2572 }, // U+00A7
    { 9, 3, 249, 3, 19, 4, 2605 }, // U+00A8
    { 19, 18, 366, 2, 18, 43, 2609 }, // U+00A9
    { 9, 11, 186, 1, 19, 13, 2652 }, // U+00AA
    { 15, 11, 264, 1, 13, 21, 2665 }, // U+00AB
    { 11, 7, 271, 3, 10, 10, 2686 }, // U+00AC
    { 14, 14, 265, 1, 18, 25, 2696 }, // U+00AE
    { 7, 2, 176, 2, 18, 2, 2721 }, // U+00AF
    { 9, 8, 184, 1, 18, 9, 2723 }, // U+00B0
    { 13, 13, 271, 2, 14, 22, 2732 }, // U+00B1
    { 9, 10, 184, 1, 21, 12, 2754 }, // U+00B2
    { 10, 10, 189, 1, 21, 13, 2766 }, // U+00B3
    { 5, 4, 146, 2, 19, 3, 2779 }, // U+00B4
    { 14, 19, 251, 2, 14, 34, 2782 }, // U+00B5
    { 12, 18, 239, 1, 18, 27, 2816 }, // U+00B6
    { 4, 4, 134, 2, 11, 2, 2843 }, // U+00B7
    { 5, 6, 146, 3, 1, 4, 2845 }, // U+00B8
    { 6, 10, 133, 1, 21, 8, 2849 }, // U+00B9
    { 10, 11, 196, 1, 19, 14, 2857 }, // U+00BA
    { 14, 11, 264, 1, 13, 20, 2871 }, // U+00BB
    { 19, 18, 338, 1, 18, 43, 2891 }, // U+00BC
    { 20, 18, 353, 1, 18, 45, 2934 }, // U+00BD
    { 21, 18, 368, 1, 18, 48, 2979 }, // U+00BE
    { 12, 19, 224, 1, 14, 29, 3027 }, // U+00BF
    { 17, 24, 299, 1, 24, 51, 3056 }, // U+00C0
    { 17, 24, 299, 1, 24, 51, 3107 }, // U+00C1
    { 17, 24, 299, 1, 24, 51, 3158 }, // U+00C2
    { 17, 24, 299, 1, 24, 51, 3209 }, // U+00C3
    { 17, 24, 299, 1, 24, 51, 3260 }, // U+00C4
    { 17, 25, 299, 1, 25, 54, 3311 }, // U+00C5
    { 23, 18, 409, 1, 18, 52, 3365 }, // U+00C6
    { 16, 23, 296, 1, 18, 46, 3417 }, // U+00C7
    { 12, 24, 243, 2, 24, 36, 3463 }, // U+00C8
    { 12, 24, 243, 2, 24, 36, 3499 }, // U+00C9
    { 12, 24, 243, 2, 24, 36, 3535 }, // U+00CA
    { 12, 24, 243, 2, 24, 36, 3571 }, // U+00CB
    { 5, 24, 112, 0, 24, 15, 3607 }, // U+00CC
    { 5, 24, 112, 2, 24, 15, 3622 }, // U+00CD
    { 9, 24, 112, -1, 24, 27, 3637 }, // U+00CE
    { 9, 24, 112, -1, 24, 27, 3664 }, // U+00CF
    { 18, 18, 304, 0, 18, 41, 3691 }, // U+00D0
    { 15, 24, 305, 2, 24, 45, 3732 }, // U+00D1
    { 17, 24, 308, 1, 24, 51, 3777 }, // U+00D2
    { 17, 24, 308, 1, 24, 51, 3828 }, // U+00D3
    { 17, 24, 308, 1, 24, 51, 3879 }, // U+00D4
    { 17, 24, 308, 1, 24, 51, 3930 }, // U+00D5
    { 17, 24, 308, 1, 24, 51, 3981 }, // U+00D6
    { 13, 13, 271, 2, 14, 22, 4032 }, // U+00D7
    { 17, 20, 308, 1, 19, 43, 4054 }, // U+00D8
    { 15, 24, 293, 2, 24, 45, 4097 }, // U+00D9
    { 15, 24, 293, 2, 24, 45, 4142 }, // U+00DA
    { 15, 24, 293, 2, 24, 45, 4187 }, // U+00DB
    { 15, 24, 293, 2, 24, 45, 4232 }, // U+00DC
    { 17, 24, 292, 1, 24, 51, 4277 }, // U+00DD
    { 13, 18, 268, 2, 18, 30, 4328 }, // U+00DE
    { 13, 18, 263, 2, 18, 30, 4358 }, // U+00DF
    { 12, 19, 232, 1, 19, 29, 4388 }, // U+00E0
    { 12, 19, 232, 1, 19, 29, 4417 }, // U+00E1
    { 12, 19, 232, 1, 19, 29, 4446 }, // U+00E2
    { 12, 19, 232, 1, 19, 29, 4475 }, // U+00E3
    { 12, 19, 232, 1, 19, 29, 4504 }, // U+00E4
    { 12, 21, 232, 1, 21, 32, 4533 }, // U+00E5
    { 21, 14, 364, 1, 14, 37, 4565 }, // U+00E6
    { 13, 19, 235, 1, 14, 31, 4602 }, // U+00E7
    { 13, 19, 238, 1, 19, 31, 4633 }, // U+00E8
    { 13, 19, 238, 1, 19, 31, 4664 }, // U+00E9
    { 13, 19, 238, 1, 19, 31, 4695 }, // U+00EA
    { 13, 19, 238, 1, 19, 31, 4726 }, // U+00EB
    { 5, 19, 108, 0, 19, 12, 4757 }, // U+00EC
    { 5, 19, 108, 2, 19, 12, 4769 }, // U+00ED
    { 10, 19, 108, -2, 19, 24, 4781 }, // U+00EE
    { 9, 19, 108, -1, 19, 22, 4805 }, // U+00EF
    { 13, 19, 240, 1, 19, 31, 4827 }, // U+00F0
    { 12, 19, 249, 2, 19, 29, 4858 }, // U+00F1
    { 13, 19, 245, 1, 19, 31, 4887 }, // U+00F2
    { 13, 19, 245, 1, 19, 31, 4918 }, // U+00F3
    { 13, 19, 245, 1, 19, 31, 4949 }, // U+00F4
    { 13, 19, 245, 1, 19, 31, 4980 }, // U+00F5
    { 13, 19, 245, 1, 19, 31, 5011 }, // U+00F6
    { 13, 14, 271, 2, 14, 23, 5042 }, // U+00F7
    { 13, 15, 245, 1, 14, 25, 5065 }, // U+00F8
    { 12, 19, 249, 2, 19, 29, 5090 }, // U+00F9
    { 12, 19, 249, 2, 19, 29, 5119 }, // U+00FA
    { 12, 19, 249, 2, 19, 29, 5148 }, // U+00FB
    { 12, 19, 249, 2, 19, 29, 5177 }, // U+00FC
    { 15, 24, 241, 0, 19, 45, 5206 }, // U+00FD
    { 13, 23, 252, 2, 18, 38, 5251 }, // U+00FE
    { 15, 24, 241, 0, 19, 45, 5289 }, // U+00FF
    { 17, 23, 299, 1, 23, 49, 5334 }, // U+0100
    { 12, 18, 232, 1, 18, 27, 5383 }, // U+0101
    { 17, 24, 299, 1, 24, 51, 5410 }, // U+0102
    { 12, 19, 232, 1, 19, 29, 5461 }, // U+0103
    { 18, 23, 299, 1, 18, 52, 5490 }, // U+0104
    { 13, 19, 232, 1, 14, 31, 5542 }, // U+0105
    { 16, 24, 296, 1, 24, 48, 5573 }, // U+0106
    { 13, 19, 235, 1, 19, 31, 5621 }, // U+0107
    { 16, 24, 296, 1, 24, 48, 5652 }, // U+0108
    { 13, 19, 235, 1, 19, 31, 5700 }, // U+0109
    { 16, 24, 296, 1, 24, 48, 5731 }, // U+010A
    { 13, 19, 235, 1, 19, 31, 5779 }, // U+010B
    { 16, 24, 296, 1, 24, 48, 5810 }, // U+010C
    { 13, 19, 235, 1, 19, 31, 5858 }, // U+010D
    { 15, 24, 289, 2, 24, 45, 5889 }, // U+010E
    { 18, 19, 302, 1, 19, 43, 5934 }, // U+010F
    { 18, 18, 304, 0, 18, 41, 5977 }, // U+0110
    { 15, 18, 252, 1, 18, 34, 6018 }, // U+0111
    { 12, 23, 243, 2, 23, 35, 6052 }, // U+0112
    { 13, 18, 238, 1, 18, 30, 6087 }, // U+0113
    { 12, 24, 243, 2, 24, 36, 6117 }, // U+0114
    { 13, 19, 238, 1, 19, 31, 6153 }, // U+0115
    { 12, 24, 243, 2, 24, 36, 6184 }, // U+0116
    { 13, 19, 238, 1, 19, 31, 6220 }, // U+0117
    { 12, 23, 243, 2, 18, 35, 6251 }, // U+0118
    { 13, 19, 238, 1, 14, 31, 6286 }, // U+0119
    { 12, 24, 243, 2, 24, 36, 6317 }, // U+011A
    { 13, 19, 238, 1, 19, 31, 6353 }, // U+011B
    { 17, 24, 300, 1, 24, 51, 6384 }, // U+011C
    { 13, 24, 253, 1, 19, 39, 6435 }, // U+011D
    { 17, 24, 300, 1, 24, 51, 6474 }, // U+011E
    { 13, 24, 253, 1, 19, 39, 6525 }, // U+011F
    { 17, 24, 300, 1, 24, 51, 6564 }, // U+0120
    { 13, 24, 253, 1, 19, 39, 6615 }, // U+0121
    { 17, 24, 300, 1, 18, 51, 6654 }, // U+0122
    { 13, 26, 253, 1, 21, 43, 6705 }, // U+0123
    { 15, 24, 299, 2, 24, 45, 6748 }, // U+0124
    { 16, 24, 249, -2, 24, 48, 6793 }, // U+0125
    { 18, 18, 323, 1, 18, 41, 6841 }, // U+0126
    { 14, 18, 249, 0, 18, 32, 6882 }, // U+0127
    { 9, 24, 112, -1, 24, 27, 6914 }, // U+0128
    { 9, 19, 108, -1, 19, 22, 6941 }, // U+0129
    { 7, 23, 112, 0, 23, 21, 6963 }, // U+012A
    { 7, 18, 108, 0, 18, 16, 6984 }, // U+012B
    { 9, 24, 112, -1, 24, 27, 7000 }, // U+012C
    { 9, 19, 108, -1, 19, 22, 7027 }, // U+012D
    { 6, 23, 112, 0, 18, 18, 7049 }, // U+012E
    { 6, 24, 108, 0, 19, 18, 7067 }, // U+012F
    { 4, 24, 112, 2, 24, 12, 7085 }, // U+0130
    { 3, 14, 108, 2, 14, 6, 7097 }, // U+0131
    { 18, 18, 346, 2, 18, 41, 7103 }, // U+0132
    { 11, 24, 217, 1, 19, 33, 7144 }, // U+0133
    { 15, 24, 234, 1, 24, 45, 7177 }, // U+0134
    { 10, 24, 108, -2, 19, 30, 7222 }, // U+0135
    { 15, 24, 288, 2, 18, 45, 7252 }, // U+0136
    { 12, 24, 232, 2, 18, 36, 7297 }, // U+0137
    { 13, 14, 235, 2, 14, 23, 7333 }, // U+0138
    { 11, 24, 226, 2, 24, 33, 7356 }, // U+0139
    { 5, 24, 108, 2, 24, 15, 7389 }, // U+013A
    { 11, 24, 226, 2, 18, 33, 7404 }, // U+013B
    { 4, 24, 108, 1, 18, 12, 7437 }, // U+013C
    { 11, 19, 226, 2, 19, 27, 7449 }, // U+013D
    { 8, 19, 158, 2, 19, 19, 7476 }, // U+013E
    { 11, 18, 231, 2, 18, 25, 7495 }, // U+013F
    { 9, 18, 180, 2, 18, 21, 7520 }, // U+0140
    { 14, 18, 242, 0, 18, 32, 7541 }, // U+0141
    { 7, 18, 108, 0, 18, 16, 7573 }, // U+0142
    { 15, 24, 305, 2, 24, 45, 7589 }, // U+0143
    { 12, 19, 249, 2, 19, 29, 7634 }, // U+0144
    { 15, 24, 305, 2, 18, 45, 7663 }, // U+0145
    { 12, 20, 249, 2, 14, 30, 7708 }, // U+0146
    { 15, 24, 305, 2, 24, 45, 7738 }, // U+0147
    { 12, 19, 249, 2, 19, 29, 7783 }, // U+0148
    { 15, 23, 305, 2, 18, 44, 7812 }, // U+014A
    { 12, 19, 249, 2, 14, 29, 7856 }, // U+014B
    { 17, 23, 308, 1, 23, 49, 7885 }, // U+014C
    { 13, 18, 245, 1, 18, 30, 7934 }, // U+014D
    { 17, 24, 308, 1, 24, 51, 7964 }, // U+014E
    { 13, 19, 245, 1, 19, 31, 8015 }, // U+014F
    { 17, 24, 308, 1, 24, 51, 8046 }, // U+0150
    { 13, 19, 245, 1, 19, 31, 8097 }, // U+0151
    { 23, 18, 407, 1, 18, 52, 8128 }, // U+0152
    { 23, 14, 395, 1, 14, 41, 8180 }, // U+0153
    { 14, 24, 263, 2, 24, 42, 8221 }, // U+0154
    { 8, 19, 163, 2, 19, 19, 8263 }, // U+0155
    { 14, 24, 263, 2, 18, 42, 8282 }, // U+0156
    { 9, 20, 163, 1, 14, 23, 8324 }, // U+0157
    { 14, 24, 263, 2, 24, 42, 8347 }, // U+0158
    { 10, 19, 163, 1, 19, 24, 8389 }, // U+0159
    { 14, 24, 262, 1, 24, 42, 8413 }, // U+015A
    { 12, 19, 224, 1, 19, 29, 8455 }, // U+015B
    { 14, 24, 262, 1, 24, 42, 8484 }, // U+015C
    { 12, 19, 224, 1, 19, 29, 8526 }, // U+015D
    { 14, 23, 262, 1, 18, 41, 8555 }, // U+015E
    { 12, 19, 224, 1, 14, 29, 8596 }, // U+015F
    { 14, 24, 262, 1, 24, 42, 8625 }, // U+0160
    { 12, 19, 224, 1, 19, 29, 8667 }, // U+0161
    { 15, 23, 267, 1, 18, 44, 8696 }, // U+0162
    { 9, 22, 146, 0, 17, 25, 8740 }, // U+0163
    { 15, 24, 267, 1, 24, 45, 8765 }, // U+0164
    { 10, 20, 177, 0, 20, 25, 8810 }, // U+0165
    { 15, 18, 267, 1, 18, 34, 8835 }, // U+0166
    { 9, 17, 146, 0, 17, 20, 8869 }, // U+0167
    { 15, 24, 293, 2, 24, 45, 8889 }, // U+0168
    { 12, 19, 249, 2, 19, 29, 8934 }, // U+0169
    { 15, 23, 293, 2, 23, 44, 8963 }, // U+016A
    { 12, 18, 249, 2, 18, 27, 9007 }, // U+016B
    { 15, 24, 293, 2, 24, 45, 9034 }, // U+016C
    { 12, 19, 249, 2, 19, 29, 9079 }, // U+016D
    { 15, 25, 293, 2, 25, 47, 9108 }, // U+016E
    { 12, 21, 249, 2, 21, 32, 9155 }, // U+016F
    { 15, 24, 293, 2, 24, 45, 9187 }, // U+0170
    { 12, 19, 249, 2, 19, 29, 9232 }, // U+0171
    { 15, 23, 293, 2, 18, 44, 9261 }, // U+0172
    { 13, 19, 249, 2, 14, 31, 9305 }, // U+0173
    { 24, 24, 415, 1, 24, 72, 9336 }, // U+0174
    { 21, 19, 340, 0, 19, 50, 9408 }, // U+0175
    { 17, 24, 292, 1, 24, 51, 9458 }, // U+0176
    { 15, 24, 241, 0, 19, 45, 9509 }, // U+0177
    { 17, 24, 292, 1, 24, 51, 9554 }, // U+0178
    { 14, 24, 266, 1, 24, 42, 9605 }, // U+0179
    { 12, 19, 229, 1, 19, 29, 9647 }, // U+017A
    { 14, 24, 266, 1, 24, 42, 9676 }, // U+017B
    { 12, 19, 229, 1, 19, 29, 9718 }, // U+017C
    { 14, 24, 266, 1, 24, 42, 9747 }, // U+017D
    { 12, 19, 229, 1, 19, 29, 9789 }, // U+017E
    { 7, 19, 138, 2, 19, 17, 9818 }, // U+017F
    { 17, 21, 312, 1, 21, 45, 9835 }, // U+01A0
    { 14, 17, 245, 1, 17, 30, 9880 }, // U+01A1
    { 17, 21, 292, 2, 21, 45, 9910 }, // U+01AF
    { 14, 17, 264, 2, 17, 30, 9955 }, // U+01B0
    { 29, 19, 518, 2, 19, 69, 9985 }, // U+01C5
    { 28, 19, 481, 1, 19, 67, 10054 }, // U+01C6
    { 25, 18, 460, 2, 18, 57, 10121 }, // U+01C7
    { 18, 24, 335, 2, 19, 54, 10178 }, // U+01C8
    { 10, 24, 217, 2, 19, 30, 10232 }, // U+01C9
    { 30, 18, 538, 2, 18, 68, 10262 }, // U+01CA
    { 22, 24, 413, 2, 19, 66, 10330 }, // U+01CB
    { 19, 24, 357, 2, 19, 57, 10396 }, // U+01CC
    { 17, 24, 299, 1, 24, 51, 10453 }, // U+01CD
    { 12, 19, 232, 1, 19, 29, 10504 }, // U+01CE
    { 9, 24, 112, -1, 24, 27, 10533 }, // U+01CF
    { 10, 19, 108, -2, 19, 24, 10560 }, // U+01D0
    { 17, 24, 308, 1, 24, 51, 10584 }, // U+01D1
    { 13, 19, 245, 1, 19, 31, 10635 }, // U+01D2
    { 15, 24, 293, 2, 24, 45, 10666 }, // U+01D3
    { 12, 19, 249, 2, 19, 29, 10711 }, // U+01D4
    { 15, 27, 293, 2, 27, 51, 10740 }, // U+01D5
    { 12, 22, 249, 2, 22, 33, 10791 }, // U+01D6
    { 15, 28, 293, 2, 28, 53, 10824 }, // U+01D7
    { 12, 23, 249, 2, 23, 35, 10877 }, // U+01D8
    { 15, 28, 293, 2, 28, 53, 10912 }, // U+01D9
    { 12, 23, 249, 2, 23, 35, 10965 }, // U+01DA
    { 15, 28, 293, 2, 28, 53, 11000 }, // U+01DB
    { 12, 23, 249, 2, 23, 35, 11053 }, // U+01DC
    { 13, 14, 238, 1, 14, 23, 11088 }, // U+01DD
    { 17, 27, 299, 1, 27, 58, 11111 }, // U+01DE
    { 12, 22, 232, 1, 22, 33, 11169 }, // U+01DF
    { 17, 27, 299, 1, 27, 58, 11202 }, // U+01E0
    { 12, 22, 232, 1, 22, 33, 11260 }, // U+01E1
    { 23, 23, 409, 1, 23, 67, 11293 }, // U+01E2
    { 21, 18, 364, 1, 18, 48, 11360 }, // U+01E3
    { 18, 18, 300, 1, 18, 41, 11408 }, // U+01E4
    { 16, 19, 276, 1, 14, 38, 11449 }, // U+01E5
    { 17, 24, 300, 1, 24, 51, 11487 }, // U+01E6
    { 13, 24, 253, 1, 19, 39, 11538 }, // U+01E7
    { 15, 24, 288, 2, 24, 45, 11577 }, // U+01E8
    { 16, 24, 232, -2, 24, 48, 11622 }, // U+01E9
    { 17, 23, 308, 1, 18, 49, 11670 }, // U+01EA
    { 13, 19, 245, 1, 14, 31, 11719 }, // U+01EB
    { 17, 28, 308, 1, 23, 60, 11750 }, // U+01EC
    { 13, 23, 245, 1, 18, 38, 11810 }, // U+01ED
    { 15, 29, 275, 1, 24, 55, 11848 }, // U+01EE
    { 14, 24, 259, 1, 19, 42, 11903 }, // U+01EF
    { 10, 24, 108, -2, 19, 30, 11945 }, // U+01F0
    { 31, 18, 554, 2, 18, 70, 11975 }, // U+01F1
    { 29, 18, 518, 2, 18, 66, 12045 }, // U+01F2
    { 28, 18, 481, 1, 18, 63, 12111 }, // U+01F3
    { 17, 24, 300, 1, 24, 51, 12174 }, // U+01F4
    { 13, 24, 253, 1, 19, 39, 12225 }, // U+01F5
    { 25, 18, 450, 2, 18, 57, 12264 }, // U+01F6
    { 14, 23, 296, 2, 18, 41, 12321 }, // U+01F7
    { 15, 24, 305, 2, 24, 45, 12362 }, // U+01F8
    { 12, 19, 249, 2, 19, 29, 12407 }, // U+01F9
    { 17, 28, 299, 1, 28, 60, 12436 }, // U+01FA
    { 12, 24, 232, 1, 24, 36, 12496 }, // U+01FB
    { 23, 24, 409, 1, 24, 69, 12532 }, // U+01FC
    { 21, 19, 364, 1, 19, 50, 12601 }, // U+01FD
    { 17, 25, 308, 1, 24, 54, 12651 }, // U+01FE
    { 13, 20, 245, 1, 19, 33, 12705 }, // U+01FF
    { 17, 24, 299, 1, 24, 51, 12738 }, // U+0200
    { 12, 19, 232, 1, 19, 29, 12789 }, // U+0201
    { 17, 24, 299, 1, 24, 51, 12818 }, // U+0202
    { 12, 19, 232, 1, 19, 29, 12869 }, // U+0203
    { 13, 24, 243, 1, 24, 39, 12898 }, // U+0204
    { 13, 19, 238, 1, 19, 31, 12937 }, // U+0205
    { 12, 24, 243, 2, 24, 36, 12968 }, // U+0206
    { 13, 19, 238, 1, 19, 31, 13004 }, // U+0207
    { 10, 24, 112, -3, 24, 30, 13035 }, // U+0208
    { 10, 19, 108, -3, 19, 24, 13065 }, // U+0209
    { 9, 24, 112, -1, 24, 27, 13089 }, // U+020A
    { 9, 19, 108, -1, 19, 22, 13116 }, // U+020B
    { 17, 24, 308, 1, 24, 51, 13138 }, // U+020C
    { 13, 19, 245, 1, 19, 31, 13189 }, // U+020D
    { 17, 24, 308, 1, 24, 51, 13220 }, // U+020E
    { 13, 19, 245, 1, 19, 31, 13271 }, // U+020F
    { 14, 24, 263, 2, 24, 42, 13302 }, // U+0210
    { 11, 19, 163, -1, 19, 27, 13344 }, // U+0211
    { 14, 24, 263, 2, 24, 42, 13371 }, // U+0212
    { 9, 19, 163, 1, 19, 22, 13413 }, // U+0213
    { 15, 24, 293, 2, 24, 45, 13435 }, // U+0214
    { 13, 19, 249, 1, 19, 31, 13480 }, // U+0215
    { 15, 24, 293, 2, 24, 45, 13511 }, // U+0216
    { 12, 19, 249, 2, 19, 29, 13556 }, // U+0217
    { 14, 24, 262, 1, 18, 42, 13585 }, // U+0218
    { 12, 20, 224, 1, 14, 30, 13627 }, // U+0219
    { 15, 24, 267, 1, 18, 45, 13657 }, // U+021A
    { 9, 23, 146, 0, 17, 26, 13702 }, // U+021B
    { 13, 23, 267, 2, 18, 38, 13728 }, // U+021C
    { 11, 19, 230, 2, 14, 27, 13766 }, // U+021D
    { 15, 24, 299, 2, 24, 45, 13793 }, // U+021E
    { 16, 24, 249, -2, 24, 48, 13838 }, // U+021F
    { 5, 4, 0, 2, 19, 3, 13886 }, // U+0300
    { 5, 4, 0, 2, 19, 3, 13889 }, // U+0301
    { 10, 4, 0, 1, 19, 5, 13892 }, // U+0302
    { 9, 3, 0, 2, 19, 4, 13897 }, // U+0303
    { 7, 2, 0, 2, 18, 2, 13901 }, // U+0304
    { 9, 4, 0, 1, 19, 5, 13903 }, // U+0306
    { 4, 4, 0, 2, 19, 2, 13908 }, // U+0307
    { 9, 3, 0, 3, 19, 4, 13910 }, // U+0308
    { 5, 4, 0, 1, 19, 3, 13914 }, // U+0309
    { 7, 6, 0, 1, 21, 6, 13917 }, // U+030A
    { 10, 4, 0, 1, 19, 5, 13923 }, // U+030C
    { 10, 4, 0, 2, 19, 5, 13928 }, // U+030F
    { 4, 7, 0, 6, 12, 4, 13933 }, // U+0313
    { 4, 7, 0, 6, 12, 4, 13937 }, // U+0315
    { 4, 7, 0, -6, 19, 4, 13941 }, // U+031B
    { 4, 4, 115, 2, -2, 2, 13945 }, // U+0323
    { 4, 5, 0, -10, -2, 3, 13947 }, // U+0326
    { 5, 6, 0, 3, 1, 4, 13950 }, // U+0327
    { 6, 5, 0, 1, 0, 4, 13954 }, // U+0328
    { 10, 4, 0, 1, -2, 5, 13958 }, // U+032C
    { 10, 17, 0, -13, 15, 22, 13963 }, // U+0337
    { 14, 20, 0, -15, 19, 35, 13985 }, // U+0338
    { 8, 3, 0, -12, 19, 3, 14020 }, // U+0342
    { 5, 5, 0, 0, 15, 4, 14023 }, // U+0343
    { 9, 5, 0, -12, 20, 6, 14027 }, // U+0346
    { 8, 6, 0, -11, -2, 6, 14033 }, // U+0347
    { 7, 5, 0, -11, -1, 5, 14039 }, // U+0348
    { 5, 5, 0, -10, -1, 4, 14044 }, // U+0349
    { 10, 5, 0, -13, 19, 7, 14048 }, // U+034A
    { 10, 11, 0, -13, 25, 14, 14055 }, // U+034B
    { 10, 6, 0, -13, 21, 8, 14069 }, // U+034C
    { 12, 5, 0, -14, -2, 8, 14077 }, // U+034D
    { 6, 6, 0, -11, -1, 5, 14085 }, // U+034E
    { 1, 1, 0, 0, 1, 1, 14090 }, // U+034F
    { 10, 9, 0, -12, 24, 12, 14091 }, // U+0350
    { 3, 5, 0, -9, 19, 2, 14103 }, // U+0351
    { 8, 8, 0, -12, 22, 8, 14105 }, // U+0352
    { 5, 5, 0, -10, -1, 4, 14113 }, // U+0353
    { 7, 6, 0, -11, -1, 6, 14117 }, // U+0354
    { 7, 6, 0, -11, -1, 6, 14123 }, // U+0355
    { 13, 6, 0, -13, -1, 10, 14129 }, // U+0356
    { 3, 6, 0, 1, 21, 3, 14139 }, // U+0357
    { 4, 4, 0, 2, 19, 2, 14142 }, // U+0358
    { 6, 6, 0, -11, -1, 5, 14144 }, // U+0359
    { 10, 5, 0, -13, -1, 7, 14149 }, // U+035A
    { 6, 6, 0, -11, 20, 5, 14156 }, // U+035B
    { 18, 5, 0, -10, -1, 12, 14161 }, // U+035C
    { 19, 5, 0, -10, 19, 12, 14173 }, // U+035D
    { 15, 2, 0, -15, 18, 4, 14185 }, // U+035E
    { 15, 2, 0, -15, -3, 4, 14189 }, // U+035F
    { 25, 4, 0, -13, 19, 13, 14193 }, // U+0360
    { 19, 4, 0, -10, 18, 10, 14206 }, // U+0361
    { 21, 5, 0, -10, -2, 14, 14216 }, // U+0362
    { 6, 7, 0, -11, 22, 6, 14230 }, // U+0363
    { 6, 7, 0, -11, 21, 6, 14236 }, // U+0364
    { 2, 9, 0, -9, 24, 3, 14242 }, // U+0365
    { 7, 7, 0, -11, 21, 7, 14245 }, // U+0366
    { 6, 6, 0, -11, 21, 5, 14252 }, // U+0367
    { 6, 7, 0, -11, 21, 6, 14257 }, // U+0368
    { 6, 9, 0, -11, 24, 7, 14263 }, // U+0369
    { 6, 9, 0, -11, 24, 7, 14270 }, // U+036A
    { 10, 6, 0, -13, 21, 8, 14277 }, // U+036B
    { 4, 6, 0, -9, 21, 3, 14285 }, // U+036C
    { 5, 8, 0, 0, 23, 5, 14288 }, // U+036D
    { 7, 6, 0, -11, 21, 6, 14293 }, // U+036E
    { 7, 6, 0, -11, 21, 6, 14299 }, // U+036F
    { 12, 24, 243, 2, 24, 36, 14305 }, // U+0400
    { 12, 24, 243, 2, 24, 36, 14341 }, // U+0401
    { 19, 19, 343, 1, 18, 46, 14377 }, // U+0402
    { 12, 24, 233, 2, 24, 36, 14423 }, // U+0403
    { 16, 18, 296, 1, 18, 36, 14459 }, // U+0404
    { 14, 18, 262, 1, 18, 32, 14495 }, // U+0405
    { 3, 18, 112, 2, 18, 7, 14527 }, // U+0406
    { 9, 24, 112, -1, 24, 27, 14534 }, // U+0407
    { 12, 18, 234, 1, 18, 27, 14561 }, // U+0408
    { 26, 18, 447, 1, 18, 59, 14588 }, // U+0409
    { 25, 18, 451, 2, 18, 57, 14647 }, // U+040A
    { 20, 18, 358, 1, 18, 45, 14704 }, // U+040B
    { 15, 24, 288, 2, 24, 45, 14749 }, // U+040C
    { 15, 24, 305, 2, 24, 45, 14794 }, // U+040D
    { 16, 24, 278, 1, 24, 48, 14839 }, // U+040E
    { 15, 22, 291, 2, 18, 42, 14887 }, // U+040F
    { 17, 18, 299, 1, 18, 39, 14929 }, // U+0410
    { 13, 18, 259, 2, 18, 30, 14968 }, // U+0411
    { 14, 18, 265, 2, 18, 32, 14998 }, // U+0412
    { 12, 18, 233, 2, 18, 27, 15030 }, // U+0413
    { 20, 22, 347, 1, 18, 55, 15057 }, // U+0414
    { 12, 18, 243, 2, 18, 27, 15112 }, // U+0415
    { 25, 18, 427, 1, 18, 57, 15139 }, // U+0416
    { 14, 18, 258, 1, 18, 32, 15196 }, // U+0417
    { 15, 18, 305, 2, 18, 34, 15228 }, // U+0418
    { 15, 24, 305, 2, 24, 45, 15262 }, // U+0419
    { 15, 18, 288, 2, 18, 34, 15307 }, // U+041A
    { 16, 18, 300, 1, 18, 36, 15341 }, // U+041B
    { 20, 18, 373, 2, 18, 45, 15377 }, // U+041C
    { 15, 18, 299, 2, 18, 34, 15422 }, // U+041D
    { 17, 18, 308, 1, 18, 39, 15456 }, // U+041E
    { 15, 18, 299, 2, 18, 34, 15495 }, // U+041F
    { 13, 18, 259, 2, 18, 30, 15529 }, // U+0420
    { 16, 18, 296, 1, 18, 36, 15559 }, // U+0421
    { 15, 18, 267, 1, 18, 34, 15595 }, // U+0422
    { 16, 18, 278, 1, 18, 36, 15629 }, // U+0423
    { 19, 20, 334, 1, 19, 48, 15665 }, // U+0424
    { 17, 18, 295, 1, 18, 39, 15713 }, // U+0425
    { 16, 22, 307, 2, 18, 44, 15752 }, // U+0426
    { 14, 18, 283, 2, 18, 32, 15796 }, // U+0427
    { 21, 18, 396, 2, 18, 48, 15828 }, // U+0428
    { 23, 22, 407, 2, 18, 64, 15876 }, // U+0429
    { 19, 18, 332, 1, 18, 43, 15940 }, // U+042A
    { 19, 18, 367, 2, 18, 43, 15983 }, // U+042B
    { 14, 18, 265, 2, 18, 32, 16026 }, // U+042C
    { 16, 18, 296, 1, 18, 36, 16058 }, // U+042D
    { 23, 18, 417, 2, 18, 52, 16094 }, // U+042E
    { 14, 18, 263, 1, 18, 32, 16146 }, // U+042F
    { 12, 14, 232, 1, 14, 21, 16178 }, // U+0430
    { 13, 18, 244, 1, 18, 30, 16199 }, // U+0431
    { 12, 14, 231, 2, 14, 21, 16229 }, // U+0432
    { 9, 14, 181, 2, 14, 16, 16250 }, // U+0433
    { 16, 18, 264, 0, 14, 36, 16266 }, // U+0434
    { 13, 14, 238, 1, 14, 23, 16302 }, // U+0435
    { 20, 14, 346, 1, 14, 35, 16325 }, // U+0436
    { 11, 14, 208, 1, 14, 20, 16360 }, // U+0437
    { 12, 14, 249, 2, 14, 21, 16380 }, // U+0438
    { 12, 19, 249, 2, 19, 29, 16401 }, // U+0439
    { 12, 14, 233, 2, 14, 21, 16430 }, // U+043A
    { 14, 14, 242, 0, 14, 25, 16451 }, // U+043B
    { 17, 14, 325, 2, 14, 30, 16476 }, // U+043C
    { 12, 14, 248, 2, 14, 21, 16506 }, // U+043D
    { 13, 14, 245, 1, 14, 23, 16527 }, // U+043E
    { 12, 14, 245, 2, 14, 21, 16550 }, // U+043F
    { 13, 19, 252, 2, 14, 31, 16571 }, // U+0440
    { 13, 14, 235, 1, 14, 23, 16602 }, // U+0441
    { 13, 14, 204, 0, 14, 23, 16625 }, // U+0442
    { 15, 19, 241, 0, 14, 36, 16648 }, // U+0443
    { 17, 23, 311, 1, 18, 49, 16684 }, // U+0444
    { 13, 14, 232, 1, 14, 23, 16733 }, // U+0445
    { 14, 18, 262, 2, 14, 32, 16756 }, // U+0446
    { 11, 14, 240, 2, 14, 20, 16788 }, // U+0447
    { 18, 14, 344, 2, 14, 32, 16808 }, // U+0448
    { 20, 18, 355, 2, 14, 45, 16840 }, // U+0449
    { 16, 14, 271, 0, 14, 28, 16885 }, // U+044A
    { 17, 14, 323, 2, 14, 30, 16913 }, // U+044B
    { 12, 14, 236, 2, 14, 21, 16943 }, // U+044C
    { 13, 14, 236, 1, 14, 23, 16964 }, // U+044D
    { 19, 14, 347, 2, 14, 34, 16987 }, // U+044E
    { 13, 14, 231, 0, 14, 23, 17021 }, // U+044F
    { 13, 19, 238, 1, 19, 31, 17044 }, // U+0450
    { 13, 19, 238, 1, 19, 31, 17075 }, // U+0451
    { 14, 23, 249, 0, 18, 41, 17106 }, // U+0452
    { 9, 19, 181, 2, 19, 22, 17147 }, // U+0453
    { 13, 14, 236, 1, 14, 23, 17169 }, // U+0454
    { 12, 14, 224, 1, 14, 21, 17192 }, // U+0455
    { 4, 19, 108, 1, 19, 10, 17213 }, // U+0456
    { 9, 19, 108, -1, 19, 22, 17223 }, // U+0457
    { 6, 24, 108, -1, 19, 18, 17245 }, // U+0458
    { 23, 14, 378, 0, 14, 41, 17263 }, // U+0459
    { 20, 14, 370, 2, 14, 35, 17304 }, // U+045A
    { 14, 18, 249, 0, 18, 32, 17339 }, // U+045B
    { 12, 19, 233, 2, 19, 29, 17371 }, // U+045C
    { 12, 19, 249, 2, 19, 29, 17400 }, // U+045D
    { 15, 24, 241, 0, 19, 45, 17429 }, // U+045E
    { 12, 18, 245, 2, 14, 27, 17474 }, // U+045F
    { 21, 18, 391, 2, 18, 48, 17501 }, // U+0460
    { 18, 14, 352, 2, 14, 32, 17549 }, // U+0461
    { 17, 18, 284, 0, 18, 39, 17581 }, // U+0462
    { 15, 18, 257, 0, 18, 34, 17620 }, // U+0463
    { 22, 18, 401, 2, 18, 50, 17654 }, // U+0464
    { 18, 14, 332, 2, 14, 32, 17704 }, // U+0465
    { 17, 18, 299, 1, 18, 39, 17736 }, // U+0466
    { 14, 14, 237, 0, 14, 25, 17775 }, // U+0467
    { 22, 18, 397, 2, 18, 50, 17800 }, // U+0468
    { 18, 14, 333, 2, 14, 32, 17850 }, // U+0469
    { 19, 18, 353, 2, 18, 43, 17882 }, // U+046A
    { 16, 14, 299, 1, 14, 28, 17925 }, // U+046B
    { 26, 18, 474, 2, 18, 59, 17953 }, // U+046C
    { 22, 14, 409, 2, 14, 39, 18012 }, // U+046D
    { 12, 28, 229, 1, 23, 42, 18051 }, // U+046E
    { 11, 24, 217, 1, 19, 33, 18093 }, // U+046F
    { 19, 18, 358, 2, 18, 43, 18126 }, // U+0470
    { 17, 22, 332, 2, 17, 47, 18169 }, // U+0471
    { 17, 18, 308, 1, 18, 39, 18216 }, // U+0472
    { 13, 14, 245, 1, 14, 23, 18255 }, // U+0473
    { 17, 18, 303, 1, 18, 39, 18278 }, // U+0474
    { 15, 14, 247, 0, 14, 27, 18317 }, // U+0475
    { 17, 24, 303, 1, 24, 51, 18344 }, // U+0476
    { 15, 19, 247, 0, 19, 36, 18395 }, // U+0477
    { 33, 23, 549, 1, 18, 95, 18431 }, // U+0478
    { 29, 19, 479, 1, 14, 69, 18526 }, // U+0479
    { 16, 18, 287, 1, 18, 36, 18595 }, // U+0480
    { 13, 18, 235, 1, 14, 30, 18631 }, // U+0481
    { 13, 16, 267, 2, 16, 26, 18661 }, // U+0482
    { 9, 5, 0, -12, 19, 6, 18687 }, // U+0483
    { 10, 3, 0, -12, 19, 4, 18693 }, // U+0484
    { 3, 4, 0, -8, 20, 2, 18697 }, // U+0485
    { 3, 4, 0, -8, 20, 2, 18699 }, // U+0486
    { 10, 3, 0, -13, 19, 4, 18701 }, // U+0487
    { 25, 22, 0, -20, 18, 69, 18705 }, // U+0488
    { 23, 23, 0, -19, 18, 67, 18774 }, // U+0489
    { 17, 28, 305, 2, 24, 60, 18841 }, // U+048A
    { 14, 23, 249, 2, 19, 41, 18901 }, // U+048B
    { 17, 18, 284, 0, 18, 39, 18942 }, // U+048C
    { 15, 17, 257, 0, 17, 32, 18981 }, // U+048D
    { 13, 18, 263, 2, 18, 30, 19013 }, // U+048E
    { 13, 19, 245, 2, 14, 31, 19043 }, // U+048F
    { 12, 22, 233, 2, 22, 33, 19074 }, // U+0490
    { 9, 17, 181, 2, 17, 20, 19107 }, // U+0491
    { 15, 18, 233, -1, 18, 34, 19127 }, // U+0492
    { 11, 14, 181, 0, 14, 20, 19161 }, // U+0493
    { 14, 19, 266, 2, 18, 34, 19181 }, // U+0494
    { 11, 18, 229, 2, 14, 25, 19215 }, // U+0495
    { 26, 22, 442, 1, 18, 72, 19240 }, // U+0496
    { 21, 18, 359, 1, 14, 48, 19312 }, // U+0497
    { 14, 23, 258, 1, 18, 41, 19360 }, // U+0498
    { 11, 19, 208, 1, 14, 27, 19401 }, // U+0499
    { 16, 22, 304, 2, 18, 44, 19428 }, // U+049A
    { 13, 18, 246, 2, 14, 30, 19472 }, // U+049B
    { 15, 18, 288, 2, 18, 34, 19502 }, // U+049C
    { 14, 14, 254, 2, 14, 25, 19536 }, // U+049D
    { 21, 18, 354, 1, 18, 48, 19561 }, // U+04A0
    { 17, 14, 269, 0, 14, 30, 19609 }, // U+04A1
    { 17, 22, 310, 2, 18, 47, 19639 }, // U+04A2
    { 14, 18, 260, 2, 14, 32, 19686 }, // U+04A3
    { 22, 18, 402, 2, 18, 50, 19718 }, // U+04A4
    { 15, 14, 284, 2, 14, 27, 19768 }, // U+04A5
    { 25, 19, 451, 2, 18, 60, 19795 }, // U+04A6
    { 20, 17, 376, 2, 14, 43, 19855 }, // U+04A7
    { 24, 18, 418, 1, 18, 54, 19898 }, // U+04A8
    { 20, 14, 336, 1, 14, 35, 19952 }, // U+04A9
    { 16, 23, 296, 1, 18, 46, 19987 }, // U+04AA
    { 13, 19, 235, 1, 14, 31, 20033 }, // U+04AB
    { 15, 22, 267, 1, 18, 42, 20064 }, // U+04AC
    { 13, 18, 204, 0, 14, 30, 20106 }, // U+04AD
    { 17, 18, 292, 1, 18, 39, 20136 }, // U+04AE
    { 15, 19, 240, 0, 14, 36, 20175 }, // U+04AF
    { 17, 18, 292, 1, 18, 39, 20211 }, // U+04B0
    { 15, 19, 240, 0, 14, 36, 20250 }, // U+04B1
    { 18, 22, 309, 1, 18, 50, 20286 }, // U+04B2
    { 14, 18, 245, 1, 14, 32, 20336 }, // U+04B3
    { 22, 22, 380, 1, 18, 61, 20368 }, // U+04B4
    { 17, 18, 284, 0, 14, 39, 20429 }, // U+04B5
    { 16, 22, 294, 2, 18, 44, 20468 }, // U+04B6
    { 13, 18, 252, 2, 14, 30, 20512 }, // U+04B7
    { 14, 18, 283, 2, 18, 32, 20542 }, // U+04B8
    { 11, 14, 240, 2, 14, 20, 20574 }, // U+04B9
    { 14, 18, 283, 2, 18, 32, 20594 }, // U+04BA
    { 12, 18, 249, 2, 18, 27, 20626 }, // U+04BB
    { 21, 18, 356, 0, 18, 48, 20653 }, // U+04BC
    { 18, 14, 302, 0, 14, 32, 20701 }, // U+04BD
    { 21, 22, 356, 0, 18, 58, 20733 }, // U+04BE
    { 18, 19, 302, 0, 14, 43, 20791 }, // U+04BF
    { 3, 18, 112, 2, 18, 7, 20834 }, // U+04C0
    { 25, 24, 427, 1, 24, 75, 20841 }, // U+04C1
    { 20, 19, 346, 1, 19, 48, 20916 }, // U+04C2
    { 14, 22, 278, 2, 18, 39, 20964 }, // U+04C3
    { 12, 18, 249, 2, 14, 27, 21003 }, // U+04C4
    { 18, 22, 300, 1, 18, 50, 21030 }, // U+04C5
    { 16, 18, 242, 0, 14, 36, 21080 }, // U+04C6
    { 15, 23, 299, 2, 18, 44, 21116 }, // U+04C7
    { 12, 19, 248, 2, 14, 29, 21160 }, // U+04C8
    { 17, 22, 299, 2, 18, 47, 21189 }, // U+04C9
    { 14, 18, 248, 2, 14, 32, 21236 }, // U+04CA
    { 16, 22, 294, 2, 18, 44, 21268 }, // U+04CB
    { 13, 18, 252, 2, 14, 30, 21312 }, // U+04CC
    { 22, 22, 373, 2, 18, 61, 21342 }, // U+04CD
    { 19, 18, 325, 2, 14, 43, 21403 }, // U+04CE
    { 3, 18, 108, 2, 18, 7, 21446 }, // U+04CF
    { 17, 24, 299, 1, 24, 51, 21453 }, // U+04D0
    { 12, 19, 232, 1, 19, 29, 21504 }, // U+04D1
    { 17, 24, 299, 1, 24, 51, 21533 }, // U+04D2
    { 12, 19, 232, 1, 19, 29, 21584 }, // U+04D3
    { 23, 18, 409, 1, 18, 52, 21613 }, // U+04D4
    { 21, 14, 364, 1, 14, 37, 21665 }, // U+04D5
    { 12, 24, 243, 2, 24, 36, 21702 }, // U+04D6
    { 13, 19, 238, 1, 19, 31, 21738 }, // U+04D7
    { 17, 18, 299, 1, 18, 39, 21769 }, // U+04D8
    { 13, 14, 238, 1, 14, 23, 21808 }, // U+04D9
    { 17, 24, 299, 1, 24, 51, 21831 }, // U+04DA
    { 13, 19, 238, 1, 19, 31, 21882 }, // U+04DB
    { 25, 24, 427, 1, 24, 75, 21913 }, // U+04DC
    { 20, 19, 346, 1, 19, 48, 21988 }, // U+04DD
    { 14, 24, 258, 1, 24, 42, 22036 }, // U+04DE
    { 11, 19, 208, 1, 19, 27, 22078 }, // U+04DF
    { 14, 18, 259, 1, 18, 32, 22105 }, // U+04E0
    { 14, 18, 259, 1, 13, 32, 22137 }, // U+04E1
    { 15, 23, 305, 2, 23, 44, 22169 }, // U+04E2
    { 12, 18, 249, 2, 18, 27, 22213 }, // U+04E3
    { 15, 24, 305, 2, 24, 45, 22240 }, // U+04E4
    { 12, 19, 249, 2, 19, 29, 22285 }, // U+04E5
    { 17, 24, 308, 1, 24, 51, 22314 }, // U+04E6
    { 13, 19, 245, 1, 19, 31, 22365 }, // U+04E7
    { 17, 18, 308, 1, 18, 39, 22396 }, // U+04E8
    { 13, 14, 245, 1, 14, 23, 22435 }, // U+04E9
    { 17, 24, 308, 1, 24, 51, 22458 }, // U+04EA
    { 13, 19, 245, 1, 19, 31, 22509 }, // U+04EB
    { 16, 24, 296, 1, 24, 48, 22540 }, // U+04EC
    { 13, 19, 236, 1, 19, 31, 22588 }, // U+04ED
    { 16, 23, 278, 1, 23, 46, 22619 }, // U+04EE
    { 15, 23, 241, 0, 18, 44, 22665 }, // U+04EF
    { 16, 24, 278, 1, 24, 48, 22709 }, // U+04F0
    { 15, 24, 241, 0, 19, 45, 22757 }, // U+04F1
    { 16, 24, 278, 1, 24, 48, 22802 }, // U+04F2
    { 15, 24, 241, 0, 19, 45, 22850 }, // U+04F3
    { 14, 24, 283, 2, 24, 42, 22895 }, // U+04F4
    { 11, 19, 240, 2, 19, 27, 22937 }, // U+04F5
    { 12, 22, 233, 2, 18, 33, 22964 }, // U+04F6
    { 9, 18, 181, 2, 14, 21, 22997 }, // U+04F7
    { 19, 24, 367, 2, 24, 57, 23018 }, // U+04F8
    { 17, 19, 323, 2, 19, 41, 23075 }, // U+04F9
    { 15, 23, 248, 0, 18, 44, 23116 }, // U+04FA
    { 11, 19, 181, 0, 14, 27, 23160 }, // U+04FB
    { 18, 23, 316, 1, 18, 52, 23187 }, // U+04FC
    { 12, 19, 216, 1, 14, 29, 23239 }, // U+04FD
    { 17, 18, 295, 1, 18, 39, 23268 }, // U+04FE
    { 13, 14, 232, 1, 14, 23, 23307 }, // U+04FF
    { 17, 24, 299, 1, 18, 51, 23330 }, // U+1EA0
    { 12, 20, 232, 1, 14, 30, 23381 }, // U+1EA1
    { 17, 24, 299, 1, 24, 51, 23411 }, // U+1EA2
    { 12, 19, 232, 1, 19, 29, 23462 }, // U+1EA3
    { 17, 28, 299, 1, 28, 60, 23491 }, // U+1EA4
    { 13, 23, 232, 1, 23, 38, 23551 }, // U+1EA5
    { 17, 28, 299, 1, 28, 60, 23589 }, // U+1EA6
    { 12, 23, 232, 1, 23, 35, 23649 }, // U+1EA7
    { 17, 28, 299, 1, 28, 60, 23684 }, // U+1EA8
    { 12, 23, 232, 1, 23, 35, 23744 }, // U+1EA9
    { 17, 28, 299, 1, 28, 60, 23779 }, // U+1EAA
    { 12, 23, 232, 1, 23, 35, 23839 }, // U+1EAB
    { 17, 30, 299, 1, 24, 64, 23874 }, // U+1EAC
    { 12, 25, 232, 1, 19, 38, 23938 }, // U+1EAD
    { 17, 28, 299, 1, 28, 60, 23976 }, // U+1EAE
    { 12, 23, 232, 1, 23, 35, 24036 }, // U+1EAF
    { 17, 28, 299, 1, 28, 60, 24071 }, // U+1EB0
    { 12, 23, 232, 1, 23, 35, 24131 }, // U+1EB1
    { 17, 28, 299, 1, 28, 60, 24166 }, // U+1EB2
    { 12, 23, 232, 1, 23, 35, 24226 }, // U+1EB3
    { 17, 28, 299, 1, 28, 60, 24261 }, // U+1EB4
    { 12, 23, 232, 1, 23, 35, 24321 }, // U+1EB5
    { 17, 30, 299, 1, 24, 64, 24356 }, // U+1EB6
    { 12, 25, 232, 1, 19, 38, 24420 }, // U+1EB7
    { 12, 24, 243, 2, 18, 36, 24458 }, // U+1EB8
    { 13, 20, 238, 1, 14, 33, 24494 }, // U+1EB9
    { 12, 24, 243, 2, 24, 36, 24527 }, // U+1EBA
    { 13, 19, 238, 1, 19, 31, 24563 }, // U+1EBB
    { 12, 24, 243, 2, 24, 36, 24594 }, // U+1EBC
    { 13, 19, 238, 1, 19, 31, 24630 }, // U+1EBD
    { 12, 28, 243, 2, 28, 42, 24661 }, // U+1EBE
    { 13, 23, 238, 1, 23, 38, 24703 }, // U+1EBF
    { 12, 28, 243, 2, 28, 42, 24741 }, // U+1EC0
    { 13, 23, 238, 1, 23, 38, 24783 }, // U+1EC1
    { 12, 28, 243, 2, 28, 42, 24821 }, // U+1EC2
    { 13, 23, 238, 1, 23, 38, 24863 }, // U+1EC3
    { 12, 28, 243, 2, 28, 42, 24901 }, // U+1EC4
    { 13, 23, 238, 1, 23, 38, 24943 }, // U+1EC5
    { 12, 30, 243, 2, 24, 45, 24981 }, // U+1EC6
    { 13, 25, 238, 1, 19, 41, 25026 }, // U+1EC7
    { 5, 24, 112, 1, 24, 15, 25067 }, // U+1EC8
    { 5, 19, 108, 1, 19, 12, 25082 }, // U+1EC9
    { 4, 24, 112, 2, 18, 12, 25094 }, // U+1ECA
    { 4, 25, 108, 1, 19, 13, 25106 }, // U+1ECB
    { 17, 24, 308, 1, 18, 51, 25119 }, // U+1ECC
    { 13, 20, 245, 1, 14, 33, 25170 }, // U+1ECD
    { 17, 24, 308, 1, 24, 51, 25203 }, // U+1ECE
    { 13, 19, 245, 1, 19, 31, 25254 }, // U+1ECF
    { 17, 28, 308, 1, 28, 60, 25285 }, // U+1ED0
    { 13, 23, 245, 1, 23, 38, 25345 }, // U+1ED1
    { 17, 28, 308, 1, 28, 60, 25383 }, // U+1ED2
    { 13, 23, 245, 1, 23, 38, 25443 }, // U+1ED3
    { 17, 28, 308, 1, 28, 60, 25481 }, // U+1ED4
    { 13, 23, 245, 1, 23, 38, 25541 }, // U+1ED5
    { 17, 28, 308, 1, 28, 60, 25579 }, // U+1ED6
    { 13, 23, 245, 1, 23, 38, 25639 }, // U+1ED7
    { 17, 30, 308, 1, 24, 64, 25677 }, // U+1ED8
    { 13, 25, 245, 1, 19, 41, 25741 }, // U+1ED9
    { 17, 24, 312, 1, 24, 51, 25782 }, // U+1EDA
    { 14, 19, 245, 1, 19, 34, 25833 }, // U+1EDB
    { 17, 24, 312, 1, 24, 51, 25867 }, // U+1EDC
    { 14, 19, 245, 1, 19, 34, 25918 }, // U+1EDD
    { 17, 24, 312, 1, 24, 51, 25952 }, // U+1EDE
    { 14, 19, 245, 1, 19, 34, 26003 }, // U+1EDF
    { 17, 24, 312, 1, 24, 51, 26037 }, // U+1EE0
    { 14, 19, 245, 1, 19, 34, 26088 }, // U+1EE1
    { 17, 27, 312, 1, 21, 58, 26122 }, // U+1EE2
    { 14, 23, 245, 1, 17, 41, 26180 }, // U+1EE3
    { 15, 24, 293, 2, 18, 45, 26221 }, // U+1EE4
    { 12, 20, 249, 2, 14, 30, 26266 }, // U+1EE5
    { 15, 24, 293, 2, 24, 45, 26296 }, // U+1EE6
    { 12, 19, 249, 2, 19, 29, 26341 }, // U+1EE7
    { 17, 24, 292, 2, 24, 51, 26370 }, // U+1EE8
    { 14, 19, 264, 2, 19, 34, 26421 }, // U+1EE9
    { 17, 24, 292, 2, 24, 51, 26455 }, // U+1EEA
    { 14, 19, 264, 2, 19, 34, 26506 }, // U+1EEB
    { 17, 24, 292, 2, 24, 51, 26540 }, // U+1EEC
    { 14, 19, 264, 2, 19, 34, 26591 }, // U+1EED
    { 17, 24, 292, 2, 24, 51, 26625 }, // U+1EEE
    { 14, 19, 264, 2, 19, 34, 26676 }, // U+1EEF
    { 17, 27, 292, 2, 21, 58, 26710 }, // U+1EF0
    { 14, 23, 264, 2, 17, 41, 26768 }, // U+1EF1
    { 17, 24, 292, 1, 24, 51, 26809 }, // U+1EF2
    { 15, 24, 241, 0, 19, 45, 26860 }, // U+1EF3
    { 17, 24, 292, 1, 18, 51, 26905 }, // U+1EF4
    { 15, 20, 241, 0, 14, 38, 26956 }, // U+1EF5
    { 17, 24, 292, 1, 24, 51, 26994 }, // U+1EF6
    { 15, 24, 241, 0, 19, 45, 27045 }, // U+1EF7
    { 17, 24, 292, 1, 24, 51, 27090 }, // U+1EF8
    { 15, 24, 241, 0, 19, 45, 27141 }, // U+1EF9
    { 1, 1, 227, 0, 1, 1, 27186 }, // U+2000
    { 1, 1, 451, 0, 1, 1, 27187 }, // U+2001
    { 1, 1, 200, 0, 1, 1, 27188 }, // U+2002
    { 1, 1, 400, 0, 1, 1, 27189 }, // U+2003
    { 1, 1, 134, 0, 1, 1, 27190 }, // U+2004
    { 1, 1, 100, 0, 1, 1, 27191 }, // U+2005
    { 1, 1, 66, 0, 1, 1, 27192 }, // U+2006
    { 1, 1, 259, 0, 1, 1, 27193 }, // U+2007
    { 1, 1, 134, 0, 1, 1, 27194 }, // U+2008
    { 1, 1, 63, 0, 1, 1, 27195 }, // U+2009
    { 1, 1, 31, 0, 1, 1, 27196 }, // U+200A
    { 1, 1, 0, 0, 1, 1, 27197 }, // U+200B
    { 8, 3, 181, 2, 9, 3, 27198 }, // U+2010
    { 8, 3, 181, 2, 9, 3, 27201 }, // U+2011
    { 14, 3, 259, 1, 10, 6, 27204 }, // U+2012
    { 13, 3, 200, 0, 9, 5, 27210 }, // U+2013
    { 25, 3, 400, 0, 9, 10, 27215 }, // U+2014
    { 25, 3, 400, 0, 9, 10, 27225 }, // U+2015
    { 8, 30, 226, 3, 24, 30, 27235 }, // U+2016
    { 12, 5, 190, 0, 0, 8, 27265 }, // U+2017
    { 5, 7, 124, 2, 18, 5, 27273 }, // U+2018
    { 5, 7, 124, 2, 18, 5, 27278 }, // U+2019
    { 5, 7, 115, 1, 3, 5, 27283 }, // U+201A
    { 5, 7, 124, 1, 18, 5, 27288 }, // U+201B
    { 10, 7, 216, 2, 18, 9, 27293 }, // U+201C
    { 10, 7, 213, 2, 18, 9, 27302 }, // U+201D
    { 11, 7, 204, 1, 3, 10, 27311 }, // U+201E
    { 10, 7, 213, 1, 18, 9, 27321 }, // U+201F
    { 11, 13, 233, 2, 18, 18, 27330 }, // U+2020
    { 11, 18, 233, 2, 18, 25, 27348 }, // U+2021
    { 8, 8, 190, 2, 11, 8, 27373 }, // U+2022
    { 7, 8, 190, 3, 11, 7, 27381 }, // U+2023
    { 4, 4, 134, 2, 4, 2, 27388 }, // U+2024
    { 13, 4, 267, 2, 4, 7, 27390 }, // U+2025
    { 21, 4, 401, 2, 4, 11, 27397 }, // U+2026
    { 4, 4, 134, 2, 11, 2, 27408 }, // U+2027
    { 1, 1, 63, 0, 1, 1, 27410 }, // U+202F
    { 30, 18, 556, 2, 18, 68, 27411 }, // U+2030
    { 40, 18, 705, 2, 18, 90, 27479 }, // U+2031
    { 4, 7, 110, 1, 18, 4, 27569 }, // U+2032
    { 11, 7, 219, 1, 18, 10, 27573 }, // U+2033
    { 18, 7, 328, 1, 18, 16, 27583 }, // U+2034
    { 4, 7, 110, 1, 18, 4, 27599 }, // U+2035
    { 11, 7, 219, 1, 18, 10, 27603 }, // U+2036
    { 18, 7, 328, 1, 18, 16, 27613 }, // U+2037
    { 11, 6, 219, 1, -1, 9, 27629 }, // U+2038
    { 9, 11, 172, 1, 13, 13, 27638 }, // U+2039
    { 9, 11, 172, 1, 13, 13, 27651 }, // U+203A
    { 16, 15, 324, 2, 16, 30, 27664 }, // U+203B
    { 13, 18, 270, 2, 18, 30, 27694 }, // U+203C
    { 12, 18, 223, 1, 18, 27, 27724 }, // U+203D
    { 12, 3, 199, 0, 21, 5, 27751 }, // U+203E
    { 20, 5, 340, 1, -1, 13, 27756 }, // U+203F
    { 20, 5, 340, 1, 19, 13, 27769 }, // U+2040
    { 10, 14, 191, 1, 8, 18, 27782 }, // U+2041
    { 15, 14, 305, 2, 16, 27, 27800 }, // U+2042
    { 7, 3, 190, 2, 9, 3, 27827 }, // U+2043
    { 15, 18, 84, -5, 18, 34, 27830 }, // U+2044
    { 6, 22, 151, 2, 19, 17, 27864 }, // U+2045
    { 6, 22, 151, 1, 19, 17, 27881 }, // U+2046
    { 26, 18, 448, 1, 18, 59, 27898 }, // U+2047
    { 19, 18, 359, 1, 18, 43, 27957 }, // U+2048
    { 19, 18, 359, 2, 18, 43, 28000 }, // U+2049
    { 10, 19, 187, 1, 14, 24, 28043 }, // U+204A
    { 12, 18, 239, 2, 18, 27, 28067 }, // U+204B
    { 11, 10, 244, 2, 12, 14, 28094 }, // U+204C
    { 11, 10, 244, 2, 12, 14, 28108 }, // U+204D
    { 10, 10, 224, 2, 8, 13, 28122 }, // U+204E
    { 5, 18, 137, 2, 13, 12, 28135 }, // U+204F
    { 20, 25, 339, 1, 19, 63, 28147 }, // U+2050
    { 10, 22, 230, 3, 18, 28, 28210 }, // U+2051
    { 18, 18, 328, 1, 18, 41, 28238 }, // U+2052
    { 17, 5, 304, 1, 11, 11, 28279 }, // U+2053
    { 20, 5, 340, 1, -1, 13, 28290 }, // U+2054
    { 13, 13, 287, 2, 13, 22, 28303 }, // U+2055
    { 25, 7, 437, 1, 18, 22, 28325 }, // U+2057
    { 1, 1, 118, 0, 1, 1, 28347 }, // U+205F
    { 10, 10, 198, 1, 21, 13, 28348 }, // U+2070
    { 3, 11, 89, 1, 22, 5, 28361 }, // U+2071
    { 10, 10, 195, 1, 21, 13, 28366 }, // U+2074
    { 9, 10, 190, 2, 21, 12, 28379 }, // U+2075
    { 10, 10, 190, 1, 21, 13, 28391 }, // U+2076
    { 9, 10, 170, 1, 21, 12, 28404 }, // U+2077
    { 10, 10, 192, 1, 21, 13, 28416 }, // U+2078
    { 10, 10, 190, 1, 21, 13, 28429 }, // U+2079
    { 8, 7, 188, 2, 19, 7, 28442 }, // U+207A
    { 8, 3, 188, 2, 17, 3, 28449 }, // U+207B
    { 8, 6, 188, 2, 19, 6, 28452 }, // U+207C
    { 4, 13, 116, 2, 22, 7, 28458 }, // U+207D
    { 5, 13, 116, 1, 22, 9, 28465 }, // U+207E
    { 9, 8, 185, 1, 19, 9, 28474 }, // U+207F
    { 10, 10, 198, 1, 6, 13, 28483 }, // U+2080
    { 6, 10, 133, 1, 6, 8, 28496 }, // U+2081
    { 9, 10, 184, 1, 6, 12, 28504 }, // U+2082
    { 10, 10, 189, 1, 6, 13, 28516 }, // U+2083
    { 10, 10, 195, 1, 6, 13, 28529 }, // U+2084
    { 9, 10, 190, 2, 6, 12, 28542 }, // U+2085
    { 10, 10, 190, 1, 6, 13, 28554 }, // U+2086
    { 9, 10, 170, 1, 6, 12, 28567 }, // U+2087
    { 10, 10, 192, 1, 6, 13, 28579 }, // U+2088
    { 10, 10, 190, 1, 6, 13, 28592 }, // U+2089
    { 8, 7, 188, 2, 4, 7, 28605 }, // U+208A
    { 8, 3, 188, 2, 2, 3, 28612 }, // U+208B
    { 8, 6, 188, 2, 4, 6, 28615 }, // U+208C
    { 4, 13, 116, 2, 7, 7, 28621 }, // U+208D
    { 5, 13, 116, 1, 7, 9, 28628 }, // U+208E
    { 8, 8, 169, 1, 4, 8, 28637 }, // U+2090
    { 9, 8, 174, 1, 4, 9, 28645 }, // U+2091
    { 9, 8, 178, 1, 4, 9, 28654 }, // U+2092
    { 9, 8, 174, 1, 4, 9, 28663 }, // U+2093
    { 10, 10, 192, 1, 5, 13, 28672 }, // U+2094
    { 9, 10, 185, 1, 6, 12, 28685 }, // U+2095
    { 9, 10, 171, 1, 6, 12, 28697 }, // U+2096
    { 3, 10, 89, 1, 6, 4, 28709 }, // U+2097
    { 14, 8, 261, 1, 4, 14, 28713 }, // U+2098
    { 9, 8, 185, 1, 4, 9, 28727 }, // U+2099
    { 9, 11, 183, 1, 4, 13, 28736 }, // U+209A
    { 8, 8, 167, 1, 4, 8, 28749 }, // U+209B
    { 5, 9, 110, 1, 5, 6, 28757 }, // U+209C
    { 17, 19, 304, 1, 19, 41, 28763 }, // U+20A0
    { 16, 22, 296, 1, 20, 44, 28804 }, // U+20A1
    { 16, 18, 291, 1, 18, 36, 28848 }, // U+20A2
    { 14, 18, 246, 0, 18, 32, 28884 }, // U+20A3
    { 14, 18, 255, 1, 18, 32, 28916 }, // U+20A4
    { 19, 18, 346, 2, 16, 43, 28948 }, // U+20A5
    { 19, 18, 303, 0, 18, 43, 28991 }, // U+20A6
    { 23, 18, 406, 2, 18, 52, 29034 }, // U+20A7
    { 26, 18, 470, 2, 18, 59, 29086 }, // U+20A8
    { 24, 18, 416, 1, 18, 54, 29145 }, // U+20A9
    { 19, 14, 369, 2, 14, 34, 29199 }, // U+20AA
    { 15, 23, 252, 1, 18, 44, 29233 }, // U+20AB
    { 15, 18, 274, 1, 18, 34, 29277 }, // U+20AC
    { 19, 18, 320, 1, 18, 43, 29311 }, // U+20AD
    { 15, 18, 267, 1, 18, 34, 29354 }, // U+20AE
    { 35, 25, 584, 1, 20, 110, 29388 }, // U+20AF
    { 16, 18, 286, 1, 18, 36, 29498 }, // U+20B1
    { 17, 23, 300, 1, 21, 49, 29534 }, // U+20B2
    { 17, 18, 299, 1, 18, 39, 29583 }, // U+20B3
    { 14, 18, 296, 2, 18, 32, 29622 }, // U+20B4
    { 16, 23, 296, 1, 21, 46, 29654 }, // U+20B5
    { 15, 18, 267, 1, 18, 34, 29700 }, // U+20B8
    { 12, 18, 229, 1, 18, 27, 29734 }, // U+20B9
    { 14, 18, 258, 1, 18, 32, 29761 }, // U+20BA
    { 15, 14, 304, 2, 14, 27, 29793 }, // U+20BC
    { 17, 18, 297, 1, 18, 39, 29820 }, // U+20BD
    { 15, 18, 304, 2, 18, 34, 29859 }, // U+20BE
    { 14, 22, 265, 2, 20, 39, 29893 }, // U+20BF
    { 19, 18, 382, 2, 17, 43, 29932 }, // U+2190
    { 18, 19, 362, 2, 19, 43, 29975 }, // U+2191
    { 18, 18, 382, 3, 17, 41, 30018 }, // U+2192
    { 18, 18, 362, 2, 18, 41, 30059 }, // U+2193
    { 29, 16, 536, 2, 16, 58, 30100 }, // U+2194
    { 17, 28, 343, 2, 22, 60, 30158 }, // U+2195
    { 14, 14, 313, 3, 14, 25, 30218 }, // U+2196
    { 14, 14, 313, 3, 14, 25, 30243 }, // U+2197
    { 14, 14, 313, 3, 14, 25, 30268 }, // U+2198
    { 14, 14, 313, 3, 14, 25, 30293 }, // U+2199
    { 25, 20, 463, 2, 19, 63, 30318 }, // U+21A9
    { 25, 20, 463, 2, 19, 63, 30381 }, // U+21AA
    { 21, 19, 405, 2, 19, 50, 30444 }, // U+21B0
    { 21, 19, 405, 2, 19, 50, 30494 }, // U+21B1
    { 21, 16, 405, 2, 18, 42, 30544 }, // U+21B3
    { 18, 18, 358, 2, 18, 41, 30586 }, // U+21B4
    { 21, 16, 405, 2, 18, 42, 30627 }, // U+21B5
    { 18, 23, 382, 3, 23, 52, 30669 }, // U+21BA
    { 18, 23, 382, 3, 23, 52, 30721 }, // U+21BB
    { 19, 18, 382, 2, 17, 43, 30773 }, // U+21D0
    { 18, 18, 382, 3, 17, 41, 30816 }, // U+21D2
    { 29, 18, 536, 2, 17, 66, 30857 }, // U+21D4
    { 12, 19, 254, 2, 19, 29, 30923 }, // U+21DE
    { 12, 19, 254, 2, 18, 29, 30952 }, // U+21DF
    { 22, 12, 420, 2, 15, 33, 30981 }, // U+21E4
    { 22, 12, 420, 2, 15, 33, 31014 }, // U+21E5
    { 24, 20, 440, 2, 20, 60, 31047 }, // U+21E7
    { 24, 25, 440, 2, 20, 75, 31107 }, // U+21EA
    { 13, 18, 268, 2, 18, 30, 31182 }, // U+2202
    { 15, 15, 276, 1, 14, 29, 31212 }, // U+2205
    { 17, 18, 297, 1, 18, 39, 31241 }, // U+2206
    { 13, 21, 307, 3, 18, 35, 31280 }, // U+220F
    { 15, 21, 296, 2, 18, 40, 31315 }, // U+2211
    { 13, 3, 271, 2, 9, 5, 31355 }, // U+2212
    { 13, 18, 268, 2, 18, 30, 31360 }, // U+221A
    { 22, 11, 392, 1, 13, 31, 31390 }, // U+221E
    { 11, 25, 156, -1, 19, 35, 31421 }, // U+222B
    { 4, 13, 134, 2, 16, 7, 31456 }, // U+2236
    { 13, 11, 271, 2, 13, 18, 31463 }, // U+2248
    { 13, 14, 271, 2, 14, 23, 31481 }, // U+2260
    { 13, 13, 271, 2, 14, 22, 31504 }, // U+2264
    { 13, 13, 271, 2, 14, 22, 31526 }, // U+2265
    { 34, 34, 556, 0, 26, 145, 31548 }, // U+2295
    { 34, 34, 556, 0, 26, 145, 31693 }, // U+2296
    { 34, 34, 556, 0, 26, 145, 31838 }, // U+2297
    { 34, 34, 556, 0, 26, 145, 31983 }, // U+2298
};

static const EpdUnicodeInterval inter_ui_12_boldIntervals[] = {
    { 0x0, 0x0, 0x0 },
    { 0x20, 0x7E, 0x1 },
    { 0xA0, 0xAC, 0x60 },
    { 0xAE, 0xFF, 0x6D },
    { 0x100, 0x148, 0xBF },
    { 0x14A, 0x17F, 0x108 },
    { 0x1A0, 0x1A1, 0x13E },
    { 0x1AF, 0x1B0, 0x140 },
    { 0x1C5, 0x21F, 0x142 },
    { 0x300, 0x304, 0x19D },
    { 0x306, 0x30A, 0x1A2 },
    { 0x30C, 0x30C, 0x1A7 },
    { 0x30F, 0x30F, 0x1A8 },
    { 0x313, 0x313, 0x1A9 },
    { 0x315, 0x315, 0x1AA },
    { 0x31B, 0x31B, 0x1AB },
    { 0x323, 0x323, 0x1AC },
    { 0x326, 0x328, 0x1AD },
    { 0x32C, 0x32C, 0x1B0 },
    { 0x337, 0x338, 0x1B1 },
    { 0x342, 0x343, 0x1B3 },
    { 0x346, 0x36F, 0x1B5 },
    { 0x400, 0x479, 0x1DF },
    { 0x480, 0x49D, 0x259 },
    { 0x4A0, 0x4FF, 0x277 },
    { 0x1EA0, 0x1EF9, 0x2D7 },
    { 0x2000, 0x200B, 0x331 },
    { 0x2010, 0x2027, 0x33D },
    { 0x202F, 0x2055, 0x355 },
    { 0x2057, 0x2057, 0x37C },
    { 0x205F, 0x205F, 0x37D },
    { 0x2070, 0x2071, 0x37E },
    { 0x2074, 0x208E, 0x380 },
    { 0x2090, 0x209C, 0x39B },
    { 0x20A0, 0x20AF, 0x3A8 },
    { 0x20B1, 0x20B5, 0x3B8 },
    { 0x20B8, 0x20BA, 0x3BD },
    { 0x20BC, 0x20BF, 0x3C0 },
    { 0x2190, 0x2199, 0x3C4 },
    { 0x21A9, 0x21AA, 0x3CE },
    { 0x21B0, 0x21B1, 0x3D0 },
    { 0x21B3, 0x21B5, 0x3D2 },
    { 0x21BA, 0x21BB, 0x3D5 },
    { 0x21D0, 0x21D0, 0x3D7 },
    { 0x21D2, 0x21D2, 0x3D8 },
    { 0x21D4, 0x21D4, 0x3D9 },
    { 0x21DE, 0x21DF, 0x3DA },
    { 0x21E4, 0x21E5, 0x3DC },
    { 0x21E7, 0x21E7, 0x3DE },
    { 0x21EA, 0x21EA, 0x3DF },
    { 0x2202, 0x2202, 0x3E0 },
    { 0x2205, 0x2206, 0x3E1 },
    { 0x220F, 0x220F, 0x3E3 },
    { 0x2211, 0x2212, 0x3E4 },
    { 0x221A, 0x221A, 0x3E6 },
    { 0x221E, 0x221E, 0x3E7 },
    { 0x222B, 0x222B, 0x3E8 },
    { 0x2236, 0x2236, 0x3E9 },
    { 0x2248, 0x2248, 0x3EA },
    { 0x2260, 0x2260, 0x3EB },
    { 0x2264, 0x2265, 0x3EC },
    { 0x2295, 0x2298, 0x3EE },
};

static const EpdKernClassEntry inter_ui_12_boldKernLeftClasses[] = {
    { 0x0022, 1 }, // "
    { 0x0024, 2 }, // $
    { 0x0025, 3 }, // %
    { 0x0026, 4 }, // &
    { 0x0027, 1 }, // '
    { 0x0028, 5 }, // (
    { 0x0029, 6 }, // )
    { 0x002A, 7 }, // *
    { 0x002B, 8 }, // +
    { 0x002C, 9 }, // ,
    { 0x002D, 8 }, // -
    { 0x002E, 9 }, // .
    { 0x002F, 10 }, // /
    { 0x0030, 11 }, // 0
    { 0x0031, 12 }, // 1
    { 0x0032, 13 }, // 2
    { 0x0033, 14 }, // 3
    { 0x0034, 15 }, // 4
    { 0x0035, 16 }, // 5
    { 0x0036, 17 }, // 6
    { 0x0037, 18 }, // 7
    { 0x0038, 14 }, // 8
    { 0x0039, 11 }, // 9
    { 0x003A, 19 }, // :
    { 0x003B, 19 }, // ;
    { 0x003D, 20 }, // =
    { 0x003E, 21 }, // >
    { 0x003F, 22 }, // ?
    { 0x0040, 23 }, // @
    { 0x0041, 24 }, // A
    { 0x0042, 25 }, // B
    { 0x0043, 26 }, // C
    { 0x0044, 23 }, // D
    { 0x0045, 27 }, // E
    { 0x0046, 28 }, // F
    { 0x0047, 29 }, // G
    { 0x0048, 12 }, // H
    { 0x0049, 12 }, // I
    { 0x004A, 30 }, // J
    { 0x004B, 31 }, // K
    { 0x004C, 32 }, // L
    { 0x004D, 12 }, // M
    { 0x004E, 12 }, // N
    { 0x004F, 23 }, // O
    { 0x0050, 33 }, // P
    { 0x0051, 23 }, // Q
    { 0x0052, 34 }, // R
    { 0x0053, 2 }, // S
    { 0x0054, 35 }, // T
    { 0x0055, 30 }, // U
    { 0x0056, 36 }, // V
    { 0x0057, 37 }, // W
    { 0x0058, 38 }, // X
    { 0x0059, 39 }, // Y
    { 0x005A, 40 }, // Z
    { 0x005B, 41 }, // [
    { 0x005C, 42 }, // <backslash>
    { 0x005D, 6 }, // ]
    { 0x005E, 7 }, // ^
    { 0x005F, 43 }, // _
    { 0x0061, 44 }, // a
    { 0x0062, 45 }, // b
    { 0x0063, 45 }, // c
    { 0x0064, 12 }, // d
    { 0x0065, 45 }, // e
    { 0x0066, 46 }, // f
    { 0x0067, 47 }, // g
    { 0x0068, 44 }, // h
    { 0x0069, 48 }, // i
    { 0x006A, 48 }, // j
    { 0x006B, 49 }, // k
    { 0x006C, 12 }, // l
    { 0x006D, 44 }, // m
    { 0x006E, 44 }, // n
    { 0x006F, 45 }, // o
    { 0x0070, 45 }, // p
    { 0x0071, 47 }, // q
    { 0x0072, 50 }, // r
    { 0x0073, 51 }, // s
    { 0x0074, 52 }, // t
    { 0x0075, 53 }, // u
    { 0x0076, 54 }, // v
    { 0x0077, 55 }, // w
    { 0x0078, 56 }, // x
    { 0x0079, 54 }, // y
    { 0x007A, 57 }, // z
    { 0x007B, 5 }, // {
    { 0x007C, 12 }, // |
    { 0x007D, 6 }, // }
    { 0x007E, 58 }, // ~
    { 0x00A1, 59 }, // U+00A1
    { 0x00A2, 45 }, // U+00A2
    { 0x00A5, 60 }, // U+00A5
    { 0x00A9, 23 }, // U+00A9
    { 0x00AA, 61 }, // U+00AA
    { 0x00AB, 62 }, // U+00AB
    { 0x00AC, 63 }, // U+00AC
    { 0x00AE, 64 }, // U+00AE
    { 0x00B0, 7 }, // U+00B0
    { 0x00B1, 20 }, // U+00B1
    { 0x00B2, 65 }, // U+00B2
    { 0x00B3, 66 }, // U+00B3
    { 0x00B5, 67 }, // U+00B5
    { 0x00B6, 12 }, // U+00B6
    { 0x00B7, 68 }, // U+00B7
    { 0x00B9, 69 }, // U+00B9
    { 0x00BA, 61 }, // U+00BA
    { 0x00BB, 70 }, // U+00BB
    { 0x00BF, 71 }, // U+00BF
    { 0x00C0, 24 }, // U+00C0
    { 0x00C1, 24 }, // U+00C1
    { 0x00C2, 24 }, // U+00C2
    { 0x00C3, 24 }, // U+00C3
    { 0x00C4, 24 }, // U+00C4
    { 0x00C5, 24 }, // U+00C5
    { 0x00C6, 27 }, // U+00C6
    { 0x00C7, 26 }, // U+00C7
    { 0x00C8, 27 }, // U+00C8
    { 0x00C9, 27 }, // U+00C9
    { 0x00CA, 27 }, // U+00CA
    { 0x00CB, 27 }, // U+00CB
    { 0x00CC, 12 }, // U+00CC
    { 0x00CD, 12 }, // U+00CD
    { 0x00CE, 72 }, // U+00CE
    { 0x00CF, 72 }, // U+00CF
    { 0x00D0, 23 }, // U+00D0
    { 0x00D1, 12 }, // U+00D1
    { 0x00D2, 23 }, // U+00D2
    { 0x00D3, 23 }, // U+00D3
    { 0x00D4, 23 }, // U+00D4
    { 0x00D5, 23 }, // U+00D5
    { 0x00D6, 23 }, // U+00D6
    { 0x00D7, 73 }, // U+00D7
    { 0x00D8, 23 }, // U+00D8
    { 0x00D9, 30 }, // U+00D9
    { 0x00DA, 30 }, // U+00DA
    { 0x00DB, 30 }, // U+00DB
    { 0x00DC, 30 }, // U+00DC
    { 0x00DD, 39 }, // U+00DD
    { 0x00DE, 74 }, // U+00DE
    { 0x00DF, 75 }, // U+00DF
    { 0x00E0, 44 }, // U+00E0
    { 0x00E1, 44 }, // U+00E1
    { 0x00E2, 44 }, // U+00E2
    { 0x00E3, 44 }, // U+00E3
    { 0x00E4, 44 }, // U+00E4
    { 0x00E5, 44 }, // U+00E5
    { 0x00E6, 76 }, // U+00E6
    { 0x00E7, 45 }, // U+00E7
    { 0x00E8, 45 }, // U+00E8
    { 0x00E9, 45 }, // U+00E9
    { 0x00EA, 45 }, // U+00EA
    { 0x00EB, 45 }, // U+00EB
    { 0x00EC, 48 }, // U+00EC
    { 0x00ED, 48 }, // U+00ED
    { 0x00EE, 77 }, // U+00EE
    { 0x00EF, 78 }, // U+00EF
    { 0x00F0, 45 }, // U+00F0
    { 0x00F1, 79 }, // U+00F1
    { 0x00F2, 45 }, // U+00F2
    { 0x00F3, 45 }, // U+00F3
    { 0x00F4, 45 }, // U+00F4
    { 0x00F5, 80 }, // U+00F5
    { 0x00F6, 80 }, // U+00F6
    { 0x00F7, 8 }, // U+00F7
    { 0x00F8, 45 }, // U+00F8
    { 0x00F9, 53 }, // U+00F9
    { 0x00FA, 53 }, // U+00FA
    { 0x00FB, 53 }, // U+00FB
    { 0x00FC, 53 }, // U+00FC
    { 0x00FD, 54 }, // U+00FD
    { 0x00FE, 45 }, // U+00FE
    { 0x00FF, 54 }, // U+00FF
    { 0x0100, 24 }, // U+0100
    { 0x0101, 81 }, // U+0101
    { 0x0102, 24 }, // U+0102
    { 0x0103, 44 }, // U+0103
    { 0x0104, 24 }, // U+0104
    { 0x0105, 44 }, // U+0105
    { 0x0106, 26 }, // U+0106
    { 0x0107, 45 }, // U+0107
    { 0x0108, 26 }, // U+0108
    { 0x0109, 45 }, // U+0109
    { 0x010A, 26 }, // U+010A
    { 0x010B, 45 }, // U+010B
    { 0x010C, 26 }, // U+010C
    { 0x010D, 45 }, // U+010D
    { 0x010E, 23 }, // U+010E
    { 0x010F, 82 }, // U+010F
    { 0x0111, 83 }, // U+0111
    { 0x0112, 27 }, // U+0112
    { 0x0113, 45 }, // U+0113
    { 0x0114, 27 }, // U+0114
    { 0x0115, 45 }, // U+0115
    { 0x0116, 27 }, // U+0116
    { 0x0117, 45 }, // U+0117
    { 0x0118, 27 }, // U+0118
    { 0x0119, 45 }, // U+0119
    { 0x011A, 27 }, // U+011A
    { 0x011B, 45 }, // U+011B
    { 0x011C, 29 }, // U+011C
    { 0x011D, 47 }, // U+011D
    { 0x011E, 29 }, // U+011E
    { 0x011F, 47 }, // U+011F
    { 0x0120, 29 }, // U+0120
    { 0x0121, 47 }, // U+0121
    { 0x0122, 29 }, // U+0122
    { 0x0123, 47 }, // U+0123
    { 0x0124, 12 }, // U+0124
    { 0x0125, 44 }, // U+0125
    { 0x0126, 12 }, // U+0126
    { 0x0127, 44 }, // U+0127
    { 0x0128, 72 }, // U+0128
    { 0x0129, 84 }, // U+0129
    { 0x012A, 72 }, // U+012A
    { 0x012B, 85 }, // U+012B
    { 0x012C, 72 }, // U+012C
    { 0x012D, 86 }, // U+012D
    { 0x012E, 12 }, // U+012E
    { 0x012F, 48 }, // U+012F
    { 0x0130, 12 }, // U+0130
    { 0x0131, 48 }, // U+0131
    { 0x0133, 48 }, // U+0133
    { 0x0134, 30 }, // U+0134
    { 0x0135, 87 }, // U+0135
    { 0x0136, 31 }, // U+0136
    { 0x0137, 49 }, // U+0137
    { 0x0138, 49 }, // U+0138
    { 0x0139, 88 }, // U+0139
    { 0x013A, 89 }, // U+013A
    { 0x013B, 32 }, // U+013B
    { 0x013C, 12 }, // U+013C
    { 0x013D, 90 }, // U+013D
    { 0x013E, 12 }, // U+013E
    { 0x013F, 91 }, // U+013F
    { 0x0140, 92 }, // U+0140
    { 0x0141, 93 }, // U+0141
    { 0x0142, 94 }, // U+0142
    { 0x0143, 12 }, // U+0143
    { 0x0144, 44 }, // U+0144
    { 0x0145, 12 }, // U+0145
    { 0x0146, 44 }, // U+0146
    { 0x0147, 12 }, // U+0147
    { 0x0148, 44 }, // U+0148
    { 0x014A, 12 }, // U+014A
    { 0x014C, 23 }, // U+014C
    { 0x014D, 45 }, // U+014D
    { 0x014E, 23 }, // U+014E
    { 0x014F, 45 }, // U+014F
    { 0x0150, 23 }, // U+0150
    { 0x0151, 45 }, // U+0151
    { 0x0152, 27 }, // U+0152
    { 0x0153, 45 }, // U+0153
    { 0x0154, 34 }, // U+0154
    { 0x0155, 50 }, // U+0155
    { 0x0156, 34 }, // U+0156
    { 0x0157, 50 }, // U+0157
    { 0x0158, 34 }, // U+0158
    { 0x0159, 50 }, // U+0159
    { 0x015A, 2 }, // U+015A
    { 0x015B, 51 }, // U+015B
    { 0x015C, 2 }, // U+015C
    { 0x015D, 51 }, // U+015D
    { 0x015E, 2 }, // U+015E
    { 0x015F, 51 }, // U+015F
    { 0x0160, 2 }, // U+0160
    { 0x0161, 51 }, // U+0161
    { 0x0162, 95 }, // U+0162
    { 0x0163, 52 }, // U+0163
    { 0x0164, 96 }, // U+0164
    { 0x0165, 52 }, // U+0165
    { 0x0166, 97 }, // U+0166
    { 0x0167, 52 }, // U+0167
    { 0x0168, 30 }, // U+0168
    { 0x0169, 53 }, // U+0169
    { 0x016A, 30 }, // U+016A
    { 0x016B, 53 }, // U+016B
    { 0x016C, 30 }, // U+016C
    { 0x016D, 53 }, // U+016D
    { 0x016E, 30 }, // U+016E
    { 0x016F, 53 }, // U+016F
    { 0x0170, 30 }, // U+0170
    { 0x0171, 53 }, // U+0171
    { 0x0172, 30 }, // U+0172
    { 0x0173, 53 }, // U+0173
    { 0x0174, 37 }, // U+0174
    { 0x0175, 55 }, // U+0175
    { 0x0176, 39 }, // U+0176
    { 0x0177, 54 }, // U+0177
    { 0x0178, 39 }, // U+0178
    { 0x0179, 40 }, // U+0179
    { 0x017A, 57 }, // U+017A
    { 0x017B, 40 }, // U+017B
    { 0x017C, 57 }, // U+017C
    { 0x017D, 40 }, // U+017D
    { 0x017E, 57 }, // U+017E
    { 0x017F, 98 }, // U+017F
    { 0x01A0, 99 }, // U+01A0
    { 0x01A1, 100 }, // U+01A1
    { 0x01AF, 101 }, // U+01AF
    { 0x01B0, 102 }, // U+01B0
    { 0x01C5, 103 }, // U+01C5
    { 0x01C6, 57 }, // U+01C6
    { 0x01C8, 48 }, // U+01C8
    { 0x01C9, 48 }, // U+01C9
    { 0x01CB, 48 }, // U+01CB
    { 0x01CC, 48 }, // U+01CC
    { 0x01CD, 24 }, // U+01CD
    { 0x01CE, 44 }, // U+01CE
    { 0x01CF, 89 }, // U+01CF
    { 0x01D0, 104 }, // U+01D0
    { 0x01D1, 23 }, // U+01D1
    { 0x01D2, 45 }, // U+01D2
    { 0x01D3, 30 }, // U+01D3
    { 0x01D4, 53 }, // U+01D4
    { 0x01D5, 30 }, // U+01D5
    { 0x01D6, 53 }, // U+01D6
    { 0x01D7, 30 }, // U+01D7
    { 0x01D8, 53 }, // U+01D8
    { 0x01D9, 30 }, // U+01D9
    { 0x01DA, 53 }, // U+01DA
    { 0x01DB, 30 }, // U+01DB
    { 0x01DC, 53 }, // U+01DC
    { 0x01DD, 105 }, // U+01DD
    { 0x01DE, 24 }, // U+01DE
    { 0x01DF, 44 }, // U+01DF
    { 0x01E0, 24 }, // U+01E0
    { 0x01E1, 44 }, // U+01E1
    { 0x01E2, 27 }, // U+01E2
    { 0x01E3, 76 }, // U+01E3
    { 0x01E4, 29 }, // U+01E4
    { 0x01E5, 47 }, // U+01E5
    { 0x01E6, 29 }, // U+01E6
    { 0x01E7, 47 }, // U+01E7
    { 0x01E8, 31 }, // U+01E8
    { 0x01E9, 49 }, // U+01E9
    { 0x01EA, 23 }, // U+01EA
    { 0x01EB, 45 }, // U+01EB
    { 0x01EC, 23 }, // U+01EC
    { 0x01ED, 45 }, // U+01ED
    { 0x01F0, 48 }, // U+01F0
    { 0x01F1, 106 }, // U+01F1
    { 0x01F2, 57 }, // U+01F2
    { 0x01F3, 57 }, // U+01F3
    { 0x01F4, 29 }, // U+01F4
    { 0x01F5, 47 }, // U+01F5
    { 0x01F6, 107 }, // U+01F6
    { 0x01F8, 12 }, // U+01F8
    { 0x01F9, 44 }, // U+01F9
    { 0x01FA, 24 }, // U+01FA
    { 0x01FB, 44 }, // U+01FB
    { 0x01FC, 27 }, // U+01FC
    { 0x01FD, 76 }, // U+01FD
    { 0x01FE, 23 }, // U+01FE
    { 0x01FF, 45 }, // U+01FF
    { 0x0200, 24 }, // U+0200
    { 0x0201, 44 }, // U+0201
    { 0x0202, 24 }, // U+0202
    { 0x0203, 44 }, // U+0203
    { 0x0204, 27 }, // U+0204
    { 0x0205, 45 }, // U+0205
    { 0x0206, 27 }, // U+0206
    { 0x0207, 45 }, // U+0207
    { 0x0208, 108 }, // U+0208
    { 0x0209, 109 }, // U+0209
    { 0x020A, 72 }, // U+020A
    { 0x020B, 110 }, // U+020B
    { 0x020C, 23 }, // U+020C
    { 0x020D, 45 }, // U+020D
    { 0x020E, 23 }, // U+020E
    { 0x020F, 45 }, // U+020F
    { 0x0210, 34 }, // U+0210
    { 0x0211, 50 }, // U+0211
    { 0x0212, 34 }, // U+0212
    { 0x0213, 50 }, // U+0213
    { 0x0214, 30 }, // U+0214
    { 0x0215, 53 }, // U+0215
    { 0x0216, 30 }, // U+0216
    { 0x0217, 53 }, // U+0217
    { 0x0218, 2 }, // U+0218
    { 0x0219, 51 }, // U+0219
    { 0x021A, 35 }, // U+021A
    { 0x021B, 52 }, // U+021B
    { 0x021E, 12 }, // U+021E
    { 0x021F, 44 }, // U+021F
    { 0x0400, 27 }, // U+0400
    { 0x0401, 27 }, // U+0401
    { 0x0402, 45 }, // U+0402
    { 0x0403, 35 }, // U+0403
    { 0x0404, 111 }, // U+0404
    { 0x0405, 2 }, // U+0405
    { 0x0406, 12 }, // U+0406
    { 0x0407, 72 }, // U+0407
    { 0x0408, 30 }, // U+0408
    { 0x0409, 45 }, // U+0409
    { 0x040A, 45 }, // U+040A
    { 0x040B, 44 }, // U+040B
    { 0x040C, 31 }, // U+040C
    { 0x040D, 12 }, // U+040D
    { 0x040F, 12 }, // U+040F
    { 0x0410, 24 }, // U+0410
    { 0x0411, 25 }, // U+0411
    { 0x0412, 25 }, // U+0412
    { 0x0413, 35 }, // U+0413
    { 0x0414, 112 }, // U+0414
    { 0x0415, 27 }, // U+0415
    { 0x0416, 113 }, // U+0416
    { 0x0417, 14 }, // U+0417
    { 0x0418, 12 }, // U+0418
    { 0x0419, 12 }, // U+0419
    { 0x041A, 31 }, // U+041A
    { 0x041B, 12 }, // U+041B
    { 0x041C, 12 }, // U+041C
    { 0x041D, 12 }, // U+041D
    { 0x041E, 23 }, // U+041E
    { 0x041F, 12 }, // U+041F
    { 0x0420, 33 }, // U+0420
    { 0x0421, 26 }, // U+0421
    { 0x0422, 35 }, // U+0422
    { 0x0423, 39 }, // U+0423
    { 0x0424, 114 }, // U+0424
    { 0x0425, 38 }, // U+0425
    { 0x0426, 112 }, // U+0426
    { 0x0427, 12 }, // U+0427
    { 0x0428, 12 }, // U+0428
    { 0x0429, 112 }, // U+0429
    { 0x042A, 45 }, // U+042A
    { 0x042B, 12 }, // U+042B
    { 0x042C, 45 }, // U+042C
    { 0x042D, 23 }, // U+042D
    { 0x042E, 115 }, // U+042E
    { 0x0430, 44 }, // U+0430
    { 0x0432, 51 }, // U+0432
    { 0x0433, 50 }, // U+0433
    { 0x0434, 116 }, // U+0434
    { 0x0435, 45 }, // U+0435
    { 0x0436, 56 }, // U+0436
    { 0x0437, 44 }, // U+0437
    { 0x0438, 44 }, // U+0438
    { 0x0439, 44 }, // U+0439
    { 0x043A, 49 }, // U+043A
    { 0x043B, 44 }, // U+043B
    { 0x043C, 44 }, // U+043C
    { 0x043D, 44 }, // U+043D
    { 0x043E, 45 }, // U+043E
    { 0x043F, 44 }, // U+043F
    { 0x0440, 45 }, // U+0440
    { 0x0441, 45 }, // U+0441
    { 0x0442, 117 }, // U+0442
    { 0x0443, 54 }, // U+0443
    { 0x0444, 45 }, // U+0444
    { 0x0445, 56 }, // U+0445
    { 0x0446, 116 }, // U+0446
    { 0x0447, 44 }, // U+0447
    { 0x0448, 44 }, // U+0448
    { 0x0449, 116 }, // U+0449
    { 0x044A, 118 }, // U+044A
    { 0x044B, 48 }, // U+044B
    { 0x044C, 118 }, // U+044C
    { 0x044D, 45 }, // U+044D
    { 0x044E, 45 }, // U+044E
    { 0x044F, 44 }, // U+044F
    { 0x0450, 45 }, // U+0450
    { 0x0451, 45 }, // U+0451
    { 0x0452, 44 }, // U+0452
    { 0x0453, 50 }, // U+0453
    { 0x0454, 45 }, // U+0454
    { 0x0455, 51 }, // U+0455
    { 0x0456, 48 }, // U+0456
    { 0x0457, 78 }, // U+0457
    { 0x0458, 48 }, // U+0458
    { 0x0459, 118 }, // U+0459
    { 0x045A, 118 }, // U+045A
    { 0x045B, 44 }, // U+045B
    { 0x045C, 49 }, // U+045C
    { 0x045D, 44 }, // U+045D
    { 0x045E, 54 }, // U+045E
    { 0x045F, 53 }, // U+045F
    { 0x0460, 12 }, // U+0460
    { 0x0462, 45 }, // U+0462
    { 0x0463, 45 }, // U+0463
    { 0x0464, 26 }, // U+0464
    { 0x0465, 45 }, // U+0465
    { 0x0466, 24 }, // U+0466
    { 0x0467, 24 }, // U+0467
    { 0x0468, 24 }, // U+0468
    { 0x046E, 25 }, // U+046E
    { 0x0472, 23 }, // U+0472
    { 0x0473, 45 }, // U+0473
    { 0x0474, 36 }, // U+0474
    { 0x0475, 54 }, // U+0475
    { 0x0476, 36 }, // U+0476
    { 0x0477, 54 }, // U+0477
    { 0x0479, 46 }, // U+0479
    { 0x0481, 45 }, // U+0481
    { 0x048A, 12 }, // U+048A
    { 0x048B, 52 }, // U+048B
    { 0x048C, 45 }, // U+048C
    { 0x048D, 45 }, // U+048D
    { 0x048E, 33 }, // U+048E
    { 0x048F, 45 }, // U+048F
    { 0x0490, 35 }, // U+0490
    { 0x0491, 50 }, // U+0491
    { 0x0492, 35 }, // U+0492
    { 0x0493, 50 }, // U+0493
    { 0x0497, 56 }, // U+0497
    { 0x0498, 14 }, // U+0498
    { 0x049A, 31 }, // U+049A
    { 0x049B, 49 }, // U+049B
    { 0x049C, 31 }, // U+049C
    { 0x049D, 49 }, // U+049D
    { 0x04A0, 31 }, // U+04A0
    { 0x04A1, 49 }, // U+04A1
    { 0x04A2, 52 }, // U+04A2
    { 0x04A3, 52 }, // U+04A3
    { 0x04A4, 35 }, // U+04A4
    { 0x04A5, 50 }, // U+04A5
    { 0x04A6, 45 }, // U+04A6
    { 0x04A7, 118 }, // U+04A7
    { 0x04A9, 76 }, // U+04A9
    { 0x04AA, 26 }, // U+04AA
    { 0x04AB, 45 }, // U+04AB
    { 0x04AC, 35 }, // U+04AC
    { 0x04AD, 50 }, // U+04AD
    { 0x04AE, 39 }, // U+04AE
    { 0x04AF, 54 }, // U+04AF
    { 0x04B0, 119 }, // U+04B0
    { 0x04B1, 54 }, // U+04B1
    { 0x04B3, 56 }, // U+04B3
    { 0x04B5, 116 }, // U+04B5
    { 0x04B7, 52 }, // U+04B7
    { 0x04B9, 44 }, // U+04B9
    { 0x04BA, 44 }, // U+04BA
    { 0x04BB, 44 }, // U+04BB
    { 0x04BD, 45 }, // U+04BD
    { 0x04BF, 76 }, // U+04BF
    { 0x04C0, 12 }, // U+04C0
    { 0x04C1, 38 }, // U+04C1
    { 0x04C3, 25 }, // U+04C3
    { 0x04C4, 44 }, // U+04C4
    { 0x04C6, 52 }, // U+04C6
    { 0x04C7, 12 }, // U+04C7
    { 0x04C8, 44 }, // U+04C8
    { 0x04C9, 52 }, // U+04C9
    { 0x04CA, 52 }, // U+04CA
    { 0x04CC, 44 }, // U+04CC
    { 0x04CD, 12 }, // U+04CD
    { 0x04CE, 52 }, // U+04CE
    { 0x04CF, 12 }, // U+04CF
    { 0x04D0, 24 }, // U+04D0
    { 0x04D1, 44 }, // U+04D1
    { 0x04D2, 24 }, // U+04D2
    { 0x04D3, 44 }, // U+04D3
    { 0x04D4, 27 }, // U+04D4
    { 0x04D5, 76 }, // U+04D5
    { 0x04D6, 27 }, // U+04D6
    { 0x04D7, 45 }, // U+04D7
    { 0x04D9, 45 }, // U+04D9
    { 0x04DA, 23 }, // U+04DA
    { 0x04DB, 45 }, // U+04DB
    { 0x04DC, 38 }, // U+04DC
    { 0x04E0, 14 }, // U+04E0
    { 0x04E2, 12 }, // U+04E2
    { 0x04E3, 44 }, // U+04E3
    { 0x04E4, 12 }, // U+04E4
    { 0x04E5, 44 }, // U+04E5
    { 0x04E6, 23 }, // U+04E6
    { 0x04E7, 45 }, // U+04E7
    { 0x04E8, 23 }, // U+04E8
    { 0x04E9, 45 }, // U+04E9
    { 0x04EA, 23 }, // U+04EA
    { 0x04EB, 45 }, // U+04EB
    { 0x04ED, 45 }, // U+04ED
    { 0x04EF, 54 }, // U+04EF
    { 0x04F1, 54 }, // U+04F1
    { 0x04F3, 54 }, // U+04F3
    { 0x04F5, 44 }, // U+04F5
    { 0x04F6, 35 }, // U+04F6
    { 0x04F7, 50 }, // U+04F7
    { 0x04F9, 44 }, // U+04F9
    { 0x04FA, 35 }, // U+04FA
    { 0x04FB, 50 }, // U+04FB
    { 0x04FC, 38 }, // U+04FC
    { 0x04FD, 56 }, // U+04FD
    { 0x04FE, 38 }, // U+04FE
    { 0x04FF, 56 }, // U+04FF
    { 0x1EA0, 24 }, // U+1EA0
    { 0x1EA1, 44 }, // U+1EA1
    { 0x1EA2, 24 }, // U+1EA2
    { 0x1EA3, 44 }, // U+1EA3
    { 0x1EA4, 24 }, // U+1EA4
    { 0x1EA5, 44 }, // U+1EA5
    { 0x1EA6, 24 }, // U+1EA6
    { 0x1EA7, 44 }, // U+1EA7
    { 0x1EA8, 24 }, // U+1EA8
    { 0x1EA9, 44 }, // U+1EA9
    { 0x1EAA, 24 }, // U+1EAA
    { 0x1EAB, 44 }, // U+1EAB
    { 0x1EAC, 24 }, // U+1EAC
    { 0x1EAD, 44 }, // U+1EAD
    { 0x1EAE, 24 }, // U+1EAE
    { 0x1EAF, 44 }, // U+1EAF
    { 0x1EB0, 24 }, // U+1EB0
    { 0x1EB1, 44 }, // U+1EB1
    { 0x1EB2, 24 }, // U+1EB2
    { 0x1EB3, 44 }, // U+1EB3
    { 0x1EB4, 24 }, // U+1EB4
    { 0x1EB5, 44 }, // U+1EB5
    { 0x1EB6, 24 }, // U+1EB6
    { 0x1EB7, 44 }, // U+1EB7
    { 0x1EB8, 27 }, // U+1EB8
    { 0x1EB9, 45 }, // U+1EB9
    { 0x1EBA, 27 }, // U+1EBA
    { 0x1EBB, 45 }, // U+1EBB
    { 0x1EBC, 27 }, // U+1EBC
    { 0x1EBD, 45 }, // U+1EBD
    { 0x1EBE, 27 }, // U+1EBE
    { 0x1EBF, 45 }, // U+1EBF
    { 0x1EC0, 27 }, // U+1EC0
    { 0x1EC1, 45 }, // U+1EC1
    { 0x1EC2, 27 }, // U+1EC2
    { 0x1EC3, 45 }, // U+1EC3
    { 0x1EC4, 27 }, // U+1EC4
    { 0x1EC5, 45 }, // U+1EC5
    { 0x1EC6, 27 }, // U+1EC6
    { 0x1EC7, 45 }, // U+1EC7
    { 0x1EC8, 12 }, // U+1EC8
    { 0x1EC9, 109 }, // U+1EC9
    { 0x1ECA, 12 }, // U+1ECA
    { 0x1ECB, 120 }, // U+1ECB
    { 0x1ECC, 23 }, // U+1ECC
    { 0x1ECD, 45 }, // U+1ECD
    { 0x1ECE, 23 }, // U+1ECE
    { 0x1ECF, 45 }, // U+1ECF
    { 0x1ED0, 23 }, // U+1ED0
    { 0x1ED1, 45 }, // U+1ED1
    { 0x1ED2, 23 }, // U+1ED2
    { 0x1ED3, 45 }, // U+1ED3
    { 0x1ED4, 23 }, // U+1ED4
    { 0x1ED5, 121 }, // U+1ED5
    { 0x1ED6, 23 }, // U+1ED6
    { 0x1ED7, 45 }, // U+1ED7
    { 0x1ED8, 23 }, // U+1ED8
    { 0x1ED9, 45 }, // U+1ED9
    { 0x1EDA, 23 }, // U+1EDA
    { 0x1EDB, 45 }, // U+1EDB
    { 0x1EDC, 23 }, // U+1EDC
    { 0x1EDD, 45 }, // U+1EDD
    { 0x1EDE, 23 }, // U+1EDE
    { 0x1EDF, 45 }, // U+1EDF
    { 0x1EE0, 23 }, // U+1EE0
    { 0x1EE1, 45 }, // U+1EE1
    { 0x1EE2, 23 }, // U+1EE2
    { 0x1EE3, 45 }, // U+1EE3
    { 0x1EE4, 30 }, // U+1EE4
    { 0x1EE5, 53 }, // U+1EE5
    { 0x1EE6, 30 }, // U+1EE6
    { 0x1EE7, 53 }, // U+1EE7
    { 0x1EE8, 122 }, // U+1EE8
    { 0x1EE9, 53 }, // U+1EE9
    { 0x1EEA, 122 }, // U+1EEA
    { 0x1EEB, 53 }, // U+1EEB
    { 0x1EEC, 122 }, // U+1EEC
    { 0x1EED, 102 }, // U+1EED
    { 0x1EEE, 122 }, // U+1EEE
    { 0x1EEF, 53 }, // U+1EEF
    { 0x1EF0, 122 }, // U+1EF0
    { 0x1EF1, 53 }, // U+1EF1
    { 0x1EF2, 39 }, // U+1EF2
    { 0x1EF3, 54 }, // U+1EF3
    { 0x1EF4, 123 }, // U+1EF4
    { 0x1EF5, 54 }, // U+1EF5
    { 0x1EF6, 123 }, // U+1EF6
    { 0x1EF7, 54 }, // U+1EF7
    { 0x1EF8, 123 }, // U+1EF8
    { 0x1EF9, 54 }, // U+1EF9
    { 0x2018, 124 }, // U+2018
    { 0x2019, 125 }, // U+2019
    { 0x201A, 126 }, // U+201A
    { 0x201C, 124 }, // U+201C
    { 0x201D, 125 }, // U+201D
    { 0x201E, 126 }, // U+201E
    { 0x2020, 61 }, // U+2020
    { 0x2021, 61 }, // U+2021
    { 0x2022, 127 }, // U+2022
    { 0x2023, 127 }, // U+2023
    { 0x2026, 128 }, // U+2026
    { 0x2034, 125 }, // U+2034
    { 0x2039, 62 }, // U+2039
    { 0x203A, 70 }, // U+203A
    { 0x203D, 22 }, // U+203D
    { 0x2043, 127 }, // U+2043
    { 0x204B, 33 }, // U+204B
    { 0x204C, 44 }, // U+204C
    { 0x204D, 127 }, // U+204D
    { 0x204F, 19 }, // U+204F
    { 0x2070, 66 }, // U+2070
    { 0x2071, 129 }, // U+2071
    { 0x2074, 130 }, // U+2074
    { 0x2075, 66 }, // U+2075
    { 0x2076, 66 }, // U+2076
    { 0x2077, 131 }, // U+2077
    { 0x2078, 66 }, // U+2078
    { 0x2079, 66 }, // U+2079
    { 0x207A, 132 }, // U+207A
    { 0x207B, 132 }, // U+207B
    { 0x207D, 133 }, // U+207D
    { 0x2080, 134 }, // U+2080
    { 0x2081, 134 }, // U+2081
    { 0x2082, 134 }, // U+2082
    { 0x2083, 134 }, // U+2083
    { 0x2084, 134 }, // U+2084
    { 0x2085, 135 }, // U+2085
    { 0x2086, 134 }, // U+2086
    { 0x2087, 136 }, // U+2087
    { 0x2088, 134 }, // U+2088
    { 0x2089, 134 }, // U+2089
    { 0x208A, 134 }, // U+208A
    { 0x208B, 134 }, // U+208B
    { 0x208C, 134 }, // U+208C
    { 0x208D, 134 }, // U+208D
    { 0x208E, 134 }, // U+208E
    { 0x2090, 134 }, // U+2090
    { 0x2091, 134 }, // U+2091
    { 0x2092, 134 }, // U+2092
    { 0x2093, 134 }, // U+2093
    { 0x2095, 134 }, // U+2095
    { 0x2096, 134 }, // U+2096
    { 0x2097, 134 }, // U+2097
    { 0x2098, 134 }, // U+2098
    { 0x2099, 134 }, // U+2099
    { 0x209A, 134 }, // U+209A
    { 0x209B, 134 }, // U+209B
    { 0x209C, 134 }, // U+209C
    { 0x20A1, 26 }, // U+20A1
    { 0x20A7, 52 }, // U+20A7
    { 0x20A8, 51 }, // U+20A8
    { 0x20A9, 137 }, // U+20A9
    { 0x20AF, 45 }, // U+20AF
    { 0x20B2, 29 }, // U+20B2
    { 0x20B5, 26 }, // U+20B5
    { 0x20BD, 138 }, // U+20BD
    { 0x20BF, 25 }, // U+20BF
    { 0x2190, 8 }, // U+2190
    { 0x21D0, 20 }, // U+21D0
    { 0x2206, 24 }, // U+2206
    { 0x2212, 8 }, // U+2212
    { 0x221E, 91 }, // U+221E
    { 0x2248, 20 }, // U+2248
    { 0x2260, 20 }, // U+2260
    { 0x2264, 20 }, // U+2264
    { 0x2265, 20 }, // U+2265
};

static const EpdKernClassEntry inter_ui_12_boldKernRightClasses[] = {
    { 0x0020, 1 }, // U+0020
    { 0x0021, 2 }, // !
    { 0x0022, 3 }, // "
    { 0x0023, 4 }, // #
    { 0x0024, 5 }, // $
    { 0x0026, 6 }, // &
    { 0x0027, 3 }, // '
    { 0x0028, 7 }, // (
    { 0x0029, 8 }, // )
    { 0x002A, 9 }, // *
    { 0x002B, 10 }, // +
    { 0x002C, 11 }, // ,
    { 0x002D, 12 }, // -
    { 0x002E, 13 }, // .
    { 0x002F, 14 }, // /
    { 0x0030, 15 }, // 0
    { 0x0031, 16 }, // 1
    { 0x0032, 17 }, // 2
    { 0x0033, 18 }, // 3
    { 0x0034, 19 }, // 4
    { 0x0035, 20 }, // 5
    { 0x0036, 15 }, // 6
    { 0x0037, 21 }, // 7
    { 0x0038, 22 }, // 8
    { 0x0039, 23 }, // 9
    { 0x003A, 24 }, // :
    { 0x003B, 24 }, // ;
    { 0x003C, 25 }, // <
    { 0x003D, 26 }, // =
    { 0x003F, 27 }, // ?
    { 0x0040, 28 }, // @
    { 0x0041, 29 }, // A
    { 0x0042, 30 }, // B
    { 0x0043, 31 }, // C
    { 0x0044, 30 }, // D
    { 0x0045, 30 }, // E
    { 0x0046, 30 }, // F
    { 0x0047, 31 }, // G
    { 0x0048, 30 }, // H
    { 0x0049, 30 }, // I
    { 0x004A, 32 }, // J
    { 0x004B, 30 }, // K
    { 0x004C, 30 }, // L
    { 0x004D, 30 }, // M
    { 0x004E, 30 }, // N
    { 0x004F, 31 }, // O
    { 0x0050, 30 }, // P
    { 0x0051, 31 }, // Q
    { 0x0052, 30 }, // R
    { 0x0053, 5 }, // S
    { 0x0054, 33 }, // T
    { 0x0055, 34 }, // U
    { 0x0056, 35 }, // V
    { 0x0057, 36 }, // W
    { 0x0058, 37 }, // X
    { 0x0059, 38 }, // Y
    { 0x005A, 39 }, // Z
    { 0x005B, 7 }, // [
    { 0x005C, 35 }, // <backslash>
    { 0x005D, 8 }, // ]
    { 0x005E, 40 }, // ^
    { 0x005F, 41 }, // _
    { 0x0061, 42 }, // a
    { 0x0062, 30 }, // b
    { 0x0063, 43 }, // c
    { 0x0064, 43 }, // d
    { 0x0065, 43 }, // e
    { 0x0066, 44 }, // f
    { 0x0067, 43 }, // g
    { 0x0068, 30 }, // h
    { 0x0069, 45 }, // i
    { 0x006A, 46 }, // j
    { 0x006B, 30 }, // k
    { 0x006C, 30 }, // l
    { 0x006D, 47 }, // m
    { 0x006E, 47 }, // n
    { 0x006F, 43 }, // o
    { 0x0070, 47 }, // p
    { 0x0071, 43 }, // q
    { 0x0072, 47 }, // r
    { 0x0073, 48 }, // s
    { 0x0074, 49 }, // t
    { 0x0075, 50 }, // u
    { 0x0076, 51 }, // v
    { 0x0077, 52 }, // w
    { 0x0078, 53 }, // x
    { 0x0079, 51 }, // y
    { 0x007A, 54 }, // z
    { 0x007B, 7 }, // {
    { 0x007C, 30 }, // |
    { 0x007D, 8 }, // }
    { 0x007E, 55 }, // ~
    { 0x00A2, 43 }, // U+00A2
    { 0x00A9, 31 }, // U+00A9
    { 0x00AA, 56 }, // U+00AA
    { 0x00AB, 57 }, // U+00AB
    { 0x00AC, 58 }, // U+00AC
    { 0x00AE, 59 }, // U+00AE
    { 0x00B0, 60 }, // U+00B0
    { 0x00B1, 26 }, // U+00B1
    { 0x00B2, 61 }, // U+00B2
    { 0x00B5, 62 }, // U+00B5
    { 0x00B6, 63 }, // U+00B6
    { 0x00B7, 64 }, // U+00B7
    { 0x00B9, 65 }, // U+00B9
    { 0x00BA, 56 }, // U+00BA
    { 0x00BB, 66 }, // U+00BB
    { 0x00BF, 67 }, // U+00BF
    { 0x00C0, 29 }, // U+00C0
    { 0x00C1, 29 }, // U+00C1
    { 0x00C2, 29 }, // U+00C2
    { 0x00C3, 29 }, // U+00C3
    { 0x00C4, 29 }, // U+00C4
    { 0x00C5, 29 }, // U+00C5
    { 0x00C6, 29 }, // U+00C6
    { 0x00C7, 31 }, // U+00C7
    { 0x00C8, 30 }, // U+00C8
    { 0x00C9, 30 }, // U+00C9
    { 0x00CA, 30 }, // U+00CA
    { 0x00CB, 30 }, // U+00CB
    { 0x00CC, 30 }, // U+00CC
    { 0x00CD, 30 }, // U+00CD
    { 0x00CE, 68 }, // U+00CE
    { 0x00CF, 68 }, // U+00CF
    { 0x00D0, 69 }, // U+00D0
    { 0x00D1, 30 }, // U+00D1
    { 0x00D2, 31 }, // U+00D2
    { 0x00D3, 31 }, // U+00D3
    { 0x00D4, 31 }, // U+00D4
    { 0x00D5, 31 }, // U+00D5
    { 0x00D6, 31 }, // U+00D6
    { 0x00D7, 70 }, // U+00D7
    { 0x00D8, 31 }, // U+00D8
    { 0x00D9, 34 }, // U+00D9
    { 0x00DA, 34 }, // U+00DA
    { 0x00DB, 34 }, // U+00DB
    { 0x00DC, 34 }, // U+00DC
    { 0x00DD, 38 }, // U+00DD
    { 0x00DE, 30 }, // U+00DE
    { 0x00DF, 30 }, // U+00DF
    { 0x00E0, 42 }, // U+00E0
    { 0x00E1, 42 }, // U+00E1
    { 0x00E2, 42 }, // U+00E2
    { 0x00E3, 71 }, // U+00E3
    { 0x00E4, 72 }, // U+00E4
    { 0x00E5, 42 }, // U+00E5
    { 0x00E6, 42 }, // U+00E6
    { 0x00E7, 43 }, // U+00E7
    { 0x00E8, 43 }, // U+00E8
    { 0x00E9, 43 }, // U+00E9
    { 0x00EA, 43 }, // U+00EA
    { 0x00EB, 73 }, // U+00EB
    { 0x00EC, 74 }, // U+00EC
    { 0x00ED, 75 }, // U+00ED
    { 0x00EE, 76 }, // U+00EE
    { 0x00EF, 77 }, // U+00EF
    { 0x00F0, 43 }, // U+00F0
    { 0x00F1, 47 }, // U+00F1
    { 0x00F2, 43 }, // U+00F2
    { 0x00F3, 43 }, // U+00F3
    { 0x00F4, 43 }, // U+00F4
    { 0x00F5, 78 }, // U+00F5
    { 0x00F6, 73 }, // U+00F6
    { 0x00F7, 10 }, // U+00F7
    { 0x00F8, 43 }, // U+00F8
    { 0x00F9, 50 }, // U+00F9
    { 0x00FA, 50 }, // U+00FA
    { 0x00FB, 50 }, // U+00FB
    { 0x00FC, 79 }, // U+00FC
    { 0x00FD, 51 }, // U+00FD
    { 0x00FE, 30 }, // U+00FE
    { 0x00FF, 80 }, // U+00FF
    { 0x0100, 29 }, // U+0100
    { 0x0101, 81 }, // U+0101
    { 0x0102, 29 }, // U+0102
    { 0x0103, 42 }, // U+0103
    { 0x0104, 29 }, // U+0104
    { 0x0105, 42 }, // U+0105
    { 0x0106, 31 }, // U+0106
    { 0x0107, 43 }, // U+0107
    { 0x0108, 31 }, // U+0108
    { 0x0109, 43 }, // U+0109
    { 0x010A, 31 }, // U+010A
    { 0x010B, 43 }, // U+010B
    { 0x010C, 31 }, // U+010C
    { 0x010D, 43 }, // U+010D
    { 0x010E, 30 }, // U+010E
    { 0x010F, 43 }, // U+010F
    { 0x0110, 82 }, // U+0110
    { 0x0111, 43 }, // U+0111
    { 0x0112, 30 }, // U+0112
    { 0x0113, 43 }, // U+0113
    { 0x0114, 30 }, // U+0114
    { 0x0115, 43 }, // U+0115
    { 0x0116, 30 }, // U+0116
    { 0x0117, 43 }, // U+0117
    { 0x0118, 30 }, // U+0118
    { 0x0119, 43 }, // U+0119
    { 0x011A, 30 }, // U+011A
    { 0x011B, 43 }, // U+011B
    { 0x011C, 31 }, // U+011C
    { 0x011D, 43 }, // U+011D
    { 0x011E, 31 }, // U+011E
    { 0x011F, 43 }, // U+011F
    { 0x0120, 31 }, // U+0120
    { 0x0121, 43 }, // U+0121
    { 0x0122, 31 }, // U+0122
    { 0x0123, 43 }, // U+0123
    { 0x0124, 30 }, // U+0124
    { 0x0125, 30 }, // U+0125
    { 0x0126, 30 }, // U+0126
    { 0x0127, 83 }, // U+0127
    { 0x0128, 68 }, // U+0128
    { 0x0129, 84 }, // U+0129
    { 0x012A, 68 }, // U+012A
    { 0x012B, 85 }, // U+012B
    { 0x012C, 68 }, // U+012C
    { 0x012D, 77 }, // U+012D
    { 0x012E, 30 }, // U+012E
    { 0x012F, 45 }, // U+012F
    { 0x0130, 30 }, // U+0130
    { 0x0131, 45 }, // U+0131
    { 0x0133, 45 }, // U+0133
    { 0x0134, 32 }, // U+0134
    { 0x0135, 86 }, // U+0135
    { 0x0136, 30 }, // U+0136
    { 0x0137, 30 }, // U+0137
    { 0x0138, 47 }, // U+0138
    { 0x0139, 30 }, // U+0139
    { 0x013A, 30 }, // U+013A
    { 0x013B, 30 }, // U+013B
    { 0x013C, 30 }, // U+013C
    { 0x013D, 30 }, // U+013D
    { 0x013E, 30 }, // U+013E
    { 0x0140, 30 }, // U+0140
    { 0x0141, 30 }, // U+0141
    { 0x0142, 30 }, // U+0142
    { 0x0143, 30 }, // U+0143
    { 0x0144, 47 }, // U+0144
    { 0x0145, 30 }, // U+0145
    { 0x0146, 47 }, // U+0146
    { 0x0147, 30 }, // U+0147
    { 0x0148, 47 }, // U+0148
    { 0x014A, 30 }, // U+014A
    { 0x014B, 47 }, // U+014B
    { 0x014C, 31 }, // U+014C
    { 0x014D, 87 }, // U+014D
    { 0x014E, 31 }, // U+014E
    { 0x014F, 43 }, // U+014F
    { 0x0150, 31 }, // U+0150
    { 0x0151, 43 }, // U+0151
    { 0x0152, 31 }, // U+0152
    { 0x0153, 43 }, // U+0153
    { 0x0154, 30 }, // U+0154
    { 0x0155, 47 }, // U+0155
    { 0x0156, 30 }, // U+0156
    { 0x0157, 47 }, // U+0157
    { 0x0158, 30 }, // U+0158
    { 0x0159, 47 }, // U+0159
    { 0x015A, 5 }, // U+015A
    { 0x015B, 48 }, // U+015B
    { 0x015C, 5 }, // U+015C
    { 0x015D, 48 }, // U+015D
    { 0x015E, 5 }, // U+015E
    { 0x015F, 48 }, // U+015F
    { 0x0160, 5 }, // U+0160
    { 0x0161, 48 }, // U+0161
    { 0x0162, 88 }, // U+0162
    { 0x0163, 49 }, // U+0163
    { 0x0164, 89 }, // U+0164
    { 0x0165, 49 }, // U+0165
    { 0x0166, 90 }, // U+0166
    { 0x0167, 49 }, // U+0167
    { 0x0168, 34 }, // U+0168
    { 0x0169, 91 }, // U+0169
    { 0x016A, 34 }, // U+016A
    { 0x016B, 50 }, // U+016B
    { 0x016C, 34 }, // U+016C
    { 0x016D, 50 }, // U+016D
    { 0x016E, 34 }, // U+016E
    { 0x016F, 50 }, // U+016F
    { 0x0170, 34 }, // U+0170
    { 0x0171, 50 }, // U+0171
    { 0x0172, 34 }, // U+0172
    { 0x0173, 50 }, // U+0173
    { 0x0174, 36 }, // U+0174
    { 0x0175, 52 }, // U+0175
    { 0x0176, 38 }, // U+0176
    { 0x0177, 51 }, // U+0177
    { 0x0178, 38 }, // U+0178
    { 0x0179, 39 }, // U+0179
    { 0x017A, 54 }, // U+017A
    { 0x017B, 39 }, // U+017B
    { 0x017C, 54 }, // U+017C
    { 0x017D, 39 }, // U+017D
    { 0x017E, 54 }, // U+017E
    { 0x017F, 30 }, // U+017F
    { 0x01A0, 31 }, // U+01A0
    { 0x01A1, 43 }, // U+01A1
    { 0x01AF, 34 }, // U+01AF
    { 0x01B0, 50 }, // U+01B0
    { 0x01C5, 92 }, // U+01C5
    { 0x01C6, 43 }, // U+01C6
    { 0x01C8, 30 }, // U+01C8
    { 0x01C9, 30 }, // U+01C9
    { 0x01CB, 30 }, // U+01CB
    { 0x01CC, 47 }, // U+01CC
    { 0x01CD, 29 }, // U+01CD
    { 0x01CE, 42 }, // U+01CE
    { 0x01CF, 30 }, // U+01CF
    { 0x01D0, 93 }, // U+01D0
    { 0x01D1, 31 }, // U+01D1
    { 0x01D2, 43 }, // U+01D2
    { 0x01D3, 34 }, // U+01D3
    { 0x01D4, 50 }, // U+01D4
    { 0x01D5, 34 }, // U+01D5
    { 0x01D6, 50 }, // U+01D6
    { 0x01D7, 34 }, // U+01D7
    { 0x01D8, 50 }, // U+01D8
    { 0x01D9, 34 }, // U+01D9
    { 0x01DA, 50 }, // U+01DA
    { 0x01DB, 34 }, // U+01DB
    { 0x01DC, 50 }, // U+01DC
    { 0x01DD, 87 }, // U+01DD
    { 0x01DE, 29 }, // U+01DE
    { 0x01DF, 42 }, // U+01DF
    { 0x01E0, 29 }, // U+01E0
    { 0x01E1, 42 }, // U+01E1
    { 0x01E2, 29 }, // U+01E2
    { 0x01E3, 42 }, // U+01E3
    { 0x01E4, 31 }, // U+01E4
    { 0x01E5, 43 }, // U+01E5
    { 0x01E6, 31 }, // U+01E6
    { 0x01E7, 43 }, // U+01E7
    { 0x01E8, 30 }, // U+01E8
    { 0x01E9, 30 }, // U+01E9
    { 0x01EA, 31 }, // U+01EA
    { 0x01EB, 43 }, // U+01EB
    { 0x01EC, 31 }, // U+01EC
    { 0x01ED, 43 }, // U+01ED
    { 0x01EF, 49 }, // U+01EF
    { 0x01F0, 46 }, // U+01F0
    { 0x01F2, 30 }, // U+01F2
    { 0x01F3, 87 }, // U+01F3
    { 0x01F4, 31 }, // U+01F4
    { 0x01F5, 43 }, // U+01F5
    { 0x01F6, 92 }, // U+01F6
    { 0x01F8, 30 }, // U+01F8
    { 0x01F9, 47 }, // U+01F9
    { 0x01FA, 29 }, // U+01FA
    { 0x01FB, 42 }, // U+01FB
    { 0x01FC, 29 }, // U+01FC
    { 0x01FD, 42 }, // U+01FD
    { 0x01FE, 31 }, // U+01FE
    { 0x01FF, 43 }, // U+01FF
    { 0x0200, 29 }, // U+0200
    { 0x0201, 42 }, // U+0201
    { 0x0202, 29 }, // U+0202
    { 0x0203, 42 }, // U+0203
    { 0x0204, 30 }, // U+0204
    { 0x0205, 43 }, // U+0205
    { 0x0206, 30 }, // U+0206
    { 0x0207, 43 }, // U+0207
    { 0x0208, 68 }, // U+0208
    { 0x0209, 94 }, // U+0209
    { 0x020A, 68 }, // U+020A
    { 0x020B, 95 }, // U+020B
    { 0x020C, 31 }, // U+020C
    { 0x020D, 43 }, // U+020D
    { 0x020E, 31 }, // U+020E
    { 0x020F, 43 }, // U+020F
    { 0x0210, 30 }, // U+0210
    { 0x0211, 47 }, // U+0211
    { 0x0212, 30 }, // U+0212
    { 0x0213, 47 }, // U+0213
    { 0x0214, 34 }, // U+0214
    { 0x0215, 50 }, // U+0215
    { 0x0216, 34 }, // U+0216
    { 0x0217, 50 }, // U+0217
    { 0x0218, 5 }, // U+0218
    { 0x0219, 48 }, // U+0219
    { 0x021A, 33 }, // U+021A
    { 0x021B, 49 }, // U+021B
    { 0x021E, 30 }, // U+021E
    { 0x021F, 30 }, // U+021F
    { 0x0400, 30 }, // U+0400
    { 0x0401, 30 }, // U+0401
    { 0x0402, 33 }, // U+0402
    { 0x0403, 30 }, // U+0403
    { 0x0404, 31 }, // U+0404
    { 0x0405, 5 }, // U+0405
    { 0x0406, 30 }, // U+0406
    { 0x0407, 68 }, // U+0407
    { 0x0408, 32 }, // U+0408
    { 0x0409, 96 }, // U+0409
    { 0x040A, 30 }, // U+040A
    { 0x040B, 33 }, // U+040B
    { 0x040C, 30 }, // U+040C
    { 0x040D, 30 }, // U+040D
    { 0x040F, 30 }, // U+040F
    { 0x0410, 29 }, // U+0410
    { 0x0411, 30 }, // U+0411
    { 0x0412, 30 }, // U+0412
    { 0x0413, 30 }, // U+0413
    { 0x0414, 97 }, // U+0414
    { 0x0415, 30 }, // U+0415
    { 0x0416, 98 }, // U+0416
    { 0x0417, 99 }, // U+0417
    { 0x0418, 92 }, // U+0418
    { 0x0419, 30 }, // U+0419
    { 0x041A, 30 }, // U+041A
    { 0x041B, 96 }, // U+041B
    { 0x041C, 30 }, // U+041C
    { 0x041D, 30 }, // U+041D
    { 0x041E, 31 }, // U+041E
    { 0x041F, 30 }, // U+041F
    { 0x0420, 30 }, // U+0420
    { 0x0421, 31 }, // U+0421
    { 0x0422, 33 }, // U+0422
    { 0x0423, 35 }, // U+0423
    { 0x0424, 100 }, // U+0424
    { 0x0425, 37 }, // U+0425
    { 0x0426, 30 }, // U+0426
    { 0x0427, 101 }, // U+0427
    { 0x0428, 30 }, // U+0428
    { 0x0429, 30 }, // U+0429
    { 0x042A, 102 }, // U+042A
    { 0x042B, 30 }, // U+042B
    { 0x042C, 30 }, // U+042C
    { 0x042D, 31 }, // U+042D
    { 0x042E, 30 }, // U+042E
    { 0x0430, 42 }, // U+0430
    { 0x0431, 15 }, // U+0431
    { 0x0432, 47 }, // U+0432
    { 0x0433, 47 }, // U+0433
    { 0x0434, 103 }, // U+0434
    { 0x0435, 43 }, // U+0435
    { 0x0436, 53 }, // U+0436
    { 0x0437, 43 }, // U+0437
    { 0x0438, 47 }, // U+0438
    { 0x0439, 47 }, // U+0439
    { 0x043A, 47 }, // U+043A
    { 0x043B, 104 }, // U+043B
    { 0x043C, 47 }, // U+043C
    { 0x043D, 47 }, // U+043D
    { 0x043E, 43 }, // U+043E
    { 0x043F, 47 }, // U+043F
    { 0x0440, 47 }, // U+0440
    { 0x0441, 43 }, // U+0441
    { 0x0442, 105 }, // U+0442
    { 0x0443, 51 }, // U+0443
    { 0x0444, 43 }, // U+0444
    { 0x0445, 53 }, // U+0445
    { 0x0446, 47 }, // U+0446
    { 0x0447, 106 }, // U+0447
    { 0x0448, 47 }, // U+0448
    { 0x0449, 47 }, // U+0449
    { 0x044A, 107 }, // U+044A
    { 0x044B, 45 }, // U+044B
    { 0x044C, 47 }, // U+044C
    { 0x044D, 43 }, // U+044D
    { 0x044E, 47 }, // U+044E
    { 0x044F, 108 }, // U+044F
    { 0x0450, 43 }, // U+0450
    { 0x0451, 43 }, // U+0451
    { 0x0452, 30 }, // U+0452
    { 0x0453, 47 }, // U+0453
    { 0x0454, 43 }, // U+0454
    { 0x0455, 48 }, // U+0455
    { 0x0456, 45 }, // U+0456
    { 0x0457, 77 }, // U+0457
    { 0x0458, 46 }, // U+0458
    { 0x0459, 104 }, // U+0459
    { 0x045A, 47 }, // U+045A
    { 0x045B, 30 }, // U+045B
    { 0x045C, 47 }, // U+045C
    { 0x045D, 47 }, // U+045D
    { 0x045E, 51 }, // U+045E
    { 0x045F, 50 }, // U+045F
    { 0x0460, 30 }, // U+0460
    { 0x0463, 49 }, // U+0463
    { 0x0464, 30 }, // U+0464
    { 0x0465, 47 }, // U+0465
    { 0x0466, 29 }, // U+0466
    { 0x0467, 29 }, // U+0467
    { 0x0468, 30 }, // U+0468
    { 0x046C, 30 }, // U+046C
    { 0x046E, 30 }, // U+046E
    { 0x0472, 31 }, // U+0472
    { 0x0473, 43 }, // U+0473
    { 0x0474, 35 }, // U+0474
    { 0x0475, 51 }, // U+0475
    { 0x0476, 35 }, // U+0476
    { 0x0477, 51 }, // U+0477
    { 0x0478, 31 }, // U+0478
    { 0x0479, 43 }, // U+0479
    { 0x0481, 43 }, // U+0481
    { 0x048A, 92 }, // U+048A
    { 0x048B, 47 }, // U+048B
    { 0x048D, 49 }, // U+048D
    { 0x048E, 30 }, // U+048E
    { 0x048F, 47 }, // U+048F
    { 0x0490, 30 }, // U+0490
    { 0x0491, 47 }, // U+0491
    { 0x0493, 49 }, // U+0493
    { 0x0494, 30 }, // U+0494
    { 0x0495, 47 }, // U+0495
    { 0x0497, 53 }, // U+0497
    { 0x049A, 30 }, // U+049A
    { 0x049B, 47 }, // U+049B
    { 0x049C, 30 }, // U+049C
    { 0x049D, 47 }, // U+049D
    { 0x04A0, 33 }, // U+04A0
    { 0x04A1, 49 }, // U+04A1
    { 0x04A2, 30 }, // U+04A2
    { 0x04A3, 47 }, // U+04A3
    { 0x04A4, 30 }, // U+04A4
    { 0x04A5, 47 }, // U+04A5
    { 0x04A6, 30 }, // U+04A6
    { 0x04A7, 47 }, // U+04A7
    { 0x04A9, 43 }, // U+04A9
    { 0x04AA, 31 }, // U+04AA
    { 0x04AB, 43 }, // U+04AB
    { 0x04AC, 33 }, // U+04AC
    { 0x04AD, 49 }, // U+04AD
    { 0x04AE, 38 }, // U+04AE
    { 0x04AF, 51 }, // U+04AF
    { 0x04B0, 109 }, // U+04B0
    { 0x04B1, 51 }, // U+04B1
    { 0x04B2, 37 }, // U+04B2
    { 0x04B3, 53 }, // U+04B3
    { 0x04B4, 33 }, // U+04B4
    { 0x04B5, 49 }, // U+04B5
    { 0x04B7, 42 }, // U+04B7
    { 0x04B9, 42 }, // U+04B9
    { 0x04BA, 30 }, // U+04BA
    { 0x04BB, 30 }, // U+04BB
    { 0x04BD, 49 }, // U+04BD
    { 0x04C0, 30 }, // U+04C0
    { 0x04C1, 37 }, // U+04C1
    { 0x04C3, 30 }, // U+04C3
    { 0x04C4, 47 }, // U+04C4
    { 0x04C6, 104 }, // U+04C6
    { 0x04C7, 92 }, // U+04C7
    { 0x04C8, 47 }, // U+04C8
    { 0x04C9, 30 }, // U+04C9
    { 0x04CA, 47 }, // U+04CA
    { 0x04CD, 30 }, // U+04CD
    { 0x04CE, 47 }, // U+04CE
    { 0x04CF, 30 }, // U+04CF
    { 0x04D0, 29 }, // U+04D0
    { 0x04D1, 42 }, // U+04D1
    { 0x04D2, 29 }, // U+04D2
    { 0x04D3, 42 }, // U+04D3
    { 0x04D4, 29 }, // U+04D4
    { 0x04D5, 42 }, // U+04D5
    { 0x04D6, 30 }, // U+04D6
    { 0x04D7, 43 }, // U+04D7
    { 0x04D9, 43 }, // U+04D9
    { 0x04DA, 31 }, // U+04DA
    { 0x04DB, 43 }, // U+04DB
    { 0x04DC, 37 }, // U+04DC
    { 0x04E1, 49 }, // U+04E1
    { 0x04E2, 30 }, // U+04E2
    { 0x04E3, 47 }, // U+04E3
    { 0x04E4, 30 }, // U+04E4
    { 0x04E5, 47 }, // U+04E5
    { 0x04E6, 31 }, // U+04E6
    { 0x04E7, 43 }, // U+04E7
    { 0x04E8, 31 }, // U+04E8
    { 0x04E9, 43 }, // U+04E9
    { 0x04EA, 31 }, // U+04EA
    { 0x04EB, 43 }, // U+04EB
    { 0x04ED, 43 }, // U+04ED
    { 0x04EF, 51 }, // U+04EF
    { 0x04F1, 51 }, // U+04F1
    { 0x04F3, 51 }, // U+04F3
    { 0x04F7, 47 }, // U+04F7
    { 0x04F9, 47 }, // U+04F9
    { 0x04FB, 49 }, // U+04FB
    { 0x04FC, 37 }, // U+04FC
    { 0x04FD, 53 }, // U+04FD
    { 0x04FE, 37 }, // U+04FE
    { 0x04FF, 53 }, // U+04FF
    { 0x1EA0, 29 }, // U+1EA0
    { 0x1EA1, 42 }, // U+1EA1
    { 0x1EA2, 29 }, // U+1EA2
    { 0x1EA3, 42 }, // U+1EA3
    { 0x1EA4, 29 }, // U+1EA4
    { 0x1EA5, 42 }, // U+1EA5
    { 0x1EA6, 29 }, // U+1EA6
    { 0x1EA7, 42 }, // U+1EA7
    { 0x1EA8, 29 }, // U+1EA8
    { 0x1EA9, 42 }, // U+1EA9
    { 0x1EAA, 29 }, // U+1EAA
    { 0x1EAB, 42 }, // U+1EAB
    { 0x1EAC, 29 }, // U+1EAC
    { 0x1EAD, 42 }, // U+1EAD
    { 0x1EAE, 29 }, // U+1EAE
    { 0x1EAF, 42 }, // U+1EAF
    { 0x1EB0, 29 }, // U+1EB0
    { 0x1EB1, 42 }, // U+1EB1
    { 0x1EB2, 29 }, // U+1EB2
    { 0x1EB3, 42 }, // U+1EB3
    { 0x1EB4, 29 }, // U+1EB4
    { 0x1EB5, 42 }, // U+1EB5
    { 0x1EB6, 29 }, // U+1EB6
    { 0x1EB7, 42 }, // U+1EB7
    { 0x1EB8, 30 }, // U+1EB8
    { 0x1EB9, 43 }, // U+1EB9
    { 0x1EBA, 30 }, // U+1EBA
    { 0x1EBB, 43 }, // U+1EBB
    { 0x1EBC, 30 }, // U+1EBC
    { 0x1EBD, 43 }, // U+1EBD
    { 0x1EBE, 30 }, // U+1EBE
    { 0x1EBF, 43 }, // U+1EBF
    { 0x1EC0, 30 }, // U+1EC0
    { 0x1EC1, 43 }, // U+1EC1
    { 0x1EC2, 30 }, // U+1EC2
    { 0x1EC3, 43 }, // U+1EC3
    { 0x1EC4, 30 }, // U+1EC4
    { 0x1EC5, 43 }, // U+1EC5
    { 0x1EC6, 30 }, // U+1EC6
    { 0x1EC7, 43 }, // U+1EC7
    { 0x1EC8, 30 }, // U+1EC8
    { 0x1EC9, 45 }, // U+1EC9
    { 0x1ECA, 30 }, // U+1ECA
    { 0x1ECB, 45 }, // U+1ECB
    { 0x1ECC, 31 }, // U+1ECC
    { 0x1ECD, 43 }, // U+1ECD
    { 0x1ECE, 31 }, // U+1ECE
    { 0x1ECF, 43 }, // U+1ECF
    { 0x1ED0, 31 }, // U+1ED0
    { 0x1ED1, 43 }, // U+1ED1
    { 0x1ED2, 31 }, // U+1ED2
    { 0x1ED3, 43 }, // U+1ED3
    { 0x1ED4, 31 }, // U+1ED4
    { 0x1ED5, 43 }, // U+1ED5
    { 0x1ED6, 31 }, // U+1ED6
    { 0x1ED7, 43 }, // U+1ED7
    { 0x1ED8, 31 }, // U+1ED8
    { 0x1ED9, 43 }, // U+1ED9
    { 0x1EDA, 31 }, // U+1EDA
    { 0x1EDB, 43 }, // U+1EDB
    { 0x1EDC, 31 }, // U+1EDC
    { 0x1EDD, 43 }, // U+1EDD
    { 0x1EDE, 31 }, // U+1EDE
    { 0x1EDF, 43 }, // U+1EDF
    { 0x1EE0, 31 }, // U+1EE0
    { 0x1EE1, 43 }, // U+1EE1
    { 0x1EE2, 31 }, // U+1EE2
    { 0x1EE3, 43 }, // U+1EE3
    { 0x1EE4, 34 }, // U+1EE4
    { 0x1EE5, 50 }, // U+1EE5
    { 0x1EE6, 34 }, // U+1EE6
    { 0x1EE7, 50 }, // U+1EE7
    { 0x1EE8, 34 }, // U+1EE8
    { 0x1EE9, 50 }, // U+1EE9
    { 0x1EEA, 34 }, // U+1EEA
    { 0x1EEB, 50 }, // U+1EEB
    { 0x1EEC, 34 }, // U+1EEC
    { 0x1EED, 50 }, // U+1EED
    { 0x1EEE, 34 }, // U+1EEE
    { 0x1EEF, 50 }, // U+1EEF
    { 0x1EF0, 34 }, // U+1EF0
    { 0x1EF1, 50 }, // U+1EF1
    { 0x1EF2, 38 }, // U+1EF2
    { 0x1EF3, 51 }, // U+1EF3
    { 0x1EF4, 110 }, // U+1EF4
    { 0x1EF5, 51 }, // U+1EF5
    { 0x1EF6, 110 }, // U+1EF6
    { 0x1EF7, 51 }, // U+1EF7
    { 0x1EF8, 110 }, // U+1EF8
    { 0x1EF9, 51 }, // U+1EF9
    { 0x2018, 111 }, // U+2018
    { 0x2019, 112 }, // U+2019
    { 0x201A, 113 }, // U+201A
    { 0x201B, 114 }, // U+201B
    { 0x201C, 111 }, // U+201C
    { 0x201D, 112 }, // U+201D
    { 0x201E, 113 }, // U+201E
    { 0x201F, 115 }, // U+201F
    { 0x2020, 56 }, // U+2020
    { 0x2021, 56 }, // U+2021
    { 0x2022, 116 }, // U+2022
    { 0x2023, 116 }, // U+2023
    { 0x2026, 117 }, // U+2026
    { 0x2034, 118 }, // U+2034
    { 0x2039, 57 }, // U+2039
    { 0x203A, 66 }, // U+203A
    { 0x203D, 27 }, // U+203D
    { 0x2043, 116 }, // U+2043
    { 0x2044, 119 }, // U+2044
    { 0x204A, 49 }, // U+204A
    { 0x204B, 30 }, // U+204B
    { 0x204C, 116 }, // U+204C
    { 0x204D, 47 }, // U+204D
    { 0x204F, 24 }, // U+204F
    { 0x2074, 120 }, // U+2074
    { 0x2077, 121 }, // U+2077
    { 0x2079, 122 }, // U+2079
    { 0x207E, 123 }, // U+207E
    { 0x207F, 124 }, // U+207F
    { 0x2080, 125 }, // U+2080
    { 0x2081, 125 }, // U+2081
    { 0x2082, 125 }, // U+2082
    { 0x2083, 125 }, // U+2083
    { 0x2084, 126 }, // U+2084
    { 0x2086, 125 }, // U+2086
    { 0x2087, 127 }, // U+2087
    { 0x2088, 125 }, // U+2088
    { 0x2089, 125 }, // U+2089
    { 0x208A, 125 }, // U+208A
    { 0x208B, 125 }, // U+208B
    { 0x208C, 125 }, // U+208C
    { 0x208D, 125 }, // U+208D
    { 0x208E, 125 }, // U+208E
    { 0x2091, 125 }, // U+2091
    { 0x2092, 125 }, // U+2092
    { 0x2093, 125 }, // U+2093
    { 0x2095, 125 }, // U+2095
    { 0x2096, 125 }, // U+2096
    { 0x2097, 125 }, // U+2097
    { 0x2098, 125 }, // U+2098
    { 0x2099, 125 }, // U+2099
    { 0x209A, 125 }, // U+209A
    { 0x209B, 125 }, // U+209B
    { 0x209C, 125 }, // U+209C
    { 0x20A1, 31 }, // U+20A1
    { 0x20A7, 30 }, // U+20A7
    { 0x20A8, 30 }, // U+20A8
    { 0x20AB, 43 }, // U+20AB
    { 0x20B2, 31 }, // U+20B2
    { 0x20B4, 128 }, // U+20B4
    { 0x20B5, 31 }, // U+20B5
    { 0x20B8, 129 }, // U+20B8
    { 0x20BF, 30 }, // U+20BF
    { 0x2192, 10 }, // U+2192
    { 0x21D2, 26 }, // U+21D2
    { 0x2206, 29 }, // U+2206
    { 0x2212, 10 }, // U+2212
    { 0x221E, 130 }, // U+221E
    { 0x222B, 46 }, // U+222B
    { 0x2236, 24 }, // U+2236
    { 0x2248, 26 }, // U+2248
    { 0x2260, 26 }, // U+2260
    { 0x2264, 26 }, // U+2264
    { 0x2265, 26 }, // U+2265
};

static const int8_t inter_ui_12_boldKernMatrix[] = {
       0,    0,    0,    0,    0,  -13,    0,    0,    0,    0,  -36,    0,  -36,    0,    0,    0,    0,    0,  -25,    0,    0,    0,    0,    0,    0,    0,    0,    0,  -32,    0,    0,  -66,    0,    0,    0,    0,    0,    0,    0,    0,    0,    0,   -8,    0,    0,    0,    0,   -3,    0,    0,    0,    0,    0,    0,    0,    0,    0,    0,    0,    0,    0,    0,    0,    0,    0,    0,    0,    0,    0,    0,    0,    0,   -8,    0,    0,    0,    0,   -8,    0,    0,    0,    0,    0,    0,    0,    0,   -8,    0,    0,    0,    0,    0,    0,    0,    0,  -18,  -18,    0,    0,    0,    0,    0,    0,    0,    0,    0,    0,   -3,    0,    0,    0,    0,    0,    0,    0,    0,  -36,    0,    0,    0,    0,    0,    0,    0,    0,    0,    0,    0,    0,    0,
       0,    0,    0,    0,    0,    0,    0,    0,    0,    0,    0,    0,    0,    0,    0,    0,    0,    0,    0,    0,    0,    0,    0,    0,    0,    0,    0,    0,   -6,    0,    0,    0,   -3,    0,    0,    0,   -5,    0,    0,    0,    0,    0,    0,    0,    0,    0,    0,    0,    0,    0,    0,    0,    0,    0,    0,    0,    0,    0,    0,    0,    0,    0,    0,    0,    0,    0,    0,    0,    0,    0,    0,    0,    0,    0,    0,    0,   18,    0,    0,    0,    0,    0,    0,   18,   18,    0,    0,   -3,   -3,   -3,    0,    0,    0,    0,   18,    0,    0,   -5,    0,    0,    0,   -3,    0,    0,    0,    0,    0,    0,    0,    0,    0,    0,    0,    0,    0,    0,    0,    0,    0,    0,    0,    0,    0,    0,    0,  -24,    0,    0,    0,    0,
       0,    0,    0,    0,    0,    0,    0,    0,    0,    0,    0,    0,    0,    0,    0,    0,    0,    0,    0,    0,    0,    0,    0,    0,    0,    0,    0,    0,    0,    0,    0,    0,    0,    0,    0,    0,    0,    0,    0,    0,    0,    0,    0,    0,    0,    0,    0,    0,    0,    0,    0,    0,    0,    0,    0,    0,    0,    0,    0,    0,    0,    0,    0,    0,    0,    0,    0,    0,    0,    0,    0,    0,    0,    0,    0,    0,    0,    0,    0,    0,    0,    0,    0,    0,    0,    0,    0,    0,    0,    0,    0,    0,    0,    0,    0,    0,    0,    0,    0,    0,    0,    0,    0,    0,    0,    0,    0,    0,    0,    0,  -25,  -27,    0,    0,    0,    0,    0,  -27,    0,    0,    0,    0,    0,    0,    0,    0,    0,    0,    0,    0,
       0,    0,  -13,    0,    0,    0,    0,    0,    0,    0,    0,    0,    0,    0,    0,    0,    0,    0,    0,    0,    0,    0,    0,    0,    0,    0,    0,    0,    0,    0,    0,    0,  -23,    0,  -25,  -16,    0,  -29,    0,    0,    0,    0,    0,    0,    0,    0,    0,    0,    0,    0,  -13,  -13,    0,    0,    0,  -16,    0,    0,   -9,    0,    0,    0,    0,    0,    0,    0,    0,    0,    0,    0,    0,    0,    0,    0,    0,    0,    0,    0,    0,  -13,    0,    0,    0,    0,    0,    0,    0,  -23,  -23,  -23,    0,    0,    0,    0,    0,    0,    0,    0,    0,    0,    0,  -23,    0,    0,    0,    0,    0,    0,  -29,  -29,  -36,    0,    0,    0,    0,    0,    0,    0,    0,    0,    0,    0,    0,    0,    0,    0,    0,    0,    0,    0,
       0,    0,    0,    0,    0,    0,    0,    0,    0,    0,    0,    0,    0,    0,    0,    0,    0,    0,    0,    0,    0,    0,    0,    0,    0,    0,    0,    0,    0,    7,    0,    0,    0,    0,    0,    0,    0,    0,    0,    0,    0,    0,   -2,    0,    0,    5,    7,    0,    0,    0,    0,    0,    0,    0,    0,    0,    0,    0,    0,    0,    0,    0,    0,    0,    0,    0,    0,    0,    0,    0,    0,    0,   -2,    0,    0,    0,    0,   -2,    0,    0,    0,    0,    7,    0,    0,    5,   -2,    0,    0,    0,    0,    7,    0,   44,    0,    0,    0,    0,    0,    0,    0,    0,    0,    0,    0,    0,    0,    0,    0,    0,    0,    0,    0,    0,    0,    0,    0,    0,    0,    0,    0,    0,    0,    0,    0,    0,    0,    0,    0,    0,
       0,    0,    0,    0,    0,    0,    0,    0,    0,    0,    0,    0,    0,    0,    0,    0,    0,    0,    0,    0,    0,    0,    0,    0,    0,    0,    0,    0,    0,    0,    0,    0,    0,    0,    0,    0,    0,    0,    0,    0,    0,    0,    0,    0,    0,    0,    0,    0,    0,    0,    0,    0,    0,    0,    0,    0,    0,    0,    0,    0,    0,    0,    0,    0,    0,    0,    0,    0,    0,    0,    0,    0,    0,    0,    0,    0,    0,    0,    0,    0,    0,    0,    0,    0,    0,    0,    0,    0,    0,    0,    0,    0,    0,    7,    0,    0,    0,    0,    0,    0,    0,    0,    0,    0,    0,    0,    0,    0,    0,    0,  -13,    0,    0,    0,    0,    0,    0,    0,    0,    0,    0,    0,    0,    0,    0,    0,    0,    0,    0,    0,
       0,    0,    0,    0,    0,  -13,    0,    0,    0,    0,  -54,    0,  -54,    0,    0,    0,    0,    0,  -18,    0,    0,    0,    0,    0,    0,    0,    0,   -7,  -38,    0,   -7,  -38,    0,    0,    0,    0,    0,    0,    0,    0,  -27,    0,    0,    0,    0,    0,    0,    0,    0,    0,    0,    0,    0,    0,    0,    0,    0,    0,    0,    0,    0,    0,    0,    0,    0,    0,    0,    0,    7,    0,    0,    0,    0,    0,    0,    0,    0,    0,    0,    0,    0,    0,    0,    0,    0,    0,    0,    0,    0,    0,    0,    0,    0,    0,    0,  -13,  -13,    0,    0,   -7,    0,    0,    0,    0,    0,    0,    0,    0,    0,    0,    0,    0,    0,    0,    0,    0,  -54,    0,    0,    0,    0,    0,    0,    0,    0,    0,    0,    0,    0,    0,
       0,    0,    0,    0,    0,    0,    0,    0,    0,    0,    0,    0,    0,    0,    0,    0,   -9,   -2,    0,    0,  -11,    0,    0,    0,    0,    0,    0,    0,  -13,    0,    0,  -18,  -31,    0,  -18,   -9,  -16,  -26,    0,    0,    0,    0,    0,    0,    0,    0,    0,    0,    0,    0,    0,    0,   -9,    0,    0,    0,    0,    0,    0,    0,    0,    0,   -3,    0,    0,    0,    0,    0,    0,    0,    0,    0,    0,    0,    0,    0,    0,    0,    0,    0,    0,    0,    0,    0,    0,    0,    0,  -54,  -54,  -31,    0,    0,    0,    0,    0,    0,    0,  -43,  -12,    0,    0,  -60,    0,    0,    0,    0,    0,    0,  -26,  -26,  -12,    0,    0,    0,    0,    0,    0,    0,    0,    0,    0,    0,    0,    0,    0,    0,    0,    0,    0,    0,
     -12,   -5,  -40,    0,    0,    0,    0,    0,    0,    0,    0,    0,    0,    0,  -12,  -36,    0,   -9,    0,   -3,  -10,  -11,   -5,    0,    0,    0,  -35,  -18,    0,    0,  -18,    0,  -13,    0,    0,    0,    0,  -26,    0,    0,    0,    0,    0,    0,    0,    0,    0,    0,    0,    0,    0,    0,    0,    0,    0,    0,    0,    0,    0,    0,    0,    0,  -20,    0,    0,    0,    0,    0,    0,    0,    0,    0,    0,    0,    0,    0,    0,    0,    0,    0,    0,    0,    0,    0,    0,    0,    0,  -13,  -13,  -13,    0,    0,    0,    0,    0,    0,    0,    0,   -9,  -18,    0,  -13,    0,    0,    0,  -13,    0,    0,  -26,  -39,    0,  -38,    0,  -54,  -54,    0,    0,  -38,    0,    0,    0,    0,    0,    0,    0,    0,    0,    0,    0,    0,
       0,    0,    0,    0,    0,    0,    0,    0,    0,    0,  -16,    0,  -16,    0,    0,    0,    0,    0,    0,    0,    0,    0,    0,    0,    0,    0,    0,    0,  -10,    0,    0,  -25,    0,    0,    3,    3,    0,    0,    0,    0,    0,    0,    0,    0,    0,    0,    0,    0,    0,    0,    0,    0,    0,    0,    0,    0,    0,    0,    0,    0,    0,    0,    0,    0,    0,    0,    0,    0,    0,    0,    0,    0,    0,    0,    0,    0,    0,    0,    0,    0,    0,    0,    0,    0,    0,    0,    0,    0,    0,    0,    0,    0,    0,   16,    0,    0,    0,    0,    0,    0,    0,    0,    0,    0,    0,    0,    0,    0,    0,    0,    0,    0,    0,    0,    0,    0,  -16,    0,    0,    0,    0,    0,    0,    0,    0,    0,    0,    0,    0,    0,
       0,    0,    0,    0,    0,    0,    0,    0,    0,    0,  -12,    0,  -12,    0,    0,    0,    0,    0,    0,    0,   -8,    0,    0,    0,    0,    0,    0,    0,    0,    0,    0,    0,    0,    0,  -10,    0,  -15,  -13,    0,    0,  -18,    0,    0,    0,    0,    0,    0,    0,    7,    0,    0,    0,    0,    0,    0,    0,    0,    0,    0,    0,    0,    0,    0,    0,    0,    0,    0,    0,    0,    0,    0,    0,    0,    0,    0,    0,    0,    0,    0,    0,    0,    0,    0,    0,    0,    0,    0,    0,    0,    0,    0,    0,    0,    0,    0,    0,    0,  -15,    0,    0,    0,    0,    0,    0,    7,    0,    7,    0,  -13,  -13,  -18,    0,  -20,    0,    0,    0,  -12,    0,    0,    0,    0,    0,    0,    0,    0,    0,    0,    0,    0,    0,
       0,    0,    0,    0,    0,    0,    0,    7,    0,    0,    0,    0,    0,    0,    0,    0,    0,    0,    0,    0,    0,    0,    0,    0,    0,    0,    0,    0,    0,    0,    0,    0,    0,    0,    0,    0,    0,    0,    0,    0,    7,    0,    0,    0,    0,    0,    0,    0,    6,    0,    4,    0,    0,    0,    0,    0,    0,    0,    0,    0,    0,    0,    0,    0,    0,    0,    0,    0,   13,    0,    0,    0,    0,    0,    0,    0,   26,    0,    0,    4,    0,   15,    0,   26,   26,    0,    0,    0,    0,    0,    0,    0,    0,   13,   26,    0,    0,    0,    0,    0,    0,    0,    0,    0,    6,    0,    6,    0,    0,    0,    0,    0,    0,    0,    0,    0,    0,    0,    0,    0,    0,    0,    0,    0,    0,    0,    0,    0,    0,    0,
       0,    0,    0,    0,    0,    0,    0,    0,    0,    0,    0,    0,    0,    0,    0,    0,    0,    0,   -6,    0,    0,    0,    0,    0,    0,    0,    0,    0,    0,    0,    0,    0,    0,    0,    0,    0,    0,    0,    0,    0,    0,    0,    0,    0,    0,    0,    0,    0,    0,    0,    0,    0,    0,    0,    0,    0,    0,    0,    0,    0,    0,    0,    0,    0,    0,    0,    0,    0,    0,    0,    0,    0,    0,    0,    0,    0,    0,    0,    0,    0,    0,    0,    0,    0,    0,    0,    0,    0,    0,    0,    0,    0,    0,    0,    0,    0,    0,    0,    0,    0,    0,    0,    0,    0,    0,    0,    0,    0,    0,    0,    0,    0,    0,    0,    0,    0,    0,    0,    0,    0,    0,    0,    0,    0,    0,    0,    0,    0,    0,    0,
       0,    0,    0,    0,    0,    0,    0,    0,   -3,    0,   -8,    0,   -8,    0,    0,    0,    0,    0,    0,    0,    0,    0,    0,    0,    0,    0,    0,    0,    0,    0,    0,    0,    0,    0,    0,    0,   -9,    0,    0,   -3,    0,    0,    0,    0,    0,    0,    0,    0,    0,    0,    0,    0,    0,    0,    0,    0,  -13,    0,    0,   -3,    0,    0,    0,    0,    0,    0,    0,    0,    0,    0,    0,    0,    0,    0,    0,    0,    0,    0,    0,    0,    0,    0,    0,    0,    0,    0,    0,    0,    0,    0,    0,    0,    0,    0,    0,    0,    0,   -9,    0,    0,    0,    0,    0,    0,    0,    0,    0,    0,    0,    0,    0,    0,  -20,    0,    0,    0,   -8,    0,    0,    0,    0,    0,    0,    0,    0,    0,    0,    0,    0,    0,
       0,    0,    0,    0,    0,    0,    0,    0,  -14,    0,  -13,    0,  -13,    0,    0,  -15,    0,    0,    0,    0,    0,    0,    0,    0,    0,    0,    0,    0,    0,    0,    0,    0,    0,    0,    0,    0,    0,    0,    0,  -14,    0,    0,    0,    0,    0,    0,    0,    0,    0,    0,    0,    0,    0,    0,    0,    0,    0,    0,   -2,  -14,    0,    0,  -18,    0,    0,    0,    0,    0,    0,    0,    0,    0,    0,    0,    0,    0,    0,    0,    0,    0,    0,    0,    0,    0,    0,    0,    0,    0,    0,    0,    0,    0,    0,    0,    0,    0,    0,    0,    0,    0,    0,    0,    0,    0,    0,    0,    0,    0,    0,    0,    0,    0,    0,    0,    0,    0,  -13,    0,    0,    0,    0,    0,    0,    0,    0,    0,    0,    0,    0,    0,
       0,    0,    0,    0,    0,    0,    0,    0,   -2,    0,   -9,    0,   -9,    0,    0,    0,    0,    0,    0,    0,    0,    0,    0,    0,    0,    0,    0,    0,    0,    0,    0,    0,    0,    0,    0,    0,    0,    0,    0,   -2,    0,    0,    0,    0,    0,    0,    0,    0,    0,    0,    0,    0,    0,    0,    0,    0,    0,    0,   -2,   -2,    0,    0,    0,    0,    0,    0,    0,    0,    0,    0,    0,    0,    0,    0,    0,    0,    0,    0,    0,    0,    0,    0,    0,    0,    0,    0,    0,    0,    0,    0,    0,    0,    0,    0,    0,    0,    0,    0,    0,    0,    0,    0,    0,    0,    0,    0,    0,    0,    0,    0,    0,    0,    0,    0,    0,    0,   -9,    0,    0,    0,    0,    0,    0,    0,    0,    0,    0,    0,    0,    0,
       0,    0,    0,    0,    0,    0,    0,    0,    0,    0,  -12,    0,  -12,    0,    0,    0,    0,    0,    0,    0,    0,    0,    0,    0,    0,    0,    0,    0,    0,    0,    0,    0,    0,    0,    0,    0,    0,    0,    0,    0,  -18,    0,    0,    0,    0,    0,    0,    0,    0,    0,    0,    0,    0,    0,    0,    0,    0,    0,    0,    0,    0,    0,    0,    0,    0,    0,    0,    0,    0,    0,    0,    0,    0,    0,    0,    0,    0,    0,    0,    0,    0,    0,    0,    0,    0,    0,    0,    0,    0,    0,    0,    0,    0,    0,    0,    0,    0,    0,    0,    0,    0,    0,    0,    0,    0,    0,    0,    0,    0,    0,    0,    0,  -18,    0,    0,    0,  -12,    0,    0,    0,    0,    0,    0,    0,    0,    0,    0,    0,    0,    0,
       0,    0,    0,  -23,    0,  -18,    0,    0,    0,    0,  -50,    0,  -50,    0,   -6,    0,    0,   -7,  -23,   -4,    8,   -6,   -4,  -13,  -36,    0,    0,    0,  -43,    0,    0,  -38,    0,    0,    0,    0,    0,    0,    0,    0,  -63,  -18,  -20,    0,    0,    0,  -20,  -16,    0,    0,    0,    0,    0,    0,    0,    0,  -25,    0,    0,    0,    0,    0,    0,    0,    0,    0,    0,    0,    0,    0,  -18,  -18,  -20,    0,    0,    0,   36,  -20,    0,    0,  -18,    0,    0,   36,   36,    0,  -20,    0,    0,    0,    0,    0,    0,    0,   36,  -43,  -43,    0,   -7,    0,    0,    0,    0,    0,    0,    0,    0,  -16,    0,    0,    0,    0,  -57,    0,    0,    0,  -50,    0,    0,    0,    0,    0,    0,    0,    0,  -17,    0,    0,    0,    0,
       0,    0,    0,    0,    0,    0,    0,    0,    0,    0,    0,    0,    0,    0,    0,    0,    0,    0,    0,    0,    0,    0,    0,    0,    0,    0,    0,    0,    0,    0,    0,    0,  -13,    0,  -25,    0,    0,    0,    0,    0,    0,    0,    0,    0,    0,    0,    0,    0,    0,    0,    0,    0,    0,    0,    0,    0,    0,    0,    0,    0,    0,    0,    0,    0,    0,    0,    0,    0,    0,    0,    0,    0,    0,    0,    0,    0,    0,    0,    0,    0,    0,    0,    0,    0,    0,    0,    0,  -13,  -13,  -13,    0,    0,    0,    0,    0,    0,    0,    0,    0,    0,    0,  -34,    0,    0,    0,    0,    0,    0,    0,    0,  -18,    0,    0,    0,    0,    0,    0,    0,    0,    0,    0,    0,    0,    0,    0,    0,    0,    0,    0,    0,
       0,    0,    0,    0,    0,    0,    0,    0,    0,    0,    0,    0,    0,    0,    0,    0,    0,    0,    0,    0,    0,    0,    0,    0,    0,    0,    0,    0,  -20,    0,    0,    0,  -18,    0,  -27,  -25,  -20,  -38,    0,    0,    0,    0,    0,    0,    0,    0,    0,    0,    0,    0,  -16,    0,  -13,    0,    0,    0,    0,    0,    0,    0,    0,    0,    0,    0,    0,    0,    0,    0,    0,    0,    0,    0,    0,    0,    0,    0,    0,    0,    0,  -16,    0,    0,    0,    0,    0,    0,    0,  -18,  -18,  -18,    0,    0,    0,    0,    0,    0,    0,  -20,    0,    0,    0,  -18,    0,    0,    0,    0,    0,    0,  -38,  -38,  -23,    0,    0,    0,    0,    0,    0,    0,    0,    0,    0,    0,    0,    0,    0,    0,    0,    0,  -16,    0,
       0,    0,    0,    0,    0,    0,    0,    0,    0,    0,    0,    0,    0,    0,    0,    0,    0,    0,    0,    0,  -29,    0,    0,    0,    0,    0,    0,    0,  -15,    0,    0,    0,  -32,    0,  -29,  -29,  -23,  -36,  -25,    0,    0,    0,    0,    0,    0,    0,    0,    0,    0,    0,    0,    0,    0,    0,    0,    0,    0,    0,    0,    0,    0,    0,    0,    0,    0,    0,    0,    0,    0,    0,    0,    0,    0,    0,    0,    0,    0,    0,    0,    0,    0,    0,    0,    0,    0,    0,    0,  -32,  -32,  -32,    0,    0,    0,    0,    0,  -13,  -13,  -20,    0,    0,    0,  -29,    0,    0,    0,    0,    0,    0,  -36,  -36,  -38,    0,    0,    0,    0,    0,    0,    0,    0,    0,    0,    0,    0,    0,    0,    0,    0,    0,  -29,    0,
       0,    0,    0,    0,    0,    0,    0,    0,    0,    0,    0,    0,    0,    0,    0,    0,    0,    0,    0,    0,    0,    0,    0,    0,    0,    0,    0,    0,  -25,    0,    0,    0,    0,    0,    0,    0,    0,    0,    0,    0,    0,    0,    0,    0,    0,    0,    0,    0,    0,    0,    0,    0,    0,    0,    0,    0,    0,    0,    0,    0,    0,    0,    0,    0,    0,    0,    0,    0,    0,    0,    0,    0,    0,    0,    0,    0,    0,    0,    0,    0,    0,    0,    0,    0,    0,    0,    0,    0,    0,    0,    0,    0,    0,    0,    0,    0,    0,    0,    0,    0,    0,    0,    0,    0,    0,    0,    0,    0,    0,    0,    0,    0,    0,    0,    0,    0,    0,    0,    0,    0,    0,    0,    0,    0,    0,    0,    0,    0,    0,    0,
       0,    0,    0,    0,    0,    0,    0,    0,    0,    0,  -18,    0,  -18,  -16,    0,    0,    0,    0,    0,    0,    0,    0,    0,    0,    0,    0,    0,    0,  -17,    0,    0,    0,  -13,    0,  -16,  -10,  -21,  -17,    0,    0,  -16,    0,    0,    0,    0,    0,    0,    0,    0,    0,    0,    0,    0,    0,    0,    0,    0,    0,   -2,    0,    0,    0,    0,    0,    0,    0,    0,    0,    0,    0,    0,    0,    0,    0,    0,    0,    0,    0,    0,    0,    0,    0,    0,    0,    0,    0,    0,  -13,  -13,  -13,    0,    0,    0,   10,    0,    0,    0,  -41,    0,    0,    0,  -26,    0,    0,    0,    0,    0,    0,  -17,  -17,  -13,    0,  -16,    0,    0,    0,  -18,    0,    0,    0,    0,    0,    0,    0,  -16,  -40,    0,    0,    0,    0,
       0,    0,  -32,    0,   -6,    0,    0,    0,  -38,  -13,    0,  -13,    0,    5,    0,  -20,    0,    0,    0,    0,    0,    0,    0,    0,  -15,  -20,  -25,  -17,    6,    0,  -17,    0,  -36,   -8,  -32,  -29,    0,  -31,    0,  -38,    0,    0,   -9,   -4,    1,    0,    0,   -4,  -11,    0,  -27,  -27,    0,    0,  -13,  -29,  -13,  -13,  -28,  -38,    0,    0,  -21,  -13,    0,  -13,    0,    0,    0,  -13,    0,    0,   -9,    1,    1,    1,    0,   -9,    0,  -27,    0,    0,    0,    0,    0,    0,   -9,  -36,  -36,  -58,    0,    0,    1,    0,    0,    0,    0,    0,    0,  -17,    0,  -36,    0,    0,  -11,  -26,  -11,   -4,  -31,  -31,  -52,  -41,    0,    0,    0,  -13,    0,  -41,   -5,    0,    0,    0,    0,    0,    0,    0,    0,    0,  -20,    0,
       0,    0,    0,    0,    0,    0,    0,    0,    0,    0,    0,    0,    0,    0,    0,    0,    0,    0,    0,    0,    0,    0,    0,    0,    0,    0,    0,    0,    0,    0,    0,    0,  -23,    0,    0,    0,    0,    0,    0,    0,    0,    0,    0,    0,    0,    0,    0,    0,    0,    0,    0,    0,    0,    0,    0,    0,    0,    0,    0,    0,    0,    0,    0,    0,    0,    0,    0,    0,    0,    0,    0,    0,    0,    0,    0,    0,   13,    0,    0,    0,    0,    0,    0,   13,   13,    0,    0,  -23,  -23,  -23,    0,    0,    0,    0,   13,    0,    0,    0,    0,    0,    0,  -23,    0,    0,    0,    0,    0,    0,    0,    0,  -25,    0,    0,    0,    0,    0,    0,    0,    0,    0,    0,    0,    0,    0,    0,    0,    0,    0,    0,    0,
       0,    0,    0,    0,    0,    0,    0,    0,    0,    0,    0,    0,    0,    0,    0,    0,    0,    0,    0,    0,    0,    0,    0,    0,    0,    0,    0,    0,  -11,    0,    0,    0,    0,    0,    0,    0,   -6,    0,    0,    0,  -16,    0,    0,    0,    0,    0,    0,    0,    0,    0,    2,    0,    0,    0,    0,    0,    0,    0,    0,    0,    0,    0,    0,    0,    0,    0,    0,    0,    0,    0,    0,    0,    0,    0,    0,    0,   13,    0,    0,    2,    0,    0,    0,   13,   13,    0,    0,    0,    0,    0,    0,    0,    0,    0,   13,    0,    0,   -6,    0,    0,    0,    0,    0,    0,    0,    0,    0,    0,    0,    0,    0,    0,    0,    0,    0,    0,    0,    0,    0,    0,    0,    0,    0,    0,    0,    0,    0,    0,    0,    0,
       0,    0,    0,    0,    0,    0,    0,    0,    0,    0,    0,    0,    0,    0,    0,    0,    0,    0,    0,    0,    0,    0,    0,    0,    0,    0,    0,    0,    0,    0,    0,    0,    0,    0,    0,    0,    0,    0,    0,    0,    0,    0,    0,    0,    0,    0,    0,    0,    0,    0,    0,    0,    0,    0,    0,    0,    0,    0,    0,    0,    0,    0,    0,    0,    0,    0,    0,    0,    0,    0,    0,    0,    0,    0,    0,    0,   29,    0,    0,    0,    0,    0,    0,   29,   29,    0,    0,    0,    0,    0,    0,    0,    0,   13,   29,    0,    0,    0,    0,    0,    0,    0,    0,    0,    0,    0,    0,    0,    0,    0,    0,    0,    0,    0,    0,    0,    0,    0,    0,    0,    0,    0,    0,    0,    0,    0,    0,    0,    0,    0,
       0,    0,    0,    0,    0,    0,    0,    0,    0,    0,  -16,    0,  -29,    0,    0,    0,    0,    0,    0,    0,    0,    0,    0,    0,    0,    0,    0,    0,  -36,    0,    0,  -27,    0,    0,    0,    0,    0,    0,    0,    0,  -13,   -7,  -12,    0,    0,    0,   -8,    0,    0,  -13,  -13,    0,    0,  -13,    0,    0,    0,    0,    0,    0,    0,  -13,    0,    0,    0,    0,    0,    0,    0,    0,   -7,   -7,  -12,    0,    0,    0,    0,  -12,  -13,  -13,   -7,    0,    0,    0,    0,    0,  -12,    0,    0,    0,  -13,    0,    0,   29,    0,    0,    0,    0,    0,    0,    0,    0,    0,    0,    0,    0,    0,    0,    0,    0,    0,    0,  -48,    0,    0,    0,  -50,    0,    0,    0,    0,    0,    0,    0,    0,  -10,    0,    0,    0,    0,
       0,    0,    0,    0,    0,    0,    0,    0,    0,    0,    0,    0,    0,    0,    0,    0,    0,    0,    0,    0,    0,    0,    0,    0,    0,    0,    0,    0,  -12,    0,    0,    0,  -12,    0,   -9,    0,   -6,  -11,    0,    0,    0,    0,    0,    0,    0,    0,    0,    0,    0,    0,    0,    0,    0,    0,    0,    0,    0,    0,    0,    0,    0,    0,    0,    0,    0,    0,    0,    0,    0,    0,    0,    0,    0,    0,    0,    0,   13,    0,    0,    0,    0,    0,    0,   13,   13,    0,    0,  -12,  -12,  -12,    0,    0,    0,   10,   13,    0,    0,   -6,    0,    0,    0,  -12,    0,    0,    0,    0,    0,    0,  -11,  -11,    0,    0,    0,    0,    0,    0,    0,    0,    0,    0,    0,    0,    0,    0,    0,    0,    0,    0,    0,    0,
       0,    0,    0,    0,    0,    0,    0,    0,    0,    0,  -13,    0,  -13,  -23,    0,    0,    0,    0,    0,    0,    0,    0,    0,    0,    0,    0,    0,    0,   -8,    0,    0,    0,    0,    0,    0,    0,    0,    0,    0,    0,  -20,    0,    0,    0,    0,    0,    0,    0,    0,    0,    0,    0,    0,    0,    0,    0,    0,    0,    0,    0,    0,    0,    0,    0,    0,    0,    0,    0,    0,    0,    0,    0,    0,    0,    0,    0,    0,    0,    0,    0,    0,    0,    0,    0,    0,    0,    0,    0,    0,    0,    0,    0,    0,   13,    0,    0,    0,    0,    0,    0,    0,    0,    0,    0,    0,    0,    0,    0,    0,    0,    0,    0,  -32,    0,    0,    0,  -13,    0,    0,    0,    0,    0,    0,    0,    0,    0,    0,    0,    0,    0,
       0,    0,    0,    0,   -4,    0,    0,    0,    0,  -31,    0,  -31,    0,    0,    0,    0,    0,    0,    0,    0,    0,    0,    0,    0,  -27,  -13,    0,  -16,    0,    0,  -16,    0,    0,    0,    0,    0,    0,    0,    0,    0,    0,    0,  -16,    0,    3,    0,    0,    0,    0,  -13,  -16,  -25,    0,    0,  -31,    0,  -20,  -51,   -6,    0,    0,  -13,    0,  -49,    0,    0,    0,    0,    0,  -13,    0,    0,  -16,    3,    3,    3,   34,  -16,  -13,  -16,    0,    0,    0,   34,   34,    0,  -16,    0,    0,    0,  -13,    0,    3,   34,   34,    0,    0,    0,    0,  -16,    0,    0,    0,    0,    0,  -42,    0,    0,    0,    0,    0,    0,    0,    0,    0,  -13,    0,    0,    0,    0,    0,    0,    0,    0,    0,    0,    0,    0,    0,  -13,
       0,    0,  -36,    0,    0,    0,    0,    0,  -68,  -27,    0,  -47,    0,    0,    0,  -18,    0,    0,    0,    0,    0,    0,    0,    0,    0,    0,    0,  -11,    0,    0,  -11,    0,  -36,    0,  -31,  -15,    0,  -35,    0,  -52,    0,    0,    0,    0,    0,    0,    0,    0,   -9,    0,  -27,    0,    0,    0,  -42,  -38,  -25,  -79,  -32,  -70,    0,    0,  -31,  -52,    0,    0,    0,    0,    0,  -13,    0,    0,    0,    0,    0,    0,    0,    0,    0,  -27,    0,    0,    0,    0,    0,    0,    0,  -36,  -36,  -36,    0,    0,    0,    0,    0,    0,    0,    0,    0,  -11,    0,  -36,    0,    0,   -9,  -49,   -9,    0,  -35,  -48,  -34,  -37,    0,  -18,  -18,  -13,    0,  -64,    0,    0,    0,    0,    0,    0,    0,    0,    0,    0,    0,    0,
       0,    0,    0,    0,    0,  -13,    0,    0,    0,   -8,  -16,   -8,  -29,    0,    0,    0,    0,    0,    0,    0,    0,    0,    0,    0,    0,    0,    0,    0,  -33,    0,    0,  -38,    0,    0,    0,    0,    0,    0,    0,    0,    0,   -5,   -3,    0,    0,    0,    0,    0,    0,    0,    0,    0,    0,    0,   -8,    0,    0,   -8,    0,    0,    0,    0,    0,   -8,    0,    0,    0,    0,    0,    0,   -5,   -5,   -3,    0,    0,    0,    0,   -3,    0,    0,   -5,    0,    0,    0,    0,    0,   -3,    0,    0,    0,    0,    0,    0,    0,    0,    0,    0,    0,    0,    0,    0,    0,    0,    0,    0,    0,    0,    0,    0,    0,    0,    0,  -57,    0,    0,    0,  -54,    0,    0,    0,    0,    0,    0,    0,    0,  -15,    0,    0,    0,    0,
       0,    0,    0,    0,    0,    0,    0,    0,    0,    0,    0,    0,    0,    0,    0,    0,    0,    0,    0,    0,    0,    0,    0,    0,    0,    0,    0,    0,    0,    0,    0,    0,    0,    0,   -8,    0,    0,  -12,    0,    0,    0,   -2,   -5,    0,    0,    0,    0,    0,    0,    0,    0,    0,    0,    0,    0,    0,    0,    0,    0,    0,    0,    0,    0,    0,    0,    0,    0,    0,    0,    0,   -2,   -2,   -5,    0,    0,    0,   18,   -5,    0,    0,   -2,    0,    0,   18,   18,    0,   -5,    0,    0,    0,    0,    0,    0,    0,   18,    0,    0,    0,    0,    0,    0,    0,    0,    0,    0,    0,    0,    0,  -12,  -12,    0,    0,    0,    0,    0,    0,    0,    0,    0,    0,    0,    0,    0,    0,    0,    0,    0,    0,    0,    0,
       0,    0,    0,    0,   -2,  -13,    0,    0,    0,  -21,  -13,  -21,  -13,  -52,  -13,    0,    0,    0,  -27,    0,  -32,    0,    0,  -13,  -32,  -13,    0,  -13,  -36,    0,  -13,  -36,    0,    0,    0,    0,    0,    4,    0,    0,  -23,  -29,  -31,    0,    0,    0,  -23,  -29,  -41,  -29,  -25,  -25,  -13,  -18,  -21,    0,  -52,  -21,    0,    0,    0,  -70,    0,  -53,    0,  -20,    0,    0,    0,  -13,  -45,  -45,  -52,    0,    0,    0,   36,  -52,  -50,  -38,  -29,    0,    0,   36,   36,    0,  -31,    0,    0,    0,  -45,    0,    0,   57,   36,  -55,  -55,    0,    0,  -13,    0,    0,    0,    0,  -41,  -21,  -41,  -29,    4,    4,    0,    0,  -48,    0,    0,  -13,  -47,    0,    0,    0,    0,    0,    0,    0,    0,  -23,    0,    0,    0,    0,
       0,    0,    0,    0,    0,  -20,    0,    0,    0,  -23,  -38,  -23,  -38,  -20,  -10,    0,    0,    0,  -13,    0,    0,    0,    0,  -25,  -29,  -25,    0,  -29,  -32,    0,  -16,  -38,    0,    0,    6,    0,    0,    0,    0,    0,  -32,  -24,  -24,    0,    0,    0,   -3,  -18,    0,    0,    0,    0,    0,    0,  -23,    0,  -23,  -48,    0,    0,    0,    0,    0,  -39,    0,    0,  -12,    0,    0,  -16,  -24,  -39,  -24,    0,    0,    0,   34,  -43,    0,    0,  -24,    0,    0,   34,   34,    0,  -24,    0,    0,    0,    0,    0,    0,   16,   34,  -49,  -49,    0,    0,  -16,    0,    0,    0,    0,    0,   -5,    0,  -18,    0,    0,    0,    0,  -45,    0,    0,  -16,  -38,    0,    0,    0,    0,    0,    0,    0,  -54,  -60,    0,    0,    0,    0,
       0,    0,    0,    0,   -2,  -20,    0,    0,    0,  -17,  -38,  -17,  -38,  -12,    0,    0,    0,    0,  -13,    0,    0,    0,    0,  -20,  -29,  -25,    0,  -10,  -29,    0,  -10,  -25,    0,    0,    3,    9,    0,    0,    0,    0,    0,  -23,  -20,    0,    0,    0,  -14,  -13,    0,    0,    0,    0,    0,    0,  -17,    0,  -23,  -17,    0,    0,    0,    0,    0,  -30,    0,    0,  -12,    0,    0,    0,  -23,  -23,  -20,    0,    0,    0,    0,  -20,    0,    0,  -23,    0,    0,    0,    0,    0,  -20,    0,    0,    0,    0,    0,    0,   34,    0,    0,    0,    0,    0,  -10,    0,    0,    0,    0,    0,  -14,    0,  -13,    0,    0,    0,    0,  -43,    0,    0,    0,  -38,    0,    0,    0,    0,    0,    0,    0,  -38,  -44,    0,    0,    0,    0,
       0,    0,    0,    0,   -5,    0,    0,    0,    0,  -16,    0,  -16,    0,    0,  -15,    0,    0,   -9,  -16,    0,    0,   -9,    0,    0,  -23,  -20,    0,  -21,    0,    0,  -21,    0,  -16,    0,    0,    0,    0,    0,    0,    0,    0,  -23,  -11,    0,    0,    0,    0,    0,    0,    0,    0,    0,    0,    0,  -29,    0,  -16,  -36,   -3,    0,    0,    0,    0,  -34,    0,    0,    0,    0,    0,  -18,  -23,  -23,  -11,    0,    0,    0,    0,  -11,    0,    0,  -23,    0,    0,    0,    0,    0,  -11,  -16,  -16,  -16,    0,    0,    0,   34,    0,    0,    0,    0,   -9,  -41,  -13,  -16,    0,    0,  -25,  -34,    0,    0,    0,    0,    0,    0,    0,    0,    0,  -18,    0,    0,    0,    0,    0,    0,    0,    0,    0,    0,    0,  -13,    0,    0,
       0,    0,    0,    0,    0,  -25,    0,    0,    0,  -26,  -26,  -26,  -26,    0,    0,    0,    0,    0,  -27,    0,    0,    0,    0,  -25,  -41,  -38,    0,  -17,  -31,    0,  -17,  -13,    4,    0,    0,    0,    0,    0,    0,    0,    0,  -41,  -44,    0,   -8,    0,  -16,  -27,    0,  -16,    0,    0,    0,    0,  -26,    0,  -36,  -46,   -3,    0,    0,  -16,    0,  -46,    0,  -25,    0,    0,    0,  -34,  -67,  -61,  -44,   -8,  -23,   -8,    0,  -44,  -16,    0,  -77,    0,    0,    0,    0,    0,  -66,    4,    4,    4,  -16,    0,   -8,   34,    0,    0,    0,    0,    0,  -17,    0,    4,    0,    0,    0,  -20,    0,  -27,    0,    0,    0,    0,  -43,    0,    0,  -16,  -64,    0,    0,    0,    0,    0,    0,    0,  -69,  -75,    0,    0,    0,  -13,
       0,    0,    0,    0,    0,    0,    0,    0,    0,  -15,    0,  -15,    0,    0,    0,    0,    0,    0,    0,    0,    0,    0,    0,    0,  -25,    0,    0,  -13,    0,    0,  -13,    0,    0,    0,    0,    0,    0,    0,    0,    0,    0,    0,    0,    0,    0,    0,    0,    0,    0,    0,    0,    0,    0,    0,  -15,    0,  -13,  -15,    0,    0,    0,    0,    0,  -28,    0,    0,    0,    0,    0,    0,    0,    0,    0,    0,    0,    0,   34,    0,    0,    0,    0,    0,    0,   34,   34,    0,    0,    0,    0,    0,    0,    0,    0,   13,   34,    0,    0,    0,    0,  -13,    0,    0,    0,    0,    0,   -9,    0,    0,    0,    0,    0,    0,    0,    0,    0,    0,    0,    0,    0,    0,    0,    0,    0,    0,    0,    0,    0,    0,    0,    0,
       0,    0,    0,    0,    0,    0,    0,    0,    0,    0,    0,    0,    0,    0,    0,    0,    0,    0,    0,    0,    0,    0,    0,    0,    0,    0,    0,    0,    0,    7,    0,    0,    0,    0,    0,    0,    0,    0,    0,    0,    0,    0,   -2,    0,    0,    5,    7,    0,    0,    0,    0,    0,    0,    0,    0,    0,    0,    0,    0,    0,    0,    0,    0,    0,    0,    0,    0,    0,    0,    0,    0,    0,   -2,    0,    0,    0,    0,   -2,    0,    0,    0,    0,    7,    0,    0,    5,   -2,    0,    0,    0,    0,    7,    0,   35,    0,    0,    0,    0,    0,    0,    0,    0,    0,    0,    0,    0,    0,    0,    0,    0,    0,    0,    0,    0,    0,    0,    0,    0,    0,    0,    0,    0,    0,    0,    0,    0,    0,    0,    0,    0,
       0,    0,  -32,    0,   -6,    0,    0,    0,  -38,  -13,    0,  -13,    0,    5,    0,  -20,    0,    0,    0,    0,    0,    0,    0,    0,  -15,  -20,  -25,  -17,    6,    0,  -17,    0,  -51,   -8,  -51,  -52,    0,  -31,    0,  -38,    0,    0,   -9,   -4,    1,    0,    0,   -4,  -11,    0,  -47,  -27,    0,    0,  -13,  -29,  -13,  -13,  -28,  -38,    0,    0,  -21,  -13,    0,  -13,    0,    0,    0,  -13,    0,    0,   -9,    1,    1,    1,    0,   -9,    0,  -47,    0,    0,    0,    0,    0,    0,   -9,  -51,  -51,  -51,    0,    0,    1,    0,    0,    0,    0,    0,    0,  -17,    0,  -51,    0,    0,  -11,  -26,  -11,   -4,  -31,  -31,  -69,  -63,    0,    0,    0,  -13,    0,  -63,   -5,    0,    0,    0,    0,    0,    0,    0,    0,    0,  -20,    0,
       0,    0,    0,    0,    0,    0,    0,    0,  -27,    0,    0,    0,    0,    0,  -18,  -43,    0,  -18,  -23,  -18,    0,  -18,  -18,    0,    0,    0,    0,  -16,    0,   13,  -16,    0,  -23,  -16,  -32,    0,    0,    0,    0,  -27,    0,    0,    0,    0,    6,   38,   13,    0,    0,    0,  -32,    0,    0,    0,    0,    0,    0,    0,    0,  -27,    0,    0,  -18,    0,    0,    0,    0,    0,    0,    0,    0,    0,    0,    6,    6,    6,    0,    0,    0,  -32,    0,    0,   13,    0,    0,   38,    0,  -23,  -23,  -23,    0,   13,    6,    0,    0,   23,   23,    0,  -18,  -16,  -43,  -20,   18,   18,    0,    0,    0,    0,    0,    0,  -16,    0,    0,    0,    0,    0,    0,    0,    0,    0,    0,    0,    0,    0,    0,    0,    0,    0,  -20,    0,
       0,    0,   -8,    0,    0,    0,    0,    0,    0,    0,    0,    0,    0,    0,    0,  -16,    0,    0,    0,    0,    0,    0,    0,    0,    0,    0,    0,    0,    0,    0,    0,    0,  -28,    0,  -20,  -20,    0,  -39,    0,    0,    0,    0,    0,    0,    0,    0,    0,    0,    0,    0,   -7,    0,    0,    0,    0,    0,    0,    0,   -3,    0,    0,    0,    0,    0,    0,    0,    0,    0,    0,    0,    0,    0,    0,    0,    0,    0,    0,    0,    0,   -7,    0,    0,    0,    0,    0,    0,    0,  -28,  -28,  -28,    0,    0,    0,    0,    0,    0,    0,    0,    0,    0,    0,  -28,    0,    0,    0,    0,    0,    0,  -39,  -39,  -18,  -10,    0,    0,    0,    0,    0,  -10,    0,    0,    0,    0,    0,    0,    0,    0,    0,    0,    0,    0,
       0,    0,   -8,    0,    0,    0,    0,   -5,    0,    0,    0,    0,    0,    0,    0,  -13,    0,    0,    0,    0,    0,    0,    0,    0,    0,    0,    0,    0,  -13,    0,    0,    0,  -31,    0,  -24,  -20,  -11,  -45,    0,    0,    0,    4,    0,    0,    0,    0,    0,    0,    0,    0,   -7,   -5,   -8,   -8,    0,  -13,    0,    0,   -4,    0,    0,    0,    0,    0,    0,    0,    0,    0,    0,    0,    4,    4,    0,    0,    0,    0,    0,    0,    0,   -7,    4,    0,    0,    0,    0,    0,    0,  -31,  -31,  -31,    0,    0,    0,   18,    0,    0,    0,  -11,    0,    0,    0,  -31,    0,    0,    0,   -5,    0,    0,  -91,  -45,  -25,   -9,    0,    0,    0,    0,    0,   -9,    0,    0,    0,    0,    0,    0,    0,    0,    0,    0,    0,    0,
       0,    0,    0,    0,    0,    0,    0,    0,    0,   -8,  -23,   -8,  -23,   -5,    0,    0,    0,    0,  -25,    0,    0,    0,    0,    0,    0,    0,    0,    0,  -13,    0,    0,  -25,    0,    0,    0,    0,    0,    2,    0,    0,   -6,   -8,   -9,  -17,    3,    2,    0,   -7,  -16,    0,    0,    8,    0,    0,   -8,    0,  -16,   -8,    0,    0,    0,    0,    0,   -8,    0,    0,    0,    0,    0,   -7,   -8,   -8,   -9,    3,    3,    3,   41,   -9,    0,    0,   -8,    0,    0,   41,   57,    2,   -9,    0,    0,    0,    0,    0,    3,   18,   54,  -32,  -32,    0,    0,    0,    0,    0,    0,    0,  -16,    0,  -16,   -7,    2,    2,    0,    0,  -36,    0,    0,   -7,  -23,    0,    0,    0,    0,    0,    0,    0,    0,   -7,    0,    0,    0,    0,
       0,    0,    0,    0,    0,    0,    0,    0,    0,    0,    0,    0,    0,    0,    0,    0,    0,    0,    0,    0,    0,    0,    0,    0,    0,    0,    0,    0,    0,    0,    0,    0,  -20,    0,    0,    0,    0,    0,    0,    0,    0,    0,    0,    0,    0,    4,    0,    0,    0,    0,    0,    0,    0,    0,    0,    0,    0,    0,    0,    0,    0,    0,    0,    0,    0,    0,    0,    0,    0,    0,    0,    0,    0,    0,    0,    0,    0,    0,    0,    0,    0,    0,    0,    0,    0,    4,    0,  -20,  -20,  -20,    0,    0,    0,    0,    0,    0,    0,    0,    0,    0,    0,  -20,    0,    0,    0,    0,    0,    0,    0,    0,    0,    0,    0,    0,    0,    0,    0,    0,    0,    0,    0,    0,    0,    0,    0,    0,    0,    0,    0,    0,
       0,    0,    0,    0,    0,    0,    0,    0,    0,    0,    0,    0,    0,    0,    0,    0,    0,    0,    0,    0,    0,    0,    0,    0,    0,    0,    0,    0,    0,    0,    0,    0,    0,    0,    0,    0,    0,    0,    0,    0,    0,    0,    0,    0,    0,    0,    0,    0,    0,    0,    0,    0,    0,    0,    0,    0,    0,    0,    0,    0,    0,    0,    0,    0,    0,    0,    0,    0,    0,    0,    0,    0,    0,    0,    0,    0,   24,    0,    0,    0,    0,    0,    0,   38,   24,    0,    0,    0,    0,    0,    0,    0,    0,   34,   38,    0,    0,    0,    0,    0,    0,    0,    0,    0,    0,    0,    0,    0,    0,    0,    0,    0,    0,    0,    0,    0,    0,    0,    0,    0,    0,    0,    0,    0,    0,    0,    0,    0,    0,    0,
       0,    0,    0,    0,    0,    0,    0,    0,    0,  -23,    0,  -23,    0,    0,    0,    0,    0,    0,  -18,    0,    0,    0,    0,    0,  -34,    0,    0,    0,    0,    0,    0,    0,  -23,    0,    0,    0,    0,    0,    0,    0,    0,    0,   -9,    0,    0,    0,    0,    0,    0,    0,    3,    0,    0,    0,  -23,    0,  -20,  -50,    0,    0,    0,    0,    0,  -23,    0,    0,    0,    0,    0,    0,    0,    0,   -9,    0,    0,    0,    0,   -9,    0,    3,    0,    0,    0,    0,    0,    0,   -9,  -23,  -23,  -23,    0,    0,    0,    0,    0,    0,    0,    0,    0,    0,    0,  -23,    0,    0,    0,    0,    0,    0,    0,    0,    0,    0,    0,    0,    0,    0,    0,    0,    0,    0,    0,    0,    0,    0,    0,    0,    0,    0,    0,    0,
       0,    0,    0,    0,    0,    0,    0,    0,    0,  -15,  -25,  -15,  -25,  -12,    0,    0,    0,    0,    0,    0,    0,    0,    0,    0,  -16,    0,    0,    0,  -16,    6,    0,  -23,  -23,    0,    0,    0,    0,    0,  -13,    0,    0,   -5,  -10,    8,    2,    6,    3,    0,    8,    0,    6,    3,    6,    0,  -15,    0,    0,  -28,    0,    0,    0,    0,    0,  -15,    0,    0,    0,    0,    0,    0,   -5,   -5,  -10,    2,    2,    2,    6,  -10,    0,    6,   -5,    0,    6,    6,    6,    6,  -10,  -23,  -23,  -23,    0,    6,    2,   18,    6,    0,    0,    0,    0,    0,    0,  -23,   -7,   -7,    8,    0,    8,    0,    0,    0,  -16,    6,  -32,    0,    0,    0,  -25,    6,    0,    0,    0,    0,    0,    0,    0,   -9,    0,    0,    0,    0,
       0,    0,   -3,    0,    0,    0,    0,    0,    0,    0,    0,    0,    0,    0,    0,    0,    0,    0,    0,    0,    0,    0,    0,    0,    0,    0,    0,    0,    0,    0,    0,    0,  -29,    0,  -18,  -13,    0,  -29,    0,    0,    0,    0,    0,    0,    0,    0,    0,    0,    0,    0,    0,    0,    0,    0,    0,    0,    0,    0,   -3,    0,    0,    0,    0,    0,    0,    0,    0,    0,    0,    0,    0,    0,    0,    0,    0,    0,    0,    0,    0,    0,    0,    0,    0,    0,    0,    0,    0,  -29,  -29,  -29,    0,    0,    0,    0,    0,    0,    0,    0,    0,    0,    0,  -29,    0,    0,    0,    0,    0,    0,  -29,  -29,  -20,    0,   -3,    0,    0,    0,    0,    0,    0,    0,    0,    0,    0,    0,    0,    0,    0,    0,    0,    0,
       0,    0,    0,    0,    0,    0,    0,    0,    0,   -7,    0,   -7,    0,    0,    0,    0,    0,    0,   -3,    0,    0,    0,    0,    0,  -11,    0,    0,    0,    0,    1,    0,    0,  -13,    0,   -2,   -2,    0,   -3,    0,    0,    0,    2,   -4,  -13,    0,    3,    0,   -3,   -4,    0,    9,    8,    0,    0,   -7,    0,    0,   -7,    0,    0,    0,    0,    0,   -7,    0,    0,    0,    0,    0,   -2,    2,    2,   -4,    0,    0,    0,    0,   -4,    0,    9,    2,    0,    1,    0,    0,    3,   -4,  -13,  -13,  -13,    0,    1,    0,   18,    0,    0,    0,    0,    0,    0,    0,  -13,    0,    0,   -4,    0,   -4,   -3,   -3,   -3,  -16,    4,    0,    0,    0,   -2,    0,    4,    0,    0,    0,    0,    0,    0,    0,    6,    0,    0,    0,    0,
       0,    0,    0,    0,    0,    0,    0,    0,    0,  -15,    0,  -15,    0,  -13,    0,    0,    0,    0,    0,    0,    0,    0,    0,    0,  -16,    0,    0,    0,    0,    0,    0,    0,  -20,    0,    0,    0,    0,  -23,    0,    0,  -13,    0,    0,    0,    0,    0,    0,    0,    0,    0,    0,    0,    0,    0,  -15,    0,    0,  -28,    0,    0,    0,    0,    0,  -15,    0,    0,    0,    0,    0,    0,    0,    0,    0,    0,    0,    0,    0,    0,    0,    0,    0,    7,    0,    0,    0,    0,    0,  -20,  -50,  -20,    0,    0,    0,    0,    0,    0,    0,    0,    0,    0,    0,  -20,    0,    0,    0,    0,    0,    0,  -23,  -23,  -16,    6,    0,    0,    0,    0,    0,    6,    0,    0,    0,    0,    0,    0,    0,  -12,    0,    0,    0,    0,
       0,    0,    0,    0,    0,    0,    0,    0,    0,  -16,  -15,  -16,  -15,  -23,    0,    0,    0,    0,    0,    0,    0,    0,    0,    0,  -13,  -16,    0,    0,  -27,    1,    0,  -25,  -13,    0,    0,    0,    0,  -13,    0,    0,  -32,   -4,   -7,    6,    0,    0,    0,    0,    7,    0,    0,    0,    0,    0,  -16,    0,  -16,  -16,    0,    0,    0,    0,    0,  -16,    0,    0,    0,    0,    0,    0,   -4,   -4,   -7,    0,    0,    0,   10,   -7,    0,    0,   -4,    0,    1,   10,   10,    0,   -7,  -13,  -38,  -13,    0,    1,    0,    0,   10,    0,    0,    0,    0,    0,    0,  -13,  -18,  -18,    7,    0,    7,    0,  -13,  -13,    0,    0,  -32,    0,    0,    0,  -45,    0,    0,    0,    0,    0,    0,    0,    0,   -9,    0,    0,    0,    0,
       0,    0,    0,    0,    0,  -13,    0,    0,    0,    0,  -29,    0,  -29,    0,    0,    0,    0,    0,    0,    0,    0,    0,    0,    0,    0,    0,    0,    0,  -27,    0,    0,  -23,  -20,    0,    0,    0,    0,    0,  -13,    0,    0,   -1,   -5,    0,    0,    0,    0,    0,    0,    0,    0,    0,    0,    0,    0,    0,  -13,    0,    0,    0,    0,    0,    0,    0,    0,    0,    0,    0,    0,    0,   -1,   -1,   -5,    0,    0,    0,    0,   -5,    0,    0,   -1,    0,    0,    0,    0,    0,   -5,  -20,  -20,  -20,    0,    0,    0,    0,    0,    0,    0,    0,    0,    0,    0,  -20,    0,    0,    0,    0,    0,    0,    0,    0,    0,    0,  -32,    0,    0,    0,  -29,    0,    0,    0,    0,    0,    0,    0,    0,    0,    0,    0,    0,    0,
       0,    0,    0,    0,    0,    0,    0,    0,    0,   -9,    0,   -9,    0,    0,    0,    0,    0,    0,    0,    0,    0,    0,    0,    0,    0,  -13,    0,    0,    0,    0,    0,    0,  -13,    0,    0,    0,    0,    0,    0,    0,    0,   -1,   -8,    6,    0,    0,    0,    0,    6,    0,    0,    0,    0,    0,   -9,    0,  -13,   -9,    0,    0,    0,    0,    0,   -9,    0,    0,    0,    0,    0,    0,   -1,   -1,   -8,    0,    0,    0,    0,   -8,    0,    0,   -1,    0,    0,    0,    0,    0,   -8,  -13,  -13,  -13,    0,    0,    0,    0,    0,    0,    0,    0,    0,    0,    0,  -13,    0,    0,    6,    0,    6,    0,    0,    0,    0,    0,    0,    0,    0,    0,    0,    0,    0,    0,    0,    0,    0,    0,    0,    0,    0,    0,    0,    0,
       0,    0,    0,    0,    0,    0,    0,    0,    0,    0,    0,    0,    0,    0,    0,    0,    0,    0,    0,    0,    0,    0,    0,    0,    0,    0,    0,    0,    0,    0,    0,    0,  -13,    0,    0,    0,    0,    0,    0,    0,    0,    0,   -8,    0,    0,    0,    0,    0,    0,    0,    0,    0,    0,    0,    0,    0,    0,    0,    0,    0,    0,    0,    0,    0,    0,    0,    0,    0,    0,    0,    0,    0,   -8,    0,    0,    0,    0,   -8,    0,    0,    0,    0,    0,    0,    0,    0,   -8,  -13,  -13,  -13,    0,    0,    0,    0,    0,    0,    0,    0,    0,    0,    0,  -13,    0,    0,    0,    0,    0,    0,    0,    0,    0,    0,    0,    0,    0,    0,    0,    0,    0,    0,    0,    0,    0,    0,    0,    0,    0,    0,    0,    0,
       0,    0,    0,    0,    0,    0,    0,    0,    0,    0,    0,    0,    0,    0,    0,    0,   -9,   -2,    0,    0,  -11,    0,    0,    0,    0,    0,    0,    0,  -13,    0,    0,  -18,  -31,    0,  -18,   -9,  -32,  -26,    0,    0,    0,    0,    0,    0,    0,    0,    0,    0,    0,    0,    0,    0,   -9,    0,    0,    0,    0,    0,    0,    0,    0,    0,   -3,    0,    0,    0,    0,    0,    0,    0,    0,    0,    0,    0,    0,    0,    0,    0,    0,    0,    0,    0,    0,    0,    0,    0,    0,  -54,  -54,  -31,    0,    0,    0,    0,    0,    0,    0,  -32,  -12,    0,    0,  -60,    0,    0,    0,    0,    0,    0,  -26,  -26,  -12,    0,    0,    0,    0,    0,    0,    0,    0,    0,    0,    0,    0,    0,    0,    0,    0,    0,    0,    0,
       0,    0,    0,    0,    0,    0,    0,    0,    0,    0,    0,    0,    0,    0,    0,    0,    0,    0,    0,    0,    0,    0,    0,    0,    0,    0,    0,    0,    0,    0,    0,    0,  -27,    0,  -13,    0,    0,  -27,    0,    0,    0,    0,    0,    0,    0,    0,    0,    0,    0,    0,    0,    0,    0,    0,    0,    0,    0,    0,    0,    0,    0,    0,    0,    0,    0,    0,    0,    0,    0,    0,    0,    0,    0,    0,    0,    0,    0,    0,    0,    0,    0,    0,    0,    0,    0,    0,    0,  -27,  -27,  -27,    0,    0,    0,    0,    0,    0,    0,    0,    0,    0,    0,  -27,    0,    0,    0,    0,    0,    0,  -27,  -27,  -13,    0,    0,    0,    0,    0,    0,    0,    0,    0,    0,    0,    0,    0,    0,    0,    0,    0,    0,    0,
       0,    0,    0,    0,    0,    0,    0,    0,    0,    0,    0,    0,    0,    0,    0,    0,    0,    0,    0,    0,    0,    0,    0,    0,    0,    0,    0,    0,    0,    0,    0,    0,    0,    0,    0,    0,    0,    0,    0,    0,    0,    0,    0,    0,   13,    0,    0,    0,    0,    0,    0,    0,    0,    0,    0,    0,    0,    0,    0,    0,    0,    0,    0,    0,    0,    0,    0,    0,    0,    0,    0,    0,    0,   13,   13,   13,    0,    0,    0,    0,    0,    0,    0,    0,    0,    0,    0,    0,    0,    0,    0,    0,   13,   18,    0,    0,    0,    0,    0,    0,    0,    0,    0,    0,    0,    0,    0,    0,    0,    0,    0,    0,    0,    0,    0,    0,    0,    0,    0,    0,    0,    0,    0,    0,    0,    0,    0,    0,    0,    0,
       0,    0,    0,    0,    0,  -16,    0,    0,    0,    0,    0,    0,    0,    0,    0,    0,    0,    0,    0,    0,    0,    0,    0,    0,    0,    0,    0,    0,  -29,    0,    0,  -29,    0,    0,    0,    0,    0,    0,    0,    0,    0,    0,  -13,    0,    0,    0,    0,    0,    0,    0,    0,    0,    0,    0,    0,    0,    0,    0,    0,    0,    0,    0,    0,    0,    0,    0,    0,    0,    0,    0,    0,    0,  -13,    0,    0,    0,    0,  -13,    0,    0,    0,    0,    0,    0,    0,    0,  -13,    0,    0,    0,    0,    0,    0,    0,    0,    0,    0,    0,    0,    0,    0,    0,    0,    0,    0,    0,    0,    0,    0,    0,    0,    0,    0,    0,    0,    0,    0,    0,    0,    0,    0,    0,    0,    0,    0,    0,    0,    0,    0,    0,
       0,    0,    0,    0,    0,    0,    0,    0,    0,    0,    0,    0,    0,    0,    0,    0,    0,    0,    0,    0,    0,    0,    0,    0,    0,    0,    0,    0,  -13,    0,    0,    0,  -20,    0,    0,    0,    0,  -25,    0,    0,    0,    0,    0,    0,    0,    0,    0,    0,    0,    0,    0,    0,    0,    0,    0,    0,    0,    0,    0,    0,    0,    0,    0,    0,    0,    0,    0,    0,    0,    0,    0,    0,    0,    0,    0,    0,    0,    0,    0,    0,    0,    0,    0,    0,    0,    0,    0,  -20,  -20,  -20,    0,    0,    0,    0,    0,    0,    0,    0,    0,    0,    0,  -47,    0,    0,    0,    0,    0,    0,  -25,  -25,    0,    0,    0,    0,    0,    0,    0,    0,    0,    0,    0,    0,    0,    0,    0,    0,    0,    0,    0,    0,
       0,    0,    0,    0,    0,    0,    0,    0,    0,    0,    0,    0,    0,    0,    0,    0,    0,    0,    0,    0,    0,    0,    0,    0,    0,    0,    0,    0,    0,    0,    0,    0,  -20,    0,    0,    0,    0,    0,    0,    0,    0,    0,    0,    0,    0,    0,    0,    0,    0,    0,    0,    0,    0,    0,    0,    0,    0,    0,    0,    0,    0,    0,    0,    0,    0,    0,    0,    0,    0,    0,    0,    0,    0,    0,    0,    0,    0,    0,    0,    0,    0,    0,    0,    0,    0,    0,    0,  -20,  -20,  -20,    0,    0,    0,    0,    0,    0,    0,    0,    0,    0,    0,  -20,    0,    0,    0,    0,    0,    0,    0,    0,    0,    0,    0,    0,    0,    0,    0,    0,    0,    0,    0,    0,    0,    0,    0,    0,    0,    0,    0,    0,
       0,    0,    0,    0,    0,  -13,    0,    0,    0,    0,    0,    0,    0,    0,    0,    0,    0,    0,  -20,    0,    0,    0,    0,    0,    0,    0,    0,   -2,  -28,    0,   -2,  -28,    0,    0,    0,    0,   -3,   -3,    0,    0,    0,   -4,  -11,    0,    0,    0,    0,   -4,    0,    0,    0,    0,    0,    0,    0,    0,    0,    0,    0,    0,    0,    0,    0,    0,    0,    0,    0,    0,    0,    0,   -4,   -4,  -11,    0,    0,    0,    0,  -11,    0,    0,   -4,    0,    0,    0,    0,    0,  -11,    0,    0,    0,    0,    0,    0,    0,    0,    0,    0,   -3,    0,   -2,    0,    0,    0,    0,    0,    0,    0,   -4,   -3,   -3,    0,    0,    0,    0,    0,    0,    0,    0,    0,    0,    0,    0,    0,    0,    0,    0,    0,    0,    0,    0,
       0,    0,    0,    0,    0,    0,    0,    0,    0,    0,    0,    0,    0,    0,    0,    0,    0,    0,    0,    0,    0,    0,    0,    0,    0,    0,    0,    0,    0,    0,    0,    0,    0,    0,    0,    0,    0,    0,    0,    0,    0,    0,    0,    0,    0,    0,    0,    0,    0,    0,    0,    0,    0,    0,    0,    0,    0,    0,    0,    0,    0,    0,    0,    0,    0,    0,    0,    0,    0,    0,    0,    0,    0,    0,    0,    0,    0,    0,    0,    0,    0,    0,    0,    0,    0,    0,    0,    0,    0,    0,    0,    0,    0,    0,    0,    0,    0,    0,    0,    0,    0,    0,    0,    0,    0,    0,    0,    0,    0,    0,    0,    0,    0,    0,    0,    0,    0,    0,    0,   -4,    0,    0,    0,    0,    0,    0,    0,    0,    0,    0,
       0,    0,    0,    0,    0,    0,    0,    0,    0,    0,    0,    0,    0,    0,    0,    0,    0,    0,    0,    0,    0,    0,    0,    0,    0,    0,    0,    0,    0,    0,    0,    0,    0,    0,    0,    0,    0,    0,    0,    0,    0,    0,    0,    0,    0,    0,    0,    0,    0,    0,    0,    0,    0,    0,    0,    0,    0,    0,    0,    0,    0,    0,    0,    0,    0,    0,    0,    0,    0,    0,    0,    0,    0,    0,    0,    0,    0,    0,    0,    0,    0,    0,    0,    0,    0,    0,    0,    0,    0,    0,    0,    0,    0,    0,    0,    0,    0,    0,    0,    0,    0,    0,    0,    0,    0,    0,    0,    0,    0,    0,    0,    0,    0,    0,    0,    0,    0,    0,    0,    0,   -1,    0,    0,    0,    0,    0,    0,    0,    0,    0,
       0,    0,    0,    0,    0,    0,    0,    0,    0,  -15,    0,  -15,    0,  -13,    0,    0,    0,    0,    0,    0,    0,    0,    0,    0,  -16,    0,    0,    0,    0,    0,    0,    0,  -20,    0,    0,    0,    0,  -23,    0,    0,  -13,    0,    0,    0,    0,    0,    0,    0,    0,    0,    0,    0,    0,    0,  -15,    0,    0,  -28,    0,    0,    0,    0,    0,  -15,    0,    0,    0,    0,    0,    0,    0,    0,    0,    0,    0,    0,    0,    0,    0,    0,    0,    7,    0,    0,    0,    0,    0,  -20,  -50,  -20,    0,    0,    0,    0,    0,    0,    0,    0,    0,    0,    0,  -20,    0,    0,    0,    0,    0,    0,  -23,  -23,  -36,    6,    0,    0,    0,    0,    0,    6,    0,    0,    0,    0,    0,    0,    0,  -12,    0,    0,    0,    0,
       0,    0,    0,    0,    0,    0,    0,    0,    0,    0,    0,    0,    0,    0,    0,    0,   -9,   -2,    0,    0,  -11,    0,    0,    0,    0,    0,    0,    0,  -13,    0,    0,  -18,  -62,    0,  -34,   -9,  -34,  -46,    0,    0,    0,    0,    0,    0,    0,    0,    0,    0,    0,    0,    0,    0,   -9,    0,    0,    0,    0,    0,    0,    0,    0,    0,   -3,    0,    0,    0,    0,    0,    0,    0,    0,    0,    0,    0,    0,    0,    0,    0,    0,    0,    0,    0,    0,    0,    0,    0,    0,  -62,  -62,  -62,    0,    0,    0,    0,    0,    0,    0,  -34,  -12,    0,    0,  -62,    0,    0,    0,    0,    0,    0,  -46,  -46,  -12,    0,    0,    0,    0,    0,    0,    0,    0,    0,    0,    0,    0,    0,    0,    0,    0,    0,    0,    0,
       0,    0,    0,    0,    0,    0,    0,    0,    0,    0,    0,    0,    0,    0,    0,    0,    0,    0,    0,    0,    0,    0,    0,    0,    0,    0,    0,    0,    0,    0,    0,    0,    0,    0,    0,    0,    0,    0,    0,    0,    0,    0,    0,    0,    0,    0,    0,    0,    0,    0,    0,    0,    0,    0,    0,    0,    0,    0,    0,    0,    0,    0,    0,    0,    0,    0,    0,    0,    0,    0,    0,    0,    0,    0,    0,    0,    0,    0,    0,    0,    0,    0,    0,    0,    0,    0,    0,    0,    0,    0,    0,    0,    0,    0,    0,    0,    0,    0,    0,    0,    0,    0,    0,    0,    0,    0,    0,    0,    0,    0,    0,    0,    0,    0,    0,    0,    0,    0,    0,    0,    0,    0,    5,    0,    0,    0,    0,    0,    0,    0,
       0,    0,    0,    0,    0,    0,    0,    0,    0,    0,    0,    0,    0,    0,    0,  -16,  -20,  -18,    0,    0,  -20,  -13,    0,    0,    0,    0,    0,    0,  -13,    0,    0,    0,  -52,    0,  -25,  -23,  -16,  -36,  -13,    0,    0,    0,    0,    0,    0,    0,    0,    0,    0,    0,  -13,  -13,  -13,    0,    0,    0,    0,    0,    0,    0,    0,    0,    0,    0,    0,    0,    0,    0,    0,    0,    0,    0,    0,    0,    0,    0,    0,    0,    0,  -13,    0,    0,    0,    0,    0,    0,    0,  -52,  -52,  -52,    0,    0,    0,    0,    0,  -13,  -13,  -36,  -18,    0,    0,  -79,    0,    0,    0,    0,    0,    0,  -36,  -36,  -34,    0,    0,    0,    0,    0,    0,    0,    0,    0,    0,    0,    0,    0,    0,    0,    0,    0,    0,    0,
       0,    0,    0,    0,    0,    0,    0,    0,    0,    0,    0,    0,    0,    0,    0,    0,    0,    0,    0,    0,    0,    0,    0,    0,    0,    0,    0,    0,    0,    0,    0,    0,  -27,    0,  -47,  -39,    0,    0,    0,    0,    0,    0,    0,    0,    0,    0,    0,    0,    0,    0,    0,    0,    0,    0,    0,    0,    0,    0,    0,    0,    0,    0,    0,    0,    0,    0,    0,    0,    0,    0,    0,    0,    0,    0,    0,    0,    0,    0,    0,    0,    0,    0,    0,    0,    0,    0,    0,  -27,  -27,  -27,    0,    0,    0,    0,    0,    0,    0,    0,    0,    0,    0,  -27,    0,    0,    0,    0,    0,    0,    0,    0,  -25,  -13,    0,    0,    0,    0,    0,  -13,    0,    0,    0,    0,    0,    0,    0,    0,    0,    0,    0,    0,
       0,    0,    0,    0,    0,    0,    0,    0,    0,    0,    0,    0,    0,    0,    0,    0,    0,    0,    0,    0,    0,    0,    0,    0,    0,    0,    0,    0,    0,    0,    0,    0,    0,    0,    0,    0,    0,    0,    0,    0,    0,    0,    0,    0,    0,    0,    0,    0,    0,    0,    0,    0,    0,    0,    0,    0,    0,    0,    0,    0,    0,    0,    0,    0,    0,    0,    0,    0,    0,    0,    0,    0,    0,    0,    0,    0,   15,    0,    0,    0,    0,    0,    0,   15,   15,    0,    0,    0,    0,    0,    0,    0,    0,   16,   15,    0,    0,    0,    0,    0,    0,    0,    0,    0,    0,    0,    0,    0,    0,    0,    0,    0,    0,    0,    0,    0,    0,    0,    0,    0,    0,    0,    0,    0,    0,    0,    0,    0,    0,    0,
       0,    0,    0,    0,    0,    0,    0,    0,    0,    0,    0,    0,    0,    0,    0,    0,    0,    0,    0,    0,    0,    0,    0,    0,    0,    0,    0,    0,  -13,    0,    0,    0,  -36,    0,  -16,    0,  -18,  -18,    0,    0,    0,    0,    0,    0,    0,    0,    0,    0,    0,    0,    0,    0,    0,    0,    0,    0,    0,    0,    0,    0,    0,    0,    0,    0,    0,    0,    0,    0,    0,    0,    0,    0,    0,    0,    0,    0,    0,    0,    0,    0,    0,    0,    0,    0,    0,    0,    0,  -36,  -36,  -36,    0,    0,    0,    0,    0,    0,    0,  -18,    0,    0,    0,  -36,    0,    0,    0,    0,    0,    0,  -18,  -18,    0,    0,    0,    0,    0,    0,    0,    0,    0,    0,    0,    0,    0,    0,    0,    0,    0,    0,  -13,    0,
       0,    0,    0,    0,    0,    0,    0,    0,    0,    0,  -41,    0,  -41,    0,    0,    0,    0,    0,    0,    0,    0,    0,    0,    0,    0,    0,    0,    0,  -16,    0,    0,  -16,  -23,    0,  -20,    0,    0,    0,  -16,    0,    0,    0,    0,    0,    0,    0,    0,    0,    0,    0,    0,    0,    0,    0,    0,    0,    0,    0,    0,    0,    0,    0,    0,    0,    0,    0,    0,    0,    0,    0,    0,    0,    0,    0,    0,    0,    0,    0,    0,    0,    0,    0,    0,    0,    0,    0,    0,  -23,  -23,  -23,    0,    0,    0,    0,    0,    0,    0,    0,    0,    0,    0,  -23,    0,    0,    0,    0,    0,    0,    0,    0,  -23,    0,  -50,    0,    0,    0,  -41,    0,    0,    0,    0,    0,    0,    0,    0,    0,    0,    0,    0,    0,
       0,    0,    0,    0,    0,    0,    0,    0,    0,    0,    0,    0,    0,    0,    0,    0,    0,    0,    0,    0,    0,    0,    0,    0,    0,    0,    0,    0,    0,    0,    0,    0,  -23,    0,    0,    0,    0,    0,    0,    0,    0,    0,    0,    0,    0,    0,    0,    0,    0,    0,    0,    0,    0,    0,    0,    0,    0,    0,    0,    0,    0,    0,    0,    0,    0,    0,    0,    0,    0,    0,    0,    0,    0,    0,    0,    0,   13,    0,    0,    0,    0,    0,    0,   13,   13,    0,    0,  -23,  -23,  -23,    0,    0,    0,    0,   13,    0,    0,    0,    0,    0,    0,  -23,    0,    0,    0,    0,    0,    0,    0,    0,  -52,    0,    0,    0,    0,    0,    0,    0,    0,    0,    0,    0,    0,    0,    0,    0,    0,    0,    0,    0,
       0,    0,    0,    0,    0,    0,    0,    0,    0,    0,    0,    0,    0,    0,    0,    0,    0,    0,    0,    0,    0,    0,    0,    0,    0,    0,    0,    0,    0,    0,    0,    0,  -32,    0,    0,    0,    0,    0,    0,    0,    0,    0,    0,    0,    0,    0,    0,    0,    0,    0,    0,    0,    0,    0,    0,    0,    0,    0,    0,    0,    0,    0,    0,    0,    0,    0,    0,    0,    0,    0,    0,    0,    0,    0,    0,    0,    0,    0,    0,    0,    0,    0,    0,    0,    0,    0,    0,  -32,  -32,  -32,    0,    0,    0,    0,    0,    0,    0,    0,    0,    0,    0,  -32,    0,    0,    0,    0,    0,    0,    0,    0,    0,    0,    0,    0,    0,    0,    0,    0,    0,    0,    0,    0,    0,    0,    0,    0,    0,    0,    0,    0,
       0,    0,    0,    0,    0,    0,    0,    0,    0,    0,    0,    0,    0,    0,    0,    0,    0,    0,    0,    0,    0,    0,    0,    0,    0,    0,    0,    0,    0,    0,    0,    0,    0,    0,    0,    0,    0,    0,    0,    0,    0,    0,    0,    0,    0,    0,    0,    0,    0,    0,    0,    0,    0,    0,    0,    0,    0,    0,    0,    0,    0,    0,    0,    0,    0,    0,    0,    0,    0,    0,    0,    0,    0,    0,    0,    0,   38,    0,    0,    0,    0,    0,    0,   40,   38,    0,    0,    0,    0,    0,    0,    0,    0,   29,   38,    0,    0,    0,    0,    0,    0,    0,    0,    0,    0,    0,    0,    0,    0,    0,    0,    0,    0,    0,    0,    0,    0,    0,    0,    0,    0,    0,    0,    0,    0,    0,    0,    0,    0,    0,
       0,    0,    0,    0,    0,    0,    0,    0,    0,    0,    0,    0,    0,    0,    0,   18,    0,    0,    0,    0,   36,    0,    0,    0,    0,    0,    0,    0,    0,   26,    0,    0,   36,    0,   34,    0,    0,    0,   36,    0,    0,    0,    0,   16,   24,   24,    6,    0,   20,    0,    0,    0,    0,    0,    0,    0,    0,    0,    0,    0,    0,    0,    0,    0,    0,    0,    0,   15,    0,    0,    0,    0,    0,   38,   24,   38,   63,    0,    0,    0,    0,    0,   26,   63,   63,   38,    0,   36,   36,   36,    0,   55,   38,   20,   63,    0,    0,    0,    0,    0,    0,   36,    0,    0,   20,    0,   20,    0,    0,    0,    0,    0,    0,    0,    0,    0,    0,    0,    0,    0,    0,    0,    0,    0,    0,    0,    0,    0,    0,    0,
       0,    0,   -8,    0,    0,    0,    0,    0,    0,    0,    0,    0,    0,    0,    0,  -16,    0,    0,    0,    0,    0,    0,    0,    0,    0,    0,    0,    0,    0,    0,    0,    0,  -49,    0,  -20,  -20,    0,  -39,    0,    0,    0,    0,    0,    0,    0,    0,    0,    0,    0,    0,   -7,    0,    0,    0,    0,    0,    0,    0,   -3,    0,    0,    0,    0,    0,    0,    0,    0,    0,    0,    0,    0,    0,    0,    0,    0,    0,    0,    0,    0,   -7,    0,    0,    0,    0,    0,    0,    0,  -49,  -49,  -49,    0,    0,    0,    0,    0,    0,    0,    0,    0,    0,    0,  -49,    0,    0,    0,    0,    0,    0,  -39,  -39,  -18,  -10,    0,    0,    0,    0,    0,  -10,    0,    0,    0,    0,    0,    0,    0,    0,    0,    0,    0,    0,
       0,    0,   -8,    0,    0,    0,    0,   -5,    0,    0,    0,    0,    0,    0,    0,  -13,    0,    0,    0,    0,    0,    0,    0,    0,    0,    0,    0,    0,  -13,    0,    0,    0,  -52,    0,  -24,  -20,  -11,  -45,    0,    0,    0,    4,    0,    0,    0,    0,    0,    0,    0,    0,   -7,   -5,   -8,   -8,    0,  -13,    0,    0,   -4,    0,    0,    0,    0,    0,    0,    0,    0,    0,    0,    0,    4,    4,    0,    0,    0,    0,    0,    0,    0,   -7,    4,    0,    0,    0,    0,    0,    0,  -52,  -52,  -52,    0,    0,    0,   18,    0,    0,    0,  -11,    0,    0,    0,  -52,    0,    0,    0,   -5,    0,    0,  -91,  -45,  -25,   -9,    0,    0,    0,    0,    0,   -9,    0,    0,    0,    0,    0,    0,    0,    0,    0,    0,    0,    0,
       0,    0,   -8,    0,    0,    0,    0,    0,    0,    0,    0,    0,    0,    0,    0,  -16,    0,    0,    0,    0,    0,    0,    0,    0,    0,    0,    0,    0,    0,    0,    0,    0,  -58,    0,  -20,  -20,    0,  -39,    0,    0,    0,    0,    0,    0,    0,    0,    0,    0,    0,    0,   -7,    0,    0,    0,    0,    0,    0,    0,   -3,    0,    0,    0,    0,    0,    0,    0,    0,    0,    0,    0,    0,    0,    0,    0,    0,    0,    0,    0,    0,   -7,    0,    0,    0,    0,    0,    0,    0,  -58,  -58,  -58,    0,    0,    0,    0,    0,    0,    0,    0,    0,    0,    0,  -58,    0,    0,    0,    0,    0,    0,  -39,  -39,  -18,  -10,    0,    0,    0,    0,    0,  -10,    0,    0,    0,    0,    0,    0,    0,    0,    0,    0,    0,    0,
       0,    0,   13,    0,    0,    0,    3,   53,   23,    0,    0,    0,    0,    0,    0,   18,    0,    0,    0,    0,   18,    0,    0,    0,    0,    0,    0,    0,    0,   13,    0,    0,   16,    0,    0,    0,    0,    0,    0,   23,    0,    0,    0,    0,   16,   13,   13,    0,    0,    0,    0,    0,    0,    0,    0,   16,    0,    0,    7,   23,    0,    0,    0,    0,    0,    0,    0,    0,    0,    0,    0,    0,    0,   16,   16,   29,   13,    0,    0,    0,    0,    0,   13,   13,   13,   13,    0,   16,   16,   16,    0,   13,   29,   18,   13,    0,    0,    0,    0,    0,    0,   16,    0,    0,    0,    0,    0,    0,    0,    0,   13,    0,    0,    0,    0,    0,    0,    0,    0,    0,    0,    0,    0,    0,    0,   -7,    0,    0,    0,    0,
       0,    0,    0,    0,    0,    0,    0,    0,    0,    0,    0,    0,    0,    0,    0,    0,    0,    0,    0,    0,    0,    0,    0,    0,    0,    0,    0,    0,    0,   13,    0,    0,   13,    0,    0,    0,    0,    0,    0,    0,    0,    0,    0,    0,   13,   16,    0,    0,    0,    0,    0,    0,    0,    0,    0,    0,    0,    0,    0,    0,    0,    0,    0,    0,    0,    0,    0,    0,    0,    0,    0,    0,    0,   13,   13,   16,   16,    0,    0,    0,    0,    0,   16,   16,   16,   16,    0,   13,   13,   13,    0,   13,   13,   16,   16,    0,    0,    0,    0,    0,    0,   13,    0,    0,    0,    0,    0,    0,    0,    0,    0,    0,    0,    0,    0,    0,    0,    0,    0,    0,    0,    0,    0,    0,    0,    0,    0,    0,    0,    0,
       0,    0,    0,    0,    0,    0,    0,    0,    0,    0,    0,    0,    0,    0,    0,   18,    0,    0,    0,    0,   36,    0,    0,    0,    0,    0,    0,    0,    0,   26,    0,    0,   36,    0,   34,    0,    0,    0,   36,    0,    0,    0,    0,   16,   40,   38,    6,    0,   20,    0,    0,    0,    0,    0,    0,    0,    0,    0,    0,    0,    0,    0,    0,    0,    0,    0,    0,   15,    0,    0,    0,    0,    0,   40,   40,   40,   63,    0,    0,    0,    0,    0,   26,   63,   63,   38,    0,   36,   36,   36,    0,   55,   40,   43,   63,    0,    0,    0,    0,    0,    0,   36,    0,    0,   20,    0,   20,    0,    0,    0,    0,    0,    0,    0,    0,    0,    0,    0,    0,    0,    0,    0,    0,    0,    0,    0,    0,    0,    0,    0,
       0,    0,    0,    0,    0,    0,    0,    0,    0,    0,    0,    0,    0,    0,    0,   18,    0,    0,    0,    0,   36,    0,    0,    0,    0,    0,    0,    0,    0,   26,    0,    0,   36,    0,   34,    0,    0,    0,   36,    0,    0,    0,    0,   16,   40,   40,    6,    0,   20,    0,    0,    0,    0,    0,    0,    0,    0,    0,    0,    0,    0,    0,    0,    0,    0,    0,    0,   15,    0,    0,    0,    0,    0,   40,   40,   40,   63,    0,    0,    0,    0,    0,   26,   63,   63,   40,    0,   36,   36,   36,    0,   55,   40,   20,   63,    0,    0,    0,    0,    0,    0,   36,    0,    0,   20,    0,   20,    0,    0,    0,    0,    0,    0,    0,    0,    0,    0,    0,    0,    0,    0,    0,    0,    0,    0,    0,    0,    0,    0,    0,
       0,    0,    0,    0,    0,    0,    0,    0,    0,    0,    0,    0,    0,    0,    0,   18,    0,    0,    0,    0,   36,    0,    0,    0,    0,    0,    0,    0,    0,   26,    0,    0,   36,    0,   34,    0,    0,    0,   36,    0,    0,    0,    0,   16,   40,   24,    6,    0,   20,    0,    0,    0,    0,    0,    0,    0,    0,    0,    0,    0,    0,    0,    0,    0,    0,    0,    0,   15,    0,    0,    0,    0,    0,   40,   40,   40,   63,    0,    0,    0,    0,    0,   26,   63,   63,   38,    0,   36,   36,   36,    0,   55,   40,   20,   63,    0,    0,    0,    0,    0,    0,   36,    0,    0,   20,    0,   20,    0,    0,    0,    0,    0,    0,    0,    0,    0,    0,    0,    0,    0,    0,    0,    0,    0,    0,    0,    0,    0,    0,    0,
       0,    0,    0,    0,    0,    0,    0,    0,    0,    0,    0,    0,    0,    0,    0,    0,    0,    0,    0,    0,    0,    0,    0,    0,    0,    0,    0,    0,    0,    0,    0,    0,    0,    0,    0,    0,    0,    0,    0,    0,    0,    0,    0,    0,    0,    0,    0,    0,    0,    0,    0,    0,    0,    0,    0,    0,    0,    0,    0,    0,    0,    0,    0,    0,    0,    0,    0,    0,    0,    0,    0,    0,    0,    0,    0,    0,   38,    0,    0,    0,    0,    0,    0,   40,   38,    0,    0,    0,    0,    0,    0,    0,    0,   29,   40,    0,    0,    0,    0,    0,    0,    0,    0,    0,    0,    0,    0,    0,    0,    0,    0,    0,    0,    0,    0,    0,    0,    0,    0,    0,    0,    0,    0,    0,    0,    0,    0,    0,    0,    0,
       0,    0,  -36,    0,    0,    0,    0,    0,  -70,  -46,    0,  -46,    0,    0,    0,  -18,    0,    0,    0,    0,    0,    0,    0,    0,    0,    0,    0,  -11,    0,    0,  -11,    0,  -36,    0,  -31,  -15,    0,  -35,    0,  -70,    0,    0,    0,    0,    0,    0,    0,    0,   -9,    0,  -27,    0,    0,    0,  -45,  -38,  -25,  -46,  -32,  -70,    0,    0,  -31,  -46,    0,    0,    0,    0,    0,  -13,    0,    0,    0,    0,    0,    0,    0,    0,    0,  -27,    0,    0,    0,    0,    0,    0,    0,  -36,  -36,  -36,    0,    0,    0,    0,    0,    0,    0,    0,    0,  -11,    0,  -36,    0,    0,   -9,  -49,   -9,    0,  -35,  -48,  -34,  -37,    0,  -18,  -18,  -13,    0,  -64,    0,    0,    0,    0,    0,    0,    0,    0,    0,    0,    0,    0,
       0,    0,    0,    0,    0,    0,    0,    7,    0,    0,    0,    0,    0,    0,    0,    0,    0,    0,    0,    0,    0,    0,    0,    0,    0,    0,    0,    0,    0,    0,    0,    0,    0,    0,    0,    0,    0,    0,    0,    0,    7,    0,    0,    0,    0,    0,    0,    0,    6,    0,    4,    0,    0,    0,    0,    0,    0,    0,    0,    0,    0,    0,    0,    0,    0,    0,    0,    0,   13,    0,    0,    0,    0,    0,    0,    0,   26,    0,    0,    4,    0,   15,    0,   26,   26,    0,    0,    0,    0,    0,    0,    0,    0,   29,   26,    0,    0,    0,    0,    0,    0,    0,    0,    0,    6,    0,    6,    0,    0,    0,    0,    0,    0,    0,    0,    0,    0,    0,    0,    0,    0,    0,    0,    0,    0,    0,    0,    0,    0,    0,
       0,    0,  -36,    0,    0,    0,    0,    0,  -68,  -41,    0,  -41,    0,    0,    0,  -18,    0,    0,    0,    0,    0,    0,    0,    0,    0,    0,    0,  -11,    0,    0,  -11,    0,  -36,    0,  -31,  -15,    0,  -35,    0,  -52,    0,    0,    0,    0,    0,    0,    0,    0,   -9,    0,  -27,    0,    0,    0,  -40,  -38,  -25,  -41,  -32,  -70,    0,    0,  -31,  -41,    0,    0,    0,    0,    0,  -13,    0,    0,    0,    0,    0,    0,    0,    0,    0,  -27,    0,    0,    0,    0,    0,    0,    0,  -36,  -36,  -36,    0,    0,    0,    0,    0,    0,    0,    0,    0,  -11,    0,  -36,    0,    0,   -9,  -49,   -9,    0,  -35,  -48,  -34,  -37,    0,  -18,  -18,  -13,    0,  -64,    0,    0,    0,    0,    0,    0,    0,    0,    0,    0,    0,    0,
       0,    0,    0,    0,    0,    0,    0,    0,    0,    0,    0,    0,    0,    0,    0,    0,    0,    0,    0,    0,    0,    0,    0,    0,    0,    0,    0,    0,    0,    0,    0,    0,    0,    0,    0,    0,    0,  -13,    0,    0,    0,    0,    0,    0,    0,    0,    0,    0,    0,    0,    0,    0,    0,    0,    0,    0,    0,    0,    0,    0,    0,    0,    0,    0,    0,    0,    0,    0,    0,    0,    0,    0,    0,    0,    0,    0,    0,    0,    0,    0,    0,    0,    0,    0,    0,    0,    0,    0,    0,    0,    0,    0,    0,    0,    0,    0,    0,    0,    0,    0,    0,    0,    0,    0,    0,    0,    0,    0,  -13,  -13,    0,    0,    0,    0,    0,    0,    0,    0,    0,    0,    0,    0,    0,    0,    0,    0,    0,    0,    0,    0,
       0,    0,    0,    0,    0,    0,    0,    7,    0,    0,    0,    0,    0,    0,    0,    0,    0,    0,    0,    0,    0,    0,    0,    0,    0,    0,    0,    0,    0,    0,    0,    0,    0,    0,    0,    0,    0,    0,    0,    0,    7,    0,    0,    0,    0,    0,    0,    0,    6,    0,    4,    0,    0,    0,    0,    0,    0,    0,    0,    0,    0,    0,    0,    0,    0,    0,    0,    0,   27,    0,    0,    0,    0,    0,    0,    0,   26,    0,    0,    4,    0,   13,    0,   26,   26,    0,    0,    0,    0,    0,    0,    0,    0,   13,   26,    0,    0,    0,    0,    0,    0,    0,    0,    0,    6,    0,    6,    0,    0,    0,    0,    0,    0,    0,    0,    0,    0,    0,    0,    0,    0,    0,    0,    0,    0,    0,    0,    0,    0,    0,
       0,    0,  -36,    0,    0,    0,    0,    0,  -66,  -27,    0,  -47,    0,    0,    0,  -18,    0,    0,    0,    0,    0,    0,    0,    0,    0,    0,    0,  -11,    0,    0,  -11,    0,  -36,    0,  -31,  -15,    0,  -48,    0,  -66,    0,    0,    0,    0,    0,    0,    0,    0,   -9,    0,  -27,    0,    0,    0,  -42,  -38,  -25,  -79,  -32,  -66,    0,    0,  -31,  -52,    0,    0,    0,    0,    0,  -13,    0,    0,    0,    0,    0,    0,    0,    0,    0,  -27,    0,    0,    0,    0,    0,    0,    0,  -36,  -36,  -36,    0,    0,    0,    0,    0,    0,    0,    0,    0,  -11,    0,  -36,    0,    0,   -9,  -49,   -9,    0,  -48,  -48,  -34,  -50,    0,  -18,  -18,  -13,    0,  -50,    0,    0,    0,    0,    0,    0,    0,    0,    0,    0,    0,    0,
       0,    0,    0,    0,    0,    0,    0,    7,    0,    0,    0,    0,    0,    0,    0,    0,    0,    0,    0,    0,    0,    0,    0,    0,    0,    0,    0,    0,    0,    0,    0,    0,    0,    0,    0,    0,    0,    0,    0,    0,    7,    0,    0,    0,    0,    0,    0,    0,   12,    0,    4,    0,    0,    0,    0,    0,    0,    0,    0,    0,    0,    0,    0,    0,    0,    0,    0,    0,   27,    0,    0,    0,    0,    0,    0,    0,   26,    0,    0,    4,    0,   13,    0,   26,   26,    0,    0,    0,    0,    0,    0,    0,    0,   13,   26,    0,    0,    0,    0,    0,    0,    0,    0,    0,   12,    0,   12,    0,    0,    0,    0,    0,    0,    0,    0,    0,    0,    0,    0,    0,    0,    0,    0,    0,    0,    0,    0,    0,    0,    0,
       0,    0,    0,    0,   -2,  -13,    0,    0,    0,  -34,  -13,  -34,  -13,  -52,  -13,    0,    0,    0,  -27,    0,  -32,    0,    0,  -13,  -32,  -13,    0,  -13,  -36,    0,  -13,  -36,    0,    0,    0,    0,    0,    4,    0,    0,  -23,  -29,  -31,    0,    0,    0,  -23,  -29,  -41,  -52,  -25,  -25,  -31,  -34,  -34,    0,  -52,  -34,    0,    0,    0,  -52,    0,  -34,    0,  -20,    0,    0,    0,  -13,  -45,  -45,  -52,    0,    0,    0,   36,  -52,  -52,  -38,  -29,    0,    0,   36,   36,    0,  -31,    0,    0,    0,  -52,    0,    0,   57,   36,  -55,  -55,    0,    0,  -13,    0,    0,    0,    0,  -41,  -21,  -41,  -29,    4,    4,    0,    0,  -48,    0,    0,  -13,  -47,    0,    0,    0,    0,    0,    0,    0,    0,  -23,    0,    0,    0,    0,
       0,    0,    0,    0,   -2,  -13,    0,    0,    0,  -34,  -13,  -34,  -13,  -52,  -13,    0,    0,    0,  -27,    0,  -32,    0,    0,  -13,  -32,  -13,    0,  -13,  -36,    0,  -13,  -36,    0,    0,    0,    0,    0,    4,    0,    0,  -23,  -29,  -31,    0,    0,    0,  -23,  -29,  -41,  -29,  -25,  -25,  -13,  -18,  -34,    0,  -52,  -34,    0,    0,    0,  -70,    0,  -34,    0,  -20,    0,    0,    0,  -13,  -45,  -45,  -52,    0,    0,    0,   36,  -52,  -50,  -38,  -29,    0,    0,   36,   36,    0,  -31,    0,    0,    0,  -45,    0,    0,   57,   36,  -55,  -55,    0,    0,  -13,    0,    0,    0,    0,  -41,  -21,  -41,  -29,    4,    4,    0,    0,  -48,    0,    0,  -13,  -47,    0,    0,    0,    0,    0,    0,    0,    0,  -23,    0,    0,    0,    0,
       0,    0,    0,    0,   -2,  -13,    0,    0,    0,  -21,  -13,  -21,  -13,  -52,  -13,    0,    0,    0,  -27,    0,  -32,    0,    0,  -13,  -32,  -13,    0,  -13,  -58,    0,  -13,  -84,    0,    0,    0,    0,    0,    4,    0,    0,  -23,  -29,  -31,    0,    0,    0,  -23,  -29,  -41,  -29,  -25,  -25,  -13,  -18,  -21,    0,  -52,  -21,    0,    0,    0,  -70,    0,  -53,    0,  -20,    0,    0,    0,  -13,  -45,  -45,  -52,    0,    0,    0,   36,  -52,  -50,  -38,  -29,    0,    0,   36,   36,    0,  -31,    0,    0,    0,  -45,    0,    0,   57,   36,  -55,  -55,    0,    0,  -13,    0,    0,    0,    0,  -41,  -21,  -41,  -29,    4,    4,    0,    0,  -48,    0,    0,  -13,  -47,    0,    0,    0,    0,    0,    0,    0,    0,  -37,    0,    0,    0,    0,
       0,    0,    0,    0,    0,    0,    0,    0,    0,    0,    0,    0,    0,    0,    0,    0,    0,    0,    0,    0,    0,    0,    0,    0,    0,    0,    0,    0,    0,    0,    0,    0,    0,    0,    0,    0,    0,    0,    0,    0,    0,  -26,  -26,  -16,    0,    0,  -26,  -26,  -16,  -26,  -24,  -23,  -24,  -26,    0,    0,    0,    0,    0,    0,    0,  -26,    0,    0,    0,    0,    0,    0,    0,    0,  -26,  -26,  -26,    0,    0,    0,    0,  -26,  -26,  -24,  -26,    0,    0,    0,    0,    0,  -26,    0,    0,    0,  -26,    0,    0,    0,    0,    0,    0,    0,    0,    0,    0,    0,    0,    0,  -16,    0,  -16,  -26,    0,    0,    0,    0,    0,    0,    0,    0,    0,    0,    0,    0,    0,    0,    0,    0,    0,    0,    0,    0,    0,    0,
       0,    0,    0,    0,    0,    0,    0,    0,    0,    0,  -18,    0,  -18,    0,    0,    0,    0,    0,    0,    0,    0,    0,    0,    0,    0,    0,    0,    0,  -15,    0,    0,    0,    0,    0,    0,    0,    0,    0,    0,    0,    0,    0,    0,    0,    0,    0,    0,    0,    0,    0,    0,    0,    0,    0,    0,    0,    0,    0,    0,    0,    0,    0,    0,    0,    0,    0,    0,    0,    0,    0,    0,    0,    0,    0,    0,    0,    0,    0,    0,    0,    0,    0,    0,    0,    0,    0,    0,    0,    0,    0,    0,    0,    0,    0,    0,    0,    0,    0,    0,    0,    0,    0,    0,    0,    0,    0,    0,    0,    0,    0,    0,    0,    0,    0,    0,    0,  -18,    0,    0,    0,    0,    0,    0,    0,    0,    0,    0,    0,    0,    0,
       0,    0,    0,    0,    0,    0,    3,    9,    0,    0,  -18,    0,  -18,    0,    0,    0,    0,    0,    0,    0,    0,    0,    0,    0,    0,    0,    0,    0,    0,    0,    0,    0,    0,    0,    0,    0,    0,    0,    0,    0,    0,    0,    0,    0,    0,    0,    0,    0,    0,    0,    0,    0,    0,    0,    0,    0,    0,    0,    0,    0,    0,    0,    0,    0,    0,    0,    0,    0,    0,    0,    0,    0,    0,    0,    0,    0,    0,    0,    0,    0,    0,    0,    0,    0,    0,    0,    0,    0,    0,    0,    0,    0,    0,    0,    0,    0,    0,    0,    0,    0,    0,    0,    0,    0,    0,    0,    0,    0,    0,    0,    0,    0,    0,    0,    0,    0,  -18,    0,    0,    0,    0,    0,    0,    0,    0,    0,    0,    0,    0,    0,
       0,    0,    0,    0,    0,    0,    0,    0,    0,    0,    0,    0,    0,    0,    0,    0,    0,    0,    0,    0,    0,    0,    0,    0,    0,    0,    0,    0,    0,    0,    0,    0,   20,    0,    0,    0,    0,    0,    0,    0,    0,    0,    0,    0,    0,    0,    0,    0,    0,    0,    0,    0,    0,    0,    0,    0,    0,    0,    0,    0,    0,    0,    0,    0,    0,    0,    0,    0,    0,    0,    0,    0,    0,    0,    0,    0,    0,    0,    0,    0,    0,    0,    0,    0,    0,    0,    0,   20,   20,   20,    0,    0,    0,    0,    0,    0,    0,    0,    0,    0,    0,   20,    0,    0,    0,    0,    0,    0,    0,    0,    0,    0,    0,    0,    0,    0,    0,    0,    0,    0,    0,    0,    0,    0,    0,    0,    0,    0,    0,    0,
       0,    0,    0,    0,    0,    0,    0,    0,    0,    0,    0,    0,    0,    0,    0,    0,    0,    0,    0,    0,    0,    0,    0,    0,    0,    0,    0,    0,    0,    0,    0,    0,    0,    0,    0,    0,    0,    0,    0,    0,    0,    0,  -22,    0,    0,    0,    0,    0,   12,    0,    7,    0,    0,    0,    0,    0,    0,    0,    0,    0,    0,    0,    0,    0,    0,    0,    0,    0,    0,    0,    0,    0,  -22,    0,    0,    0,    0,  -22,    0,    7,    0,    0,    0,    0,    0,    0,  -22,    0,    0,    0,    0,    0,    0,    0,    0,    0,    0,    0,    0,    0,    0,    0,    0,    0,   12,    0,   12,    0,    0,    0,    0,    0,    0,    0,    0,    0,    0,    0,    0,    0,    0,    0,    0,    0,    0,    0,    0,    0,    0,    0,
       0,    0,    0,    0,    0,    0,    0,    0,    0,    0,    0,    0,    0,    0,    0,    0,    0,    0,    0,    0,    0,    0,    0,    0,    0,    0,    0,    0,    0,    0,    0,    0,  -29,    0,    0,    0,    0,    0,    0,    0,    0,    0,   -8,    0,    0,    0,    0,    0,    0,    0,    0,    0,    0,    0,    0,    0,    0,    0,    0,    0,    0,    0,    0,    0,    0,    0,    0,    0,    0,    0,    0,    0,   -8,    0,    0,    0,    0,   -8,    0,    0,    0,    0,    0,    0,    0,    0,   -8,  -29,  -29,  -29,    0,    0,    0,    0,    0,    0,    0,    0,    0,    0,    0,  -29,    0,    0,    0,    0,    0,    0,    0,    0,    0,    0,    0,    0,    0,    0,    0,    0,    0,    0,    0,    0,    0,    0,    0,    0,    0,    0,    0,    0,
       0,    0,    0,    0,    0,    0,    0,    0,    0,    0,    0,    0,    0,    0,    0,    0,    0,    0,    0,    0,    0,    0,    0,    0,    0,    0,    0,    0,    0,    0,    0,    0,    0,    0,    0,    0,    0,    0,    0,    0,    0,    0,    0,    0,    0,    0,    0,    0,    0,    0,    0,    0,    0,    0,    0,    0,    0,    0,    0,    0,    0,    0,    0,    0,    0,    0,    0,    0,    0,    0,    0,    0,    0,    0,    0,    0,   38,    0,    0,    0,    0,    0,    0,   38,   38,    0,    0,    0,    0,    0,    0,    0,    0,   36,   38,    0,    0,    0,    0,    0,    0,    0,    0,    0,    0,    0,    0,    0,    0,    0,    0,    0,    0,    0,    0,    0,    0,    0,    0,    0,    0,    0,    0,    0,    0,    0,    0,    0,    0,    0,
       0,    0,   -8,    0,    0,    0,    0,   -5,    0,    0,    0,    0,    0,    0,    0,  -13,    0,    0,    0,    0,    0,    0,    0,    0,    0,    0,    0,    0,  -13,    0,    0,    0,  -62,    0,  -24,  -20,  -11,  -45,    0,    0,    0,    4,    0,    0,    0,    0,    0,    0,    0,    0,   -7,   -5,   -8,   -8,    0,  -13,    0,    0,   -4,    0,    0,    0,    0,    0,    0,    0,    0,    0,    0,    0,    4,    4,    0,    0,    0,    0,    0,    0,    0,   -7,    4,    0,    0,    0,    0,    0,    0,  -62,  -62,  -62,    0,    0,    0,   18,    0,    0,    0,  -11,    0,    0,    0,  -62,    0,    0,    0,   -5,    0,    0,  -91,  -45,  -25,   -9,    0,    0,    0,    0,    0,   -9,    0,    0,    0,    0,    0,    0,    0,    0,    0,    0,    0,    0,
       0,    0,    0,    0,    0,    0,    0,    0,    0,    0,    0,    0,    0,    0,    0,    0,    0,    0,    0,    0,    0,    0,    0,    0,    0,    0,    0,    0,    0,    0,    0,    0,    0,    0,    0,    0,    0,    0,    0,    0,    0,    0,    0,    0,    0,    0,    0,    0,    0,    0,    0,    0,    0,    0,    0,    0,    0,    0,    0,    0,    0,    0,    0,    0,    0,    0,    0,    0,    0,    0,    0,    0,    0,    0,    0,    0,    0,    0,    0,    0,    0,    0,    0,    0,    0,    0,    0,    0,    0,    0,    0,    0,    0,   13,    0,    0,    0,    0,    0,    0,    0,    0,    0,    0,    0,    0,    0,    0,    0,    0,    0,    0,    0,    0,    0,    0,    0,    0,    0,    0,    0,    0,    0,    0,    0,    0,    0,    0,    0,    0,
       0,    0,    0,    0,    0,    0,    0,    0,    0,  -15,    0,  -15,    0,  -13,    0,    0,    0,    0,    0,    0,    0,    0,    0,    0,  -16,    0,    0,    0,    0,    0,    0,    0,  -38,    0,    0,    0,    0,  -23,    0,    0,  -13,    0,    0,    0,    0,    0,    0,    0,    0,    0,    0,    0,    0,    0,  -15,    0,    0,  -28,    0,    0,    0,    0,    0,  -15,    0,    0,    0,    0,    0,    0,    0,    0,    0,    0,    0,    0,    0,    0,    0,    0,    0,    7,    0,    0,    0,    0,    0,  -38,  -38,  -38,    0,    0,    0,    0,    0,    0,    0,    0,    0,    0,    0,  -38,    0,    0,    0,    0,    0,    0,  -23,  -23,  -16,    6,    0,    0,    0,    0,    0,    6,    0,    0,    0,    0,    0,    0,    0,  -12,    0,    0,    0,    0,
       0,    0,    0,    0,    0,    0,    0,    0,    0,    0,    0,    0,    0,    0,    0,    0,    0,    0,    0,    0,    0,    0,    0,    0,    0,    0,    0,    0,    0,    0,    0,    0,    0,    0,    0,    0,    0,    0,    0,    0,    0,    0,    0,    0,    0,    0,    0,    0,    0,    0,    0,    0,    0,    0,    0,    0,    0,    0,    0,    0,    0,    0,    0,    0,    0,    0,    0,    0,    0,    0,    0,    0,    0,    0,    0,    0,   15,    0,    0,    0,    0,    0,    0,   15,   15,    0,    0,    0,    0,    0,    0,    0,    0,   29,   15,    0,    0,    0,    0,    0,    0,    0,    0,    0,    0,    0,    0,    0,    0,    0,    0,    0,    0,    0,    0,    0,    0,    0,    0,    0,    0,    0,    0,    0,    0,    0,    0,    0,    0,    0,
       0,    0,    0,    0,    0,    0,    0,    0,    0,    0,    0,    0,    0,    0,    0,    0,    0,    0,    0,    0,    0,    0,    0,    0,    0,    0,    0,    0,    0,    0,    0,    0,    0,    0,    0,    0,    0,    0,    0,    0,    0,    0,    0,    0,    0,    0,    0,    0,    0,    0,    0,    0,    0,    0,    0,    0,    0,    0,    0,    0,    0,    0,    0,    0,    0,    0,    0,    0,    0,    0,    0,    0,    0,    0,    0,    0,   38,    0,    0,    0,    0,    0,    0,   38,   38,    0,    0,    0,    0,    0,    0,    0,    0,   34,   38,    0,    0,    0,    0,    0,    0,    0,    0,    0,    0,    0,    0,    0,    0,    0,    0,    0,    0,    0,    0,    0,    0,    0,    0,    0,    0,    0,    0,    0,    0,    0,    0,    0,    0,    0,
       0,    0,    0,    0,    0,    0,    0,    0,    0,    0,    0,    0,    0,    0,    0,   18,    0,    0,    0,    0,   36,    0,    0,    0,    0,    0,    0,    0,    0,   26,    0,    0,   36,    0,   34,    0,    0,    0,   36,    0,    0,    0,    0,   16,   38,   40,    6,    0,   20,    0,    0,    0,    0,    0,    0,    0,    0,    0,    0,    0,    0,    0,    0,    0,    0,    0,    0,   15,    0,    0,    0,    0,    0,   38,   38,   38,   63,    0,    0,    0,    0,    0,   26,   63,   63,   40,    0,   36,   36,   36,    0,   55,   38,   38,   79,    0,    0,    0,    0,    0,    0,   36,    0,    0,   20,    0,   20,    0,    0,    0,    0,    0,    0,    0,    0,    0,    0,    0,    0,    0,    0,    0,    0,    0,    0,    0,    0,    0,    0,    0,
       0,    0,    0,    0,    0,    0,    0,    0,    0,    0,  -18,    0,  -18,    0,    0,    0,    0,    0,    0,    0,    0,    0,    0,    0,    0,    0,    0,    0,    0,    0,    0,    0,    0,    0,    0,    0,    0,    0,    0,    0,    0,    0,    0,    0,    0,    0,    0,    0,    0,    0,    0,    0,    0,    0,    0,    0,    0,    0,    0,    0,    0,    0,    0,    0,    0,    0,    0,    0,    0,    0,    0,    0,    0,    0,    0,    0,    0,    0,    0,    0,    0,    0,    0,    0,    0,    0,    0,    0,    0,    0,    0,    0,    0,    0,    0,    0,    0,    0,    0,    0,    0,    0,    0,    0,    0,    0,    0,    0,    0,    0,    0,    0,    0,    0,    0,    0,  -18,    0,    0,    0,    0,    0,    0,    0,    0,    0,    0,    0,    0,    0,
       0,    0,    0,    0,    0,    0,    0,    0,    0,    0,    0,    0,    0,    0,    0,    0,    0,    0,    0,    0,    0,    0,    0,    0,    0,    0,    0,    0,    0,    0,    0,    0,  -24,    0,    0,    0,    0,    0,    0,    0,   25,    0,    0,    0,    0,    0,    0,    0,    0,    0,    0,    0,    0,    0,    0,    0,    0,    0,    0,    0,    0,    0,    0,    0,    0,    0,    0,    0,    0,    0,    0,    0,    0,    0,    0,    0,    0,    0,    0,    0,    0,    0,    0,    0,    0,    0,    0,  -24,  -24,  -24,    0,    0,    0,    0,    0,    8,    8,    0,    0,    0,    0,  -24,    0,    0,    0,    0,    0,    0,    0,    0,    0,    0,    0,    0,    0,    0,    0,    0,    0,    0,    0,    0,    0,    0,    0,    0,    0,    0,    0,    0,
       0,    0,    0,    0,   -5,    0,    0,    0,    0,  -46,    0,  -46,    0,    0,  -15,    0,    0,   -9,  -16,    0,    0,   -9,    0,    0,  -20,  -20,    0,  -21,    0,    0,  -21,    0,  -16,    0,    0,    0,    0,    0,    0,    0,    0,  -23,  -11,    0,    0,    0,    0,    0,    0,    0,    0,    0,    0,    0,  -46,    0,  -36,  -46,   -3,    0,    0,    0,    0,  -46,    0,    0,    0,    0,    0,  -18,  -23,  -23,  -11,    0,    0,    0,    0,  -11,    0,    0,  -23,    0,    0,    0,    0,    0,  -11,  -16,  -16,  -16,    0,    0,    0,   34,    0,    0,    0,    0,   -9,  -41,  -13,  -16,    0,    0,  -25,  -34,    0,    0,    0,    0,    0,    0,    0,    0,    0,  -18,    0,    0,    0,    0,    0,    0,    0,    0,    0,    0,    0,  -13,    0,    0,
       0,    0,    0,    0,    0,    0,    0,    0,    0,    0,  -18,    0,  -18,  -16,    0,    0,    0,    0,    0,    0,    0,    0,    0,    0,    0,    0,    0,    0,  -17,    0,    0,    0,  -13,    0,  -16,  -10,  -21,  -17,    0,    0,  -16,    0,    0,    0,    0,    0,    0,    0,    0,    0,    0,    0,    0,    0,    0,    0,    0,    0,   -2,    0,    0,    0,    0,    0,    0,    0,    0,    0,    0,    0,    0,    0,    0,    0,    0,    0,    0,    0,    0,    0,    0,    0,    0,    0,    0,    0,    0,  -13,  -13,  -13,    0,    0,    0,   10,    0,    0,    0,  -41,    0,    0,    0,  -26,    0,    0,    0,    0,    0,    0,  -17,  -17,  -13,    0,  -36,    0,    0,    0,  -18,    0,    0,    0,    0,    0,    0,    0,  -16,  -40,    0,    0,    0,    0,
       0,    0,    0,    0,    0,    0,    0,    0,    0,    0,  -18,    0,  -18,    0,    0,    0,    0,    0,    0,    0,    0,    0,    0,    0,    0,    0,    0,    0,    0,    0,    0,    0,    0,    0,    0,    0,    0,    0,    0,    0,  -16,    0,    0,    0,    0,    0,    0,    0,    0,    0,    0,    0,    0,    0,    0,    0,    0,    0,    0,    0,    0,    0,    0,    0,    0,    0,    0,    0,    0,    0,    0,    0,    0,    0,    0,    0,    0,    0,    0,    0,    0,    0,    0,    0,    0,    0,    0,    0,    0,    0,    0,    0,    0,    0,    0,    0,    0,    0,    0,    0,    0,    0,    0,    0,    0,    0,    0,    0,    0,    0,    0,    0,  -13,    0,    0,    0,  -18,    0,    0,    0,    0,    0,    0,    0,    0,    0,    0,    0,    0,    0,
       0,    0,  -14,    0,    0,    0,    0,    0,  -14,  -14,    8,  -14,    8,    0,   -7,    0,    0,    0,   -4,    0,    0,   -4,    0,    0,    0,    0,    0,    0,    0,    0,    0,    0,    0,    0,    0,    0,    0,    0,    0,  -14,    0,    0,   -8,  -13,    0,    0,    0,    0,  -13,    0,  -12,  -13,    0,    0,  -14,    0,    0,  -14,    0,  -14,    0,    0,  -13,  -14,    0,    0,    0,    0,    0,    0,    0,    0,   -8,    0,    0,    0,    0,   -8,    0,  -12,    0,    0,    0,    0,    0,    0,   -8,    0,    0,    0,    0,    0,    0,    0,    0,    0,    0,    0,    0,    0,    0,    0,    0,    0,  -13,  -16,  -13,    0,    0,    0,    0,  -14,    0,    0,    0,    0,    8,  -14,    0,    0,    0,    0,    0,    0,    0,    0,    0,    0,    0,    0,
       0,    0,    0,    0,    0,    0,    0,    0,    0,  -15,  -50,  -15,  -50,  -12,    0,    0,    0,    0,    0,    0,    0,    0,    0,    0,  -16,    0,    0,    0,  -16,    6,    0,  -23,  -23,    0,    0,    0,    0,    0,  -13,    0,    0,   -5,  -10,    8,    2,    6,    3,    0,    8,    0,    6,    3,    6,    0,  -15,    0,    0,  -28,    0,    0,    0,    0,    0,  -15,    0,    0,    0,    0,    0,    0,   -5,   -5,  -10,    2,    2,    2,    6,  -10,    0,    6,   -5,    0,    6,    6,    6,    6,  -10,  -23,  -23,  -23,    0,    6,    2,   18,    6,    0,    0,    0,    0,    0,    0,  -23,   -7,   -7,    8,    0,    8,    0,    0,    0,  -16,    6,  -61,    0,    0,    0,  -50,    6,    0,    0,    0,    0,    0,    0,    0,   -9,    0,    0,    0,    0,
       0,    0,    0,    0,    0,    0,    0,  -11,    0,    0,    0,    0,    0,    0,    0,    0,    0,    0,    0,    0,    0,    0,    0,    0,    0,    0,    0,    0,    0,    0,    0,    0,  -43,    0,  -43,    0,  -11,  -68,    0,    0,    0,    0,    0,    0,    0,    0,    0,    0,  -10,    0,  -14,  -11,   -7,    0,    0,  -20,    0,    0,    0,    0,    0,    0,    0,    0,    0,    0,    0,    0,    0,    0,    0,    0,    0,    0,    0,    0,    0,    0,    0,  -14,    0,    0,    0,    0,    0,    0,    0,  -43,  -43,  -43,    0,    0,    0,    0,    0,    0,    0,  -11,    0,    0,    0,  -43,    0,    0,  -10,    0,  -43,    0,  -68,  -68,  -28,    0,    0,    0,    0,    0,    0,    0,    0,    0,    0,    0,    0,    0,    0,    0,    0,    0,    0,    0,
       0,    0,    0,    0,    0,  -25,    0,    0,    0,  -26,  -26,  -26,  -26,    0,    0,    0,    0,    0,  -27,    0,    0,    0,    0,  -25,  -41,  -38,    0,  -17,  -31,    0,  -17,  -13,    4,    0,    0,    0,    0,    0,    0,    0,    0,  -41,  -88,    0,   -8,    0,  -16,  -27,    0,  -16,    0,    0,    0,    0,  -26,    0,  -36,  -46,   -3,    0,    0,  -16,    0,  -46,    0,  -25,    0,    0,    0,  -34,  -67,  -61,  -88,   -8,  -23,   -8,    0,  -88,  -16,    0,  -77,    0,    0,    0,    0,    0,  -88,    4,    4,    4,  -16,    0,   -8,   34,    0,    0,    0,    0,    0,  -17,    0,    4,    0,    0,    0,  -20,    0,  -27,    0,    0,    0,    0,  -43,    0,    0,  -16,  -64,    0,    0,    0,    0,    0,    0,    0,  -69,  -75,    0,    0,    0,  -13,
       0,    0,    0,    0,    0,    0,    0,    0,    0,    0,    0,    0,    0,    0,    0,    0,    0,    0,    0,    0,    0,    0,    0,    0,    0,    0,    0,    0,    0,    0,    0,    0,    0,    0,    0,    0,    0,    0,    0,    0,    0,    0,    0,    0,    0,    0,    0,    0,    0,    0,    0,    0,    0,    0,    0,    0,    0,    0,    0,    0,    0,    0,    0,    0,    0,    0,    0,    0,    0,    0,    0,    0,    0,    0,    0,    0,   24,    0,    0,    0,    0,    0,    0,   38,   24,    0,    0,    0,    0,    0,    0,    0,    0,   29,   38,    0,    0,    0,    0,    0,    0,    0,    0,    0,    0,    0,    0,    0,    0,    0,    0,    0,    0,    0,    0,    0,    0,    0,    0,    0,    0,    0,    0,    0,    0,    0,    0,    0,    0,    0,
       0,    0,   -8,    0,    0,    0,    0,   -5,    0,    0,    0,    0,    0,    0,    0,  -13,    0,    0,    0,    0,    0,    0,    0,    0,    0,    0,    0,    0,  -13,    0,    0,    0,  -31,    0,  -24,  -20,  -11,  -45,    0,    0,    0,    4,    0,    0,    0,    0,    0,    0,    0,    0,   -7,   -5,   -8,   -8,    0,  -13,    0,    0,   -4,    0,    0,    0,    0,    0,    0,    0,    0,    0,    0,    0,    4,    4,    0,    0,    0,    0,    0,    0,    0,   -7,    4,    0,    0,    0,    0,    0,    0,  -31,  -31,  -31,    0,    0,    0,   36,    0,    0,    0,  -11,    0,    0,    0,  -31,    0,    0,    0,   -5,    0,    0,  -91,  -45,  -25,   -9,    0,    0,    0,    0,    0,   -9,    0,    0,    0,    0,    0,    0,    0,    0,    0,    0,    0,    0,
       0,    0,    0,    0,    0,    0,    0,    0,    0,    0,  -13,    0,  -13,    0,    0,    0,    0,    0,    0,    0,    0,    0,    0,    0,    0,    0,    0,    0,    0,    0,    0,    0,    0,    0,    0,    0,    0,    0,    0,    0,    0,    0,    0,    0,    0,    0,    0,    0,    0,    0,    0,    0,    0,    0,    0,    0,    0,    0,    0,    0,    0,    0,    0,    0,    0,    0,    0,    0,    0,    0,    0,    0,    0,    0,    0,    0,    0,    0,    0,    0,    0,    0,    0,    0,    0,    0,    0,    0,    0,    0,    0,    0,    0,   16,    0,    0,    0,    0,    0,    0,    0,    0,    0,    0,    0,    0,    0,    0,    0,    0,    0,    0,    0,    0,    0,    0,  -13,    0,    0,    0,    0,    0,    0,    0,    0,    0,    0,    0,    0,    0,
       0,    0,    0,    0,    0,  -25,    0,    0,    0,  -26,  -39,  -26,  -39,    0,    0,    0,    0,    0,  -27,    0,    0,    0,    0,  -25,  -41,  -38,    0,  -17,  -31,    0,  -17,  -13,    4,    0,    0,    0,    0,    0,    0,    0,    0,  -41,  -44,    0,   -8,    0,  -16,  -27,    0,  -16,    0,    0,    0,    0,  -26,    0,  -36,  -46,   -3,    0,    0,  -16,    0,  -46,    0,  -25,    0,    0,    0,  -34,  -67,  -61,  -44,   -8,  -23,   -8,    0,  -44,  -16,    0,  -77,    0,    0,    0,    0,    0,  -66,    4,    4,    4,  -16,    0,   -8,   34,    0,    0,    0,    0,    0,  -17,    0,    4,    0,    0,    0,  -20,    0,  -27,    0,    0,    0,    0,  -43,    0,    0,  -16,  -39,    0,    0,    0,    0,    0,    0,    0,  -69,  -75,    0,    0,    0,  -13,
       0,    0,    0,    0,    0,  -25,    0,    0,    0,    0,  -43,    0,  -43,  -38,    0,    0,    0,    0,  -25,    0,    0,    0,    0,    0,    0,    0,    0,    0,  -38,    0,    0,  -59,    0,    0,    0,    0,    0,    0,    0,    0,    0,    0,  -16,    0,    0,    0,    0,   -7,    0,    0,    0,    0,    0,    0,    0,    0,    0,    0,    0,    0,    0,    0,    0,    0,    0,    0,  -25,    0,    0,    0,    0,    0,  -16,    0,    0,    0,    0,  -16,    0,    0,    0,    0,    0,    0,    0,    0,  -16,    0,    0,    0,    0,    0,    0,    0,    0,  -25,  -45,    0,    0,    0,    0,    0,  -57,  -34,    0,    0,    0,   -7,    0,    0,    0,    0,  -38,    0,    0,    0,  -43,    0,    0,    0,    0,    0,    0,    0,    0,    0,    0,    0,    0,    0,
       0,    0,    0,  -50,    0,  -27,    0,    0,    0,  -21,  -52,  -21,  -52,  -57,  -18,    0,    0,    0,  -38,    0,  -25,  -16,    0,  -23,  -38,  -23,    0,  -23,  -55,    0,  -23,  -50,    0,    0,    0,    0,    0,    0,    0,    0,  -16,  -23,  -25,    0,    0,    0,  -11,  -28,    3,  -16,    3,    0,    0,    0,  -39,    0,  -34,  -21,    0,    0,    0,  -34,   -4,  -21,    0,    0,  -27,    0,    0,    0,  -23,  -23,  -25,    0,    0,    0,    0,  -25,  -16,    3,  -23,    0,    0,    0,    0,    0,  -25,    0,    0,    0,  -16,    0,    0,    0,    0,  -20,  -36,    0,    0,  -23,    0,    0,  -48,  -25,    3,    0,    3,  -41,    0,    0,    0,    0,    0,    0,    0,    0,  -52,    0,    0,    0,    0,    0,    0,    0,    0,    0,    0,    0,    0,    0,
       0,    0,    0,    0,    0,    0,    0,    0,    0,    0,    0,    0,    0,    0,    0,  -27,    0,    0,    0,    0,    0,    0,    0,    0,    0,    0,    0,    0,    0,    0,    0,    0,  -38,    0,  -36,  -25,    0,  -43,    0,    0,    0,  -13,    0,    0,    0,    0,    0,    0,    0,    0,  -20,    0,    0,    0,    0,    0,    0,    0,    0,    0,    0,    0,    0,    0,    0,    0,    0,    0,    0,    0,  -13,  -13,    0,    0,    0,    0,    0,    0,    0,  -20,  -13,    0,    0,    0,    0,    0,    0,  -38,  -38,  -38,    0,    0,    0,    0,    0,   20,   20,    0,    0,    0,  -25,  -59,   25,   25,  -20,    0,    0,    0,  -43,  -43,  -50,  -38,    0,    0,    0,    0,    0,  -38,    0,    0,    0,    0,    0,    0,    0,    0,    0,    0,    0,    0,
       0,    0,    0,    0,    0,    0,    0,    0,    0,    0,    0,    0,    0,    0,    0,    0,    0,    0,    0,    0,    0,    0,    0,    0,    0,    0,    0,    0,  -13,    0,    0,    0,  -13,    0,  -16,    0,  -18,  -18,    0,    0,    0,    0,    0,    0,    0,    0,    0,    0,    0,    0,    0,    0,    0,    0,    0,    0,    0,    0,    0,    0,    0,    0,    0,    0,    0,    0,    0,    0,    0,    0,    0,    0,    0,    0,    0,    0,    0,    0,    0,    0,    0,    0,    0,    0,    0,    0,    0,  -13,  -13,  -13,    0,    0,    0,    0,    0,    0,    0,  -18,    0,    0,    0,  -43,    0,    0,    0,    0,    0,    0,  -18,  -18,    0,    0,    0,    0,    0,    0,    0,    0,    0,    0,    0,    0,    0,    0,    0,    0,    0,    0,  -13,    0,
     -12,   -5,  -40,    0,    0,    0,    0,    0,    0,    0,    0,    0,    0,    0,  -12,  -36,    0,   -9,    0,   -3,  -10,  -11,   -5,    0,    0,    0,  -35,  -18,    0,    0,  -18,    0,  -13,    0,    0,    0,    0,  -26,    0,    0,    0,    0,    0,    0,    0,    0,    0,    0,    0,    0,    0,    0,    0,    0,    0,    0,    0,    0,    0,    0,    0,    0,  -20,    0,    0,    0,    0,    0,    0,    0,    0,    0,    0,    0,    0,    0,    0,    0,    0,    0,    0,    0,    0,    0,    0,    0,    0,  -13,  -13,  -13,    0,    0,    0,    0,    0,    0,    0,    0,   -9,  -18,    0,  -13,    0,    0,    0,  -13,    0,    0,  -26,  -39,    0,  -38,    0,  -54,  -73,    0,    0,  -38,    0,    0,    0,    0,    0,    0,    0,    0,    0,    0,    0,    0,
       0,    0,    0,    0,    0,    0,    0,    0,    0,    0,    0,    0,    0,    0,    0,    0,    0,    0,    0,    0,    0,    0,    0,    0,    0,    0,    0,    0,    0,    0,    0,    0,    0,    0,    0,    0,    0,    0,    0,    0,    0,    0,    0,    0,    0,    0,    0,    0,    0,    0,    0,    0,    0,    0,    0,    0,    0,    0,    0,    0,    0,    0,    0,    0,    0,    0,    0,    0,    0,    0,    0,    0,    0,    0,    0,    0,    0,    0,    0,    0,    0,    0,    0,    0,    0,    0,    0,    0,    0,    0,    0,    0,    0,    0,    0,    0,    0,    0,    0,    0,    0,    0,    0,    0,    0,    0,    0,    0,    0,    0,    0,    0,    0,    0,    0,    0,    0,    0,    0,    0,    0,    0,    9,    0,    0,    0,    0,    0,    0,    0,
       0,    0,    0,    0,    0,    0,    0,    0,    0,    0,    0,    0,    0,    0,    0,    0,    0,    0,    0,    0,    0,    0,    0,    0,    0,    0,    0,    0,    0,    0,    0,    0,    0,    0,    0,    0,    0,    0,    0,    0,    0,    0,    0,    0,    0,    0,    0,    0,    0,    0,    0,    0,    0,    0,    0,    0,    0,    0,    0,    0,    0,    0,    0,    0,   -3,    0,    0,    0,    0,    0,    0,    0,    0,    0,    0,    0,    0,    0,    0,    0,    0,    0,    0,    0,    0,    0,    0,    0,    0,    0,    0,    0,    0,    0,    0,    0,    0,    0,    0,    0,    0,    0,    0,    0,    0,    0,    0,    0,    0,    0,    0,    0,    0,    0,    0,    0,    0,    0,    0,    0,   -6,    0,    0,    0,    0,    0,    0,    0,    0,    0,
       0,    0,    0,    0,    0,    0,    0,    0,    0,    0,    0,    0,    0,    0,    0,    0,    0,    0,    0,    0,    0,    0,    0,    0,    0,    0,    0,    0,    0,    0,    0,    0,    0,    0,    0,    0,    0,    0,    0,    0,    0,    0,    0,    0,    0,    0,    0,    0,    0,    0,    0,    0,    0,    0,    0,    0,    0,    0,    0,    0,    0,    0,    0,    0,    0,    0,    0,    0,    0,    0,    0,    0,    0,    0,    0,    0,    0,    0,    0,    0,    0,    0,    0,    0,    0,    0,    0,    0,    0,    0,    0,    0,    0,    0,    0,    0,    0,    0,    0,    0,    0,    0,    0,    0,    0,    0,    0,    0,    0,    0,    0,    0,    0,    0,    0,    0,    0,    0,    0,  -19,    5,   -3,    0,  -13,    0,    0,    0,    0,    0,    0,
       0,    0,    0,    0,    0,    0,    0,    0,    0,    0,    0,    0,    0,    0,    0,    0,    0,    0,    0,    0,    0,    0,    0,    0,    0,    0,    0,    0,    0,    0,    0,    0,    0,    0,    0,    0,    0,    0,    0,    0,    0,    0,    0,    0,    0,    0,    0,    0,    0,    0,    0,    0,    0,    0,    0,    0,    0,    0,    0,    0,   -6,    0,    0,    0,    0,    0,    0,    0,    0,    0,    0,    0,    0,    0,    0,    0,    0,    0,    0,    0,    0,    0,    0,    0,    0,    0,    0,    0,    0,    0,    0,    0,    0,    0,    0,    0,    0,    0,    0,    0,    0,    0,    0,    0,    0,    0,    0,    0,    0,    0,    0,    0,    0,    0,    0,    0,    0,    0,    0,    0,   -8,    0,    0,    0,    0,    0,    0,    0,    0,    0,
       0,    0,    0,    0,    0,    0,    0,    0,    0,    0,    0,    0,    0,    0,    0,    0,    0,    0,    0,    0,    0,    0,    0,    0,    0,    0,    0,    0,    0,    0,    0,    0,    0,    0,    0,    0,    0,    0,    0,    0,    0,    0,    0,    0,    0,    0,    0,    0,    0,    0,    0,    0,    0,    0,    0,    0,    0,    0,    0,    0,    0,    0,    0,    0,    0,    0,    0,    0,    0,    0,    0,    0,    0,    0,    0,    0,    0,    0,    0,    0,    0,    0,    0,    0,    0,    0,    0,    0,    0,    0,    0,    0,    0,    0,    0,    0,    0,    0,    0,    0,    0,    0,    0,    0,    0,    0,    0,    0,    0,    0,    0,    0,    0,    0,    0,    0,    0,    0,    0,    0,    0,    0,    0,    5,    0,    0,    0,    0,    0,    0,
       0,    0,    0,    0,    0,    0,    0,    0,    0,    0,    0,    0,    0,    0,    0,  -17,    0,    0,    0,    0,    0,    0,    0,    0,    0,    0,    0,  -16,    0,    0,  -16,    0,  -23,    0,  -54,  -38,    0,  -69,    0,    0,    0,    0,    0,    0,    0,    0,    0,    0,    0,    0,   -9,    0,    0,    0,    0,    0,    0,    0,    0,    0,    0,    0,    0,    0,    0,    0,    0,    0,    0,    0,    0,    0,    0,    0,    0,    0,    0,    0,    0,   -9,    0,    0,    0,    0,    0,    0,    0,  -23,  -23,  -37,    0,    0,    0,    0,    0,    0,    0,    0,    0,  -16,   -7,  -29,    0,    0,    0,    0,    0,    0,  -69,  -69,    0,    0,    0,    0,    0,    0,    0,    0,    0,    0,    0,    0,    0,    0,    0,  -11,   -6,    0,    0,    0,
       0,    0,    0,    0,    0,    0,    0,    0,    0,    0,    0,    0,    0,    0,    0,    0,    0,    0,    0,    0,    0,    0,    0,    0,    0,    0,    0,    0,    0,    0,    0,    0,    0,    0,    0,    0,    0,    0,    0,    0,    0,    0,    0,    0,    0,    0,    0,    0,    0,    0,    0,    0,    0,    0,    0,    0,    0,    0,    0,    0,    0,    0,    0,    0,    0,    0,    0,    0,    0,    0,    0,    0,    0,    0,    0,    0,    0,    0,    0,    0,    0,    0,    0,    0,    0,    0,    0,    0,    0,    0,    0,    0,    0,    0,    0,    0,    0,    0,    0,    0,    0,    0,    0,    0,    0,    0,    0,    0,    0,    0,    0,    0,    0,    0,    0,    0,    0,    0,    0,    0,    0,    0,    0,    0,   -6,    0,    0,    0,    0,    0,
       0,    0,    0,    0,    0,    0,    0,    0,    0,    0,    0,    0,    0,    0,    0,    0,    0,    0,    0,    0,    0,    0,    0,    0,    0,    0,    0,    0,    0,    0,    0,    0,    0,    0,    0,    0,    0,    0,    0,    0,    0,    0,    0,    0,    0,    0,    0,    0,    0,    0,    0,    0,    0,    0,    0,    0,    0,    0,    0,    0,    0,    0,    0,    0,    0,    0,    0,    0,    0,    0,    0,    0,    0,    0,    0,    0,    0,    0,    0,    0,    0,    0,    0,    0,    0,    0,    0,    0,    0,    0,    0,    0,    0,    0,    0,    0,    0,    0,    0,    0,    0,    0,    0,    0,    0,    0,    0,    0,    0,    0,    0,    0,    0,    0,    0,    0,    0,    0,    0,    0,    0,    0,    0,    0,    0,  -16,    0,    0,    0,    0,
       0,    0,    0,    0,    0,    0,    0,    0,    0,    0,    0,    0,    0,    0,    0,    0,    0,    0,    0,    0,    0,    0,    0,    0,    0,    0,    0,    0,    0,    0,    0,    0,    0,    0,    0,    0,    0,    0,    0,    0,    0,    0,    0,    0,    0,    0,    0,    0,    0,    0,    0,    0,    0,    0,    0,    0,    0,    0,    0,    0,    0,    0,    0,    0,    0,    0,    0,    0,    0,    0,    0,    0,    0,    0,    0,    0,    0,    0,    0,    0,    0,    0,    0,    0,    0,    0,    0,    0,    0,    0,    0,    0,    0,   16,    0,    0,    0,    0,    0,    0,    0,    0,    0,    0,    0,    0,    0,    0,    0,    0,    0,    0,    0,    0,    0,    0,    0,    0,    0,    0,    0,    0,    0,    0,    0,    0,    0,    0,    0,    0,
       0,    0,    0,    0,    0,    0,    0,    0,    0,    0,  -27,    0,  -27,  -16,    0,    0,    0,    0,    0,    0,    0,    0,    0,    0,    0,    0,    0,    0,    0,    0,    0,    0,    0,    0,    0,    0,    0,    0,    0,    0,  -20,    0,    0,    0,    0,    0,    0,    0,    0,    0,    0,    0,    0,    0,    0,    0,    0,    0,    0,    0,    0,    0,    0,    0,    0,    0,    0,    0,    0,    0,    0,    0,    0,    0,    0,    0,    0,    0,    0,    0,    0,    0,    0,    0,    0,    0,    0,    0,    0,    0,    0,    0,    0,    0,    0,    0,    0,    0,    0,    0,    0,    0,    0,    0,    0,    0,    0,    0,    0,    0,    0,    0,    0,    0,    0,    0,  -27,    0,    0,    0,    0,    0,    0,    0,    0,    0,    0,    0,    0,    0,
};

static const EpdFontData inter_ui_12_bold = {
    inter_ui_12_boldBitmaps,
    inter_ui_12_boldGlyphs,
    inter_ui_12_boldIntervals,
    62,
    30,
    25,
    -7,
    false,
    nullptr,
    0,
    nullptr,
    inter_ui_12_boldKernLeftClasses,
    inter_ui_12_boldKernRightClasses,
    inter_ui_12_boldKernMatrix,
    752,
    748,
    138,
    130,
    nullptr,
    0,
};
