/**
 * generated by fontconvert.py
 * name: inter_ui_10_bold
 * size: 10
 * mode: 1-bit
 * Command used: fontconvert.py inter_ui_10_bold 10 ../builtinFonts/source/Inter/Inter-Bold.ttf --additional-intervals 0x0000,0x007F --additional-intervals 0x0080,0x00FF --additional-intervals 0x0100,0x017F --additional-intervals 0x01A0,0x01A1 --additional-intervals 0x01AF,0x01B0 --additional-intervals 0x01C4,0x021F --additional-intervals 0x0300,0x036F --additional-intervals 0x0400,0x04FF --additional-intervals 0x1EA0,0x1EF9 --additional-intervals 0x2010,0x206F --additional-intervals 0x20A0,0x20CF --additional-intervals 0xFB00,0xFB06 --additional-intervals 0xFFFD,0xFFFD
 */
#pragma once
#include "EpdFontData.h"

static const uint8_t inter_ui_10_boldBitmaps[22787] = {
    0x00, 0x00, 0xFF, 0xFF, 0xFF, 0xFC, 0x0F, 0xF8, 0xEF, 0xCF, 0x9F, 0x3E, 0x7C, 0xC0, 0x0C, 0x70,
    0x63, 0x83, 0x18, 0x18, 0xC7, 0xFF, 0xBF, 0xFC, 0x63, 0x83, 0x1C, 0x18, 0xC3, 0xFF, 0xBF, 0xFC,
    0x71, 0x83, 0x1C, 0x18, 0xE0, 0xC6, 0x00, 0x06, 0x00, 0x60, 0x3F, 0x87, 0xFE, 0x7F, 0xEF, 0x6F,
    0xF6, 0x0F, 0xE0, 0x7F, 0x03, 0xFC, 0x07, 0xE0, 0x6F, 0xE6, 0x7E, 0x6F, 0xFF, 0xE7, 0xFE, 0x3F,
    0x80, 0x60, 0x06, 0x00, 0x7C, 0x0E, 0x76, 0x06, 0x33, 0x06, 0x19, 0xC6, 0x0C, 0xC7, 0x07, 0xE3,
    0x01, 0xE3, 0x00, 0x03, 0x80, 0x01, 0x8F, 0x01, 0x8F, 0xC1, 0x86, 0x60, 0xC3, 0x30, 0xC1, 0x98,
    0xC0, 0xFC, 0xE0, 0x3C, 0x1F, 0x01, 0xFC, 0x1C, 0xE0, 0xE3, 0x07, 0x38, 0x1F, 0x80, 0xF8, 0x07,
    0x80, 0x7E, 0x77, 0x3B, 0xB8, 0xFD, 0xC3, 0xCF, 0x3E, 0x3F, 0xF8, 0xFD, 0xE0, 0xFF, 0xFF, 0xC0,
    0x39, 0xDC, 0xEF, 0x73, 0x9C, 0xE7, 0x39, 0xCE, 0x73, 0xCE, 0x71, 0xCE, 0xE7, 0x1C, 0xE7, 0x1C,
    0xE7, 0x39, 0xCE, 0x73, 0x9D, 0xCE, 0x77, 0x38, 0x18, 0x9A, 0xFF, 0x7E, 0x7C, 0xFF, 0xDA, 0x18,
    0x0C, 0x03, 0x00, 0xC0, 0x30, 0xFF, 0xFF, 0xF0, 0xC0, 0x30, 0x0C, 0x03, 0x00, 0x77, 0x66, 0xEC,
    0xFF, 0xFC, 0xFF, 0x80, 0x07, 0x06, 0x06, 0x0E, 0x0E, 0x0C, 0x1C, 0x1C, 0x1C, 0x18, 0x38, 0x38,
    0x30, 0x30, 0x70, 0x70, 0x60, 0xE0, 0x1F, 0x83, 0xFC, 0x79, 0xE7, 0x0E, 0xE0, 0x7E, 0x07, 0xE0,
    0x7E, 0x07, 0xE0, 0x7E, 0x07, 0xF0, 0x77, 0x0E, 0x79, 0xE3, 0xFC, 0x1F, 0x80, 0x3E, 0xFF, 0xFE,
    0x78, 0xE1, 0xC3, 0x87, 0x0E, 0x1C, 0x38, 0x70, 0xE1, 0xC3, 0x80, 0x3F, 0x8F, 0xFB, 0xC7, 0x70,
    0x7E, 0x0E, 0x03, 0xC0, 0x70, 0x1C, 0x07, 0x01, 0xC0, 0x70, 0x1C, 0x07, 0xFF, 0xFF, 0xFF, 0xF8,
    0x3F, 0x8F, 0xF9, 0xC7, 0xF0, 0x70, 0x0E, 0x03, 0xC3, 0xF0, 0x7C, 0x03, 0xE0, 0x1C, 0x03, 0xF0,
    0x7F, 0x9E, 0xFF, 0x8F, 0xE0, 0x03, 0xC0, 0x7C, 0x07, 0xC0, 0xFC, 0x1D, 0xC1, 0xDC, 0x39, 0xC3,
    0x9C, 0x71, 0xCE, 0x1C, 0xFF, 0xFF, 0xFF, 0x01, 0xC0, 0x1C, 0x01, 0xC0, 0x7F, 0xCF, 0xF9, 0xC0,
    0x30, 0x06, 0x01, 0xDE, 0x3F, 0xF7, 0x9E, 0x00, 0xE0, 0x1C, 0x03, 0xF0, 0x7F, 0x1C, 0xFF, 0x8F,
    0xC0, 0x1F, 0x83, 0xFC, 0x79, 0xE7, 0x0E, 0xE0, 0x0E, 0x78, 0xEF, 0xCF, 0x9E, 0xF0, 0xEE, 0x07,
    0xE0, 0x77, 0x0E, 0x79, 0xE3, 0xFC, 0x1F, 0x80, 0xFF, 0xFF, 0xF0, 0x1C, 0x07, 0x03, 0x80, 0xE0,
    0x70, 0x1C, 0x0E, 0x03, 0x81, 0xC0, 0x70, 0x38, 0x0E, 0x07, 0x00, 0x3F, 0x87, 0xFC, 0x71, 0xEF,
    0x0E, 0x70, 0xE7, 0x1E, 0x3F, 0xC3, 0xF8, 0x79, 0xEF, 0x0E, 0xE0, 0xFE, 0x0F, 0xF1, 0xE7, 0xFE,
    0x3F, 0x80, 0x3F, 0x87, 0xFC, 0xF1, 0xEE, 0x0E, 0xE0, 0xEE, 0x0E, 0xF0, 0xF7, 0xBF, 0x7F, 0x71,
    0xCE, 0x00, 0xEE, 0x0E, 0x7B, 0xC7, 0xFC, 0x1F, 0x00, 0xFF, 0x80, 0x00, 0xFF, 0x80, 0x77, 0x70,
    0x00, 0x00, 0x07, 0x76, 0x6E, 0xC0, 0x00, 0x40, 0x70, 0x7C, 0xFE, 0xFC, 0x3C, 0x0F, 0x03, 0xF8,
    0x1F, 0x81, 0xF0, 0x1C, 0x01, 0xFF, 0xFF, 0xFF, 0xFC, 0x00, 0x00, 0x3F, 0xFF, 0xFF, 0xFF, 0x80,
    0x38, 0x0F, 0xC1, 0xFC, 0x0F, 0xC0, 0xF0, 0x3C, 0x3F, 0x7F, 0x3E, 0x0E, 0x02, 0x00, 0x3F, 0x1F,
    0xEE, 0x3B, 0x87, 0x03, 0xC0, 0xE0, 0xF8, 0x78, 0x1C, 0x07, 0x00, 0x00, 0x00, 0x1C, 0x07, 0x01,
    0xC0, 0x03, 0xF8, 0x01, 0xFF, 0xC0, 0x7C, 0x3E, 0x1C, 0x01, 0xE7, 0x00, 0x1C, 0xC7, 0xF9, 0xF8,
    0xFF, 0x3F, 0x38, 0xE3, 0xE6, 0x0C, 0x7C, 0xC1, 0x8F, 0x98, 0x31, 0xF3, 0x0E, 0x7E, 0x7B, 0xCD,
    0xC7, 0xFF, 0x9C, 0x38, 0xC3, 0xC0, 0x00, 0x3E, 0x04, 0x03, 0xFF, 0xC0, 0x1F, 0xF8, 0x00, 0x07,
    0xC0, 0x0F, 0x80, 0x1F, 0x80, 0x77, 0x00, 0xEE, 0x01, 0xCE, 0x07, 0x9C, 0x0E, 0x38, 0x1C, 0x78,
    0x7F, 0xF0, 0xFF, 0xE1, 0xC1, 0xE7, 0x81, 0xCE, 0x03, 0xFC, 0x07, 0x80, 0xFF, 0x8F, 0xFE, 0xE1,
    0xEE, 0x0E, 0xE0, 0xEE, 0x0E, 0xFF, 0xCF, 0xFC, 0xE1, 0xEE, 0x07, 0xE0, 0x7E, 0x07, 0xFF, 0xFF,
    0xFE, 0xFF, 0xC0, 0x0F, 0xE0, 0xFF, 0xC7, 0xCF, 0x9C, 0x0E, 0xF0, 0x3F, 0x80, 0x0E, 0x00, 0x38,
    0x00, 0xE0, 0x03, 0x80, 0x1F, 0x03, 0x9E, 0x0E, 0x7F, 0xF0, 0xFF, 0xC0, 0xFC, 0x00, 0xFF, 0x87,
    0xFF, 0x3F, 0xFD, 0xC0, 0xEE, 0x07, 0xF0, 0x1F, 0x80, 0xFC, 0x07, 0xE0, 0x3F, 0x01, 0xF8, 0x1F,
    0xC1, 0xEF, 0xFF, 0x7F, 0xF3, 0xFE, 0x00, 0xFF, 0xFF, 0xFF, 0x80, 0x70, 0x0E, 0x01, 0xC0, 0x3F,
    0xF7, 0xFE, 0xFF, 0xDC, 0x03, 0x80, 0x70, 0x0F, 0xFF, 0xFF, 0xFF, 0xF8, 0xFF, 0xFF, 0xFE, 0x03,
    0x80, 0xE0, 0x38, 0x0E, 0x03, 0xFF, 0xFF, 0xF8, 0x0E, 0x03, 0x80, 0xE0, 0x38, 0x0E, 0x00, 0x0F,
    0xE0, 0xFF, 0xC7, 0xCF, 0x9C, 0x0E, 0xF0, 0x3B, 0x80, 0x0E, 0x00, 0x38, 0x7F, 0xE1, 0xFF, 0x80,
    0x7F, 0x03, 0x9E, 0x0E, 0x7F, 0xF8, 0xFF, 0xC0, 0xFC, 0x00, 0xE0, 0x3F, 0x01, 0xF8, 0x0F, 0xC0,
    0x7E, 0x03, 0xF0, 0x1F, 0xFF, 0xFF, 0xFF, 0xFF, 0xFF, 0x01, 0xF8, 0x0F, 0xC0, 0x7E, 0x03, 0xF0,
    0x1F, 0x80, 0xE0, 0xFF, 0xFF, 0xFF, 0xFF, 0xFF, 0xF8, 0x01, 0xC0, 0x70, 0x1C, 0x07, 0x01, 0xC0,
    0x70, 0x1C, 0x07, 0x01, 0xC0, 0x7E, 0x1F, 0x87, 0xF3, 0x9F, 0xE3, 0xF0, 0xE0, 0x7F, 0x07, 0xB8,
    0x79, 0xC7, 0x8E, 0x38, 0x73, 0x83, 0xBC, 0x1F, 0xE0, 0xFB, 0x87, 0xDE, 0x3C, 0x71, 0xC3, 0xCE,
    0x0F, 0x70, 0x3B, 0x81, 0xE0, 0xE0, 0x38, 0x0E, 0x03, 0x80, 0xE0, 0x38, 0x0E, 0x03, 0x80, 0xE0,
    0x38, 0x0E, 0x03, 0x80, 0xFF, 0xFF, 0xFF, 0xFC, 0xF8, 0x0F, 0xFE, 0x07, 0xFF, 0x07, 0xFD, 0x83,
    0xFE, 0xE1, 0xFF, 0x71, 0xDF, 0xB8, 0xEF, 0xCE, 0x77, 0xE7, 0x73, 0xF3, 0xB9, 0xF8, 0xFC, 0xFC,
    0x7C, 0x7E, 0x1E, 0x3F, 0x0F, 0x1F, 0x87, 0x0E, 0xF0, 0x3F, 0xE0, 0xFF, 0x83, 0xFF, 0x0F, 0xEE,
    0x3F, 0xB8, 0xFE, 0x73, 0xFD, 0xEF, 0xF3, 0xBF, 0xC7, 0xFF, 0x1F, 0xFC, 0x3F, 0xF0, 0xFF, 0xC1,
    0xFF, 0x03, 0xC0, 0x0F, 0xE0, 0xFF, 0xC7, 0xCF, 0x9C, 0x0E, 0xF0, 0x3F, 0x80, 0x7E, 0x01, 0xF8,
    0x07, 0xE0, 0x1F, 0x80, 0x7F, 0x03, 0xDE, 0x0E, 0x7F, 0xF8, 0xFF, 0xC0, 0xFC, 0x00, 0xFF, 0x8F,
    0xFE, 0xE1, 0xEE, 0x0F, 0xE0, 0xFE, 0x0F, 0xE0, 0xFE, 0x3E, 0xFF, 0xCF, 0xF8, 0xE0, 0x0E, 0x00,
    0xE0, 0x0E, 0x00, 0xE0, 0x00, 0x0F, 0xE0, 0xFF, 0xC7, 0xCF, 0x9C, 0x0E, 0xF0, 0x3F, 0x80, 0x7E,
    0x01, 0xF8, 0x07, 0xE0, 0x1F, 0x80, 0x7F, 0x3B, 0xDE, 0x7E, 0x7F, 0xF8, 0xFF, 0xC0, 0xFF, 0x80,
    0x0F, 0xFF, 0x8F, 0xFE, 0xE1, 0xEE, 0x0F, 0xE0, 0xFE, 0x0F, 0xE0, 0xEF, 0xFE, 0xFF, 0xCF, 0xF8,
    0xE3, 0xCE, 0x1C, 0xE1, 0xEE, 0x0E, 0xE0, 0x70, 0x3F, 0x87, 0xFE, 0x79, 0xEF, 0x0F, 0xF0, 0x0F,
    0x80, 0x7F, 0x03, 0xFC, 0x07, 0xE0, 0x0F, 0xE0, 0x7E, 0x0F, 0xF9, 0xE7, 0xFE, 0x3F, 0x80, 0xFF,
    0xFF, 0xFF, 0x0F, 0x00, 0xF0, 0x0F, 0x00, 0xF0, 0x0F, 0x00, 0xF0, 0x0F, 0x00, 0xF0, 0x0F, 0x00,
    0xF0, 0x0F, 0x00, 0xF0, 0x0F, 0x00, 0xE0, 0x3F, 0x01, 0xF8, 0x0F, 0xC0, 0x7E, 0x03, 0xF0, 0x1F,
    0x80, 0xFC, 0x07, 0xE0, 0x3F, 0x01, 0xFC, 0x0E, 0xE0, 0xF7, 0xFF, 0x1F, 0xF0, 0x7F, 0x00, 0xF0,
    0x1E, 0xE0, 0x39, 0xE0, 0x71, 0xC1, 0xE3, 0x83, 0x87, 0x87, 0x07, 0x1E, 0x0E, 0x38, 0x0E, 0x70,
    0x1C, 0xE0, 0x3B, 0x80, 0x3F, 0x00, 0x7E, 0x00, 0xF8, 0x00, 0xF0, 0x00, 0xF0, 0x78, 0x3B, 0x83,
    0xC3, 0xDE, 0x1E, 0x1C, 0xF1, 0xF0, 0xE3, 0x8F, 0xC7, 0x1C, 0x6E, 0x78, 0xE3, 0x73, 0x83, 0xB9,
    0x9C, 0x1D, 0xCE, 0xE0, 0xEE, 0x77, 0x07, 0x63, 0xF0, 0x1B, 0x0F, 0x80, 0xF8, 0x7C, 0x07, 0x83,
    0xC0, 0x3C, 0x1E, 0x00, 0xF0, 0x79, 0xE1, 0xC3, 0x8F, 0x0F, 0x38, 0x1D, 0xC0, 0x3F, 0x00, 0xF8,
    0x01, 0xE0, 0x0F, 0x80, 0x7F, 0x01, 0xDE, 0x0F, 0x38, 0x78, 0x71, 0xC1, 0xEE, 0x03, 0xC0, 0xF0,
    0x1E, 0xF0, 0x78, 0xF0, 0xE0, 0xE3, 0xC1, 0xE7, 0x01, 0xDC, 0x03, 0xF8, 0x03, 0xE0, 0x03, 0xC0,
    0x07, 0x00, 0x0E, 0x00, 0x1C, 0x00, 0x38, 0x00, 0x70, 0x00, 0xE0, 0x00, 0xFF, 0xFF, 0xFF, 0x00,
    0xE0, 0x1C, 0x03, 0xC0, 0x38, 0x07, 0x00, 0xF0, 0x1E, 0x01, 0xC0, 0x38, 0x07, 0x80, 0x7F, 0xFF,
    0xFF, 0xFF, 0xF0, 0xFF, 0xF9, 0xCE, 0x73, 0x9C, 0xE7, 0x39, 0xCE, 0x73, 0x9C, 0xE7, 0xFE, 0xE0,
    0x60, 0x70, 0x70, 0x70, 0x30, 0x38, 0x38, 0x18, 0x18, 0x1C, 0x1C, 0x0C, 0x0E, 0x0E, 0x0E, 0x06,
    0x07, 0xFF, 0xCE, 0x73, 0x9C, 0xE7, 0x39, 0xCE, 0x73, 0x9C, 0xE7, 0x3F, 0xFE, 0x18, 0x3C, 0x3C,
    0x66, 0x66, 0xE3, 0xC3, 0xFF, 0xFF, 0xF0, 0xE6, 0x70, 0x08, 0x1F, 0xC7, 0xFB, 0x87, 0x01, 0xC7,
    0xF7, 0xFF, 0x87, 0xE1, 0xF8, 0xFF, 0xFD, 0xF7, 0xE0, 0x1C, 0x03, 0x80, 0x71, 0x0E, 0xF9, 0xFF,
    0xBC, 0x7F, 0x87, 0xE0, 0xFC, 0x1F, 0x83, 0xF8, 0x7F, 0x9F, 0xDF, 0xBB, 0xE0, 0x04, 0x0F, 0xE7,
    0xFF, 0xC7, 0xE0, 0xB8, 0x0E, 0x03, 0x80, 0xE1, 0xDC, 0x77, 0xF8, 0xFC, 0x00, 0xE0, 0x1C, 0x03,
    0x84, 0x73, 0xEE, 0xFF, 0xFC, 0x7F, 0x07, 0xE0, 0xFC, 0x1F, 0x83, 0xF0, 0xFF, 0x3E, 0xFF, 0xCF,
    0xB8, 0x04, 0x07, 0xF1, 0xFF, 0x78, 0xEE, 0x0D, 0xFF, 0xFF, 0xFF, 0x00, 0xE0, 0x0E, 0x39, 0xFF,
    0x1F, 0xC0, 0x0F, 0x1F, 0x3F, 0x38, 0x38, 0xFF, 0xFF, 0x38, 0x38, 0x38, 0x38, 0x38, 0x38, 0x38,
    0x38, 0x38, 0x08, 0x07, 0xDD, 0xFF, 0xF8, 0xFE, 0x0F, 0xC1, 0xF8, 0x3F, 0x07, 0xE1, 0xEF, 0x7D,
    0xFB, 0x8E, 0x70, 0x0F, 0xC3, 0xDF, 0xF1, 0xFC, 0x04, 0x00, 0xE0, 0x1C, 0x03, 0x80, 0x71, 0x0E,
    0xF9, 0xFF, 0xBC, 0x7F, 0x07, 0xE0, 0xFC, 0x1F, 0x83, 0xF0, 0x7E, 0x0F, 0xC1, 0xF8, 0x38, 0x6F,
    0xE0, 0x0E, 0xEE, 0xEE, 0xEE, 0xEE, 0xEE, 0x18, 0xF3, 0x80, 0x00, 0xE3, 0x8E, 0x38, 0xE3, 0x8E,
    0x38, 0xE3, 0x8E, 0x38, 0xEF, 0xBC, 0xE0, 0x1C, 0x03, 0x80, 0x70, 0x1E, 0x1D, 0xC7, 0x39, 0xC7,
    0x70, 0xFE, 0x1F, 0xC3, 0xFC, 0x73, 0xCE, 0x39, 0xC7, 0xB8, 0x78, 0xFF, 0xFF, 0xFF, 0xFF, 0xFF,
    0xF8, 0x02, 0x0C, 0x77, 0xDF, 0xBF, 0xEF, 0xDE, 0x3C, 0xFE, 0x1C, 0x3F, 0x0E, 0x1F, 0x87, 0x0F,
    0xC3, 0x87, 0xE1, 0xC3, 0xF0, 0xE1, 0xF8, 0x70, 0xFC, 0x38, 0x70, 0x02, 0x1D, 0xF3, 0xFF, 0x78,
    0xFE, 0x0F, 0xC1, 0xF8, 0x3F, 0x07, 0xE0, 0xFC, 0x1F, 0x83, 0xF0, 0x70, 0x04, 0x07, 0xF1, 0xFF,
    0x78, 0xEE, 0x0F, 0xC1, 0xF8, 0x3F, 0x07, 0xE1, 0xEE, 0x39, 0xFF, 0x1F, 0x80, 0x02, 0x1D, 0xF3,
    0xFF, 0x78, 0xFF, 0x0F, 0xC1, 0xF8, 0x3F, 0x07, 0xF0, 0xFF, 0x3F, 0xBF, 0x77, 0xCE, 0x01, 0xC0,
    0x38, 0x07, 0x00, 0x08, 0x07, 0xDD, 0xFF, 0xF8, 0xFE, 0x0F, 0xC1, 0xF8, 0x3F, 0x07, 0xE1, 0xFE,
    0x7D, 0xFF, 0x9F, 0x70, 0x0E, 0x01, 0xC0, 0x38, 0x07, 0x03, 0xDF, 0xFF, 0x8F, 0x1C, 0x38, 0x70,
    0xE1, 0xC3, 0x87, 0x00, 0x08, 0x1F, 0xCF, 0xFB, 0x87, 0xE0, 0x3F, 0x87, 0xF8, 0x1F, 0x21, 0xF8,
    0xFF, 0xF8, 0xFC, 0x38, 0x70, 0xE7, 0xFF, 0xE7, 0x0E, 0x1C, 0x38, 0x70, 0xE1, 0xC3, 0xE3, 0xC0,
    0xE0, 0xFC, 0x1F, 0x83, 0xF0, 0x7E, 0x0F, 0xC1, 0xF8, 0x3F, 0x8F, 0x7B, 0xEF, 0xDC, 0xF3, 0x80,
    0xF0, 0x77, 0x0E, 0x70, 0xE3, 0x8E, 0x39, 0xC3, 0x9C, 0x1D, 0xC1, 0xD8, 0x0F, 0x80, 0xF8, 0x0F,
    0x00, 0xF1, 0xC3, 0xB8, 0xF1, 0xDC, 0x79, 0xEE, 0x3C, 0xE3, 0xBE, 0x71, 0xDB, 0xB8, 0xEC, 0xD8,
    0x36, 0x7C, 0x1E, 0x3E, 0x0F, 0x1E, 0x03, 0x87, 0x00, 0x70, 0xE3, 0x9C, 0x3D, 0xC1, 0xF8, 0x0F,
    0x00, 0xF0, 0x1F, 0x81, 0xF8, 0x39, 0xC7, 0x9E, 0xF0, 0xF0, 0xF0, 0x77, 0x0F, 0x70, 0xE3, 0x8E,
    0x39, 0xC1, 0x9C, 0x1D, 0xC1, 0xF8, 0x0F, 0x80, 0xF0, 0x0F, 0x00, 0x70, 0x0E, 0x03, 0xE0, 0x7C,
    0x00, 0xFF, 0xFF, 0xF0, 0x38, 0x1C, 0x0E, 0x07, 0x83, 0xC0, 0xE0, 0x70, 0x3F, 0xFF, 0xFC, 0x0F,
    0x1F, 0x1C, 0x1C, 0x1C, 0x1C, 0x1C, 0x38, 0xF8, 0xE0, 0xF8, 0x38, 0x1C, 0x1C, 0x1C, 0x1C, 0x1E,
    0x1F, 0x07, 0xFF, 0xFF, 0xFF, 0xFF, 0xFF, 0xFF, 0xFF, 0xFF, 0xFF, 0xE0, 0xE1, 0xF1, 0xE1, 0xC3,
    0x87, 0x0E, 0x1E, 0x1E, 0x0C, 0x79, 0xC3, 0x87, 0x0E, 0x1C, 0x79, 0xE3, 0x80, 0x78, 0xFF, 0x9B,
    0x3F, 0x63, 0xC0, 0x00, 0x5F, 0xF1, 0xFF, 0xFF, 0xFF, 0xFF, 0x04, 0x01, 0x03, 0xF9, 0xFF, 0xF5,
    0xF9, 0x3E, 0x43, 0x90, 0xE4, 0x39, 0x7F, 0x5D, 0xFF, 0x3F, 0x01, 0x00, 0x40, 0x1F, 0x87, 0xF8,
    0xE3, 0xB8, 0x77, 0x00, 0xE0, 0x3F, 0xC7, 0xF8, 0x30, 0x06, 0x00, 0xC0, 0x18, 0x3F, 0xFF, 0xFF,
    0xFF, 0xF0, 0x43, 0x0B, 0xFF, 0x77, 0xCF, 0x8C, 0x0C, 0x60, 0x19, 0x80, 0x66, 0x01, 0x98, 0x06,
    0x60, 0x19, 0x80, 0xE3, 0x07, 0x3F, 0xFF, 0x6F, 0xD8, 0xF0, 0xF7, 0x0E, 0x39, 0xC3, 0x9C, 0x3B,
    0x81, 0xF8, 0x1F, 0x87, 0xFC, 0x7F, 0xC0, 0xE0, 0x7F, 0xC7, 0xFC, 0x0E, 0x00, 0xE0, 0x0E, 0x00,
    0xFF, 0xFF, 0xF8, 0x00, 0x7F, 0xFF, 0xFC, 0x3F, 0x1F, 0xE7, 0x39, 0x88, 0x70, 0x1F, 0x07, 0xF3,
    0x1E, 0xC1, 0xF8, 0x77, 0x98, 0xFC, 0x0F, 0x80, 0xEE, 0x19, 0xCE, 0x7F, 0x8F, 0x80, 0xC7, 0xDF,
    0x18, 0x0F, 0xE0, 0x7F, 0xF1, 0xE0, 0xF3, 0x9C, 0xEE, 0x7E, 0xF9, 0xDC, 0xF7, 0x1D, 0xEC, 0x03,
    0xCC, 0x67, 0xDD, 0xCF, 0x9F, 0x3B, 0x8C, 0xE3, 0xC7, 0x83, 0xFE, 0x03, 0xF8, 0x00, 0x7E, 0xE6,
    0x07, 0x7F, 0xF7, 0xC7, 0xCF, 0xFF, 0x0E, 0xF1, 0xDE, 0x39, 0xC7, 0x38, 0xE7, 0x07, 0x78, 0x7B,
    0x83, 0xDC, 0x1C, 0xE0, 0xE7, 0xFF, 0xFF, 0xC0, 0x60, 0x30, 0x18, 0x1F, 0x83, 0x0C, 0x60, 0x6C,
    0xF2, 0xC9, 0x3C, 0xF3, 0xCB, 0x3C, 0x92, 0x60, 0xE7, 0x0C, 0x1F, 0x80, 0xFF, 0xF0, 0x3C, 0xFF,
    0x9E, 0x3E, 0x6F, 0xCF, 0x00, 0x0C, 0x03, 0x00, 0xC3, 0xFF, 0xFF, 0xC3, 0x00, 0xC0, 0x30, 0x00,
    0x3F, 0xFF, 0xFC, 0x18, 0x7E, 0xE6, 0x06, 0x0E, 0x1C, 0x70, 0xFF, 0xFF, 0x18, 0x7E, 0xE6, 0x06,
    0x1C, 0x07, 0xC7, 0xFF, 0x3C, 0x7E, 0xC0, 0xE0, 0xEE, 0x0E, 0xE0, 0xEE, 0x0E, 0xE0, 0xEE, 0x0E,
    0xE0, 0xEF, 0x1E, 0xFB, 0xEF, 0xFF, 0xEE, 0x7E, 0x00, 0xE0, 0x0E, 0x00, 0xE0, 0x00, 0x3F, 0xDF,
    0xFF, 0xCF, 0xF3, 0xFC, 0xFF, 0x3F, 0xCD, 0xF3, 0x3C, 0xC0, 0x30, 0x0C, 0x03, 0x00, 0xC0, 0x30,
    0x0C, 0xFF, 0x80, 0x47, 0x1F, 0x3B, 0xFF, 0x73, 0x9C, 0xE7, 0x38, 0x7E, 0x7B, 0xB0, 0xD8, 0x7C,
    0x3E, 0x1B, 0xFC, 0xFC, 0xE7, 0x07, 0x38, 0x39, 0xC1, 0xCE, 0x0E, 0xF1, 0xCE, 0x3D, 0xC7, 0xB8,
    0x77, 0x8E, 0x70, 0xF0, 0x1C, 0xB0, 0x38, 0xB0, 0x30, 0x30, 0x60, 0x30, 0xC0, 0x30, 0xC0, 0x31,
    0x80, 0x33, 0x0E, 0x03, 0x1E, 0x06, 0x1E, 0x0C, 0x36, 0x0C, 0x36, 0x18, 0x7F, 0x30, 0x7F, 0x70,
    0x06, 0xF0, 0x1C, 0x58, 0x1C, 0x2C, 0x0C, 0x06, 0x0C, 0x03, 0x0C, 0x01, 0x86, 0x00, 0xC6, 0x10,
    0x66, 0x3E, 0x03, 0x33, 0x03, 0x01, 0x83, 0x00, 0xC1, 0x80, 0xC1, 0x80, 0xC1, 0x80, 0xFD, 0xC0,
    0x7E, 0x10, 0x00, 0x7E, 0x03, 0x33, 0x03, 0x01, 0x83, 0x03, 0x81, 0x80, 0xE1, 0x80, 0x31, 0x81,
    0xF8, 0xC0, 0x78, 0xC7, 0x80, 0xC3, 0xC0, 0xE3, 0x60, 0x61, 0xB0, 0x61, 0x98, 0x70, 0xFC, 0x30,
    0x7E, 0x30, 0x03, 0x04, 0x03, 0x81, 0xE0, 0x38, 0x00, 0x03, 0x80, 0xE0, 0x70, 0x3C, 0x1E, 0x0F,
    0x03, 0x80, 0xE1, 0xFF, 0xE7, 0xF8, 0xF8, 0x07, 0x00, 0x06, 0x00, 0x0E, 0x00, 0x00, 0x00, 0x00,
    0x00, 0xF8, 0x01, 0xF0, 0x03, 0xF0, 0x0E, 0xE0, 0x1D, 0xC0, 0x39, 0xC0, 0xF3, 0x81, 0xC7, 0x03,
    0x8F, 0x0F, 0xFE, 0x1F, 0xFC, 0x38, 0x3C, 0xF0, 0x39, 0xC0, 0x7F, 0x80, 0xF0, 0x00, 0xE0, 0x03,
    0x80, 0x06, 0x00, 0x00, 0x00, 0x00, 0x00, 0xF8, 0x01, 0xF0, 0x03, 0xF0, 0x0E, 0xE0, 0x1D, 0xC0,
    0x39, 0xC0, 0xF3, 0x81, 0xC7, 0x03, 0x8F, 0x0F, 0xFE, 0x1F, 0xFC, 0x38, 0x3C, 0xF0, 0x39, 0xC0,
    0x7F, 0x80, 0xF0, 0x03, 0x80, 0x0F, 0x80, 0x39, 0xC0, 0x00, 0x00, 0x00, 0x00, 0xF8, 0x01, 0xF0,
    0x03, 0xF0, 0x0E, 0xE0, 0x1D, 0xC0, 0x39, 0xC0, 0xF3, 0x81, 0xC7, 0x03, 0x8F, 0x0F, 0xFE, 0x1F,
    0xFC, 0x38, 0x3C, 0xF0, 0x39, 0xC0, 0x7F, 0x80, 0xF0, 0x06, 0x20, 0x1F, 0xC0, 0x33, 0x00, 0x00,
    0x00, 0x00, 0x00, 0xF8, 0x01, 0xF0, 0x03, 0xF0, 0x0E, 0xE0, 0x1D, 0xC0, 0x39, 0xC0, 0xF3, 0x81,
    0xC7, 0x03, 0x8F, 0x0F, 0xFE, 0x1F, 0xFC, 0x38, 0x3C, 0xF0, 0x39, 0xC0, 0x7F, 0x80, 0xF0, 0x0E,
    0x60, 0x1D, 0xE0, 0x39, 0x80, 0x00, 0x00, 0x00, 0x00, 0xF8, 0x01, 0xF0, 0x03, 0xF0, 0x0E, 0xE0,
    0x1D, 0xC0, 0x39, 0xC0, 0xF3, 0x81, 0xC7, 0x03, 0x8F, 0x0F, 0xFE, 0x1F, 0xFC, 0x38, 0x3C, 0xF0,
    0x39, 0xC0, 0x7F, 0x80, 0xF0, 0x01, 0x80, 0x0F, 0x80, 0x19, 0x80, 0x32, 0x00, 0x3C, 0x00, 0x00,
    0x01, 0xF0, 0x03, 0xE0, 0x07, 0xE0, 0x1D, 0xC0, 0x3B, 0x80, 0x73, 0x81, 0xE7, 0x03, 0x8E, 0x07,
    0x1E, 0x1F, 0xFC, 0x3F, 0xF8, 0x70, 0x79, 0xE0, 0x73, 0x80, 0xFF, 0x01, 0xE0, 0x01, 0xFF, 0xF0,
    0x3F, 0xFF, 0x03, 0xB8, 0x00, 0x7B, 0x80, 0x07, 0x38, 0x00, 0x73, 0x80, 0x0E, 0x3F, 0xF0, 0xE3,
    0xFF, 0x1E, 0x3F, 0xF1, 0xFF, 0x80, 0x3F, 0xF8, 0x03, 0x83, 0x80, 0x38, 0x3F, 0xF7, 0x83, 0xFF,
    0xF0, 0x3F, 0xF0, 0x0F, 0xE0, 0xFF, 0xC7, 0xCF, 0x9C, 0x0E, 0xF0, 0x3F, 0x80, 0x0E, 0x00, 0x38,
    0x00, 0xE0, 0x03, 0x80, 0x1F, 0x03, 0x9E, 0x0E, 0x7F, 0xF0, 0xFF, 0xC0, 0xFC, 0x00, 0xC0, 0x03,
    0x80, 0x02, 0x00, 0x38, 0x00, 0x38, 0x03, 0x80, 0x30, 0x01, 0x00, 0x01, 0xFF, 0xFF, 0xFF, 0x00,
    0xE0, 0x1C, 0x03, 0x80, 0x7F, 0xEF, 0xFD, 0xFF, 0xB8, 0x07, 0x00, 0xE0, 0x1F, 0xFF, 0xFF, 0xFF,
    0xF0, 0x03, 0x80, 0xE0, 0x18, 0x04, 0x00, 0x01, 0xFF, 0xFF, 0xFF, 0x00, 0xE0, 0x1C, 0x03, 0x80,
    0x7F, 0xEF, 0xFD, 0xFF, 0xB8, 0x07, 0x00, 0xE0, 0x1F, 0xFF, 0xFF, 0xFF, 0xF0, 0x0E, 0x03, 0x60,
    0xEE, 0x20, 0x20, 0x01, 0xFF, 0xFF, 0xFF, 0x00, 0xE0, 0x1C, 0x03, 0x80, 0x7F, 0xEF, 0xFD, 0xFF,
    0xB8, 0x07, 0x00, 0xE0, 0x1F, 0xFF, 0xFF, 0xFF, 0xF0, 0x31, 0x87, 0x70, 0xC6, 0x00, 0x00, 0x01,
    0xFF, 0xFF, 0xFF, 0x00, 0xE0, 0x1C, 0x03, 0x80, 0x7F, 0xEF, 0xFD, 0xFF, 0xB8, 0x07, 0x00, 0xE0,
    0x1F, 0xFF, 0xFF, 0xFF, 0xF0, 0xE6, 0x70, 0x07, 0x77, 0x77, 0x77, 0x77, 0x77, 0x77, 0x77, 0x39,
    0x98, 0x00, 0x73, 0x9C, 0xE7, 0x39, 0xCE, 0x73, 0x9C, 0xE7, 0x39, 0xC0, 0x3C, 0x7E, 0xE7, 0x00,
    0x00, 0x38, 0x38, 0x38, 0x38, 0x38, 0x38, 0x38, 0x38, 0x38, 0x38, 0x38, 0x38, 0x38, 0x38, 0x38,
    0x66, 0xE7, 0xE6, 0x00, 0x00, 0x38, 0x38, 0x38, 0x38, 0x38, 0x38, 0x38, 0x38, 0x38, 0x38, 0x38,
    0x38, 0x38, 0x38, 0x38, 0x3F, 0xE0, 0x7F, 0xF0, 0xFF, 0xE1, 0xC1, 0xE3, 0x81, 0xC7, 0x01, 0xFF,
    0xC3, 0xFF, 0x87, 0x38, 0x0E, 0x70, 0x1C, 0xE0, 0x71, 0xC1, 0xE3, 0xFF, 0x87, 0xFE, 0x0F, 0xF8,
    0x00, 0x0E, 0x40, 0x3F, 0x01, 0x9C, 0x00, 0x00, 0x00, 0x03, 0xC0, 0xFF, 0x83, 0xFE, 0x0F, 0xFC,
    0x3F, 0xB8, 0xFE, 0xE3, 0xF9, 0xCF, 0xF7, 0xBF, 0xCE, 0xFF, 0x1F, 0xFC, 0x7F, 0xF0, 0xFF, 0xC3,
    0xFF, 0x07, 0xFC, 0x0F, 0x0E, 0x00, 0x18, 0x00, 0x30, 0x00, 0x00, 0x00, 0x00, 0x3F, 0x83, 0xFF,
    0x1F, 0x3E, 0x70, 0x3B, 0xC0, 0xFE, 0x01, 0xF8, 0x07, 0xE0, 0x1F, 0x80, 0x7E, 0x01, 0xFC, 0x0F,
    0x78, 0x39, 0xFF, 0xE3, 0xFF, 0x03, 0xF0, 0x01, 0xC0, 0x06, 0x00, 0x38, 0x00, 0x00, 0x00, 0x00,
    0x3F, 0x83, 0xFF, 0x1F, 0x3E, 0x70, 0x3B, 0xC0, 0xFE, 0x01, 0xF8, 0x07, 0xE0, 0x1F, 0x80, 0x7E,
    0x01, 0xFC, 0x0F, 0x78, 0x39, 0xFF, 0xE3, 0xFF, 0x03, 0xF0, 0x07, 0x80, 0x3F, 0x01, 0xCE, 0x00,
    0x00, 0x00, 0x00, 0x3F, 0x83, 0xFF, 0x1F, 0x3E, 0x70, 0x3B, 0xC0, 0xFE, 0x01, 0xF8, 0x07, 0xE0,
    0x1F, 0x80, 0x7E, 0x01, 0xFC, 0x0F, 0x78, 0x39, 0xFF, 0xE3, 0xFF, 0x03, 0xF0, 0x06, 0x60, 0x3F,
    0x01, 0x9C, 0x00, 0x00, 0x00, 0x00, 0x3F, 0x83, 0xFF, 0x1F, 0x3E, 0x70, 0x3B, 0xC0, 0xFE, 0x01,
    0xF8, 0x07, 0xE0, 0x1F, 0x80, 0x7E, 0x01, 0xFC, 0x0F, 0x78, 0x39, 0xFF, 0xE3, 0xFF, 0x03, 0xF0,
    0x0C, 0xC0, 0x73, 0x80, 0xCC, 0x00, 0x00, 0x00, 0x00, 0x3F, 0x83, 0xFF, 0x1F, 0x3E, 0x70, 0x3B,
    0xC0, 0xFE, 0x01, 0xF8, 0x07, 0xE0, 0x1F, 0x80, 0x7E, 0x01, 0xFC, 0x0F, 0x78, 0x39, 0xFF, 0xE3,
    0xFF, 0x03, 0xF0, 0x60, 0xBC, 0x77, 0xB8, 0xFC, 0x1E, 0x07, 0xC3, 0xF9, 0xCF, 0xE1, 0xD0, 0x20,
    0x00, 0x10, 0x3F, 0xE3, 0xFF, 0x1F, 0x3E, 0x70, 0x7B, 0xC3, 0xFE, 0x19, 0xF8, 0x67, 0xE3, 0x1F,
    0x98, 0x7E, 0xE1, 0xFF, 0x0F, 0x78, 0x39, 0xFF, 0xE3, 0xFF, 0x1B, 0xF0, 0x20, 0x00, 0x1E, 0x00,
    0x70, 0x01, 0xC0, 0x00, 0x00, 0x00, 0x70, 0x1F, 0x80, 0xFC, 0x07, 0xE0, 0x3F, 0x01, 0xF8, 0x0F,
    0xC0, 0x7E, 0x03, 0xF0, 0x1F, 0x80, 0xFE, 0x07, 0x70, 0x7B, 0xFF, 0x8F, 0xF8, 0x3F, 0x80, 0x01,
    0xC0, 0x1C, 0x00, 0xC0, 0x00, 0x00, 0x00, 0x70, 0x1F, 0x80, 0xFC, 0x07, 0xE0, 0x3F, 0x01, 0xF8,
    0x0F, 0xC0, 0x7E, 0x03, 0xF0, 0x1F, 0x80, 0xFE, 0x07, 0x70, 0x7B, 0xFF, 0x8F, 0xF8, 0x3F, 0x80,
    0x07, 0x00, 0x7C, 0x07, 0x38, 0x00, 0x00, 0x00, 0x70, 0x1F, 0x80, 0xFC, 0x07, 0xE0, 0x3F, 0x01,
    0xF8, 0x0F, 0xC0, 0x7E, 0x03, 0xF0, 0x1F, 0x80, 0xFE, 0x07, 0x70, 0x7B, 0xFF, 0x8F, 0xF8, 0x3F,
    0x80, 0x18, 0xC0, 0xEE, 0x07, 0x30, 0x00, 0x00, 0x00, 0x70, 0x1F, 0x80, 0xFC, 0x07, 0xE0, 0x3F,
    0x01, 0xF8, 0x0F, 0xC0, 0x7E, 0x03, 0xF0, 0x1F, 0x80, 0xFE, 0x07, 0x70, 0x7B, 0xFF, 0x8F, 0xF8,
    0x3F, 0x80, 0x00, 0xE0, 0x03, 0x80, 0x06, 0x00, 0x00, 0x08, 0x00, 0x0E, 0x03, 0xDE, 0x0F, 0x1E,
    0x1C, 0x1C, 0x78, 0x3C, 0xE0, 0x3B, 0x80, 0x7F, 0x00, 0x7C, 0x00, 0x78, 0x00, 0xE0, 0x01, 0xC0,
    0x03, 0x80, 0x07, 0x00, 0x0E, 0x00, 0x1C, 0x00, 0xE0, 0x1C, 0x03, 0x80, 0x7F, 0xCF, 0xFD, 0xC3,
    0xF8, 0x3F, 0x07, 0xE0, 0xFF, 0xFF, 0xFF, 0x7F, 0x8E, 0x01, 0xC0, 0x38, 0x00, 0x3F, 0x87, 0xFC,
    0x71, 0xEF, 0x0E, 0xE0, 0xEE, 0x1C, 0xE7, 0xCE, 0x7C, 0xE7, 0xEE, 0x07, 0xE0, 0x7E, 0x07, 0xE7,
    0xFE, 0x7E, 0xE7, 0xC0, 0x38, 0x06, 0x01, 0xC0, 0x00, 0x08, 0x1F, 0xC7, 0xFB, 0x87, 0x01, 0xC7,
    0xF7, 0xFF, 0x87, 0xE1, 0xF8, 0xFF, 0xFD, 0xF7, 0x07, 0x01, 0x80, 0xC0, 0x00, 0x08, 0x1F, 0xC7,
    0xFB, 0x87, 0x01, 0xC7, 0xF7, 0xFF, 0x87, 0xE1, 0xF8, 0xFF, 0xFD, 0xF7, 0x1E, 0x0F, 0xC7, 0x38,
    0x00, 0x08, 0x1F, 0xC7, 0xFB, 0x87, 0x01, 0xC7, 0xF7, 0xFF, 0x87, 0xE1, 0xF8, 0xFF, 0xFD, 0xF7,
    0x19, 0x8F, 0xC6, 0x70, 0x00, 0x08, 0x1F, 0xC7, 0xFB, 0x87, 0x01, 0xC7, 0xF7, 0xFF, 0x87, 0xE1,
    0xF8, 0xFF, 0xFD, 0xF7, 0x33, 0x1C, 0xE3, 0x30, 0x00, 0x08, 0x1F, 0xC7, 0xFB, 0x87, 0x01, 0xC7,
    0xF7, 0xFF, 0x87, 0xE1, 0xF8, 0xFF, 0xFD, 0xF7, 0x1E, 0x0C, 0xC3, 0x30, 0x78, 0x0C, 0x02, 0x07,
    0xF1, 0xFE, 0xE1, 0xC0, 0x71, 0xFD, 0xFF, 0xE1, 0xF8, 0x7E, 0x3F, 0xFF, 0x7D, 0xC0, 0x08, 0x10,
    0x3F, 0xBF, 0x1F, 0xFF, 0xDC, 0x38, 0x70, 0x1C, 0x39, 0xFF, 0xFD, 0xFF, 0xFF, 0xC3, 0x00, 0xE1,
    0xC0, 0x71, 0xF1, 0xFF, 0xFF, 0xCF, 0xCF, 0xC0, 0x04, 0x0F, 0xE7, 0xFF, 0xC7, 0xE0, 0xB8, 0x0E,
    0x03, 0x80, 0xE1, 0xDC, 0x77, 0xF8, 0xFC, 0x04, 0x03, 0xC0, 0x30, 0x3C, 0x38, 0x03, 0x80, 0x30,
    0x00, 0x00, 0x40, 0x7F, 0x1F, 0xF7, 0x8E, 0xE0, 0xDF, 0xFF, 0xFF, 0xF0, 0x0E, 0x00, 0xE3, 0x9F,
    0xF1, 0xFC, 0x07, 0x00, 0xC0, 0x38, 0x00, 0x00, 0x40, 0x7F, 0x1F, 0xF7, 0x8E, 0xE0, 0xDF, 0xFF,
    0xFF, 0xF0, 0x0E, 0x00, 0xE3, 0x9F, 0xF1, 0xFC, 0x0E, 0x03, 0xE1, 0xCE, 0x00, 0x00, 0x40, 0x7F,
    0x1F, 0xF7, 0x8E, 0xE0, 0xDF, 0xFF, 0xFF, 0xF0, 0x0E, 0x00, 0xE3, 0x9F, 0xF1, 0xFC, 0x33, 0x8F,
    0x70, 0xCE, 0x00, 0x00, 0x40, 0x7F, 0x1F, 0xF7, 0x8E, 0xE0, 0xDF, 0xFF, 0xFF, 0xF0, 0x0E, 0x00,
    0xE3, 0x9F, 0xF1, 0xFC, 0xE6, 0x70, 0x07, 0x77, 0x77, 0x77, 0x77, 0x77, 0x3B, 0x98, 0x00, 0x73,
    0x9C, 0xE7, 0x39, 0xCE, 0x73, 0x9C, 0x38, 0x7C, 0xE7, 0x00, 0x00, 0x38, 0x38, 0x38, 0x38, 0x38,
    0x38, 0x38, 0x38, 0x38, 0x38, 0x38, 0x66, 0xE7, 0xE6, 0x00, 0x00, 0x38, 0x38, 0x38, 0x38, 0x38,
    0x38, 0x38, 0x38, 0x38, 0x38, 0x38, 0x20, 0x87, 0xF0, 0x78, 0x1F, 0x82, 0x38, 0x13, 0x0F, 0xF3,
    0xDE, 0xE1, 0xFC, 0x1F, 0x83, 0xF0, 0x7E, 0x1D, 0xE3, 0x9F, 0xE1, 0xF8, 0x19, 0x87, 0xF0, 0xDC,
    0x00, 0x00, 0x21, 0xDF, 0x3F, 0xF7, 0x8F, 0xE0, 0xFC, 0x1F, 0x83, 0xF0, 0x7E, 0x0F, 0xC1, 0xF8,
    0x3F, 0x07, 0x38, 0x03, 0x80, 0x30, 0x00, 0x00, 0x40, 0x7F, 0x1F, 0xF7, 0x8E, 0xE0, 0xFC, 0x1F,
    0x83, 0xF0, 0x7E, 0x1E, 0xE3, 0x9F, 0xF1, 0xF8, 0x07, 0x80, 0xE0, 0x38, 0x00, 0x00, 0x40, 0x7F,
    0x1F, 0xF7, 0x8E, 0xE0, 0xFC, 0x1F, 0x83, 0xF0, 0x7E, 0x1E, 0xE3, 0x9F, 0xF1, 0xF8, 0x0E, 0x03,
    0xE1, 0xCE, 0x00, 0x20, 0x40, 0x7F, 0x1F, 0xF7, 0x8E, 0xE0, 0xFC, 0x1F, 0x83, 0xF0, 0x7E, 0x1E,
    0xE3, 0x9F, 0xF1, 0xF8, 0x19, 0x87, 0xF0, 0xDC, 0x00, 0x00, 0x40, 0x7F, 0x1F, 0xF7, 0x8E, 0xE0,
    0xFC, 0x1F, 0x83, 0xF0, 0x7E, 0x1E, 0xE3, 0x9F, 0xF1, 0xF8, 0x31, 0x87, 0x70, 0xCE, 0x00, 0x00,
    0x40, 0x7F, 0x1F, 0xF7, 0x8E, 0xE0, 0xFC, 0x1F, 0x83, 0xF0, 0x7E, 0x1E, 0xE3, 0x9F, 0xF1, 0xF8,
    0x0C, 0x07, 0x81, 0xE0, 0x30, 0x00, 0x3F, 0xFF, 0xFC, 0x00, 0x0C, 0x07, 0x81, 0xE0, 0x30, 0x04,
    0x47, 0xFD, 0xFF, 0x78, 0xEE, 0x3F, 0xCD, 0xFB, 0x3F, 0xC7, 0xF1, 0xEE, 0x39, 0xFF, 0x7F, 0x80,
    0x38, 0x03, 0x80, 0x30, 0x01, 0x00, 0x01, 0xC1, 0xF8, 0x3F, 0x07, 0xE0, 0xFC, 0x1F, 0x83, 0xF0,
    0x7F, 0x1E, 0xF7, 0xDF, 0xB9, 0xE7, 0x03, 0x80, 0xE0, 0x18, 0x04, 0x00, 0x01, 0xC1, 0xF8, 0x3F,
    0x07, 0xE0, 0xFC, 0x1F, 0x83, 0xF0, 0x7F, 0x1E, 0xF7, 0xDF, 0xB9, 0xE7, 0x0E, 0x03, 0x60, 0xEE,
    0x20, 0x20, 0x01, 0xC1, 0xF8, 0x3F, 0x07, 0xE0, 0xFC, 0x1F, 0x83, 0xF0, 0x7F, 0x1E, 0xF7, 0xDF,
    0xB9, 0xE7, 0x31, 0x87, 0x70, 0xC6, 0x00, 0x00, 0x01, 0xC1, 0xF8, 0x3F, 0x07, 0xE0, 0xFC, 0x1F,
    0x83, 0xF0, 0x7F, 0x1E, 0xF7, 0xDF, 0xB9, 0xE7, 0x03, 0x80, 0x30, 0x07, 0x00, 0x00, 0x80, 0x07,
    0x07, 0x70, 0xF7, 0x0E, 0x38, 0xE3, 0x9C, 0x19, 0xC1, 0xDC, 0x1F, 0x80, 0xF8, 0x0F, 0x00, 0xF0,
    0x07, 0x00, 0xE0, 0x3E, 0x07, 0xC0, 0xE0, 0x1C, 0x03, 0x80, 0x71, 0x0E, 0xF9, 0xFF, 0xBC, 0x7F,
    0x87, 0xE0, 0xFC, 0x1F, 0x83, 0xF8, 0x7F, 0x9F, 0xDF, 0xBB, 0xE7, 0x00, 0xE0, 0x1C, 0x03, 0x80,
    0x00, 0x18, 0xC1, 0xDC, 0x19, 0xC0, 0x00, 0x80, 0x07, 0x07, 0x70, 0xF7, 0x0E, 0x38, 0xE3, 0x9C,
    0x19, 0xC1, 0xDC, 0x1F, 0x80, 0xF8, 0x0F, 0x00, 0xF0, 0x07, 0x00, 0xE0, 0x3E, 0x07, 0xC0, 0x07,
    0xE0, 0x0F, 0xC0, 0x00, 0x00, 0x00, 0x00, 0x7C, 0x00, 0xF8, 0x01, 0xF8, 0x07, 0x70, 0x0E, 0xE0,
    0x1C, 0xE0, 0x79, 0xC0, 0xE3, 0x81, 0xC7, 0x87, 0xFF, 0x0F, 0xFE, 0x1C, 0x1E, 0x78, 0x1C, 0xE0,
    0x3F, 0xC0, 0x78, 0x3F, 0x0F, 0xC0, 0x00, 0x20, 0x7F, 0x1F, 0xEE, 0x1C, 0x07, 0x1F, 0xDF, 0xFE,
    0x1F, 0x87, 0xE3, 0xFF, 0xF7, 0xDC, 0x0C, 0x60, 0x0D, 0xC0, 0x1F, 0x00, 0x00, 0x00, 0x00, 0x00,
    0xF8, 0x01, 0xF0, 0x03, 0xF0, 0x0E, 0xE0, 0x1D, 0xC0, 0x39, 0xC0, 0xF3, 0x81, 0xC7, 0x03, 0x8F,
    0x0F, 0xFE, 0x1F, 0xFC, 0x38, 0x3C, 0xF0, 0x39, 0xC0, 0x7F, 0x80, 0xF0, 0x61, 0x8C, 0xC1, 0xE0,
    0x00, 0x08, 0x1F, 0xC7, 0xFB, 0x87, 0x01, 0xC7, 0xF7, 0xFF, 0x87, 0xE1, 0xF8, 0xFF, 0xFD, 0xF7,
    0x07, 0xC0, 0x07, 0xC0, 0x07, 0xE0, 0x0E, 0xE0, 0x0E, 0xE0, 0x0E, 0x70, 0x1E, 0x70, 0x1C, 0x70,
    0x1C, 0x78, 0x3F, 0xF8, 0x3F, 0xF8, 0x38, 0x3C, 0x78, 0x1C, 0x70, 0x1E, 0x70, 0x1E, 0x80, 0x1C,
    0x00, 0x18, 0x00, 0x1E, 0x00, 0x1F, 0x08, 0x1F, 0xC7, 0xFB, 0x87, 0x01, 0xC7, 0xF7, 0xFF, 0x87,
    0xE1, 0xF8, 0xFF, 0xFD, 0xF7, 0x03, 0x80, 0xC0, 0x7C, 0x0F, 0x01, 0xC0, 0x06, 0x00, 0x30, 0x00,
    0x00, 0x00, 0x00, 0x3F, 0x83, 0xFF, 0x1F, 0x3E, 0x70, 0x3B, 0xC0, 0xFE, 0x00, 0x38, 0x00, 0xE0,
    0x03, 0x80, 0x0E, 0x00, 0x7C, 0x0E, 0x78, 0x39, 0xFF, 0xC3, 0xFF, 0x03, 0xF0, 0x07, 0x81, 0xC0,
    0xE0, 0x00, 0x04, 0x0F, 0xE7, 0xFF, 0xC7, 0xE0, 0xB8, 0x0E, 0x03, 0x80, 0xE1, 0xDC, 0x77, 0xF8,
    0xFC, 0x07, 0x80, 0x3F, 0x01, 0xCE, 0x00, 0x00, 0x00, 0x00, 0x3F, 0x83, 0xFF, 0x1F, 0x3E, 0x70,
    0x3B, 0xC0, 0xFE, 0x00, 0x38, 0x00, 0xE0, 0x03, 0x80, 0x0E, 0x00, 0x7C, 0x0E, 0x78, 0x39, 0xFF,
    0xC3, 0xFF, 0x03, 0xF0, 0x0E, 0x07, 0xC7, 0x38, 0x01, 0x04, 0x0F, 0xE7, 0xFF, 0xC7, 0xE0, 0xB8,
    0x0E, 0x03, 0x80, 0xE1, 0xDC, 0x77, 0xF8, 0xFC, 0x03, 0x00, 0x1E, 0x00, 0x30, 0x00, 0x00, 0x00,
    0x00, 0x3F, 0x83, 0xFF, 0x1F, 0x3E, 0x70, 0x3B, 0xC0, 0xFE, 0x00, 0x38, 0x00, 0xE0, 0x03, 0x80,
    0x0E, 0x00, 0x7C, 0x0E, 0x78, 0x39, 0xFF, 0xC3, 0xFF, 0x03, 0xF0, 0x0E, 0x03, 0x80, 0xE0, 0x00,
    0x04, 0x0F, 0xE7, 0xFF, 0xC7, 0xE0, 0xB8, 0x0E, 0x03, 0x80, 0xE1, 0xDC, 0x77, 0xF8, 0xFC, 0x1C,
    0xE0, 0x3F, 0x00, 0x78, 0x00, 0x00, 0x00, 0x00, 0x3F, 0x83, 0xFF, 0x1F, 0x3E, 0x70, 0x3B, 0xC0,
    0xFE, 0x00, 0x38, 0x00, 0xE0, 0x03, 0x80, 0x0E, 0x00, 0x7C, 0x0E, 0x78, 0x39, 0xFF, 0xC3, 0xFF,
    0x03, 0xF0, 0x73, 0xC6, 0xC0, 0xE0, 0x00, 0x04, 0x0F, 0xE7, 0xFF, 0xC7, 0xE0, 0xB8, 0x0E, 0x03,
    0x80, 0xE1, 0xDC, 0x77, 0xF8, 0xFC, 0x73, 0x81, 0xF8, 0x07, 0x80, 0x00, 0x00, 0x00, 0x7F, 0xC3,
    0xFF, 0x9F, 0xFE, 0xE0, 0x77, 0x03, 0xF8, 0x0F, 0xC0, 0x7E, 0x03, 0xF0, 0x1F, 0x80, 0xFC, 0x0F,
    0xE0, 0xF7, 0xFF, 0xBF, 0xF9, 0xFF, 0x00, 0x00, 0x0C, 0x03, 0xB0, 0x0E, 0xC0, 0x3B, 0x08, 0xE0,
    0xFB, 0x87, 0xFE, 0x3C, 0x78, 0xE0, 0xE3, 0x83, 0x8E, 0x0E, 0x38, 0x38, 0xE1, 0xE3, 0xCF, 0x87,
    0xFE, 0x0F, 0xB8, 0x3F, 0xE0, 0x7F, 0xF0, 0xFF, 0xE1, 0xC1, 0xE3, 0x81, 0xC7, 0x01, 0xFF, 0xC3,
    0xFF, 0x87, 0x38, 0x0E, 0x70, 0x1C, 0xE0, 0x71, 0xC1, 0xE3, 0xFF, 0x87, 0xFE, 0x0F, 0xF8, 0x00,
    0x00, 0xE0, 0x7F, 0x00, 0xE0, 0x8E, 0x3E, 0xE7, 0xFE, 0xF1, 0xEE, 0x0E, 0xE0, 0xEE, 0x0E, 0xE0,
    0xEE, 0x1E, 0xF3, 0xE7, 0xFE, 0x3E, 0xE0, 0x1F, 0x03, 0xE0, 0x00, 0x00, 0x0F, 0xFF, 0xFF, 0xF8,
    0x07, 0x00, 0xE0, 0x1C, 0x03, 0xFF, 0x7F, 0xEF, 0xFD, 0xC0, 0x38, 0x07, 0x00, 0xFF, 0xFF, 0xFF,
    0xFF, 0x80, 0x3F, 0x07, 0xE0, 0x00, 0x02, 0x03, 0xF8, 0xFF, 0xBC, 0x77, 0x06, 0xFF, 0xFF, 0xFF,
    0x80, 0x70, 0x07, 0x1C, 0xFF, 0x8F, 0xE0, 0x31, 0x87, 0x70, 0x7C, 0x00, 0x00, 0x01, 0xFF, 0xFF,
    0xFF, 0x00, 0xE0, 0x1C, 0x03, 0x80, 0x7F, 0xEF, 0xFD, 0xFF, 0xB8, 0x07, 0x00, 0xE0, 0x1F, 0xFF,
    0xFF, 0xFF, 0xF0, 0x31, 0x87, 0x60, 0x78, 0x00, 0x00, 0x40, 0x7F, 0x1F, 0xF7, 0x8E, 0xE0, 0xDF,
    0xFF, 0xFF, 0xF0, 0x0E, 0x00, 0xE3, 0x9F, 0xF1, 0xFC, 0x0E, 0x01, 0xC0, 0x38, 0x00, 0x00, 0x01,
    0xFF, 0xFF, 0xFF, 0x00, 0xE0, 0x1C, 0x03, 0x80, 0x7F, 0xEF, 0xFD, 0xFF, 0xB8, 0x07, 0x00, 0xE0,
    0x1F, 0xFF, 0xFF, 0xFF, 0xF0, 0x0C, 0x01, 0xC0, 0x38, 0x00, 0x00, 0x40, 0x7F, 0x1F, 0xF7, 0x8E,
    0xE0, 0xDF, 0xFF, 0xFF, 0xF0, 0x0E, 0x00, 0xE3, 0x9F, 0xF1, 0xFC, 0xFF, 0xFF, 0xFF, 0x80, 0x70,
    0x0E, 0x01, 0xC0, 0x3F, 0xF7, 0xFE, 0xFF, 0xDC, 0x03, 0x80, 0x70, 0x0F, 0xFF, 0xFF, 0xFF, 0xF8,
    0x0E, 0x03, 0x80, 0x74, 0x07, 0x80, 0x04, 0x07, 0xF1, 0xFF, 0x78, 0xEE, 0x0D, 0xFF, 0xFF, 0xFF,
    0x00, 0xE0, 0x0E, 0x39, 0xFF, 0x1F, 0xC0, 0x38, 0x06, 0x00, 0xF0, 0x1E, 0x71, 0xC3, 0x60, 0x38,
    0x00, 0x00, 0x01, 0xFF, 0xFF, 0xFF, 0x00, 0xE0, 0x1C, 0x03, 0x80, 0x7F, 0xEF, 0xFD, 0xFF, 0xB8,
    0x07, 0x00, 0xE0, 0x1F, 0xFF, 0xFF, 0xFF, 0xF0, 0x73, 0x87, 0xE0, 0x78, 0x00, 0x00, 0x40, 0x7F,
    0x1F, 0xF7, 0x8E, 0xE0, 0xDF, 0xFF, 0xFF, 0xF0, 0x0E, 0x00, 0xE3, 0x9F, 0xF1, 0xFC, 0x07, 0x80,
    0x3F, 0x01, 0xCE, 0x00, 0x00, 0x00, 0x00, 0x3F, 0x83, 0xFF, 0x1F, 0x3E, 0x70, 0x3B, 0xC0, 0xEE,
    0x00, 0x38, 0x00, 0xE1, 0xFF, 0x87, 0xFE, 0x01, 0xFC, 0x0E, 0x78, 0x39, 0xFF, 0xE3, 0xFF, 0x03,
    0xF0, 0x0E, 0x03, 0x61, 0xCE, 0x00, 0x20, 0x80, 0x7D, 0xDF, 0xFF, 0x8F, 0xE0, 0xFC, 0x1F, 0x83,
    0xF0, 0x7E, 0x1E, 0xF7, 0xDF, 0xB8, 0xE7, 0x00, 0xFC, 0x3D, 0xFF, 0x1F, 0xC0, 0x40, 0x18, 0x40,
    0x37, 0x00, 0x78, 0x00, 0x00, 0x00, 0x00, 0x3F, 0x83, 0xFF, 0x1F, 0x3E, 0x70, 0x3B, 0xC0, 0xEE,
    0x00, 0x38, 0x00, 0xE1, 0xFF, 0x87, 0xFE, 0x01, 0xFC, 0x0E, 0x78, 0x39, 0xFF, 0xE3, 0xFF, 0x03,
    0xF0, 0x31, 0x87, 0x70, 0x7C, 0x00, 0x00, 0x80, 0x7D, 0xDF, 0xFF, 0x8F, 0xE0, 0xFC, 0x1F, 0x83,
    0xF0, 0x7E, 0x1E, 0xF7, 0xDF, 0xB8, 0xE7, 0x00, 0xFC, 0x3D, 0xFF, 0x1F, 0xC0, 0x40, 0x03, 0x00,
    0x1E, 0x00, 0x30, 0x00, 0x00, 0x00, 0x00, 0x3F, 0x83, 0xFF, 0x1F, 0x3E, 0x70, 0x3B, 0xC0, 0xEE,
    0x00, 0x38, 0x00, 0xE1, 0xFF, 0x87, 0xFE, 0x01, 0xFC, 0x0E, 0x78, 0x39, 0xFF, 0xE3, 0xFF, 0x03,
    0xF0, 0x0E, 0x01, 0xC0, 0x38, 0x00, 0x00, 0x80, 0x7D, 0xDF, 0xFF, 0x8F, 0xE0, 0xFC, 0x1F, 0x83,
    0xF0, 0x7E, 0x1E, 0xF7, 0xDF, 0xB8, 0xE7, 0x00, 0xFC, 0x3D, 0xFF, 0x1F, 0xC0, 0x40, 0x0F, 0xE0,
    0xFF, 0xC7, 0xCF, 0x9C, 0x0E, 0xF0, 0x3B, 0x80, 0x0E, 0x00, 0x38, 0x7F, 0xE1, 0xFF, 0x80, 0x7F,
    0x03, 0x9E, 0x0E, 0x7F, 0xF8, 0xFF, 0xC0, 0xFC, 0x00, 0x00, 0x07, 0x00, 0x1C, 0x00, 0x60, 0x01,
    0x80, 0x06, 0x00, 0xC0, 0x38, 0x06, 0x00, 0x00, 0x10, 0x0F, 0xBB, 0xFF, 0xF1, 0xFC, 0x1F, 0x83,
    0xF0, 0x7E, 0x0F, 0xC3, 0xDE, 0xFB, 0xF7, 0x1C, 0xE0, 0x1F, 0x87, 0xBF, 0xE3, 0xF8, 0x08, 0x00,
    0x07, 0x00, 0x7C, 0x07, 0x38, 0x00, 0x00, 0x00, 0x70, 0x1F, 0x80, 0xFC, 0x07, 0xE0, 0x3F, 0x01,
    0xF8, 0x0F, 0xFF, 0xFF, 0xFF, 0xFF, 0xFF, 0x80, 0xFC, 0x07, 0xE0, 0x3F, 0x01, 0xF8, 0x0F, 0xC0,
    0x70, 0x38, 0x03, 0xE0, 0x39, 0xC0, 0x00, 0x00, 0x00, 0x1C, 0x00, 0xE0, 0x07, 0x00, 0x38, 0x81,
    0xDF, 0x0F, 0xFC, 0x78, 0xF3, 0x83, 0x9C, 0x1C, 0xE0, 0xE7, 0x07, 0x38, 0x39, 0xC1, 0xCE, 0x0E,
    0x70, 0x70, 0x70, 0x1C, 0xE0, 0x39, 0xC0, 0x77, 0xFF, 0xF7, 0x01, 0xCE, 0x03, 0x9F, 0xFF, 0x3F,
    0xFE, 0x7F, 0xFC, 0xE0, 0x39, 0xC0, 0x73, 0x80, 0xE7, 0x01, 0xCE, 0x03, 0x9C, 0x07, 0x00, 0x70,
    0x0F, 0xE0, 0x70, 0x07, 0x10, 0x77, 0xC7, 0xFE, 0x78, 0xF7, 0x07, 0x70, 0x77, 0x07, 0x70, 0x77,
    0x07, 0x70, 0x77, 0x07, 0x70, 0x70, 0x72, 0xFF, 0x38, 0x00, 0x07, 0x0E, 0x1C, 0x38, 0x70, 0xE1,
    0xC3, 0x87, 0x0E, 0x1C, 0x38, 0x70, 0xE1, 0xC0, 0x72, 0xFF, 0x38, 0x00, 0x07, 0x0E, 0x1C, 0x38,
    0x70, 0xE1, 0xC3, 0x87, 0x0E, 0x1C, 0xFF, 0xF0, 0x00, 0x71, 0xC7, 0x1C, 0x71, 0xC7, 0x1C, 0x71,
    0xC7, 0x1C, 0x71, 0xC7, 0x00, 0xFF, 0xF0, 0x00, 0x71, 0xC7, 0x1C, 0x71, 0xC7, 0x1C, 0x71, 0xC7,
    0x00, 0xC2, 0xDC, 0xF0, 0x00, 0x07, 0x0E, 0x1C, 0x38, 0x70, 0xE1, 0xC3, 0x87, 0x0E, 0x1C, 0x38,
    0x70, 0xE1, 0xC0, 0xC6, 0xDC, 0xF0, 0x00, 0x07, 0x0E, 0x1C, 0x38, 0x70, 0xE1, 0xC3, 0x87, 0x0E,
    0x1C, 0x73, 0x9C, 0xE7, 0x39, 0xCE, 0x73, 0x9C, 0xE7, 0x39, 0xCE, 0xE7, 0x5E, 0x33, 0xDC, 0x00,
    0x39, 0xCE, 0x73, 0x9C, 0xE7, 0x39, 0xCE, 0x67, 0x3D, 0xF0, 0x6F, 0x60, 0x0E, 0xEE, 0xEE, 0xEE,
    0xEE, 0xEE, 0xEE, 0xEE, 0xFF, 0xFF, 0xFF, 0xFF, 0x80, 0xE0, 0x07, 0xE0, 0x07, 0xE0, 0x07, 0xE0,
    0x07, 0xE0, 0x07, 0xE0, 0x07, 0xE0, 0x07, 0xE0, 0x07, 0xE0, 0x07, 0xE0, 0x07, 0xE3, 0x87, 0xE3,
    0x8F, 0xE3, 0xCE, 0xE3, 0xFE, 0xE0, 0xFC, 0x63, 0xF9, 0xF8, 0xE0, 0x00, 0x07, 0x1F, 0x8F, 0xC7,
    0xE3, 0xF1, 0xF8, 0xFC, 0x7E, 0x3F, 0x1F, 0x8F, 0xC7, 0x03, 0x81, 0xC3, 0xE1, 0xE0, 0x01, 0xC0,
    0x3E, 0x0E, 0x70, 0x00, 0x00, 0x00, 0x1C, 0x01, 0xC0, 0x1C, 0x01, 0xC0, 0x1C, 0x01, 0xC0, 0x1C,
    0x01, 0xC0, 0x1C, 0x01, 0xCE, 0x1C, 0xE1, 0xCF, 0x38, 0x7F, 0x83, 0xF0, 0x38, 0x7C, 0xE7, 0x00,
    0x00, 0x38, 0x38, 0x38, 0x38, 0x38, 0x38, 0x38, 0x38, 0x38, 0x38, 0x38, 0x38, 0x38, 0xF8, 0xF0,
    0xE0, 0x7F, 0x07, 0xB8, 0x79, 0xC7, 0x8E, 0x38, 0x73, 0x83, 0xBC, 0x1F, 0xE0, 0xFB, 0x87, 0xDE,
    0x3C, 0x71, 0xC3, 0xCE, 0x0F, 0x70, 0x3B, 0x81, 0xE0, 0x00, 0x07, 0x00, 0x30, 0x03, 0x80, 0x18,
    0x00, 0xE0, 0x1C, 0x03, 0x80, 0x70, 0x1E, 0x1D, 0xC7, 0x39, 0xC7, 0x70, 0xFE, 0x1F, 0xC3, 0xFC,
    0x73, 0xCE, 0x39, 0xC7, 0xB8, 0x78, 0x00, 0x0E, 0x03, 0x80, 0x70, 0x0C, 0x00, 0xE1, 0xFC, 0x7B,
    0x9E, 0x73, 0x8F, 0xE1, 0xFC, 0x3B, 0xC7, 0x38, 0xE3, 0x9C, 0x7B, 0x87, 0x80, 0x38, 0x0C, 0x06,
    0x00, 0x00, 0x00, 0x38, 0x0E, 0x03, 0x80, 0xE0, 0x38, 0x0E, 0x03, 0x80, 0xE0, 0x38, 0x0E, 0x03,
    0x80, 0xE0, 0x3F, 0xFF, 0xFF, 0xFF, 0x3B, 0x98, 0x00, 0x73, 0x9C, 0xE7, 0x39, 0xCE, 0x73, 0x9C,
    0xE7, 0x39, 0xC0, 0xE0, 0x38, 0x0E, 0x03, 0x80, 0xE0, 0x38, 0x0E, 0x03, 0x80, 0xE0, 0x38, 0x0E,
    0x03, 0x80, 0xFF, 0xFF, 0xFF, 0xFC, 0x00, 0x0E, 0x07, 0x01, 0xC0, 0x60, 0x77, 0x77, 0x77, 0x77,
    0x77, 0x77, 0x77, 0x70, 0x77, 0x6E, 0x03, 0x38, 0xCE, 0x33, 0x8C, 0xE0, 0x38, 0x0E, 0x03, 0x80,
    0xE0, 0x38, 0x0E, 0x03, 0x80, 0xE0, 0x3F, 0xFF, 0xFF, 0xFF, 0x07, 0xCF, 0x9F, 0x3E, 0x1C, 0x38,
    0x70, 0xE1, 0xC3, 0x87, 0x0E, 0x1C, 0x38, 0x70, 0xF0, 0x3C, 0x0F, 0x03, 0xC0, 0xF7, 0x3D, 0xCF,
    0x73, 0xC0, 0xF0, 0x3C, 0x0F, 0x03, 0xC0, 0xFF, 0xFF, 0xFF, 0xFC, 0xE0, 0xE0, 0xE0, 0xE0, 0xE0,
    0xE0, 0xE7, 0xE7, 0xE7, 0xE0, 0xE0, 0xE0, 0xE0, 0xE0, 0xE0, 0x38, 0x03, 0x80, 0x38, 0x03, 0x88,
    0x3B, 0x83, 0xF8, 0x3E, 0x07, 0x80, 0xF8, 0x0F, 0x80, 0x38, 0x03, 0x80, 0x3F, 0xF3, 0xFF, 0x3F,
    0xF0, 0x71, 0xC7, 0x1C, 0x7D, 0xF7, 0xBC, 0xF1, 0xC7, 0x1C, 0x71, 0xC7, 0x00, 0x01, 0xC0, 0x06,
    0x00, 0x30, 0x00, 0x00, 0x00, 0x03, 0xC0, 0xFF, 0x83, 0xFE, 0x0F, 0xFC, 0x3F, 0xB8, 0xFE, 0xE3,
    0xF9, 0xCF, 0xF7, 0xBF, 0xCE, 0xFF, 0x1F, 0xFC, 0x7F, 0xF0, 0xFF, 0xC3, 0xFF, 0x07, 0xFC, 0x0F,
    0x03, 0x80, 0xE0, 0x18, 0x04, 0x00, 0x21, 0xDF, 0x3F, 0xF7, 0x8F, 0xE0, 0xFC, 0x1F, 0x83, 0xF0,
    0x7E, 0x0F, 0xC1, 0xF8, 0x3F, 0x07, 0xF0, 0x3F, 0xE0, 0xFF, 0x83, 0xFF, 0x0F, 0xEE, 0x3F, 0xB8,
    0xFE, 0x73, 0xFD, 0xEF, 0xF3, 0xBF, 0xC7, 0xFF, 0x1F, 0xFC, 0x3F, 0xF0, 0xFF, 0xC1, 0xFF, 0x03,
    0xC0, 0x00, 0x07, 0x00, 0x1C, 0x00, 0x60, 0x01, 0x80, 0x02, 0x1D, 0xF3, 0xFF, 0x78, 0xFE, 0x0F,
    0xC1, 0xF8, 0x3F, 0x07, 0xE0, 0xFC, 0x1F, 0x83, 0xF0, 0x70, 0x00, 0x1C, 0x03, 0x00, 0x60, 0x18,
    0x00, 0x1C, 0xE0, 0x3F, 0x00, 0x78, 0x00, 0x00, 0x00, 0x03, 0xC0, 0xFF, 0x83, 0xFE, 0x0F, 0xFC,
    0x3F, 0xB8, 0xFE, 0xE3, 0xF9, 0xCF, 0xF7, 0xBF, 0xCE, 0xFF, 0x1F, 0xFC, 0x7F, 0xF0, 0xFF, 0xC3,
    0xFF, 0x07, 0xFC, 0x0F, 0x71, 0xC3, 0x60, 0x38, 0x00, 0x00, 0x21, 0xDF, 0x3F, 0xF7, 0x8F, 0xE0,
    0xFC, 0x1F, 0x83, 0xF0, 0x7E, 0x0F, 0xC1, 0xF8, 0x3F, 0x07, 0xF0, 0x3F, 0xE0, 0xFF, 0x83, 0xFF,
    0x0F, 0xEE, 0x3F, 0xB8, 0xFE, 0x73, 0xFD, 0xEF, 0xF3, 0xBF, 0xC7, 0xFF, 0x1F, 0xFC, 0x3F, 0xF0,
    0xFF, 0xC1, 0xFF, 0x03, 0xC0, 0x0F, 0x00, 0x3C, 0x03, 0xE0, 0x0F, 0x80, 0x02, 0x1D, 0xF3, 0xFF,
    0x78, 0xFE, 0x0F, 0xC1, 0xF8, 0x3F, 0x07, 0xE0, 0xFC, 0x1F, 0x83, 0xF0, 0x70, 0x0E, 0x01, 0xC1,
    0xF0, 0x3E, 0x0F, 0xC0, 0x3F, 0x00, 0x00, 0x00, 0x00, 0x0F, 0xE0, 0xFF, 0xC7, 0xCF, 0x9C, 0x0E,
    0xF0, 0x3F, 0x80, 0x7E, 0x01, 0xF8, 0x07, 0xE0, 0x1F, 0x80, 0x7F, 0x03, 0xDE, 0x0E, 0x7F, 0xF8,
    0xFF, 0xC0, 0xFC, 0x00, 0x3F, 0x07, 0xE0, 0x00, 0x02, 0x03, 0xF8, 0xFF, 0xBC, 0x77, 0x07, 0xE0,
    0xFC, 0x1F, 0x83, 0xF0, 0xF7, 0x1C, 0xFF, 0x8F, 0xC0, 0x08, 0x60, 0x33, 0x00, 0x78, 0x00, 0x00,
    0x00, 0x00, 0x3F, 0x83, 0xFF, 0x1F, 0x3E, 0x70, 0x3B, 0xC0, 0xFE, 0x01, 0xF8, 0x07, 0xE0, 0x1F,
    0x80, 0x7E, 0x01, 0xFC, 0x0F, 0x78, 0x39, 0xFF, 0xE3, 0xFF, 0x03, 0xF0, 0x31, 0x87, 0x70, 0x7C,
    0x00, 0x00, 0x40, 0x7F, 0x1F, 0xF7, 0x8E, 0xE0, 0xFC, 0x1F, 0x83, 0xF0, 0x7E, 0x1E, 0xE3, 0x9F,
    0xF1, 0xF8, 0x0E, 0xF0, 0x33, 0x00, 0xDC, 0x04, 0x00, 0x00, 0x00, 0x3F, 0x83, 0xFF, 0x1F, 0x3E,
    0x70, 0x3B, 0xC0, 0xFE, 0x01, 0xF8, 0x07, 0xE0, 0x1F, 0x80, 0x7E, 0x01, 0xFC, 0x0F, 0x78, 0x39,
    0xFF, 0xE3, 0xFF, 0x03, 0xF0, 0x1D, 0xC7, 0x70, 0xDC, 0x00, 0x00, 0x40, 0x7F, 0x1F, 0xF7, 0x8E,
    0xE0, 0xFC, 0x1F, 0x83, 0xF0, 0x7E, 0x1E, 0xE3, 0x9F, 0xF1, 0xF8, 0x0F, 0xFF, 0xE7, 0xFF, 0xFD,
    0xFF, 0xC0, 0x38, 0x38, 0x0F, 0x07, 0x01, 0xC0, 0xE0, 0x38, 0x1F, 0xFF, 0x03, 0xFF, 0xE0, 0x7F,
    0xFC, 0x0E, 0x03, 0xC1, 0xC0, 0x3C, 0x38, 0x03, 0xFF, 0xFE, 0x3F, 0xFF, 0xC3, 0xFF, 0xF8, 0x04,
    0x04, 0x07, 0xF7, 0xF1, 0xFF, 0xFF, 0x78, 0xF8, 0xEE, 0x0E, 0x0F, 0xC1, 0xFF, 0xF8, 0x3F, 0xFF,
    0x07, 0x00, 0xE1, 0xE0, 0x0E, 0x3E, 0x3D, 0xFF, 0xFF, 0x1F, 0x8F, 0xC0, 0x03, 0x80, 0x70, 0x06,
    0x00, 0x00, 0x00, 0x0F, 0xF8, 0xFF, 0xEE, 0x1E, 0xE0, 0xFE, 0x0F, 0xE0, 0xFE, 0x0E, 0xFF, 0xEF,
    0xFC, 0xFF, 0x8E, 0x3C, 0xE1, 0xCE, 0x1E, 0xE0, 0xEE, 0x07, 0x0E, 0x38, 0x60, 0x00, 0x3D, 0xFF,
    0xF8, 0xF1, 0xC3, 0x87, 0x0E, 0x1C, 0x38, 0x70, 0xFF, 0x8F, 0xFE, 0xE1, 0xEE, 0x0F, 0xE0, 0xFE,
    0x0F, 0xE0, 0xEF, 0xFE, 0xFF, 0xCF, 0xF8, 0xE3, 0xCE, 0x1C, 0xE1, 0xEE, 0x0E, 0xE0, 0x70, 0x00,
    0x06, 0x00, 0xE0, 0x0C, 0x00, 0xC0, 0x03, 0xDF, 0xFF, 0x8F, 0x1C, 0x38, 0x70, 0xE1, 0xC3, 0x87,
    0x00, 0x1C, 0x38, 0x60, 0xC0, 0x39, 0xC1, 0xF0, 0x0F, 0x00, 0x00, 0x00, 0x0F, 0xF8, 0xFF, 0xEE,
    0x1E, 0xE0, 0xFE, 0x0F, 0xE0, 0xFE, 0x0E, 0xFF, 0xEF, 0xFC, 0xFF, 0x8E, 0x3C, 0xE1, 0xCE, 0x1E,
    0xE0, 0xEE, 0x07, 0xE7, 0x6C, 0x38, 0x00, 0x02, 0xEE, 0xFE, 0xF0, 0xF0, 0xE0, 0xE0, 0xE0, 0xE0,
    0xE0, 0xE0, 0xE0, 0x03, 0x80, 0x70, 0x06, 0x00, 0x00, 0x00, 0x03, 0xF8, 0x7F, 0xE7, 0x9E, 0xF0,
    0xFF, 0x00, 0xF8, 0x07, 0xF0, 0x3F, 0xC0, 0x7E, 0x00, 0xFE, 0x07, 0xE0, 0xFF, 0x9E, 0x7F, 0xE3,
    0xF8, 0x07, 0x01, 0x80, 0xC0, 0x00, 0x08, 0x1F, 0xCF, 0xFB, 0x87, 0xE0, 0x3F, 0x87, 0xF8, 0x1F,
    0x21, 0xF8, 0xFF, 0xF8, 0xFC, 0x0E, 0x01, 0xF0, 0x39, 0xC0, 0x00, 0x00, 0x03, 0xF8, 0x7F, 0xE7,
    0x9E, 0xF0, 0xFF, 0x00, 0xF8, 0x07, 0xF0, 0x3F, 0xC0, 0x7E, 0x00, 0xFE, 0x07, 0xE0, 0xFF, 0x9E,
    0x7F, 0xE3, 0xF8, 0x1E, 0x0F, 0x87, 0x38, 0x00, 0x08, 0x1F, 0xCF, 0xFB, 0x87, 0xE0, 0x3F, 0x87,
    0xF8, 0x1F, 0x21, 0xF8, 0xFF, 0xF8, 0xFC, 0x3F, 0x87, 0xFE, 0x79, 0xEF, 0x0F, 0xF0, 0x0F, 0x80,
    0x7F, 0x03, 0xFC, 0x07, 0xE0, 0x0F, 0xE0, 0x7E, 0x0F, 0xF9, 0xE7, 0xFE, 0x3F, 0x80, 0x40, 0x07,
    0x00, 0x10, 0x07, 0x00, 0x08, 0x1F, 0xCF, 0xFB, 0x87, 0xE0, 0x3F, 0x87, 0xF8, 0x1F, 0x21, 0xF8,
    0xFF, 0xF8, 0xFC, 0x08, 0x03, 0x80, 0x20, 0x38, 0x39, 0xC1, 0xF8, 0x0F, 0x00, 0x00, 0x00, 0x03,
    0xF8, 0x7F, 0xE7, 0x9E, 0xF0, 0xFF, 0x00, 0xF8, 0x07, 0xF0, 0x3F, 0xC0, 0x7E, 0x00, 0xFE, 0x07,
    0xE0, 0xFF, 0x9E, 0x7F, 0xE3, 0xF8, 0x73, 0x8F, 0xC1, 0xE0, 0x00, 0x08, 0x1F, 0xCF, 0xFB, 0x87,
    0xE0, 0x3F, 0x87, 0xF8, 0x1F, 0x21, 0xF8, 0xFF, 0xF8, 0xFC, 0xFF, 0xFF, 0xFF, 0x0F, 0x00, 0xF0,
    0x0F, 0x00, 0xF0, 0x0F, 0x00, 0xF0, 0x0F, 0x00, 0xF0, 0x0F, 0x00, 0xF0, 0x0F, 0x00, 0xF0, 0x0F,
    0x00, 0x60, 0x07, 0x00, 0x18, 0x07, 0x00, 0x38, 0x70, 0xE7, 0xFF, 0xE7, 0x0E, 0x1C, 0x38, 0x70,
    0xE1, 0xC3, 0xE3, 0xC2, 0x07, 0x02, 0x3C, 0x39, 0xC1, 0xF8, 0x0F, 0x00, 0x00, 0x00, 0x0F, 0xFF,
    0xFF, 0xF0, 0xF0, 0x0F, 0x00, 0xF0, 0x0F, 0x00, 0xF0, 0x0F, 0x00, 0xF0, 0x0F, 0x00, 0xF0, 0x0F,
    0x00, 0xF0, 0x0F, 0x00, 0xF0, 0x03, 0x03, 0x03, 0x3B, 0x38, 0x38, 0xFE, 0xFE, 0x38, 0x38, 0x38,
    0x38, 0x38, 0x38, 0x38, 0x3E, 0x1E, 0xFF, 0xFF, 0xFF, 0x0F, 0x00, 0xF0, 0x0F, 0x00, 0xF0, 0x3F,
    0xC3, 0xFC, 0x0F, 0x00, 0xF0, 0x0F, 0x00, 0xF0, 0x0F, 0x00, 0xF0, 0x0F, 0x00, 0x38, 0x70, 0xE7,
    0xFF, 0xE7, 0x0E, 0x7F, 0xFE, 0x70, 0xE1, 0xC3, 0xE3, 0xC0, 0x0C, 0xC0, 0xFE, 0x06, 0x60, 0x00,
    0x00, 0x00, 0x70, 0x1F, 0x80, 0xFC, 0x07, 0xE0, 0x3F, 0x01, 0xF8, 0x0F, 0xC0, 0x7E, 0x03, 0xF0,
    0x1F, 0x80, 0xFE, 0x07, 0x70, 0x7B, 0xFF, 0x8F, 0xF8, 0x3F, 0x80, 0x19, 0x87, 0xF0, 0xDC, 0x00,
    0x00, 0x01, 0xC1, 0xF8, 0x3F, 0x07, 0xE0, 0xFC, 0x1F, 0x83, 0xF0, 0x7F, 0x1E, 0xF7, 0xDF, 0xB9,
    0xE7, 0x0F, 0xC0, 0x7E, 0x00, 0x00, 0x00, 0x0E, 0x03, 0xF0, 0x1F, 0x80, 0xFC, 0x07, 0xE0, 0x3F,
    0x01, 0xF8, 0x0F, 0xC0, 0x7E, 0x03, 0xF0, 0x1F, 0xC0, 0xEE, 0x0F, 0x7F, 0xF1, 0xFF, 0x07, 0xF0,
    0x1F, 0x03, 0xE0, 0x00, 0x00, 0x0E, 0x0F, 0xC1, 0xF8, 0x3F, 0x07, 0xE0, 0xFC, 0x1F, 0x83, 0xF8,
    0xF7, 0xBE, 0xFD, 0xCF, 0x38, 0x18, 0xC0, 0xEE, 0x03, 0xE0, 0x00, 0x00, 0x00, 0x70, 0x1F, 0x80,
    0xFC, 0x07, 0xE0, 0x3F, 0x01, 0xF8, 0x0F, 0xC0, 0x7E, 0x03, 0xF0, 0x1F, 0x80, 0xFE, 0x07, 0x70,
    0x7B, 0xFF, 0x8F, 0xF8, 0x3F, 0x80, 0x31, 0x87, 0x70, 0x7C, 0x00, 0x00, 0x01, 0xC1, 0xF8, 0x3F,
    0x07, 0xE0, 0xFC, 0x1F, 0x83, 0xF0, 0x7F, 0x1E, 0xF7, 0xDF, 0xB9, 0xE7, 0x07, 0x00, 0x7C, 0x02,
    0x20, 0x19, 0x00, 0x78, 0x00, 0x03, 0x80, 0xFC, 0x07, 0xE0, 0x3F, 0x01, 0xF8, 0x0F, 0xC0, 0x7E,
    0x03, 0xF0, 0x1F, 0x80, 0xFC, 0x07, 0xF0, 0x3B, 0x83, 0xDF, 0xFC, 0x7F, 0xC1, 0xFC, 0x00, 0x1F,
    0x03, 0x60, 0x44, 0x0F, 0x80, 0xE0, 0x00, 0x38, 0x3F, 0x07, 0xE0, 0xFC, 0x1F, 0x83, 0xF0, 0x7E,
    0x0F, 0xE3, 0xDE, 0xFB, 0xF7, 0x3C, 0xE0, 0x0E, 0xE0, 0x6E, 0x06, 0x60, 0x00, 0x00, 0x00, 0x70,
    0x1F, 0x80, 0xFC, 0x07, 0xE0, 0x3F, 0x01, 0xF8, 0x0F, 0xC0, 0x7E, 0x03, 0xF0, 0x1F, 0x80, 0xFE,
    0x07, 0x70, 0x7B, 0xFF, 0x8F, 0xF8, 0x3F, 0x80, 0x1D, 0xC7, 0x70, 0xCC, 0x02, 0x00, 0x01, 0xC1,
    0xF8, 0x3F, 0x07, 0xE0, 0xFC, 0x1F, 0x83, 0xF0, 0x7F, 0x1E, 0xF7, 0xDF, 0xB9, 0xE7, 0xE0, 0x3F,
    0x01, 0xF8, 0x0F, 0xC0, 0x7E, 0x03, 0xF0, 0x1F, 0x80, 0xFC, 0x07, 0xE0, 0x3F, 0x01, 0xFC, 0x0E,
    0xE0, 0xF7, 0xFF, 0x1F, 0xF0, 0x7F, 0x00, 0xE0, 0x06, 0x00, 0x3C, 0x01, 0xE0, 0xE0, 0xFC, 0x1F,
    0x83, 0xF0, 0x7E, 0x0F, 0xC1, 0xF8, 0x3F, 0x8F, 0x7B, 0xEF, 0xDC, 0xF3, 0x80, 0xE0, 0x38, 0x07,
    0xC0, 0x78, 0x00, 0x70, 0x00, 0x07, 0xC0, 0x00, 0x73, 0x80, 0x00, 0x00, 0x08, 0x00, 0x00, 0x38,
    0x3C, 0x1D, 0xC1, 0xE1, 0xEF, 0x0F, 0x0E, 0x78, 0xF8, 0x71, 0xC7, 0xE3, 0x8E, 0x37, 0x3C, 0x71,
    0xB9, 0xC1, 0xDC, 0xCE, 0x0E, 0xE7, 0x70, 0x77, 0x3B, 0x83, 0xB1, 0xF8, 0x0D, 0x87, 0xC0, 0x7C,
    0x3E, 0x03, 0xC1, 0xE0, 0x1E, 0x0F, 0x00, 0x01, 0xC0, 0x01, 0xF0, 0x01, 0xCE, 0x00, 0x00, 0x08,
    0x00, 0x03, 0x8E, 0x1D, 0xC7, 0x8E, 0xE3, 0xCF, 0x71, 0xE7, 0x1D, 0xF3, 0x8E, 0xDD, 0xC7, 0x66,
    0xC1, 0xB3, 0xE0, 0xF1, 0xF0, 0x78, 0xF0, 0x1C, 0x38, 0x03, 0x80, 0x0F, 0x80, 0x39, 0xC0, 0x80,
    0x08, 0x00, 0x0E, 0x03, 0xDE, 0x0F, 0x1E, 0x1C, 0x1C, 0x78, 0x3C, 0xE0, 0x3B, 0x80, 0x7F, 0x00,
    0x7C, 0x00, 0x78, 0x00, 0xE0, 0x01, 0xC0, 0x03, 0x80, 0x07, 0x00, 0x0E, 0x00, 0x1C, 0x00, 0x07,
    0x00, 0xF8, 0x39, 0xC0, 0x00, 0x80, 0x07, 0x07, 0x70, 0xF7, 0x0E, 0x38, 0xE3, 0x9C, 0x19, 0xC1,
    0xDC, 0x1F, 0x80, 0xF8, 0x0F, 0x00, 0xF0, 0x07, 0x00, 0xE0, 0x3E, 0x07, 0xC0, 0x0C, 0x60, 0x1D,
    0xC0, 0x39, 0x80, 0x00, 0x08, 0x00, 0x0E, 0x03, 0xDE, 0x0F, 0x1E, 0x1C, 0x1C, 0x78, 0x3C, 0xE0,
    0x3B, 0x80, 0x7F, 0x00, 0x7C, 0x00, 0x78, 0x00, 0xE0, 0x01, 0xC0, 0x03, 0x80, 0x07, 0x00, 0x0E,
    0x00, 0x1C, 0x00, 0x03, 0x80, 0x30, 0x06, 0x00, 0x00, 0x00, 0x0F, 0xFF, 0xFF, 0xF0, 0x0E, 0x01,
    0xC0, 0x3C, 0x03, 0x80, 0x70, 0x0F, 0x01, 0xE0, 0x1C, 0x03, 0x80, 0x78, 0x07, 0xFF, 0xFF, 0xFF,
    0xFF, 0x07, 0x01, 0x80, 0xC0, 0x00, 0x00, 0x3F, 0xFF, 0xFC, 0x0E, 0x07, 0x03, 0x81, 0xE0, 0xF0,
    0x38, 0x1C, 0x0F, 0xFF, 0xFF, 0x06, 0x00, 0xF0, 0x06, 0x00, 0x00, 0x00, 0x0F, 0xFF, 0xFF, 0xF0,
    0x0E, 0x01, 0xC0, 0x3C, 0x03, 0x80, 0x70, 0x0F, 0x01, 0xE0, 0x1C, 0x03, 0x80, 0x78, 0x07, 0xFF,
    0xFF, 0xFF, 0xFF, 0x0C, 0x07, 0x80, 0xC0, 0x00, 0x00, 0x3F, 0xFF, 0xFC, 0x0E, 0x07, 0x03, 0x81,
    0xE0, 0xF0, 0x38, 0x1C, 0x0F, 0xFF, 0xFF, 0x39, 0xC1, 0xF8, 0x0F, 0x00, 0x00, 0x00, 0x0F, 0xFF,
    0xFF, 0xF0, 0x0E, 0x01, 0xC0, 0x3C, 0x03, 0x80, 0x70, 0x0F, 0x01, 0xE0, 0x1C, 0x03, 0x80, 0x78,
    0x07, 0xFF, 0xFF, 0xFF, 0xFF, 0x73, 0x8F, 0xC1, 0xE0, 0x00, 0x00, 0x3F, 0xFF, 0xFC, 0x0E, 0x07,
    0x03, 0x81, 0xE0, 0xF0, 0x38, 0x1C, 0x0F, 0xFF, 0xFF, 0x3D, 0xFF, 0xF8, 0xE3, 0x8E, 0x38, 0xE3,
    0x8E, 0x38, 0xE3, 0x8E, 0x38, 0x00, 0x1C, 0x00, 0x70, 0xFF, 0xCF, 0xFE, 0x7C, 0xF9, 0xC0, 0xEF,
    0x03, 0xF8, 0x07, 0xE0, 0x1F, 0x80, 0x7E, 0x01, 0xF8, 0x07, 0xF0, 0x3D, 0xE0, 0xE7, 0xFF, 0x8F,
    0xFC, 0x0F, 0xC0, 0x00, 0x70, 0x07, 0x04, 0x63, 0xFE, 0x7F, 0xCF, 0x1C, 0xE0, 0xEE, 0x0E, 0xE0,
    0xEE, 0x0E, 0xE1, 0xE7, 0x1C, 0x7F, 0xC3, 0xF0, 0x00, 0x0E, 0x00, 0x1F, 0x80, 0xFF, 0x01, 0xEE,
    0x03, 0x9C, 0x07, 0x38, 0x0E, 0x70, 0x1C, 0xE0, 0x39, 0xC0, 0x73, 0x80, 0xE7, 0x01, 0xCF, 0x03,
    0x8E, 0x0F, 0x1F, 0xFC, 0x1F, 0xF0, 0x1F, 0xC0, 0x00, 0x30, 0x03, 0x00, 0x3E, 0x0F, 0xE0, 0xEE,
    0x0E, 0xE0, 0xEE, 0x0E, 0xE0, 0xEE, 0x0E, 0xF1, 0xE7, 0xBE, 0x7E, 0xE3, 0xCE, 0x00, 0x00, 0xE7,
    0x7F, 0xC0, 0x3F, 0x3F, 0xF8, 0x0F, 0x1F, 0xFE, 0x00, 0x0E, 0x07, 0x00, 0x07, 0x03, 0xCF, 0xFF,
    0x80, 0xE7, 0xFF, 0xC0, 0x70, 0x0E, 0xE0, 0x38, 0x0E, 0x70, 0x1C, 0x0E, 0x38, 0x0E, 0x0F, 0x1C,
    0x0F, 0x0F, 0x0E, 0x0F, 0x07, 0x07, 0xFF, 0x87, 0x03, 0xFF, 0x87, 0xFF, 0xFF, 0x03, 0xFF, 0x00,
    0x03, 0x9C, 0x01, 0xC3, 0xF0, 0x03, 0x83, 0xC0, 0x07, 0x00, 0x00, 0x8E, 0x00, 0x07, 0xDC, 0x7F,
    0xDF, 0xF8, 0xFF, 0xF8, 0xF0, 0x0E, 0xE0, 0xE0, 0x39, 0xC1, 0xC0, 0xE3, 0x83, 0x83, 0xC7, 0x07,
    0x0F, 0x0E, 0x1E, 0x1C, 0x1E, 0x7C, 0x70, 0x1F, 0xF9, 0xFF, 0x9F, 0x73, 0xFF, 0xE0, 0x00, 0x1F,
    0x80, 0x00, 0x7E, 0x00, 0x01, 0xF8, 0x00, 0x07, 0xE0, 0x00, 0x1F, 0x80, 0x00, 0x7E, 0x00, 0x01,
    0xF8, 0x00, 0x07, 0xE0, 0x00, 0x1F, 0x80, 0x00, 0x7E, 0x01, 0xE1, 0xF8, 0x03, 0x8E, 0xFF, 0xCF,
    0x7B, 0xFF, 0x3F, 0xEF, 0xFC, 0x3F, 0x00, 0x00, 0x0F, 0xC0, 0x1F, 0x80, 0x3F, 0x00, 0x0E, 0x00,
    0x1C, 0x01, 0xF8, 0x03, 0xF0, 0x07, 0xE0, 0x0F, 0xC0, 0x1F, 0x80, 0x3F, 0x00, 0x7E, 0x00, 0xFF,
    0xF9, 0xFF, 0xF3, 0xFF, 0xE7, 0x00, 0x0E, 0x00, 0x1C, 0x00, 0xF8, 0x01, 0xE0, 0x03, 0xF1, 0xF8,
    0xFC, 0x0E, 0x07, 0x1F, 0x8F, 0xC7, 0xE3, 0xF1, 0xF8, 0xFC, 0x7E, 0x3F, 0x1F, 0x8F, 0xC7, 0x03,
    0x81, 0xC3, 0xE1, 0xE0, 0xF0, 0x3C, 0x01, 0xFE, 0x0F, 0x00, 0x7F, 0x83, 0xC0, 0x1F, 0xF0, 0xF0,
    0x07, 0xEE, 0x3C, 0x01, 0xFB, 0x8F, 0x00, 0x7E, 0x73, 0xC0, 0x1F, 0xDE, 0xF0, 0x07, 0xF3, 0xBC,
    0x01, 0xFC, 0x7F, 0x00, 0x7F, 0x1F, 0xCE, 0x1F, 0xC3, 0xF3, 0x8F, 0xF0, 0xFC, 0xF3, 0xBC, 0x1F,
    0x3F, 0xEF, 0x03, 0xC3, 0xF0, 0x00, 0x00, 0xFE, 0x07, 0x9F, 0xE0, 0xF3, 0xFC, 0x1E, 0x0F, 0xC3,
    0xC1, 0xDC, 0x79, 0xFB, 0x8F, 0x3F, 0x39, 0xE7, 0xF7, 0xBC, 0xFE, 0x77, 0x9F, 0xC7, 0xF3, 0xF8,
    0xFE, 0x7F, 0x0F, 0xCF, 0xE1, 0xF9, 0xFC, 0x1F, 0x3F, 0x81, 0xE7, 0x00, 0x00, 0xE0, 0x00, 0x1C,
    0x00, 0x0F, 0x80, 0x01, 0xE0, 0x00, 0x03, 0x00, 0x07, 0x00, 0x07, 0x00, 0x00, 0x02, 0x00, 0xEF,
    0x87, 0xFF, 0xC7, 0xF1, 0xE7, 0xE0, 0xE7, 0xE0, 0xE7, 0xE0, 0xE7, 0xE0, 0xE7, 0xE0, 0xE7, 0xE0,
    0xE7, 0xE0, 0xE7, 0xE0, 0xE7, 0x00, 0x07, 0x00, 0x07, 0x00, 0x1F, 0x00, 0x1E, 0x0E, 0x70, 0x0F,
    0x80, 0x0F, 0x00, 0x00, 0x00, 0x00, 0x00, 0xF8, 0x01, 0xF0, 0x03, 0xF0, 0x0E, 0xE0, 0x1D, 0xC0,
    0x39, 0xC0, 0xF3, 0x81, 0xC7, 0x03, 0x8F, 0x0F, 0xFE, 0x1F, 0xFC, 0x38, 0x3C, 0xF0, 0x39, 0xC0,
    0x7F, 0x80, 0xF0, 0x73, 0x8F, 0xC1, 0xE0, 0x00, 0x08, 0x1F, 0xC7, 0xFB, 0x87, 0x01, 0xC7, 0xF7,
    0xFF, 0x87, 0xE1, 0xF8, 0xFF, 0xFD, 0xF7, 0xE7, 0x7E, 0x3C, 0x00, 0x00, 0x38, 0x38, 0x38, 0x38,
    0x38, 0x38, 0x38, 0x38, 0x38, 0x38, 0x38, 0x38, 0x38, 0x38, 0x38, 0xE7, 0x7E, 0x3C, 0x00, 0x00,
    0x38, 0x38, 0x38, 0x38, 0x38, 0x38, 0x38, 0x38, 0x38, 0x38, 0x38, 0x1C, 0xE0, 0x3F, 0x00, 0x78,
    0x00, 0x00, 0x00, 0x00, 0x3F, 0x83, 0xFF, 0x1F, 0x3E, 0x70, 0x3B, 0xC0, 0xFE, 0x01, 0xF8, 0x07,
    0xE0, 0x1F, 0x80, 0x7E, 0x01, 0xFC, 0x0F, 0x78, 0x39, 0xFF, 0xE3, 0xFF, 0x03, 0xF0, 0x73, 0xC3,
    0x60, 0x38, 0x00, 0x00, 0x40, 0x7F, 0x1F, 0xF7, 0x8E, 0xE0, 0xFC, 0x1F, 0x83, 0xF0, 0x7E, 0x1E,
    0xE3, 0x9F, 0xF1, 0xF8, 0x1C, 0xE0, 0x6C, 0x01, 0xC0, 0x00, 0x00, 0x00, 0x70, 0x1F, 0x80, 0xFC,
    0x07, 0xE0, 0x3F, 0x01, 0xF8, 0x0F, 0xC0, 0x7E, 0x03, 0xF0, 0x1F, 0x80, 0xFE, 0x07, 0x70, 0x7B,
    0xFF, 0x8F, 0xF8, 0x3F, 0x80, 0x71, 0xC3, 0x60, 0x38, 0x00, 0x00, 0x01, 0xC1, 0xF8, 0x3F, 0x07,
    0xE0, 0xFC, 0x1F, 0x83, 0xF0, 0x7F, 0x1E, 0xF7, 0xDF, 0xB9, 0xE7, 0x0F, 0xC0, 0x7E, 0x00, 0x00,
    0x11, 0x81, 0xDC, 0x0E, 0x60, 0x00, 0x00, 0x00, 0xE0, 0x3F, 0x01, 0xF8, 0x0F, 0xC0, 0x7E, 0x03,
    0xF0, 0x1F, 0x80, 0xFC, 0x07, 0xE0, 0x3F, 0x01, 0xFC, 0x0E, 0xE0, 0xF7, 0xFF, 0x1F, 0xF0, 0x7F,
    0x00, 0x1F, 0x03, 0xE0, 0x00, 0x08, 0x83, 0xB8, 0x77, 0x00, 0x00, 0x00, 0xE0, 0xFC, 0x1F, 0x83,
    0xF0, 0x7E, 0x0F, 0xC1, 0xF8, 0x3F, 0x8F, 0x7B, 0xEF, 0xDC, 0xF3, 0x80, 0x01, 0x80, 0x18, 0x00,
    0x00, 0x11, 0x81, 0xDC, 0x0E, 0x60, 0x00, 0x00, 0x00, 0xE0, 0x3F, 0x01, 0xF8, 0x0F, 0xC0, 0x7E,
    0x03, 0xF0, 0x1F, 0x80, 0xFC, 0x07, 0xE0, 0x3F, 0x01, 0xFC, 0x0E, 0xE0, 0xF7, 0xFF, 0x1F, 0xF0,
    0x7F, 0x00, 0x07, 0x00, 0xC0, 0x00, 0x08, 0x83, 0xB8, 0x77, 0x00, 0x00, 0x00, 0xE0, 0xFC, 0x1F,
    0x83, 0xF0, 0x7E, 0x0F, 0xC1, 0xF8, 0x3F, 0x8F, 0x7B, 0xEF, 0xDC, 0xF3, 0x80, 0x1D, 0xC0, 0x3C,
    0x00, 0x00, 0x11, 0x81, 0xDC, 0x0E, 0x60, 0x00, 0x00, 0x00, 0xE0, 0x3F, 0x01, 0xF8, 0x0F, 0xC0,
    0x7E, 0x03, 0xF0, 0x1F, 0x80, 0xFC, 0x07, 0xE0, 0x3F, 0x01, 0xFC, 0x0E, 0xE0, 0xF7, 0xFF, 0x1F,
    0xF0, 0x7F, 0x00, 0x3B, 0x81, 0xC0, 0x00, 0x08, 0x83, 0xB8, 0x77, 0x00, 0x00, 0x00, 0xE0, 0xFC,
    0x1F, 0x83, 0xF0, 0x7E, 0x0F, 0xC1, 0xF8, 0x3F, 0x8F, 0x7B, 0xEF, 0xDC, 0xF3, 0x80, 0x0E, 0x00,
    0x30, 0x00, 0x00, 0x11, 0x81, 0xDC, 0x0E, 0x60, 0x00, 0x00, 0x00, 0xE0, 0x3F, 0x01, 0xF8, 0x0F,
    0xC0, 0x7E, 0x03, 0xF0, 0x1F, 0x80, 0xFC, 0x07, 0xE0, 0x3F, 0x01, 0xFC, 0x0E, 0xE0, 0xF7, 0xFF,
    0x1F, 0xF0, 0x7F, 0x00, 0x18, 0x01, 0x80, 0x00, 0x08, 0x83, 0xB8, 0x77, 0x00, 0x00, 0x00, 0xE0,
    0xFC, 0x1F, 0x83, 0xF0, 0x7E, 0x0F, 0xC1, 0xF8, 0x3F, 0x8F, 0x7B, 0xEF, 0xDC, 0xF3, 0x80, 0x0C,
    0x0F, 0xF3, 0xFF, 0x70, 0xE0, 0x1C, 0x01, 0xFF, 0xFF, 0x06, 0xE1, 0xDE, 0x79, 0xFE, 0x1F, 0x80,
    0x07, 0xE0, 0x0F, 0xC0, 0x00, 0x00, 0x23, 0x00, 0xEF, 0x01, 0xCC, 0x00, 0x00, 0x00, 0x00, 0x07,
    0xC0, 0x0F, 0x80, 0x1F, 0x80, 0x77, 0x00, 0xEE, 0x01, 0xCE, 0x07, 0x9C, 0x0E, 0x38, 0x1C, 0x78,
    0x7F, 0xF0, 0xFF, 0xE1, 0xC1, 0xE7, 0x81, 0xCE, 0x03, 0xFC, 0x07, 0x80, 0x3F, 0x0F, 0xC0, 0x00,
    0x84, 0x73, 0x9C, 0xE0, 0x00, 0x20, 0x7F, 0x1F, 0xEE, 0x1C, 0x07, 0x1F, 0xDF, 0xFE, 0x1F, 0x87,
    0xE3, 0xFF, 0xF7, 0xDC, 0x07, 0xE0, 0x0F, 0xC0, 0x00, 0x00, 0x0C, 0x00, 0x38, 0x00, 0x70, 0x00,
    0x00, 0x00, 0x00, 0x07, 0xC0, 0x0F, 0x80, 0x1F, 0x80, 0x77, 0x00, 0xEE, 0x01, 0xCE, 0x07, 0x9C,
    0x0E, 0x38, 0x1C, 0x78, 0x7F, 0xF0, 0xFF, 0xE1, 0xC1, 0xE7, 0x81, 0xCE, 0x03, 0xFC, 0x07, 0x80,
    0x3F, 0x0F, 0xC0, 0x00, 0x30, 0x1E, 0x07, 0x80, 0x00, 0x20, 0x7F, 0x1F, 0xEE, 0x1C, 0x07, 0x1F,
    0xDF, 0xFE, 0x1F, 0x87, 0xE3, 0xFF, 0xF7, 0xDC, 0x00, 0x1F, 0x80, 0x01, 0xF8, 0x00, 0x00, 0x00,
    0x00, 0x00, 0x01, 0xFF, 0xF0, 0x3F, 0xFF, 0x03, 0xB8, 0x00, 0x7B, 0x80, 0x07, 0x38, 0x00, 0x73,
    0x80, 0x0E, 0x3F, 0xF0, 0xE3, 0xFF, 0x1E, 0x3F, 0xF1, 0xFF, 0x80, 0x3F, 0xF8, 0x03, 0x83, 0x80,
    0x38, 0x3F, 0xF7, 0x83, 0xFF, 0xF0, 0x3F, 0xF0, 0x07, 0xE0, 0x03, 0xF0, 0x00, 0x00, 0x01, 0x02,
    0x07, 0xF7, 0xE3, 0xFF, 0xFB, 0x87, 0x0E, 0x03, 0x87, 0x3F, 0xFF, 0xBF, 0xFF, 0xF8, 0x60, 0x1C,
    0x38, 0x0E, 0x3E, 0x3F, 0xFF, 0xF9, 0xF9, 0xF8, 0x0F, 0xE0, 0x7F, 0xE1, 0xF3, 0xE3, 0x81, 0xCF,
    0x03, 0x9C, 0x00, 0x38, 0x00, 0x70, 0xFE, 0xE1, 0xFD, 0xC0, 0x3B, 0xC7, 0xFB, 0xC1, 0xC7, 0xFF,
    0x87, 0xFE, 0x03, 0xF0, 0x00, 0x08, 0x01, 0xF7, 0x1F, 0xF9, 0xE3, 0xCE, 0x0E, 0x70, 0x73, 0x8F,
    0xFC, 0x1C, 0xE1, 0xE3, 0xDF, 0x1F, 0xB8, 0x39, 0xC0, 0x0E, 0x70, 0xF1, 0xFF, 0x07, 0xF0, 0x04,
    0x00, 0x1C, 0xE0, 0x3F, 0x00, 0x78, 0x00, 0x00, 0x00, 0x00, 0x3F, 0x83, 0xFF, 0x1F, 0x3E, 0x70,
    0x3B, 0xC0, 0xEE, 0x00, 0x38, 0x00, 0xE1, 0xFF, 0x87, 0xFE, 0x01, 0xFC, 0x0E, 0x78, 0x39, 0xFF,
    0xE3, 0xFF, 0x03, 0xF0, 0x73, 0xC3, 0x60, 0x38, 0x00, 0x00, 0x80, 0x7D, 0xDF, 0xFF, 0x8F, 0xE0,
    0xFC, 0x1F, 0x83, 0xF0, 0x7E, 0x1E, 0xF7, 0xDF, 0xB8, 0xE7, 0x00, 0xFC, 0x3D, 0xFF, 0x1F, 0xC0,
    0x40, 0x39, 0xE0, 0x6C, 0x01, 0xC0, 0x00, 0x00, 0x00, 0x70, 0x3F, 0x83, 0xDC, 0x3C, 0xE3, 0xC7,
    0x1C, 0x39, 0xC1, 0xDE, 0x0F, 0xF0, 0x7D, 0xC3, 0xEF, 0x1E, 0x38, 0xE1, 0xE7, 0x07, 0xB8, 0x1D,
    0xC0, 0xF0, 0xE7, 0x03, 0xF0, 0x0F, 0x00, 0x00, 0x00, 0x00, 0x1C, 0x00, 0xE0, 0x07, 0x00, 0x38,
    0x09, 0xC3, 0x8E, 0x38, 0x73, 0x83, 0xB8, 0x1F, 0xC0, 0xFE, 0x07, 0xF8, 0x39, 0xE1, 0xC7, 0x0E,
    0x3C, 0x70, 0xF0, 0x0F, 0xE0, 0xFF, 0xC7, 0xCF, 0x9C, 0x0E, 0xF0, 0x3F, 0x80, 0x7E, 0x01, 0xF8,
    0x07, 0xE0, 0x1F, 0x80, 0x7F, 0x03, 0xDE, 0x0E, 0x7F, 0xF8, 0xFF, 0xC0, 0xFC, 0x00, 0xE0, 0x07,
    0x00, 0x1E, 0x00, 0x7C, 0x00, 0x04, 0x07, 0xF1, 0xFF, 0x78, 0xEE, 0x0F, 0xC1, 0xF8, 0x3F, 0x07,
    0xE1, 0xEE, 0x39, 0xFF, 0x1F, 0x80, 0xE0, 0x38, 0x07, 0xC0, 0x78, 0x0F, 0xC0, 0x3F, 0x00, 0x00,
    0x00, 0x00, 0x0F, 0xE0, 0xFF, 0xC7, 0xCF, 0x9C, 0x0E, 0xF0, 0x3F, 0x80, 0x7E, 0x01, 0xF8, 0x07,
    0xE0, 0x1F, 0x80, 0x7F, 0x03, 0xDE, 0x0E, 0x7F, 0xF8, 0xFF, 0xC0, 0xFC, 0x00, 0xE0, 0x07, 0x00,
    0x1E, 0x00, 0x7C, 0x00, 0x3F, 0x07, 0xE0, 0x00, 0x02, 0x03, 0xF8, 0xFF, 0xBC, 0x77, 0x07, 0xE0,
    0xFC, 0x1F, 0x83, 0xF0, 0xF7, 0x1C, 0xFF, 0x8F, 0xC0, 0x70, 0x1C, 0x03, 0xE0, 0x3C, 0x00, 0x39,
    0xC0, 0xFC, 0x03, 0xC0, 0x00, 0x00, 0x00, 0x3F, 0xF9, 0xFF, 0xC0, 0x1E, 0x01, 0xE0, 0x1E, 0x01,
    0xE0, 0x1C, 0x00, 0xF8, 0x07, 0xF0, 0x03, 0xC0, 0x0E, 0x00, 0x70, 0x03, 0xC0, 0x1D, 0xC0, 0xEE,
    0x07, 0x7C, 0x79, 0xFF, 0x87, 0xF8, 0x39, 0xC1, 0xF0, 0x0F, 0x00, 0x00, 0x00, 0x07, 0xFE, 0x7F,
    0xE0, 0x1C, 0x03, 0x80, 0x70, 0x0E, 0x00, 0xF8, 0x0F, 0xC0, 0x1E, 0x00, 0xE0, 0x0F, 0xE0, 0xEF,
    0x9E, 0x7F, 0xC3, 0xF8, 0xE7, 0x7E, 0x3C, 0x00, 0x00, 0x38, 0x38, 0x38, 0x38, 0x38, 0x38, 0x38,
    0x38, 0x38, 0x38, 0x38, 0x38, 0x38, 0xF8, 0xF0, 0xFF, 0x81, 0xFF, 0xFF, 0xFC, 0x3F, 0xFF, 0xFF,
    0xC0, 0x07, 0x70, 0x38, 0x01, 0xCE, 0x07, 0x80, 0x79, 0xC0, 0x70, 0x0E, 0x38, 0x0E, 0x03, 0x87,
    0x01, 0xC0, 0xF0, 0xE0, 0x38, 0x1C, 0x1C, 0x07, 0x07, 0x03, 0x81, 0xE1, 0xC0, 0x70, 0x78, 0x78,
    0x0F, 0xFF, 0x0F, 0xFF, 0xFF, 0xC3, 0xFF, 0xFF, 0xE0, 0x7F, 0xF8, 0xFF, 0x80, 0x00, 0x7F, 0xF0,
    0x00, 0x3F, 0xFC, 0x00, 0x1C, 0x0E, 0x00, 0x0E, 0x07, 0x9F, 0xFF, 0x01, 0xCF, 0xFF, 0x80, 0xE0,
    0x1D, 0xC0, 0x70, 0x1C, 0xE0, 0x38, 0x1C, 0x70, 0x1C, 0x1E, 0x38, 0x1E, 0x1E, 0x1C, 0x1E, 0x0E,
    0x0F, 0xFF, 0x0E, 0x07, 0xFF, 0x0F, 0xFF, 0xFE, 0x07, 0xFE, 0x00, 0xE0, 0x00, 0x01, 0xC0, 0x00,
    0x03, 0x80, 0x00, 0x47, 0x00, 0x03, 0xEE, 0x3F, 0xEF, 0xFC, 0x7F, 0xFC, 0x78, 0x07, 0x70, 0x70,
    0x1C, 0xE0, 0xE0, 0x71, 0xC1, 0xC1, 0xE3, 0x83, 0x87, 0x87, 0x0F, 0x0E, 0x0F, 0x3E, 0x38, 0x0F,
    0xFC, 0xFF, 0xCF, 0xB9, 0xFF, 0x80, 0x01, 0xC0, 0x06, 0x00, 0x30, 0x00, 0x00, 0x00, 0x00, 0x3F,
    0x83, 0xFF, 0x1F, 0x3E, 0x70, 0x3B, 0xC0, 0xEE, 0x00, 0x38, 0x00, 0xE1, 0xFF, 0x87, 0xFE, 0x01,
    0xFC, 0x0E, 0x78, 0x39, 0xFF, 0xE3, 0xFF, 0x03, 0xF0, 0x07, 0x80, 0xE0, 0x38, 0x00, 0x00, 0x80,
    0x7D, 0xDF, 0xFF, 0x8F, 0xE0, 0xFC, 0x1F, 0x83, 0xF0, 0x7E, 0x1E, 0xF7, 0xDF, 0xB8, 0xE7, 0x00,
    0xFC, 0x3D, 0xFF, 0x1F, 0xC0, 0x40, 0xE0, 0x38, 0x07, 0x01, 0xC0, 0x38, 0x0E, 0x01, 0xC0, 0x70,
    0x0E, 0x03, 0x83, 0xF0, 0x1C, 0x1F, 0xFF, 0xE0, 0xFF, 0xFF, 0x07, 0xFF, 0xF8, 0x3F, 0x01, 0xC1,
    0xF8, 0x0E, 0x0F, 0xC0, 0x78, 0x7E, 0x01, 0xEF, 0xF0, 0x0F, 0xFB, 0x80, 0x1F, 0x80, 0xFF, 0x8F,
    0xFC, 0xF1, 0xEE, 0x0E, 0xE0, 0xFE, 0x0F, 0xE0, 0x7E, 0x07, 0xE0, 0xFE, 0x0E, 0xE1, 0xEE, 0x1C,
    0xE3, 0xCE, 0xF8, 0xFE, 0x0F, 0x80, 0xE0, 0x0E, 0x00, 0xE0, 0x00, 0x0E, 0x00, 0x18, 0x00, 0x70,
    0x00, 0x00, 0x00, 0x03, 0xC0, 0xFF, 0x83, 0xFE, 0x0F, 0xFC, 0x3F, 0xB8, 0xFE, 0xE3, 0xF9, 0xCF,
    0xF7, 0xBF, 0xCE, 0xFF, 0x1F, 0xFC, 0x7F, 0xF0, 0xFF, 0xC3, 0xFF, 0x07, 0xFC, 0x0F, 0x38, 0x03,
    0x80, 0x30, 0x01, 0x00, 0x21, 0xDF, 0x3F, 0xF7, 0x8F, 0xE0, 0xFC, 0x1F, 0x83, 0xF0, 0x7E, 0x0F,
    0xC1, 0xF8, 0x3F, 0x07, 0x00, 0xE0, 0x03, 0x00, 0x00, 0x00, 0x1E, 0x00, 0x64, 0x00, 0xCC, 0x01,
    0xF0, 0x00, 0x00, 0x07, 0xC0, 0x0F, 0x80, 0x1F, 0x80, 0x77, 0x00, 0xEE, 0x01, 0xCE, 0x07, 0x9C,
    0x0E, 0x38, 0x1C, 0x78, 0x7F, 0xF0, 0xFF, 0xE1, 0xC1, 0xE7, 0x81, 0xCE, 0x03, 0xFC, 0x07, 0x80,
    0x07, 0x03, 0x00, 0x00, 0x78, 0x33, 0x0C, 0xC1, 0xE0, 0x30, 0x08, 0x1F, 0xC7, 0xFB, 0x87, 0x01,
    0xC7, 0xF7, 0xFF, 0x87, 0xE1, 0xF8, 0xFF, 0xFD, 0xF7, 0x00, 0x03, 0x80, 0x00, 0x70, 0x00, 0x06,
    0x00, 0x00, 0x00, 0x00, 0x00, 0x00, 0x1F, 0xFF, 0x03, 0xFF, 0xF0, 0x3B, 0x80, 0x07, 0xB8, 0x00,
    0x73, 0x80, 0x07, 0x38, 0x00, 0xE3, 0xFF, 0x0E, 0x3F, 0xF1, 0xE3, 0xFF, 0x1F, 0xF8, 0x03, 0xFF,
    0x80, 0x38, 0x38, 0x03, 0x83, 0xFF, 0x78, 0x3F, 0xFF, 0x03, 0xFF, 0x00, 0xE0, 0x00, 0x60, 0x00,
    0x70, 0x00, 0x00, 0x00, 0x81, 0x03, 0xFB, 0xF1, 0xFF, 0xFD, 0xC3, 0x87, 0x01, 0xC3, 0x9F, 0xFF,
    0xDF, 0xFF, 0xFC, 0x30, 0x0E, 0x1C, 0x07, 0x1F, 0x1F, 0xFF, 0xFC, 0xFC, 0xFC, 0x01, 0xC0, 0x06,
    0x00, 0x38, 0x00, 0x00, 0x00, 0x10, 0x3F, 0xE3, 0xFF, 0x1F, 0x3E, 0x70, 0x7B, 0xC3, 0xFE, 0x19,
    0xF8, 0x67, 0xE3, 0x1F, 0x98, 0x7E, 0xE1, 0xFF, 0x0F, 0x78, 0x39, 0xFF, 0xE3, 0xFF, 0x1B, 0xF0,
    0x20, 0x00, 0x07, 0x80, 0xE0, 0x38, 0x00, 0x00, 0x44, 0x7F, 0xDF, 0xF7, 0x8E, 0xE3, 0xFC, 0xDF,
    0xB3, 0xFC, 0x7F, 0x1E, 0xE3, 0x9F, 0xF7, 0xF8, 0x3D, 0xC0, 0x19, 0x80, 0x3B, 0x00, 0x01, 0x00,
    0x00, 0x00, 0xF8, 0x01, 0xF0, 0x03, 0xF0, 0x0E, 0xE0, 0x1D, 0xC0, 0x39, 0xC0, 0xF3, 0x81, 0xC7,
    0x03, 0x8F, 0x0F, 0xFE, 0x1F, 0xFC, 0x38, 0x3C, 0xF0, 0x39, 0xC0, 0x7F, 0x80, 0xF0, 0xEE, 0x19,
    0x83, 0x70, 0x00, 0x08, 0x1F, 0xC7, 0xFB, 0x87, 0x01, 0xC7, 0xF7, 0xFF, 0x87, 0xE1, 0xF8, 0xFF,
    0xFD, 0xF7, 0x03, 0xC0, 0x0F, 0xC0, 0x31, 0x80, 0x00, 0x00, 0x00, 0x00, 0xF8, 0x01, 0xF0, 0x03,
    0xF0, 0x0E, 0xE0, 0x1D, 0xC0, 0x39, 0xC0, 0xF3, 0x81, 0xC7, 0x03, 0x8F, 0x0F, 0xFE, 0x1F, 0xFC,
    0x38, 0x3C, 0xF0, 0x39, 0xC0, 0x7F, 0x80, 0xF0, 0x1E, 0x0F, 0xC6, 0x18, 0x00, 0x08, 0x1F, 0xC7,
    0xFB, 0x87, 0x01, 0xC7, 0xF7, 0xFF, 0x87, 0xE1, 0xF8, 0xFF, 0xFD, 0xF7, 0xEE, 0x0E, 0xE0, 0xEC,
    0x00, 0x00, 0x01, 0xFF, 0xFF, 0xFF, 0x00, 0xE0, 0x1C, 0x03, 0x80, 0x7F, 0xEF, 0xFD, 0xFF, 0xB8,
    0x07, 0x00, 0xE0, 0x1F, 0xFF, 0xFF, 0xFF, 0xF0, 0xEE, 0x0E, 0xE0, 0xCC, 0x04, 0x00, 0x40, 0x7F,
    0x1F, 0xF7, 0x8E, 0xE0, 0xDF, 0xFF, 0xFF, 0xF0, 0x0E, 0x00, 0xE3, 0x9F, 0xF1, 0xFC, 0x1F, 0x07,
    0xF0, 0xC6, 0x00, 0x00, 0x01, 0xFF, 0xFF, 0xFF, 0x00, 0xE0, 0x1C, 0x03, 0x80, 0x7F, 0xEF, 0xFD,
    0xFF, 0xB8, 0x07, 0x00, 0xE0, 0x1F, 0xFF, 0xFF, 0xFF, 0xF0, 0x1E, 0x07, 0xE0, 0xC6, 0x00, 0x00,
    0x40, 0x7F, 0x1F, 0xF7, 0x8E, 0xE0, 0xDF, 0xFF, 0xFF, 0xF0, 0x0E, 0x00, 0xE3, 0x9F, 0xF1, 0xFC,
    0xEE, 0x66, 0x37, 0x00, 0x00, 0x1C, 0x1C, 0x1C, 0x1C, 0x1C, 0x1C, 0x1C, 0x1C, 0x1C, 0x1C, 0x1C,
    0x1C, 0x1C, 0x1C, 0x1C, 0xEE, 0x66, 0x77, 0x00, 0x00, 0x1C, 0x1C, 0x1C, 0x1C, 0x1C, 0x1C, 0x1C,
    0x1C, 0x1C, 0x1C, 0x1C, 0x3C, 0x7E, 0xC3, 0x00, 0x00, 0x38, 0x38, 0x38, 0x38, 0x38, 0x38, 0x38,
    0x38, 0x38, 0x38, 0x38, 0x38, 0x38, 0x38, 0x38, 0x3C, 0xFF, 0x18, 0x00, 0x07, 0x0E, 0x1C, 0x38,
    0x70, 0xE1, 0xC3, 0x87, 0x0E, 0x1C, 0x3B, 0x80, 0x66, 0x00, 0xDC, 0x00, 0x00, 0x00, 0x00, 0x3F,
    0x83, 0xFF, 0x1F, 0x3E, 0x70, 0x3B, 0xC0, 0xFE, 0x01, 0xF8, 0x07, 0xE0, 0x1F, 0x80, 0x7E, 0x01,
    0xFC, 0x0F, 0x78, 0x39, 0xFF, 0xE3, 0xFF, 0x03, 0xF0, 0xEE, 0x0E, 0xE0, 0xEC, 0x00, 0x00, 0x40,
    0x7F, 0x1F, 0xF7, 0x8E, 0xE0, 0xFC, 0x1F, 0x83, 0xF0, 0x7E, 0x1E, 0xE3, 0x9F, 0xF1, 0xF8, 0x07,
    0x80, 0x3F, 0x01, 0x86, 0x00, 0x00, 0x00, 0x00, 0x3F, 0x83, 0xFF, 0x1F, 0x3E, 0x70, 0x3B, 0xC0,
    0xFE, 0x01, 0xF8, 0x07, 0xE0, 0x1F, 0x80, 0x7E, 0x01, 0xFC, 0x0F, 0x78, 0x39, 0xFF, 0xE3, 0xFF,
    0x03, 0xF0, 0x1F, 0x07, 0xF0, 0xC6, 0x00, 0x00, 0x40, 0x7F, 0x1F, 0xF7, 0x8E, 0xE0, 0xFC, 0x1F,
    0x83, 0xF0, 0x7E, 0x1E, 0xE3, 0x9F, 0xF1, 0xF8, 0xF7, 0x03, 0x30, 0x3B, 0x00, 0x08, 0x00, 0x0F,
    0xF8, 0xFF, 0xEE, 0x1E, 0xE0, 0xFE, 0x0F, 0xE0, 0xFE, 0x0E, 0xFF, 0xEF, 0xFC, 0xFF, 0x8E, 0x3C,
    0xE1, 0xCE, 0x1E, 0xE0, 0xEE, 0x07, 0xF7, 0x3B, 0x8E, 0xC0, 0x10, 0x09, 0xDC, 0xFE, 0x78, 0x3C,
    0x1C, 0x0E, 0x07, 0x03, 0x81, 0xC0, 0xE0, 0x70, 0x0F, 0x01, 0xF8, 0x31, 0x80, 0x00, 0x00, 0x0F,
    0xF8, 0xFF, 0xEE, 0x1E, 0xE0, 0xFE, 0x0F, 0xE0, 0xFE, 0x0E, 0xFF, 0xEF, 0xFC, 0xFF, 0x8E, 0x3C,
    0xE1, 0xCE, 0x1E, 0xE0, 0xEE, 0x07, 0x7C, 0xFF, 0x18, 0x00, 0x3D, 0xFF, 0xF8, 0xF1, 0xC3, 0x87,
    0x0E, 0x1C, 0x38, 0x70, 0x7B, 0x81, 0xDC, 0x07, 0x60, 0x00, 0x00, 0x00, 0x70, 0x1F, 0x80, 0xFC,
    0x07, 0xE0, 0x3F, 0x01, 0xF8, 0x0F, 0xC0, 0x7E, 0x03, 0xF0, 0x1F, 0x80, 0xFE, 0x07, 0x70, 0x7B,
    0xFF, 0x8F, 0xF8, 0x3F, 0x80, 0xE6, 0x0E, 0xE0, 0xEC, 0x00, 0x00, 0x01, 0xC1, 0xF8, 0x3F, 0x07,
    0xE0, 0xFC, 0x1F, 0x83, 0xF0, 0x7F, 0x1E, 0xF7, 0xDF, 0xB9, 0xE7, 0x0F, 0x80, 0xFE, 0x06, 0x30,
    0x00, 0x00, 0x00, 0x70, 0x1F, 0x80, 0xFC, 0x07, 0xE0, 0x3F, 0x01, 0xF8, 0x0F, 0xC0, 0x7E, 0x03,
    0xF0, 0x1F, 0x80, 0xFE, 0x07, 0x70, 0x7B, 0xFF, 0x8F, 0xF8, 0x3F, 0x80, 0x1F, 0x07, 0xF0, 0xC6,
    0x00, 0x00, 0x01, 0xC1, 0xF8, 0x3F, 0x07, 0xE0, 0xFC, 0x1F, 0x83, 0xF0, 0x7F, 0x1E, 0xF7, 0xDF,
    0xB9, 0xE7, 0x3F, 0x87, 0xFE, 0x79, 0xEF, 0x0F, 0xF0, 0x0F, 0x80, 0x7F, 0x03, 0xFC, 0x07, 0xE0,
    0x0F, 0xE0, 0x7E, 0x0F, 0xF9, 0xE7, 0xFE, 0x3F, 0x80, 0x00, 0x0E, 0x00, 0xE0, 0x0C, 0x00, 0xC0,
    0x08, 0x1F, 0xCF, 0xFB, 0x87, 0xE0, 0x3F, 0x87, 0xF8, 0x1F, 0x21, 0xF8, 0xFF, 0xF8, 0xFC, 0x00,
    0x07, 0x01, 0xC0, 0x60, 0x18, 0x00, 0xFF, 0xFF, 0xFF, 0x0F, 0x00, 0xF0, 0x0F, 0x00, 0xF0, 0x0F,
    0x00, 0xF0, 0x0F, 0x00, 0xF0, 0x0F, 0x00, 0xF0, 0x0F, 0x00, 0xF0, 0x0F, 0x00, 0x00, 0x0E, 0x00,
    0xE0, 0x0C, 0x00, 0xC0, 0x38, 0x70, 0xE7, 0xFF, 0xE7, 0x0E, 0x1C, 0x38, 0x70, 0xE1, 0xC3, 0xE3,
    0xC0, 0x0E, 0x18, 0x70, 0xC0, 0x3F, 0xC7, 0xFE, 0x71, 0xEE, 0x0E, 0x00, 0xE0, 0x0E, 0x00, 0xE0,
    0x3C, 0x0F, 0xC7, 0xFE, 0x7C, 0xF4, 0x0F, 0x00, 0xF0, 0x0E, 0x01, 0xE0, 0x3C, 0x1F, 0x87, 0xF0,
    0x78, 0x00, 0x08, 0x1F, 0xC7, 0xFB, 0x8E, 0x03, 0xC0, 0xE0, 0x78, 0x7E, 0x7F, 0x9C, 0x70, 0x1C,
    0x0F, 0x07, 0x87, 0xC7, 0xE1, 0xE0, 0x1C, 0xE0, 0x7E, 0x01, 0xE0, 0x00, 0x00, 0x00, 0x70, 0x1F,
    0x80, 0xFC, 0x07, 0xE0, 0x3F, 0x01, 0xF8, 0x0F, 0xFF, 0xFF, 0xFF, 0xFF, 0xFF, 0x80, 0xFC, 0x07,
    0xE0, 0x3F, 0x01, 0xF8, 0x0F, 0xC0, 0x70, 0xE7, 0x03, 0xF0, 0x0F, 0x00, 0x00, 0x00, 0x00, 0x1C,
    0x00, 0xE0, 0x07, 0x00, 0x38, 0x81, 0xDF, 0x0F, 0xFC, 0x78, 0xF3, 0x83, 0x9C, 0x1C, 0xE0, 0xE7,
    0x07, 0x38, 0x39, 0xC1, 0xCE, 0x0E, 0x70, 0x70, 0xE6, 0x70, 0x7E, 0xC0, 0x38, 0x7C, 0xE7, 0x67,
    0xFE, 0x70, 0xFF, 0xF0, 0xC7, 0xDD, 0xF0, 0x6F, 0x60, 0xC7, 0xDF, 0x18, 0xEF, 0x60, 0x7B, 0x2C,
    0xFE, 0x70, 0xE7, 0x7E, 0x3C, 0xEE, 0x66, 0x37, 0xFF, 0xFD, 0x80, 0xFF, 0xFD, 0x80, 0x76, 0x6E,
    0x40, 0x6F, 0x60, 0x6F, 0xE4, 0x47, 0x1F, 0xFC, 0xFF, 0xE7, 0x7E, 0x3C, 0x01, 0x81, 0x80, 0x80,
    0xC0, 0x40, 0x60, 0x20, 0x30, 0x10, 0x18, 0x08, 0x0C, 0x0C, 0x00, 0x00, 0x20, 0x0C, 0x03, 0x00,
    0x40, 0x18, 0x02, 0x00, 0x80, 0x30, 0x04, 0x01, 0x80, 0x20, 0x08, 0x03, 0x00, 0x40, 0x18, 0x02,
    0x00, 0x80, 0x00, 0x67, 0xFF, 0x70, 0x77, 0x6E, 0xFF, 0xFF, 0x1E, 0x30, 0xFE, 0x00, 0x07, 0xF0,
    0xCF, 0x3C, 0xF3, 0xFF, 0x33, 0x2F, 0x7F, 0xDE, 0x10, 0x18, 0x1C, 0x1C, 0x23, 0x7F, 0xCE, 0x18,
    0x1C, 0x1C, 0x21, 0x7F, 0xC6, 0x7B, 0xFF, 0x26, 0x21, 0xBF, 0xE8, 0x62, 0x60, 0x23, 0xAA, 0x42,
    0x00, 0x00, 0x80, 0xE0, 0xFC, 0x1F, 0x0F, 0x7E, 0xF8, 0xC0, 0x2B, 0x30, 0x7D, 0xFF, 0x18, 0x83,
    0x87, 0x00, 0xDB, 0x9D, 0xB0, 0x1F, 0xCE, 0x0F, 0x04, 0xE1, 0xF3, 0xF8, 0x80, 0xE0, 0xC7, 0xB8,
    0xF5, 0x79, 0xB8, 0x22, 0xD7, 0x80, 0x6F, 0x60, 0x27, 0xC8, 0xA1, 0x00, 0x7F, 0x64, 0xD2, 0x6E,
    0xE0, 0x62, 0x3E, 0x23, 0x00, 0xF0, 0x0F, 0x3E, 0x7C, 0x0F, 0xF8, 0xE0, 0x0E, 0x7D, 0xF8, 0x7F,
    0xC0, 0xFF, 0xFF, 0xFF, 0xFF, 0xFF, 0xFF, 0x00, 0x00, 0x13, 0xFF, 0xFF, 0xF9, 0xFF, 0xFC, 0x80,
    0x00, 0x00, 0x0F, 0xF0, 0x7F, 0xF9, 0xC0, 0x3E, 0x00, 0x30, 0x00, 0x06, 0x00, 0x00, 0xEF, 0xFF,
    0xFC, 0x00, 0x0E, 0x00, 0x06, 0x00, 0x76, 0xDF, 0xBD, 0xBC, 0x76, 0xFF, 0xFC, 0xB8, 0xEA, 0xAA,
    0x76, 0xE3, 0x1D, 0xB8, 0xDE, 0xF7, 0xBD, 0xB4, 0x76, 0xF1, 0x8D, 0xB8, 0x08, 0x5B, 0xBC, 0xE7,
    0x6D, 0xC6, 0x3D, 0xBD, 0xEF, 0x7B, 0xFF, 0x6E, 0xF2, 0x79, 0x3C, 0x9E, 0x4C, 0xFF, 0xCC, 0xCC,
    0x6F, 0x66, 0x66, 0x30, 0xDE, 0xD4, 0xA7, 0x10, 0xDB, 0xDC, 0xE5, 0xE4, 0x38, 0x03, 0x80, 0x30,
    0x01, 0x00, 0x01, 0xFF, 0xFF, 0xFF, 0x00, 0xE0, 0x1C, 0x03, 0x80, 0x7F, 0xEF, 0xFD, 0xFF, 0xB8,
    0x07, 0x00, 0xE0, 0x1F, 0xFF, 0xFF, 0xFF, 0xF0, 0x31, 0x87, 0x70, 0xC6, 0x00, 0x00, 0x01, 0xFF,
    0xFF, 0xFF, 0x00, 0xE0, 0x1C, 0x03, 0x80, 0x7F, 0xEF, 0xFD, 0xFF, 0xB8, 0x07, 0x00, 0xE0, 0x1F,
    0xFF, 0xFF, 0xFF, 0xF0, 0xFF, 0xF0, 0xFF, 0xF0, 0x0F, 0x00, 0x0F, 0x00, 0x0F, 0x00, 0x0F, 0x00,
    0x0F, 0xFC, 0x0F, 0xFE, 0x0F, 0xDE, 0x0F, 0x0F, 0x0F, 0x07, 0x0F, 0x07, 0x0F, 0x0F, 0x0F, 0x7E,
    0x0F, 0x7E, 0x00, 0x78, 0x03, 0x81, 0xC0, 0x60, 0x20, 0x00, 0x3F, 0xFF, 0xFF, 0x80, 0xE0, 0x38,
    0x0E, 0x03, 0x80, 0xE0, 0x38, 0x0E, 0x03, 0x80, 0xE0, 0x38, 0x0E, 0x03, 0x80, 0x0F, 0xE0, 0xFF,
    0xC7, 0xCF, 0x9C, 0x0E, 0xF0, 0x3F, 0x80, 0x0F, 0xF8, 0x3F, 0xE0, 0xFF, 0x83, 0x80, 0x1F, 0x03,
    0x9C, 0x0E, 0x7F, 0xF0, 0xFF, 0xC0, 0xFC, 0x00, 0x3F, 0x87, 0xFE, 0x79, 0xEF, 0x0F, 0xF0, 0x0F,
    0x80, 0x7F, 0x03, 0xFC, 0x07, 0xE0, 0x0F, 0xE0, 0x7E, 0x0F, 0xF9, 0xE7, 0xFE, 0x3F, 0x80, 0xFF,
    0xFF, 0xFF, 0xFF, 0xFF, 0xF8, 0x66, 0xE7, 0xE6, 0x00, 0x00, 0x38, 0x38, 0x38, 0x38, 0x38, 0x38,
    0x38, 0x38, 0x38, 0x38, 0x38, 0x38, 0x38, 0x38, 0x38, 0x01, 0xC0, 0x70, 0x1C, 0x07, 0x01, 0xC0,
    0x70, 0x1C, 0x07, 0x01, 0xC0, 0x7E, 0x1F, 0x87, 0xF3, 0x9F, 0xE3, 0xF0, 0x1F, 0xF8, 0x00, 0xFF,
    0xC0, 0x07, 0x0E, 0x00, 0x38, 0x70, 0x01, 0xC3, 0x80, 0x0E, 0x1F, 0xE0, 0xE0, 0xFF, 0xC7, 0x07,
    0xFF, 0x38, 0x38, 0x39, 0xC1, 0xC1, 0xCE, 0x0E, 0x0E, 0x70, 0x70, 0x7F, 0x03, 0xFF, 0xF8, 0x1F,
    0xFB, 0x80, 0xFF, 0x80, 0xE0, 0x38, 0x03, 0x80, 0xE0, 0x0E, 0x03, 0x80, 0x38, 0x0E, 0x00, 0xE0,
    0x38, 0x03, 0xFF, 0xFF, 0x0F, 0xFF, 0xFF, 0x3F, 0xFF, 0xFE, 0xE0, 0x38, 0x3B, 0x80, 0xE0, 0x7E,
    0x03, 0x81, 0xF8, 0x0E, 0x0E, 0xE0, 0x3F, 0xFB, 0x80, 0xFF, 0xCE, 0x03, 0xFE, 0x00, 0xFF, 0xF8,
    0xFF, 0xF8, 0x0F, 0x00, 0x0F, 0x00, 0x0F, 0x00, 0x0F, 0x00, 0x0F, 0xFE, 0x0F, 0xFF, 0x0F, 0x0F,
    0x0F, 0x07, 0x0F, 0x07, 0x0F, 0x07, 0x0F, 0x07, 0x0F, 0x07, 0x0F, 0x07, 0x03, 0x80, 0x18, 0x01,
    0xC0, 0x00, 0x00, 0x00, 0x70, 0x3F, 0x83, 0xDC, 0x1C, 0xE1, 0xE7, 0x1E, 0x38, 0xE1, 0xFE, 0x0F,
    0xF0, 0x7F, 0xC3, 0x8E, 0x1C, 0x38, 0xE1, 0xE7, 0x07, 0xB8, 0x1D, 0xC0, 0xF0, 0x0E, 0x00, 0x18,
    0x00, 0x70, 0x00, 0x00, 0x00, 0x03, 0xC0, 0xFF, 0x07, 0xFC, 0x3F, 0xF0, 0xFF, 0xC7, 0xFF, 0x1F,
    0xFC, 0xEF, 0xF7, 0xBF, 0xDC, 0xFE, 0xE3, 0xFB, 0x8F, 0xFC, 0x3F, 0xE0, 0xFF, 0x83, 0xFC, 0x0F,
    0x0C, 0x60, 0x3B, 0x00, 0x78, 0x00, 0x00, 0x80, 0x01, 0xC0, 0xF7, 0x83, 0x8E, 0x1E, 0x3C, 0x70,
    0x71, 0xC1, 0xEE, 0x03, 0xB8, 0x0E, 0xE0, 0x1F, 0x00, 0x7C, 0x00, 0xE0, 0x03, 0x80, 0x7C, 0x01,
    0xF0, 0x07, 0x80, 0xE0, 0x3F, 0x01, 0xF8, 0x0F, 0xC0, 0x7E, 0x03, 0xF0, 0x1F, 0x80, 0xFC, 0x07,
    0xE0, 0x3F, 0x01, 0xF8, 0x0F, 0xC0, 0x7F, 0xFF, 0xFF, 0xFF, 0xFF, 0xE0, 0xE0, 0x07, 0x00, 0x38,
    0x00, 0x07, 0xC0, 0x0F, 0x80, 0x1F, 0x80, 0x77, 0x00, 0xEE, 0x01, 0xCE, 0x07, 0x9C, 0x0E, 0x38,
    0x1C, 0x78, 0x7F, 0xF0, 0xFF, 0xE1, 0xC1, 0xE7, 0x81, 0xCE, 0x03, 0xFC, 0x07, 0x80, 0xFF, 0xCF,
    0xFC, 0xE0, 0x0E, 0x00, 0xE0, 0x0E, 0x00, 0xFF, 0x8F, 0xFE, 0xE1, 0xEE, 0x0F, 0xE0, 0x7E, 0x0F,
    0xE1, 0xEF, 0xFE, 0xFF, 0x80, 0xFF, 0x8F, 0xFE, 0xE1, 0xEE, 0x0E, 0xE0, 0xEE, 0x0E, 0xFF, 0xCF,
    0xFC, 0xE1, 0xEE, 0x07, 0xE0, 0x7E, 0x07, 0xFF, 0xFF, 0xFE, 0xFF, 0xC0, 0xFF, 0xFF, 0xFE, 0x03,
    0x80, 0xE0, 0x38, 0x0E, 0x03, 0x80, 0xE0, 0x38, 0x0E, 0x03, 0x80, 0xE0, 0x38, 0x0E, 0x00, 0x0F,
    0xFC, 0x0F, 0xFC, 0x0E, 0x1C, 0x0E, 0x1C, 0x1E, 0x1C, 0x1C, 0x1C, 0x1C, 0x1C, 0x1C, 0x1C, 0x1C,
    0x1C, 0x1C, 0x1C, 0x1C, 0x1C, 0x38, 0x1C, 0xFF, 0xFF, 0xFF, 0xFF, 0xFF, 0xFF, 0xE0, 0x07, 0xE0,
    0x07, 0xE0, 0x07, 0xFF, 0xFF, 0xFF, 0x80, 0x70, 0x0E, 0x01, 0xC0, 0x3F, 0xF7, 0xFE, 0xFF, 0xDC,
    0x03, 0x80, 0x70, 0x0F, 0xFF, 0xFF, 0xFF, 0xF8, 0xF0, 0x70, 0xFB, 0x83, 0x87, 0x1E, 0x1C, 0x78,
    0x78, 0xE3, 0x81, 0xC7, 0x3C, 0x0F, 0x39, 0xC0, 0x3F, 0xFC, 0x01, 0xFF, 0xE0, 0x1F, 0xFF, 0x80,
    0xE3, 0x9E, 0x0F, 0x1C, 0x70, 0x70, 0xE3, 0xC7, 0x87, 0x0E, 0x78, 0x38, 0x7B, 0x81, 0xC1, 0xE0,
    0x3F, 0x8F, 0xF9, 0xC7, 0xF0, 0x70, 0x0E, 0x03, 0xC3, 0xF0, 0x7C, 0x03, 0xE0, 0x1C, 0x03, 0xF0,
    0x7F, 0x9E, 0xFF, 0x8F, 0xE0, 0xF0, 0x3F, 0xC1, 0xFF, 0x0F, 0xFC, 0x3F, 0xF1, 0xFF, 0xC7, 0xFF,
    0x3B, 0xFD, 0xEF, 0xF7, 0x3F, 0xB8, 0xFE, 0xE3, 0xFF, 0x0F, 0xF8, 0x3F, 0xE0, 0xFF, 0x03, 0xC0,
    0x18, 0xC0, 0x37, 0x00, 0xF8, 0x00, 0x00, 0x00, 0x03, 0xC0, 0xFF, 0x07, 0xFC, 0x3F, 0xF0, 0xFF,
    0xC7, 0xFF, 0x1F, 0xFC, 0xEF, 0xF7, 0xBF, 0xDC, 0xFE, 0xE3, 0xFB, 0x8F, 0xFC, 0x3F, 0xE0, 0xFF,
    0x83, 0xFC, 0x0F, 0xE0, 0x7F, 0x07, 0xB8, 0x39, 0xC3, 0xCE, 0x3C, 0x71, 0xC3, 0xFC, 0x1F, 0xE0,
    0xFF, 0x87, 0x1C, 0x38, 0x71, 0xC3, 0xCE, 0x0F, 0x70, 0x3B, 0x81, 0xE0, 0x1F, 0xF8, 0xFF, 0xC7,
    0x0E, 0x38, 0x71, 0xC3, 0x8E, 0x1C, 0xE0, 0xE7, 0x07, 0x38, 0x39, 0xC1, 0xCE, 0x0E, 0x70, 0x7F,
    0x03, 0xF8, 0x1F, 0x80, 0xE0, 0xF8, 0x0F, 0xFE, 0x07, 0xFF, 0x07, 0xFD, 0x83, 0xFE, 0xE1, 0xFF,
    0x71, 0xDF, 0xB8, 0xEF, 0xCE, 0x77, 0xE7, 0x73, 0xF3, 0xB9, 0xF8, 0xFC, 0xFC, 0x7C, 0x7E, 0x1E,
    0x3F, 0x0F, 0x1F, 0x87, 0x0E, 0xE0, 0x3F, 0x01, 0xF8, 0x0F, 0xC0, 0x7E, 0x03, 0xF0, 0x1F, 0xFF,
    0xFF, 0xFF, 0xFF, 0xFF, 0x01, 0xF8, 0x0F, 0xC0, 0x7E, 0x03, 0xF0, 0x1F, 0x80, 0xE0, 0x0F, 0xE0,
    0xFF, 0xC7, 0xCF, 0x9C, 0x0E, 0xF0, 0x3F, 0x80, 0x7E, 0x01, 0xF8, 0x07, 0xE0, 0x1F, 0x80, 0x7F,
    0x03, 0xDE, 0x0E, 0x7F, 0xF8, 0xFF, 0xC0, 0xFC, 0x00, 0xFF, 0xFF, 0xFF, 0xF8, 0x0F, 0xC0, 0x7E,
    0x03, 0xF0, 0x1F, 0x80, 0xFC, 0x07, 0xE0, 0x3F, 0x01, 0xF8, 0x0F, 0xC0, 0x7E, 0x03, 0xF0, 0x1F,
    0x80, 0xE0, 0xFF, 0x8F, 0xFE, 0xE1, 0xEE, 0x0F, 0xE0, 0xFE, 0x0F, 0xE0, 0xFE, 0x3E, 0xFF, 0xCF,
    0xF8, 0xE0, 0x0E, 0x00, 0xE0, 0x0E, 0x00, 0xE0, 0x00, 0x0F, 0xE0, 0xFF, 0xC7, 0xCF, 0x9C, 0x0E,
    0xF0, 0x3F, 0x80, 0x0E, 0x00, 0x38, 0x00, 0xE0, 0x03, 0x80, 0x1F, 0x03, 0x9E, 0x0E, 0x7F, 0xF0,
    0xFF, 0xC0, 0xFC, 0x00, 0xFF, 0xFF, 0xFF, 0x0F, 0x00, 0xF0, 0x0F, 0x00, 0xF0, 0x0F, 0x00, 0xF0,
    0x0F, 0x00, 0xF0, 0x0F, 0x00, 0xF0, 0x0F, 0x00, 0xF0, 0x0F, 0x00, 0xF0, 0x3D, 0xE0, 0xE3, 0x87,
    0x8F, 0x1C, 0x1C, 0x70, 0x7B, 0x80, 0xEE, 0x03, 0xB8, 0x07, 0xC0, 0x1F, 0x00, 0x38, 0x00, 0xE0,
    0x1F, 0x00, 0x7C, 0x01, 0xE0, 0x00, 0x03, 0x80, 0x07, 0x00, 0x3F, 0xC1, 0xFF, 0xC7, 0xFF, 0xCE,
    0x73, 0xF8, 0xE3, 0xF1, 0xC7, 0xE3, 0x8F, 0xC7, 0x1F, 0x8E, 0x3B, 0x9C, 0xF7, 0xFF, 0xC7, 0xFF,
    0x03, 0xF8, 0x01, 0xC0, 0x03, 0x80, 0xF0, 0x79, 0xE1, 0xC3, 0x8F, 0x0F, 0x38, 0x1D, 0xC0, 0x3F,
    0x00, 0xF8, 0x01, 0xE0, 0x0F, 0x80, 0x7F, 0x01, 0xDE, 0x0F, 0x38, 0x78, 0x71, 0xC1, 0xEE, 0x03,
    0xC0, 0xE0, 0x3B, 0x80, 0xEE, 0x03, 0xB8, 0x0E, 0xE0, 0x3B, 0x80, 0xEE, 0x03, 0xB8, 0x0E, 0xE0,
    0x3B, 0x80, 0xEE, 0x03, 0xB8, 0x0E, 0xFF, 0xFB, 0xFF, 0xFF, 0xFF, 0xC0, 0x07, 0x00, 0x1C, 0x00,
    0x70, 0xE0, 0x7E, 0x07, 0xE0, 0x7E, 0x07, 0xE0, 0x7F, 0x07, 0x70, 0x77, 0xFF, 0x3F, 0xF0, 0xE7,
    0x00, 0x70, 0x07, 0x00, 0x70, 0x07, 0x00, 0x70, 0xE0, 0xE1, 0xF8, 0x38, 0x7E, 0x0E, 0x1F, 0x83,
    0x87, 0xE0, 0xE1, 0xF8, 0x38, 0x7E, 0x0E, 0x1F, 0x83, 0x87, 0xE0, 0xE1, 0xF8, 0x38, 0x7E, 0x0E,
    0x1F, 0x83, 0x87, 0xFF, 0xFF, 0xFF, 0xFF, 0xFF, 0xFF, 0xFC, 0xE0, 0xE1, 0xCE, 0x0E, 0x1C, 0xE0,
    0xE1, 0xCE, 0x0E, 0x1C, 0xE0, 0xE1, 0xCE, 0x0E, 0x1C, 0xE0, 0xE1, 0xCE, 0x0E, 0x1C, 0xE0, 0xE1,
    0xCE, 0x0E, 0x1C, 0xE0, 0xE1, 0xCE, 0x0E, 0x1C, 0xFF, 0xFF, 0xCF, 0xFF, 0xFF, 0xFF, 0xFF, 0xF0,
    0x00, 0x07, 0x00, 0x00, 0x70, 0x00, 0x07, 0xFE, 0x01, 0xFC, 0x00, 0x38, 0x00, 0x70, 0x00, 0xE0,
    0x01, 0xFE, 0x03, 0xFF, 0x07, 0xFF, 0x0E, 0x0E, 0x1C, 0x1C, 0x38, 0x38, 0x70, 0x70, 0xFF, 0xE1,
    0xFF, 0x83, 0xFE, 0x00, 0xE0, 0x03, 0xF0, 0x01, 0xF8, 0x00, 0xFC, 0x00, 0x7E, 0x00, 0x3F, 0xFC,
    0x1F, 0xFF, 0x0F, 0xFF, 0xC7, 0xE0, 0xF3, 0xF0, 0x39, 0xF8, 0x1C, 0xFC, 0x1E, 0x7F, 0xFE, 0x3F,
    0xFF, 0x1F, 0xFE, 0x0E, 0xE0, 0x0E, 0x00, 0xE0, 0x0E, 0x00, 0xE0, 0x0F, 0xF8, 0xFF, 0xCF, 0xFE,
    0xE0, 0xFE, 0x07, 0xE0, 0x7E, 0x0F, 0xFF, 0xEF, 0xFE, 0xFF, 0x80, 0x1F, 0xC1, 0xFF, 0x1E, 0x7D,
    0xE0, 0xFE, 0x03, 0x80, 0x1C, 0x1F, 0xE0, 0xFF, 0x07, 0xF8, 0x01, 0xF8, 0x0F, 0xE0, 0xF7, 0xFF,
    0x1F, 0xF0, 0x7F, 0x00, 0xE0, 0x7F, 0x0E, 0x0F, 0xFC, 0xE1, 0xF3, 0xCE, 0x3C, 0x1E, 0xE3, 0x80,
    0xEE, 0x38, 0x0F, 0xFF, 0x80, 0x7F, 0xF8, 0x07, 0xFF, 0x80, 0x7E, 0x38, 0x0F, 0xE3, 0x80, 0xEE,
    0x3C, 0x1E, 0xE1, 0xFF, 0xCE, 0x0F, 0xF8, 0xE0, 0x7F, 0x00, 0x1F, 0xF3, 0xFF, 0x7C, 0x77, 0x07,
    0x70, 0x77, 0x07, 0x78, 0x73, 0xFF, 0x1F, 0xF1, 0xFF, 0x1C, 0x73, 0xC7, 0x38, 0x77, 0x87, 0xF0,
    0x70, 0x08, 0x1F, 0xC7, 0xFB, 0x87, 0x01, 0xC7, 0xF7, 0xFF, 0x87, 0xE1, 0xF8, 0xFF, 0xFD, 0xF7,
    0x00, 0xC1, 0xF8, 0xFE, 0x3C, 0x06, 0x01, 0xDF, 0x37, 0xF7, 0x0F, 0xE0, 0xFC, 0x1F, 0x83, 0xF0,
    0x77, 0x1C, 0xFF, 0x0F, 0xC0, 0xFF, 0xBF, 0xEE, 0x1F, 0x86, 0xFF, 0xBF, 0xEE, 0x1F, 0x87, 0xE1,
    0xFF, 0xFF, 0xF8, 0xFF, 0xFF, 0xE0, 0xE0, 0xE0, 0xE0, 0xE0, 0xE0, 0xE0, 0xE0, 0xE0, 0x1F, 0xF0,
    0xFF, 0x87, 0x1C, 0x30, 0xE1, 0x87, 0x1C, 0x38, 0xE1, 0xC7, 0x0E, 0x70, 0x77, 0xFF, 0xFF, 0xFF,
    0xC0, 0x7E, 0x03, 0xF0, 0x1C, 0x04, 0x07, 0xF1, 0xFF, 0x78, 0xEE, 0x0D, 0xFF, 0xFF, 0xFF, 0x00,
    0xE0, 0x0E, 0x39, 0xFF, 0x1F, 0xC0, 0xF9, 0xE7, 0xCE, 0x79, 0xC1, 0xDE, 0xE0, 0x7F, 0xF8, 0x0F,
    0xFC, 0x03, 0xFF, 0x01, 0xFF, 0xE0, 0x77, 0xB8, 0x3D, 0xEF, 0x1E, 0x79, 0xEF, 0x1E, 0x3C, 0x08,
    0x3F, 0xBF, 0xDC, 0x70, 0x38, 0xF8, 0x7C, 0x0F, 0x03, 0xF3, 0xFF, 0xE7, 0xC0, 0xE1, 0xFC, 0x3F,
    0x8F, 0xF3, 0xFE, 0x6F, 0xDD, 0xFF, 0x3F, 0xC7, 0xF8, 0xFE, 0x1F, 0x83, 0x80, 0x31, 0x87, 0x70,
    0x7C, 0x00, 0x00, 0x01, 0xC3, 0xF8, 0x7F, 0x1F, 0xE7, 0xFC, 0xDF, 0xBB, 0xFE, 0x7F, 0x8F, 0xF1,
    0xFC, 0x3F, 0x07, 0xE1, 0xFC, 0x7B, 0x9E, 0x73, 0x8F, 0xF1, 0xFC, 0x3F, 0xC7, 0x3C, 0xE3, 0x9C,
    0x7B, 0x87, 0x80, 0x3F, 0xE7, 0xFC, 0xE3, 0x9C, 0x73, 0x8E, 0x71, 0xCE, 0x39, 0xC7, 0x78, 0xFE,
    0x1F, 0x83, 0x80, 0xF8, 0x3F, 0xF8, 0xFF, 0xF1, 0xFF, 0x63, 0x7E, 0xEE, 0xFD, 0xDD, 0xFB, 0xB3,
    0xF3, 0x67, 0xE7, 0xCF, 0xC7, 0x1F, 0x8E, 0x38, 0xE0, 0xFC, 0x1F, 0x83, 0xF0, 0x7F, 0xFF, 0xFF,
    0xF8, 0x3F, 0x07, 0xE0, 0xFC, 0x1F, 0x83, 0x80, 0x04, 0x07, 0xF1, 0xFF, 0x78, 0xEE, 0x0F, 0xC1,
    0xF8, 0x3F, 0x07, 0xE1, 0xEE, 0x39, 0xFF, 0x1F, 0x80, 0xFF, 0xFF, 0xFE, 0x1F, 0x87, 0xE1, 0xF8,
    0x7E, 0x1F, 0x87, 0xE1, 0xF8, 0x7E, 0x1C, 0x02, 0x1D, 0xF3, 0xFF, 0x78, 0xFF, 0x0F, 0xC1, 0xF8,
    0x3F, 0x07, 0xF0, 0xFF, 0x3F, 0xBF, 0x77, 0xCE, 0x01, 0xC0, 0x38, 0x07, 0x00, 0x04, 0x0F, 0xE7,
    0xFF, 0xC7, 0xE0, 0xB8, 0x0E, 0x03, 0x80, 0xE1, 0xDC, 0x77, 0xF8, 0xFC, 0xFF, 0xFF, 0xF0, 0xE0,
    0x38, 0x0E, 0x03, 0x80, 0xE0, 0x38, 0x0E, 0x03, 0x80, 0xE0, 0xF0, 0x77, 0x0F, 0x70, 0xE3, 0x8E,
    0x39, 0xC1, 0x9C, 0x1D, 0xC1, 0xF8, 0x0F, 0x80, 0xF0, 0x0F, 0x00, 0x70, 0x0E, 0x03, 0xE0, 0x7C,
    0x00, 0x03, 0x80, 0x0E, 0x00, 0x38, 0x01, 0xE0, 0x3F, 0xF1, 0xFF, 0xEF, 0x3B, 0xF8, 0xE7, 0xE3,
    0x9F, 0x8E, 0x7E, 0x39, 0xF8, 0xE7, 0x73, 0xBD, 0xFF, 0xE1, 0xFF, 0x00, 0xE0, 0x03, 0x80, 0x0E,
    0x00, 0x38, 0x00, 0x70, 0xE3, 0x9C, 0x3D, 0xC1, 0xF8, 0x0F, 0x00, 0xF0, 0x1F, 0x81, 0xF8, 0x39,
    0xC7, 0x9E, 0xF0, 0xF0, 0xE1, 0xCE, 0x1C, 0xE1, 0xCE, 0x1C, 0xE1, 0xCE, 0x1C, 0xE1, 0xCE, 0x1C,
    0xE1, 0xCF, 0xFF, 0xFF, 0xF0, 0x07, 0x00, 0x70, 0x07, 0xE1, 0xF8, 0x7E, 0x1F, 0x87, 0xF1, 0xDF,
    0xF7, 0xFC, 0x7F, 0x01, 0xC0, 0x70, 0x1C, 0xE3, 0x87, 0xE3, 0x87, 0xE3, 0x87, 0xE3, 0x87, 0xE3,
    0x87, 0xE3, 0x87, 0xE3, 0x87, 0xE3, 0x87, 0xE3, 0x87, 0xFF, 0xFF, 0xFF, 0xFF, 0xE3, 0x87, 0x71,
    0xC3, 0xB8, 0xE1, 0xDC, 0x70, 0xEE, 0x38, 0x77, 0x1C, 0x3B, 0x8E, 0x1D, 0xC7, 0x0E, 0xE3, 0x87,
    0x7F, 0xFF, 0xFF, 0xFF, 0xE0, 0x00, 0x70, 0x00, 0x38, 0x00, 0x1C, 0xFC, 0x07, 0xE0, 0x07, 0x00,
    0x3F, 0xC1, 0xFF, 0x0F, 0xFC, 0x70, 0xE3, 0x87, 0x1C, 0x78, 0xFF, 0x87, 0xF8, 0xE0, 0x1F, 0xC0,
    0x3F, 0x80, 0x7F, 0xF8, 0xFF, 0xF9, 0xFF, 0xFB, 0xF8, 0x77, 0xF0, 0xEF, 0xE3, 0xDF, 0xFF, 0xBF,
    0xFC, 0x78, 0xE0, 0x38, 0x0E, 0x03, 0xFC, 0xFF, 0xBF, 0xFE, 0x1F, 0x87, 0xE3, 0xFF, 0xFF, 0xF0,
    0x08, 0x0F, 0xC7, 0xFB, 0x87, 0x61, 0xC3, 0xF0, 0xFC, 0x07, 0xE1, 0xFC, 0xF7, 0xF8, 0xFC, 0x00,
    0x20, 0xE1, 0xFC, 0xE3, 0xFE, 0xE3, 0x8F, 0xE7, 0x87, 0xFF, 0x07, 0xFF, 0x07, 0xFF, 0x07, 0xE7,
    0x87, 0xE3, 0x8F, 0xE1, 0xFE, 0xE0, 0xFC, 0x3F, 0xEF, 0xFD, 0xC3, 0xB8, 0x77, 0x0E, 0xFF, 0xC7,
    0xF9, 0xE7, 0x38, 0xEF, 0x1F, 0xC3, 0x80, 0x38, 0x03, 0x80, 0x30, 0x00, 0x00, 0x40, 0x7F, 0x1F,
    0xF7, 0x8E, 0xE0, 0xDF, 0xFF, 0xFF, 0xF0, 0x0E, 0x00, 0xE3, 0x9F, 0xF1, 0xFC, 0x33, 0x8F, 0x70,
    0xCE, 0x00, 0x00, 0x40, 0x7F, 0x1F, 0xF7, 0x8E, 0xE0, 0xDF, 0xFF, 0xFF, 0xF0, 0x0E, 0x00, 0xE3,
    0x9F, 0xF1, 0xFC, 0x70, 0x0F, 0xE0, 0xFE, 0x07, 0x10, 0x77, 0xC7, 0xFE, 0x78, 0xF7, 0x07, 0x70,
    0x77, 0x07, 0x70, 0x77, 0x07, 0x70, 0x77, 0x07, 0x70, 0x70, 0x07, 0x00, 0x70, 0x3E, 0x03, 0xE0,
    0x0E, 0x0C, 0x1C, 0x00, 0x00, 0xFF, 0xFF, 0xE0, 0xE0, 0xE0, 0xE0, 0xE0, 0xE0, 0xE0, 0xE0, 0xE0,
    0x04, 0x0F, 0xE7, 0xFF, 0xC7, 0xE0, 0xBF, 0x0F, 0xC3, 0x80, 0xE0, 0xDC, 0x77, 0xF8, 0xFC, 0x08,
    0x1F, 0xCF, 0xFB, 0x87, 0xE0, 0x3F, 0x87, 0xF8, 0x1F, 0x21, 0xF8, 0xFF, 0xF8, 0xFC, 0x6F, 0xE0,
    0x0E, 0xEE, 0xEE, 0xEE, 0xEE, 0xEE, 0x66, 0xE7, 0xE6, 0x00, 0x00, 0x38, 0x38, 0x38, 0x38, 0x38,
    0x38, 0x38, 0x38, 0x38, 0x38, 0x38, 0x18, 0xF3, 0x80, 0x00, 0xE3, 0x8E, 0x38, 0xE3, 0x8E, 0x38,
    0xE3, 0x8E, 0x38, 0xEF, 0xBC, 0x1F, 0xF0, 0x07, 0xFE, 0x00, 0xE3, 0xC0, 0x1C, 0x7F, 0x83, 0x8F,
    0xFC, 0x71, 0xFF, 0xCE, 0x3C, 0x39, 0xC7, 0x87, 0x78, 0xF1, 0xFE, 0x1F, 0xFB, 0x83, 0xFE, 0x00,
    0xE1, 0xE0, 0x70, 0xF0, 0x38, 0x78, 0x1C, 0x3C, 0x0F, 0xFF, 0xF7, 0xFF, 0xFF, 0x87, 0x8F, 0xC3,
    0xC7, 0xE1, 0xE3, 0xF0, 0xFF, 0xF8, 0x7F, 0x80, 0x70, 0x0F, 0xE0, 0x70, 0x07, 0x10, 0x77, 0xC7,
    0xFE, 0x78, 0xF7, 0x07, 0x70, 0x77, 0x07, 0x70, 0x77, 0x07, 0x70, 0x77, 0x07, 0x70, 0x70, 0x07,
    0x00, 0xC0, 0x38, 0x00, 0x00, 0x03, 0xC3, 0xB8, 0xF7, 0x3C, 0xE7, 0x1F, 0xE3, 0xF8, 0x7F, 0x8E,
    0x79, 0xC7, 0x38, 0xF7, 0x0F, 0x38, 0x03, 0x80, 0x30, 0x01, 0x00, 0x01, 0xC3, 0xF8, 0x7F, 0x1F,
    0xE7, 0xFC, 0xDF, 0xBB, 0xFE, 0x7F, 0x8F, 0xF1, 0xFC, 0x3F, 0x07, 0x18, 0xC1, 0xD8, 0x0F, 0x80,
    0x00, 0x80, 0x07, 0x07, 0x70, 0xF7, 0x0E, 0x38, 0xE3, 0x9C, 0x19, 0xC1, 0xDC, 0x1F, 0x80, 0xF8,
    0x0F, 0x00, 0xF0, 0x07, 0x00, 0xE0, 0x3E, 0x07, 0xC0, 0xE1, 0xF8, 0x7E, 0x1F, 0x87, 0xE1, 0xF8,
    0x7E, 0x1F, 0x87, 0xE1, 0xFF, 0xFF, 0xFC, 0x38, 0x0E, 0x03, 0x80, 0xE0, 0xE1, 0xF8, 0x38, 0x7E,
    0x0E, 0x1F, 0x83, 0x87, 0xE0, 0xE1, 0xF8, 0x38, 0x7E, 0x0E, 0x1F, 0x83, 0x87, 0xE0, 0xE1, 0xF8,
    0x38, 0x7E, 0x0E, 0x1F, 0xC7, 0x87, 0x79, 0xF3, 0xDF, 0xFF, 0xE1, 0xF3, 0xF0, 0xE1, 0xC7, 0xE1,
    0xC7, 0xE1, 0xC7, 0xE1, 0xC7, 0xE1, 0xC7, 0xE1, 0xC7, 0xE1, 0xC7, 0xE1, 0xC7, 0x73, 0xCF, 0x7F,
    0xFE, 0x3E, 0x7C, 0x38, 0x03, 0xFE, 0x0F, 0xF8, 0x0E, 0x00, 0x38, 0x00, 0xFF, 0x83, 0xFF, 0x0F,
    0xFE, 0x38, 0x3C, 0xE0, 0x73, 0x81, 0xCE, 0x0F, 0x3F, 0xF8, 0xFF, 0xE3, 0xFE, 0x00, 0x38, 0x01,
    0xC0, 0x0E, 0x00, 0x70, 0x0F, 0xF8, 0x7F, 0xC0, 0xE0, 0x07, 0xF8, 0x3F, 0xF1, 0xFF, 0x8E, 0x1E,
    0x70, 0x73, 0x8F, 0x1F, 0xF8, 0xFF, 0x00, 0xE0, 0x7F, 0x1C, 0x1F, 0xF3, 0x87, 0xDF, 0x71, 0xE0,
    0xFE, 0x38, 0x0F, 0xC7, 0x00, 0x3F, 0xFE, 0x07, 0xFF, 0xC0, 0xFF, 0xF8, 0x1C, 0x70, 0x03, 0x8E,
    0x03, 0xF0, 0xE0, 0xFE, 0x1F, 0xFD, 0xC1, 0xFF, 0x38, 0x1F, 0xC0, 0x00, 0x21, 0xC3, 0xFB, 0x8F,
    0xFF, 0x3C, 0x7E, 0x70, 0x7F, 0xFC, 0x3F, 0xF8, 0x73, 0x80, 0xE7, 0x0F, 0xC7, 0x1F, 0x8F, 0xFF,
    0x07, 0xC0, 0x07, 0xC0, 0x0F, 0x80, 0x1F, 0x80, 0x77, 0x00, 0xEE, 0x01, 0xCE, 0x07, 0x9C, 0x0E,
    0x38, 0x1F, 0xF8, 0x7F, 0xF0, 0xEE, 0xE1, 0xDD, 0xE7, 0xB9, 0xCE, 0x73, 0xFC, 0xE7, 0x80, 0x0F,
    0x00, 0xF0, 0x1F, 0x81, 0xF8, 0x19, 0xC3, 0x9C, 0x3F, 0xC3, 0xFE, 0x76, 0xE7, 0x6E, 0xE6, 0x70,
    0xE0, 0x3C, 0x1C, 0x0F, 0x83, 0x81, 0xF8, 0x70, 0x37, 0x0E, 0x0E, 0xE1, 0xC1, 0xCE, 0x38, 0x39,
    0xC7, 0x0E, 0x3C, 0xFF, 0xFF, 0x9F, 0xFF, 0xF3, 0x8E, 0x6F, 0x71, 0xCC, 0xEE, 0x79, 0x9D, 0xCF,
    0x33, 0xF9, 0xC6, 0x38, 0xE0, 0xF0, 0xE0, 0xF0, 0xE0, 0xF8, 0xE1, 0xF8, 0xE1, 0xDC, 0xFF, 0x9C,
    0xFF, 0xFC, 0xE3, 0xFE, 0xE7, 0x6E, 0xE7, 0x6E, 0xEF, 0x67, 0x7F, 0xFE, 0x3F, 0xFC, 0x1C, 0x18,
    0x0C, 0x38, 0x0E, 0x70, 0x07, 0x70, 0x07, 0xE0, 0x3F, 0xFC, 0x7F, 0xFE, 0x71, 0xCF, 0xF1, 0xC7,
    0xE1, 0xC7, 0xE1, 0xC7, 0xE1, 0xC7, 0xE1, 0xC7, 0x7F, 0xF9, 0xFF, 0x87, 0x38, 0x3B, 0x80, 0xFC,
    0x1F, 0xF9, 0xFF, 0xFE, 0xE7, 0xE7, 0x1F, 0x38, 0xF9, 0xC6, 0xE0, 0xFF, 0xFB, 0x81, 0xFF, 0xCE,
    0x07, 0x07, 0x38, 0x0E, 0x38, 0xE0, 0x38, 0xC3, 0x80, 0x77, 0x0E, 0x00, 0xD8, 0x3F, 0xFF, 0xFC,
    0xFF, 0xFF, 0xFB, 0x87, 0x1C, 0xFE, 0x1C, 0x71, 0xF8, 0x71, 0xC7, 0xE1, 0xC7, 0x1F, 0x87, 0x1C,
    0x7E, 0x1C, 0x71, 0xC0, 0xE1, 0xFF, 0xDC, 0x1F, 0xF3, 0x81, 0xCE, 0x70, 0x3B, 0x8E, 0x03, 0xE1,
    0xFF, 0xFF, 0xBF, 0xFF, 0xFF, 0x1C, 0xE7, 0xE3, 0x9C, 0xFC, 0x73, 0x9F, 0x8E, 0x73, 0x80, 0x3B,
    0xC3, 0xC0, 0x00, 0x00, 0x7E, 0x1F, 0xE0, 0x78, 0x0E, 0x03, 0x80, 0xE3, 0xF0, 0xF8, 0x3F, 0x80,
    0x70, 0x1C, 0x07, 0x03, 0xDF, 0xEF, 0xF3, 0x80, 0xE0, 0x3C, 0x07, 0x00, 0x40, 0xE3, 0x9B, 0x07,
    0x00, 0x00, 0x07, 0xFB, 0xFC, 0x0F, 0x03, 0x9F, 0x8F, 0x87, 0xF0, 0x38, 0x1D, 0xFF, 0xFC, 0xE0,
    0x70, 0x3C, 0x0E, 0x00, 0xE1, 0xC7, 0xE1, 0xC7, 0xE1, 0xC7, 0xE1, 0xC7, 0xE1, 0xC7, 0xE1, 0xC7,
    0x71, 0xC7, 0x71, 0xCF, 0x7D, 0xDE, 0x3F, 0xFC, 0x0F, 0xF8, 0x01, 0xC0, 0x01, 0xC0, 0x01, 0xC0,
    0x01, 0xC0, 0x03, 0x80, 0x07, 0x00, 0x0E, 0x07, 0x1C, 0x7E, 0x38, 0xFC, 0x71, 0xF8, 0xE3, 0xF1,
    0xC7, 0xE3, 0x8F, 0xC7, 0x1D, 0xCE, 0x3B, 0xDC, 0xE3, 0xFF, 0xC3, 0xFE, 0x00, 0xE0, 0x01, 0xC0,
    0x03, 0x80, 0x07, 0x00, 0x0F, 0xE0, 0xFF, 0xC7, 0xCF, 0x9C, 0x0E, 0xF0, 0x3F, 0x80, 0x7F, 0xFF,
    0xFF, 0xFF, 0xE0, 0x1F, 0x80, 0x7F, 0x03, 0xDE, 0x0E, 0x7F, 0xF8, 0xFF, 0xC0, 0xFC, 0x00, 0x04,
    0x07, 0xF1, 0xFF, 0x78, 0xEE, 0x0F, 0xF1, 0xFF, 0xFF, 0x07, 0xE1, 0xEE, 0x39, 0xFF, 0x1F, 0x80,
    0xF0, 0x0E, 0xE0, 0x3D, 0xE0, 0x71, 0xC1, 0xE3, 0x83, 0x87, 0x87, 0x07, 0x1E, 0x0E, 0x38, 0x1E,
    0x70, 0x1D, 0xE0, 0x3B, 0x80, 0x3F, 0x00, 0x7E, 0x00, 0xF8, 0x00, 0xF0, 0x00, 0xF0, 0x7B, 0x87,
    0xDC, 0x38, 0x73, 0x83, 0x9C, 0x1C, 0xE0, 0x76, 0x03, 0xF0, 0x1F, 0x80, 0x78, 0x03, 0xC0, 0x1D,
    0xC0, 0x19, 0x80, 0x1B, 0x80, 0x00, 0x08, 0x00, 0x0E, 0x01, 0xDC, 0x07, 0xBC, 0x0E, 0x38, 0x3C,
    0x70, 0x70, 0xF0, 0xE0, 0xE3, 0xC1, 0xC7, 0x03, 0xCE, 0x03, 0xBC, 0x07, 0x70, 0x07, 0xE0, 0x0F,
    0xC0, 0x1F, 0x00, 0x1E, 0x00, 0x77, 0x01, 0x98, 0x06, 0xE0, 0x00, 0x08, 0x00, 0x38, 0x3D, 0xC3,
    0xEE, 0x1C, 0x39, 0xC1, 0xCE, 0x0E, 0x70, 0x3B, 0x01, 0xF8, 0x0F, 0xC0, 0x3C, 0x01, 0xE0, 0x0F,
    0xE0, 0x00, 0x07, 0xFE, 0x00, 0x01, 0xF3, 0xE0, 0x00, 0x38, 0x1C, 0x80, 0x0F, 0x03, 0xCE, 0x0F,
    0xC0, 0x39, 0xC3, 0xF8, 0x07, 0x3C, 0x77, 0x00, 0xE3, 0x8E, 0xE0, 0x1C, 0x73, 0x9C, 0x03, 0x87,
    0x73, 0xC0, 0xF0, 0xEE, 0x3C, 0x1C, 0x1F, 0x87, 0xFF, 0x81, 0xF0, 0x7F, 0xE0, 0x3E, 0x03, 0xF0,
    0x07, 0x80, 0x00, 0x00, 0x70, 0x00, 0x00, 0x1C, 0x00, 0x00, 0x0F, 0x80, 0x00, 0x03, 0xE0, 0x00,
    0x04, 0x00, 0x01, 0x3F, 0x8E, 0x0E, 0x7F, 0xCF, 0x0E, 0xF1, 0xC7, 0x1E, 0xE0, 0xE7, 0x1C, 0xE0,
    0xE3, 0x9C, 0xE0, 0xE3, 0xB8, 0xE0, 0xE3, 0xB8, 0xE1, 0xE1, 0xB8, 0x71, 0xC1, 0xF0, 0x7F, 0xC1,
    0xF0, 0x3F, 0x00, 0xE0, 0x00, 0x00, 0xE0, 0x00, 0x00, 0xE0, 0x00, 0x07, 0xC0, 0x00, 0x07, 0x80,
    0x1F, 0xC1, 0xFF, 0x9F, 0x3C, 0xE0, 0xFE, 0x03, 0xF0, 0x03, 0x80, 0x1C, 0x00, 0xE0, 0x07, 0x81,
    0xDE, 0x3E, 0x7F, 0xF1, 0xFB, 0x83, 0x1C, 0x00, 0xE0, 0x04, 0x0F, 0xE7, 0xFF, 0xC7, 0xE1, 0xF8,
    0x0E, 0x03, 0x80, 0xE0, 0x1C, 0x07, 0xE0, 0xF8, 0x0E, 0x03, 0x80, 0xE0, 0x38, 0x00, 0x60, 0x0C,
    0x08, 0xC1, 0xF8, 0x07, 0x00, 0x3C, 0x06, 0x74, 0x60, 0xFC, 0x01, 0xC0, 0x1E, 0x01, 0x38, 0x31,
    0x06, 0x00, 0x03, 0xFF, 0xFF, 0xC0, 0x0E, 0xFF, 0xC1, 0xD9, 0xA0, 0x6F, 0x20, 0x78, 0x7F, 0xF0,
    0xE0, 0x00, 0xE0, 0x00, 0x1B, 0x00, 0x00, 0x00, 0x03, 0x80, 0x38, 0x64, 0x02, 0x40, 0x00, 0x00,
    0x00, 0x00, 0x00, 0x00, 0x00, 0xE0, 0x00, 0xE9, 0x00, 0x09, 0x00, 0x00, 0x00, 0x00, 0x00, 0x00,
    0x00, 0x01, 0x00, 0x18, 0x6C, 0x02, 0xC0, 0x00, 0x40, 0x00, 0x60, 0x00, 0x1B, 0x00, 0x00, 0x20,
    0x00, 0x02, 0x00, 0x10, 0x60, 0x00, 0x84, 0x0C, 0x08, 0x03, 0x80, 0xC0, 0x20, 0x00, 0x00, 0x00,
    0x00, 0x00, 0x80, 0x00, 0x8F, 0x00, 0x0E, 0x10, 0x00, 0x10, 0x00, 0x00, 0x00, 0x00, 0x00, 0x00,
    0x10, 0x0C, 0x03, 0x03, 0x80, 0x10, 0x10, 0x61, 0x80, 0x06, 0x00, 0x00, 0x40, 0x00, 0x18, 0xC0,
    0x1B, 0x80, 0x3E, 0x00, 0x00, 0x00, 0x00, 0x1E, 0x07, 0xBC, 0x1F, 0x78, 0x7E, 0xF0, 0xFD, 0xE3,
    0xFB, 0xC7, 0xF7, 0x9D, 0xEF, 0x7B, 0xDE, 0xE7, 0xBB, 0x8F, 0x77, 0x1E, 0xFC, 0x3D, 0xF0, 0x7B,
    0xE0, 0xFF, 0x81, 0xE0, 0x01, 0xC0, 0x03, 0x80, 0x0E, 0x00, 0x31, 0x81, 0xDC, 0x07, 0xC0, 0x00,
    0x00, 0x00, 0x70, 0xF3, 0x87, 0x9C, 0x7C, 0xE7, 0xE7, 0x37, 0x3B, 0xB9, 0xF9, 0xCF, 0x8E, 0x7C,
    0x77, 0xC3, 0xDC, 0x1E, 0x00, 0x70, 0x03, 0x00, 0x38, 0x38, 0x03, 0xFE, 0x0F, 0xF8, 0x0E, 0x00,
    0x38, 0x00, 0xFF, 0x83, 0xFF, 0x0F, 0xFE, 0x38, 0x3C, 0xE0, 0x73, 0x81, 0xCE, 0x0F, 0x3F, 0xF8,
    0xFF, 0xE3, 0xFE, 0x00, 0x38, 0x01, 0xC0, 0x0E, 0x01, 0xFF, 0x0F, 0xF8, 0x1C, 0x00, 0xFF, 0x07,
    0xFE, 0x3F, 0xF1, 0xC3, 0xCE, 0x0E, 0x71, 0xE3, 0xFF, 0x1F, 0xE0, 0xFF, 0x8F, 0xFE, 0xF1, 0xEF,
    0x0F, 0xF0, 0x7F, 0x67, 0xF3, 0xFF, 0x3E, 0xFF, 0xCF, 0xFC, 0xF0, 0xCF, 0x04, 0xF0, 0x0F, 0x00,
    0xF0, 0x00, 0x02, 0x1D, 0xFB, 0xBF, 0x78, 0xFF, 0x0F, 0xC1, 0xF8, 0x3F, 0x17, 0xF3, 0xFF, 0x3F,
    0xBF, 0x73, 0xEE, 0x07, 0xC0, 0x38, 0x07, 0x00, 0x01, 0xC0, 0x70, 0x1F, 0xFF, 0xFF, 0xF8, 0x0E,
    0x03, 0x80, 0xE0, 0x38, 0x0E, 0x03, 0x80, 0xE0, 0x38, 0x0E, 0x03, 0x80, 0xE0, 0x38, 0x00, 0x07,
    0x07, 0x07, 0xFF, 0xFF, 0xE0, 0xE0, 0xE0, 0xE0, 0xE0, 0xE0, 0xE0, 0xE0, 0xE0, 0x3F, 0xF3, 0xFF,
    0x38, 0x03, 0x80, 0x38, 0x03, 0x80, 0xFF, 0x8F, 0xF8, 0x38, 0x03, 0x80, 0x38, 0x03, 0x80, 0x38,
    0x03, 0x80, 0x38, 0x00, 0x7F, 0xBF, 0xDC, 0x0E, 0x07, 0x07, 0xF1, 0xC0, 0xE0, 0x70, 0x38, 0x1C,
    0x00, 0xFF, 0xCF, 0xFC, 0xE0, 0x0E, 0x00, 0xE0, 0x0E, 0x00, 0xEF, 0xCF, 0xFE, 0xFD, 0xEF, 0x0F,
    0xE0, 0x7E, 0x07, 0xE0, 0xFE, 0x7E, 0xE7, 0xE0, 0x78, 0xFF, 0x3F, 0xCE, 0x03, 0x80, 0xE0, 0x3B,
    0xCF, 0xFB, 0xC7, 0xE1, 0xF8, 0x7E, 0x1C, 0x07, 0x0F, 0x83, 0xC0, 0xC0, 0xF0, 0x70, 0xF9, 0xC1,
    0xC3, 0x87, 0x87, 0x1E, 0x0F, 0x1C, 0x70, 0x1C, 0x73, 0xC0, 0x79, 0xCE, 0x00, 0xFF, 0xF0, 0x03,
    0xFF, 0xC0, 0x1F, 0xFF, 0x80, 0x71, 0xCF, 0x03, 0xC7, 0x1C, 0x0E, 0x1C, 0x78, 0x78, 0x70, 0xE3,
    0xC1, 0xC3, 0xFE, 0x07, 0x07, 0xC0, 0x00, 0x07, 0x00, 0x00, 0x1C, 0x00, 0x00, 0x70, 0xF9, 0xE7,
    0xC7, 0x3C, 0xE0, 0x77, 0xB8, 0x0F, 0xFF, 0x00, 0xFF, 0xC0, 0x1F, 0xF8, 0x07, 0xFF, 0x80, 0xEF,
    0x70, 0x3D, 0xEF, 0x0F, 0x3C, 0xFF, 0xC7, 0x8F, 0x80, 0x00, 0xE0, 0x00, 0x1C, 0x00, 0x03, 0x80,
    0x3F, 0x8F, 0xF9, 0xC7, 0xF0, 0x70, 0x0E, 0x03, 0xC3, 0xF0, 0x7C, 0x03, 0xE0, 0x1C, 0x03, 0xF0,
    0x7F, 0x9E, 0xFF, 0x8F, 0xE0, 0x20, 0x07, 0x00, 0x20, 0x1C, 0x00, 0x08, 0x3F, 0xBF, 0xDC, 0x70,
    0x38, 0xF8, 0x7C, 0x0F, 0x03, 0xF3, 0xFF, 0xE7, 0xC0, 0x80, 0xF0, 0x18, 0x3C, 0xE0, 0x7B, 0x83,
    0xCE, 0x0E, 0x38, 0x78, 0xE3, 0xC3, 0x8E, 0x0F, 0xF0, 0x3F, 0xC0, 0xFF, 0x83, 0x8E, 0x0E, 0x1C,
    0x38, 0x78, 0xE0, 0xF3, 0x81, 0xFE, 0x07, 0xC0, 0x07, 0x00, 0x1C, 0x00, 0x70, 0xE1, 0xEE, 0x3C,
    0xE7, 0x8E, 0x70, 0xFF, 0x0F, 0xE0, 0xFF, 0x0E, 0x78, 0xE3, 0x8E, 0x3F, 0xE1, 0xF0, 0x07, 0x00,
    0x70, 0x07, 0xE0, 0x7F, 0x03, 0xB8, 0x3D, 0xC1, 0xCE, 0xDE, 0x76, 0xE3, 0xFE, 0x1F, 0xF0, 0xFF,
    0xC7, 0x6E, 0x3B, 0x79, 0xC1, 0xEE, 0x0F, 0x70, 0x3F, 0x81, 0xE0, 0xE0, 0xFE, 0x0E, 0xED, 0xCE,
    0xDC, 0xFF, 0x8F, 0xF8, 0xFF, 0xCE, 0xDC, 0xED, 0xEE, 0x0E, 0xE0, 0xF0, 0xFE, 0x07, 0xFF, 0x07,
    0x03, 0x87, 0x81, 0xC7, 0x80, 0xE3, 0x80, 0x73, 0xC0, 0x3F, 0xC0, 0x1F, 0xE0, 0x0F, 0xF0, 0x07,
    0x3C, 0x03, 0x8F, 0x01, 0xC3, 0x80, 0xE0, 0xE0, 0x70, 0x78, 0x38, 0x1E, 0xFC, 0x3F, 0xF1, 0xE1,
    0xCF, 0x07, 0x38, 0x1F, 0xC0, 0x7F, 0x01, 0xFE, 0x07, 0x38, 0x1C, 0x70, 0x71, 0xE1, 0xC3, 0xC0,
    0xE0, 0x39, 0xC0, 0x73, 0x80, 0xE7, 0x01, 0xCE, 0x03, 0x9C, 0x07, 0x3F, 0xFE, 0x7F, 0xFC, 0xFF,
    0xF9, 0xC0, 0x73, 0x80, 0xE7, 0x01, 0xCE, 0x03, 0x9C, 0x07, 0xF8, 0x0F, 0x80, 0x07, 0x00, 0x0E,
    0x00, 0x1C, 0xE0, 0xEE, 0x0E, 0xE0, 0xEE, 0x0E, 0xFF, 0xEF, 0xFE, 0xE0, 0xEE, 0x0E, 0xE0, 0xEE,
    0x0F, 0xE0, 0xF0, 0x07, 0x00, 0x70, 0x07, 0xE0, 0x3F, 0xFC, 0x07, 0xFF, 0x80, 0xE0, 0x70, 0x1C,
    0x0E, 0x03, 0x81, 0xC0, 0x70, 0x3F, 0xFE, 0x07, 0xFF, 0xC0, 0xFF, 0xF8, 0x1C, 0x07, 0x03, 0x80,
    0xE0, 0x70, 0x1C, 0x0E, 0x03, 0x81, 0xC0, 0x70, 0x38, 0x0E, 0x00, 0xE0, 0xFF, 0x83, 0xFE, 0x0E,
    0x38, 0x38, 0xFF, 0xE3, 0xFF, 0x8E, 0x0E, 0x38, 0x38, 0xE0, 0xE3, 0x83, 0x8E, 0x0E, 0x00, 0xFF,
    0xF8, 0x03, 0xFF, 0xE0, 0x0E, 0x03, 0x80, 0x38, 0x0E, 0x00, 0xE0, 0x38, 0x03, 0x80, 0xE0, 0x0E,
    0x03, 0xFE, 0x38, 0x0F, 0xFC, 0xE0, 0x3E, 0xFB, 0x80, 0xF0, 0xEE, 0x03, 0x83, 0xF8, 0x0E, 0x0F,
    0xE0, 0x38, 0x3B, 0x80, 0xE7, 0xEE, 0x03, 0x9F, 0x00, 0x00, 0x78, 0xFF, 0xC0, 0x3F, 0xF0, 0x0E,
    0x1C, 0x03, 0x87, 0x00, 0xE1, 0xFC, 0x38, 0x7F, 0xCE, 0x1F, 0xFB, 0x87, 0x0F, 0xE1, 0xC1, 0xF8,
    0x70, 0x7E, 0x1C, 0x38, 0x00, 0x1E, 0x00, 0x07, 0x00, 0x00, 0x80, 0x0E, 0x00, 0x03, 0xE1, 0xE0,
    0x7C, 0x7F, 0x87, 0x0F, 0xFC, 0xF0, 0xF1, 0xCE, 0x0E, 0x1E, 0xE1, 0xE0, 0xEE, 0x1E, 0x0E, 0xE0,
    0xE1, 0xEE, 0x0E, 0x1C, 0xF0, 0xF3, 0xC7, 0x87, 0xF8, 0x3F, 0xFF, 0x23, 0xFF, 0xFF, 0x0F, 0xF7,
    0xF0, 0x04, 0x00, 0x3C, 0x00, 0x7C, 0xF0, 0xF1, 0xFC, 0xE3, 0xFC, 0xE3, 0x9C, 0xE3, 0x8E, 0xE3,
    0x9C, 0xF3, 0x9C, 0x79, 0xF9, 0x7F, 0xFF, 0x1F, 0xFF, 0x0F, 0xE0, 0xFF, 0xC7, 0xCF, 0x9C, 0x0E,
    0xF0, 0x3F, 0x80, 0x0E, 0x00, 0x38, 0x00, 0xE0, 0x03, 0x80, 0x1F, 0x03, 0x9E, 0x0E, 0x7F, 0xF0,
    0xFF, 0xC0, 0xFC, 0x00, 0xC0, 0x03, 0x80, 0x02, 0x00, 0x38, 0x00, 0x04, 0x0F, 0xE7, 0xFF, 0xC7,
    0xE0, 0xB8, 0x0E, 0x03, 0x80, 0xE1, 0xDC, 0x77, 0xF8, 0xFC, 0x04, 0x03, 0xC0, 0x30, 0x3C, 0xFF,
    0xFF, 0xFF, 0x0F, 0x00, 0xF0, 0x0F, 0x00, 0xF0, 0x0F, 0x00, 0xF0, 0x0F, 0x00, 0xF0, 0x0F, 0x00,
    0xF0, 0x0F, 0x00, 0xF8, 0x0F, 0x80, 0x38, 0x03, 0x80, 0x38, 0xFF, 0xFF, 0xF0, 0xE0, 0x38, 0x0E,
    0x03, 0x80, 0xE0, 0x38, 0x0E, 0x03, 0xC0, 0xF0, 0x1C, 0x07, 0x01, 0xC0, 0xF0, 0x1E, 0xF0, 0x78,
    0xF0, 0xE0, 0xE3, 0xC1, 0xE7, 0x01, 0xDC, 0x03, 0xF8, 0x03, 0xE0, 0x03, 0xC0, 0x07, 0x00, 0x0E,
    0x00, 0x1C, 0x00, 0x38, 0x00, 0x70, 0x00, 0xE0, 0x00, 0xF0, 0x77, 0x0E, 0x70, 0xE3, 0x8E, 0x39,
    0xC3, 0x9C, 0x1D, 0xC1, 0xD8, 0x0F, 0x80, 0xF8, 0x0F, 0x00, 0x70, 0x07, 0x00, 0x70, 0x07, 0x00,
    0xF0, 0x1E, 0xF0, 0x78, 0xF0, 0xE0, 0xE3, 0xC1, 0xE7, 0x01, 0xDC, 0x03, 0xF8, 0x03, 0xE0, 0x03,
    0xC0, 0x07, 0x00, 0x7F, 0xC0, 0xFF, 0x80, 0x38, 0x00, 0x70, 0x00, 0xE0, 0x00, 0xF0, 0x77, 0x0E,
    0x70, 0xE3, 0x8E, 0x39, 0xC3, 0x9C, 0x1D, 0xC1, 0xD8, 0x0F, 0x80, 0xF8, 0x0F, 0x01, 0xFC, 0x07,
    0x00, 0x70, 0x07, 0x00, 0xF0, 0x78, 0xF0, 0xE0, 0xE3, 0xC1, 0xE7, 0x01, 0xDC, 0x01, 0xF8, 0x03,
    0xE0, 0x03, 0xC0, 0x0F, 0x80, 0x3F, 0x80, 0x77, 0x81, 0xE7, 0x07, 0x87, 0x0E, 0x0F, 0xF8, 0x0F,
    0x80, 0x07, 0x00, 0x0E, 0x00, 0x1C, 0x70, 0xE1, 0xCE, 0x0F, 0x70, 0x3F, 0x00, 0xF0, 0x07, 0x80,
    0x7E, 0x03, 0xF0, 0x39, 0xC3, 0xCF, 0xFC, 0x3E, 0x00, 0x70, 0x03, 0x80, 0x1C, 0xFF, 0xF3, 0xBF,
    0xFC, 0xE0, 0xF0, 0x38, 0x3C, 0x0E, 0x0F, 0x03, 0x83, 0xC0, 0xE0, 0xF0, 0x38, 0x3C, 0x0E, 0x0F,
    0x03, 0x83, 0xC0, 0xE0, 0xF0, 0x38, 0x3C, 0x0E, 0x0F, 0xFF, 0x83, 0xFF, 0xF0, 0xFF, 0xFC, 0x00,
    0x07, 0x00, 0x01, 0xC0, 0x00, 0x70, 0xFF, 0x3B, 0xFC, 0xE3, 0x83, 0x8E, 0x0E, 0x38, 0x38, 0xE0,
    0xE3, 0x83, 0x8E, 0x0E, 0x38, 0x38, 0xFF, 0xF3, 0xFF, 0xC0, 0x07, 0x00, 0x1C, 0x00, 0x70, 0xE0,
    0x73, 0x81, 0xCE, 0x07, 0x38, 0x1C, 0xE0, 0x73, 0xC1, 0xC7, 0x07, 0x1F, 0xFC, 0x3F, 0xF0, 0x39,
    0xC0, 0x07, 0x00, 0x1C, 0x00, 0x70, 0x01, 0xF0, 0x07, 0xC0, 0x07, 0x00, 0x1C, 0x00, 0x70, 0xE1,
    0xCE, 0x1C, 0xE1, 0xCE, 0x1C, 0xF1, 0xC7, 0xFC, 0x7F, 0xC1, 0xFC, 0x01, 0xC0, 0x1F, 0x01, 0xF0,
    0x07, 0x00, 0x70, 0x07, 0xE0, 0x7E, 0x07, 0xE0, 0x7E, 0x07, 0xE0, 0x7F, 0x67, 0x76, 0x77, 0xFF,
    0x3F, 0xF0, 0xE7, 0x06, 0x70, 0x67, 0x00, 0x70, 0x07, 0x00, 0x70, 0xE1, 0xF8, 0x7E, 0x1F, 0xB7,
    0xFD, 0xDF, 0xF7, 0xFC, 0x7F, 0x0D, 0xC3, 0x70, 0x1C, 0xE0, 0x0E, 0x00, 0xE0, 0x0E, 0x00, 0xE0,
    0x0E, 0x78, 0xFF, 0xEF, 0xFF, 0xE0, 0x7E, 0x07, 0xE0, 0x7E, 0x07, 0xE0, 0x7E, 0x07, 0xE0, 0x70,
    0xE0, 0x1C, 0x03, 0x80, 0x71, 0x0E, 0xF9, 0xFF, 0xBC, 0x7F, 0x07, 0xE0, 0xFC, 0x1F, 0x83, 0xF0,
    0x7E, 0x0F, 0xC1, 0xF8, 0x38, 0x01, 0xFC, 0x00, 0xFF, 0xC0, 0x7C, 0xF0, 0x1C, 0x0E, 0xEF, 0x03,
    0xBB, 0x80, 0xEF, 0xFF, 0xFD, 0xFF, 0xFF, 0x1F, 0xFF, 0xC3, 0x80, 0x00, 0xF0, 0x38, 0x1C, 0x1E,
    0x07, 0xFF, 0x00, 0xFF, 0xC0, 0x0F, 0xC0, 0x00, 0x40, 0x07, 0xF0, 0x1F, 0xF6, 0x38, 0xEE, 0xE0,
    0xEF, 0xFF, 0xCF, 0xFF, 0x87, 0x00, 0x0E, 0x00, 0x0E, 0x3C, 0x1F, 0xF0, 0x0F, 0xC0, 0x01, 0xFC,
    0x00, 0xFF, 0xC0, 0x7C, 0xF0, 0x1C, 0x0E, 0xEF, 0x03, 0xBB, 0x80, 0xEF, 0xFF, 0xFD, 0xFF, 0xFF,
    0x1F, 0xFF, 0xC3, 0x80, 0x00, 0xF0, 0x38, 0x1C, 0x1E, 0x07, 0xFF, 0x00, 0xFF, 0xC0, 0x0F, 0xC0,
    0x01, 0xC0, 0x00, 0x70, 0x00, 0x1C, 0x00, 0x00, 0x40, 0x07, 0xF0, 0x1F, 0xF6, 0x38, 0xEE, 0xE0,
    0xEF, 0xFF, 0xCF, 0xFF, 0x87, 0x00, 0x0E, 0x00, 0x0E, 0x3C, 0x1F, 0xF0, 0x0F, 0xC0, 0x04, 0x00,
    0x0E, 0x00, 0x0C, 0x00, 0x78, 0xFF, 0xFF, 0xFF, 0xFF, 0xFF, 0xF8, 0x01, 0x0C, 0x00, 0x0E, 0xC0,
    0x00, 0x3C, 0x00, 0x00, 0x00, 0x00, 0x00, 0x00, 0xF8, 0x38, 0x79, 0xC1, 0xC3, 0x8F, 0x0E, 0x3C,
    0x3C, 0x71, 0xC0, 0xE3, 0x9E, 0x07, 0x9C, 0xE0, 0x1F, 0xFE, 0x00, 0xFF, 0xF0, 0x0F, 0xFF, 0xC0,
    0x71, 0xCF, 0x07, 0x8E, 0x38, 0x38, 0x71, 0xE3, 0xC3, 0x87, 0x3C, 0x1C, 0x3D, 0xC0, 0xE0, 0xF0,
    0x06, 0x18, 0x00, 0xCC, 0x00, 0x1E, 0x00, 0x00, 0x00, 0x80, 0x00, 0x5E, 0x79, 0xE3, 0x9E, 0x70,
    0x77, 0xB8, 0x1F, 0xFE, 0x03, 0xFF, 0x00, 0xFF, 0xC0, 0x7F, 0xF8, 0x1D, 0xEE, 0x0F, 0x7B, 0xC7,
    0x9E, 0x7B, 0xC7, 0x8F, 0xE0, 0xFF, 0x07, 0x38, 0x79, 0xC7, 0x8E, 0x38, 0x73, 0x83, 0xFC, 0x1F,
    0xF8, 0xFF, 0xE7, 0x07, 0xB8, 0x1D, 0xC0, 0xEE, 0x03, 0xF0, 0x3F, 0x81, 0xC0, 0x0E, 0x01, 0xE0,
    0x0E, 0x00, 0x40, 0xE1, 0xFC, 0x7B, 0x9E, 0x73, 0x8F, 0xF1, 0xFF, 0x3F, 0xF7, 0x0F, 0xE0, 0xFC,
    0x1F, 0x83, 0x80, 0xF0, 0x3C, 0x03, 0x00, 0x1F, 0xF8, 0x3F, 0xF0, 0x70, 0xE0, 0xE1, 0xC1, 0xC3,
    0x83, 0x87, 0x0E, 0x0E, 0x1C, 0x1C, 0x38, 0x38, 0x70, 0x70, 0xE0, 0xE1, 0xC1, 0xCF, 0x03, 0x9E,
    0x07, 0xF8, 0x0F, 0x80, 0x0E, 0x00, 0x1C, 0x00, 0x38, 0x3F, 0xE1, 0xFF, 0x0E, 0x38, 0x71, 0xC3,
    0x8E, 0x1C, 0x70, 0xE3, 0x87, 0x1C, 0x78, 0xE7, 0x87, 0xF8, 0x3E, 0x00, 0xE0, 0x07, 0x00, 0x38,
    0xE0, 0x3F, 0x01, 0xF8, 0x0F, 0xC0, 0x7E, 0x03, 0xF0, 0x1F, 0xFF, 0xFF, 0xFF, 0xFF, 0xFF, 0x01,
    0xF8, 0x0F, 0xC0, 0x7E, 0x03, 0xF0, 0x1F, 0x80, 0xE0, 0x07, 0x00, 0x38, 0x07, 0xC0, 0x3C, 0xE0,
    0xFC, 0x1F, 0x83, 0xF0, 0x7F, 0xFF, 0xFF, 0xF8, 0x3F, 0x07, 0xE0, 0xFC, 0x1F, 0x83, 0x80, 0x70,
    0x0E, 0x0F, 0x81, 0xF0, 0xE0, 0x39, 0xC0, 0x73, 0x80, 0xE7, 0x01, 0xCE, 0x03, 0x9C, 0x07, 0x3F,
    0xFE, 0x7F, 0xFC, 0xFF, 0xF9, 0xC0, 0x73, 0x80, 0xE7, 0x01, 0xCE, 0x03, 0x9C, 0x07, 0xF8, 0x0F,
    0x80, 0x0E, 0x00, 0x1C, 0x00, 0x38, 0xE0, 0xE7, 0x07, 0x38, 0x39, 0xC1, 0xCF, 0xFE, 0x7F, 0xF3,
    0x83, 0x9C, 0x1C, 0xE0, 0xEF, 0x07, 0xB8, 0x3C, 0x00, 0xE0, 0x06, 0x00, 0x70, 0xE0, 0x73, 0x81,
    0xCE, 0x07, 0x38, 0x1C, 0xE0, 0x73, 0xC1, 0xC7, 0x07, 0x1F, 0xFC, 0x3F, 0xF0, 0x39, 0xC0, 0x07,
    0x00, 0x1C, 0x00, 0x70, 0x01, 0xF0, 0x07, 0xC0, 0x07, 0x00, 0x1C, 0x00, 0x70, 0xE1, 0xCE, 0x1C,
    0xE1, 0xCE, 0x1C, 0xF1, 0xC7, 0xFC, 0x7F, 0xC1, 0xFC, 0x01, 0xC0, 0x1F, 0x01, 0xF0, 0x07, 0x00,
    0x70, 0x07, 0xF8, 0x0F, 0x9F, 0x81, 0xF3, 0xF0, 0x7E, 0x76, 0x0F, 0xCE, 0xE1, 0xF9, 0xDC, 0x77,
    0x3B, 0x8E, 0xE7, 0x39, 0xDC, 0xE7, 0x73, 0x9C, 0xEE, 0x73, 0x8F, 0xCE, 0x71, 0xF1, 0xCE, 0x1E,
    0x39, 0xC3, 0xC7, 0xF8, 0x70, 0xF0, 0x00, 0x0E, 0x00, 0x01, 0xC0, 0x00, 0x70, 0xF8, 0x3E, 0x7E,
    0x3F, 0x3F, 0x1F, 0x9D, 0x8D, 0xCE, 0xEE, 0xE7, 0x77, 0x73, 0xBB, 0x39, 0xCD, 0x9C, 0xE7, 0xCE,
    0xF1, 0xC7, 0xB8, 0xE3, 0xC0, 0x00, 0xE0, 0x00, 0xE0, 0x00, 0x70, 0xFF, 0xFF, 0xFF, 0xFF, 0xFF,
    0xF8, 0x0C, 0x60, 0x0D, 0xC0, 0x1F, 0x00, 0x00, 0x00, 0x00, 0x00, 0xF8, 0x01, 0xF0, 0x03, 0xF0,
    0x0E, 0xE0, 0x1D, 0xC0, 0x39, 0xC0, 0xF3, 0x81, 0xC7, 0x03, 0x8F, 0x0F, 0xFE, 0x1F, 0xFC, 0x38,
    0x3C, 0xF0, 0x39, 0xC0, 0x7F, 0x80, 0xF0, 0x61, 0x8C, 0xC1, 0xE0, 0x00, 0x08, 0x1F, 0xC7, 0xFB,
    0x87, 0x01, 0xC7, 0xF7, 0xFF, 0x87, 0xE1, 0xF8, 0xFF, 0xFD, 0xF7, 0x0E, 0x60, 0x1D, 0xE0, 0x39,
    0x80, 0x00, 0x00, 0x00, 0x00, 0xF8, 0x01, 0xF0, 0x03, 0xF0, 0x0E, 0xE0, 0x1D, 0xC0, 0x39, 0xC0,
    0xF3, 0x81, 0xC7, 0x03, 0x8F, 0x0F, 0xFE, 0x1F, 0xFC, 0x38, 0x3C, 0xF0, 0x39, 0xC0, 0x7F, 0x80,
    0xF0, 0x33, 0x1C, 0xE3, 0x30, 0x00, 0x08, 0x1F, 0xC7, 0xFB, 0x87, 0x01, 0xC7, 0xF7, 0xFF, 0x87,
    0xE1, 0xF8, 0xFF, 0xFD, 0xF7, 0x01, 0xFF, 0xF0, 0x3F, 0xFF, 0x03, 0xB8, 0x00, 0x7B, 0x80, 0x07,
    0x38, 0x00, 0x73, 0x80, 0x0E, 0x3F, 0xF0, 0xE3, 0xFF, 0x1E, 0x3F, 0xF1, 0xFF, 0x80, 0x3F, 0xF8,
    0x03, 0x83, 0x80, 0x38, 0x3F, 0xF7, 0x83, 0xFF, 0xF0, 0x3F, 0xF0, 0x08, 0x10, 0x3F, 0xBF, 0x1F,
    0xFF, 0xDC, 0x38, 0x70, 0x1C, 0x39, 0xFF, 0xFD, 0xFF, 0xFF, 0xC3, 0x00, 0xE1, 0xC0, 0x71, 0xF1,
    0xFF, 0xFF, 0xCF, 0xCF, 0xC0, 0x31, 0x87, 0x70, 0x7C, 0x00, 0x00, 0x01, 0xFF, 0xFF, 0xFF, 0x00,
    0xE0, 0x1C, 0x03, 0x80, 0x7F, 0xEF, 0xFD, 0xFF, 0xB8, 0x07, 0x00, 0xE0, 0x1F, 0xFF, 0xFF, 0xFF,
    0xF0, 0x31, 0x87, 0x60, 0x78, 0x00, 0x00, 0x40, 0x7F, 0x1F, 0xF7, 0x8E, 0xE0, 0xDF, 0xFF, 0xFF,
    0xF0, 0x0E, 0x00, 0xE3, 0x9F, 0xF1, 0xFC, 0x1F, 0xC0, 0xFF, 0x87, 0xDF, 0x3C, 0x1E, 0xE0, 0x38,
    0x00, 0xEF, 0xFF, 0xFF, 0xFF, 0xFF, 0xFF, 0x80, 0xEE, 0x03, 0x9C, 0x1E, 0x7F, 0xF0, 0xFF, 0x81,
    0xFC, 0x00, 0x0C, 0x0F, 0xF3, 0xFF, 0x70, 0xE0, 0x1C, 0x01, 0xFF, 0xFF, 0x06, 0xE1, 0xDE, 0x79,
    0xFE, 0x1F, 0x80, 0x18, 0xC0, 0x77, 0x01, 0xCC, 0x00, 0x00, 0x00, 0x00, 0x7F, 0x03, 0xFE, 0x1F,
    0x7C, 0xF0, 0x7B, 0x80, 0xE0, 0x03, 0xBF, 0xFF, 0xFF, 0xFF, 0xFF, 0xFE, 0x03, 0xB8, 0x0E, 0x70,
    0x79, 0xFF, 0xC3, 0xFE, 0x07, 0xF0, 0x33, 0x8E, 0x70, 0xCE, 0x00, 0x00, 0xC0, 0xFF, 0x3F, 0xF7,
    0x0E, 0x01, 0xC0, 0x1F, 0xFF, 0xF0, 0x6E, 0x1D, 0xE7, 0x9F, 0xE1, 0xF8, 0x01, 0x98, 0x00, 0x1C,
    0xE0, 0x00, 0x67, 0x00, 0x00, 0x00, 0x00, 0x00, 0x00, 0xF8, 0x38, 0x79, 0xC1, 0xC3, 0x8F, 0x0E,
    0x3C, 0x3C, 0x71, 0xC0, 0xE3, 0x9E, 0x07, 0x9C, 0xE0, 0x1F, 0xFE, 0x00, 0xFF, 0xF0, 0x0F, 0xFF,
    0xC0, 0x71, 0xCF, 0x07, 0x8E, 0x38, 0x38, 0x71, 0xE3, 0xC3, 0x87, 0x3C, 0x1C, 0x3D, 0xC0, 0xE0,
    0xF0, 0x03, 0x30, 0x01, 0xCE, 0x00, 0x33, 0x00, 0x00, 0x00, 0x80, 0x00, 0x5E, 0x79, 0xE3, 0x9E,
    0x70, 0x77, 0xB8, 0x1F, 0xFE, 0x03, 0xFF, 0x00, 0xFF, 0xC0, 0x7F, 0xF8, 0x1D, 0xEE, 0x0F, 0x7B,
    0xC7, 0x9E, 0x7B, 0xC7, 0x8F, 0x39, 0x87, 0x78, 0xE6, 0x00, 0x00, 0x00, 0x7F, 0x1F, 0xF3, 0x8F,
    0xE0, 0xE0, 0x1C, 0x07, 0x87, 0xE0, 0xF8, 0x07, 0xC0, 0x38, 0x07, 0xE0, 0xFF, 0x3D, 0xFF, 0x1F,
    0xC0, 0x63, 0x3B, 0x99, 0xC0, 0x00, 0x83, 0xFB, 0xFD, 0xC7, 0x03, 0x8F, 0x87, 0xC0, 0xF0, 0x3F,
    0x3F, 0xFE, 0x7C, 0x7F, 0xE7, 0xFE, 0x01, 0xC0, 0x38, 0x07, 0x00, 0xE0, 0x0F, 0x80, 0xFC, 0x01,
    0xE0, 0x0E, 0x00, 0xFE, 0x0E, 0xF9, 0xE7, 0xFC, 0x3F, 0x80, 0x7F, 0xE7, 0xFE, 0x01, 0xC0, 0x38,
    0x07, 0x00, 0xE0, 0x0F, 0x80, 0xFC, 0x01, 0xE0, 0x0E, 0x00, 0xFE, 0x0E, 0xF9, 0xE7, 0xFC, 0x3F,
    0x80, 0x0F, 0xC0, 0x3F, 0x00, 0x00, 0x00, 0x00, 0xF0, 0x3F, 0xC1, 0xFF, 0x0F, 0xFC, 0x3F, 0xF1,
    0xFF, 0xC7, 0xFF, 0x3B, 0xFD, 0xEF, 0xF7, 0x3F, 0xB8, 0xFE, 0xE3, 0xFF, 0x0F, 0xF8, 0x3F, 0xE0,
    0xFF, 0x03, 0xC0, 0x1F, 0x03, 0xE0, 0x00, 0x00, 0x0E, 0x1F, 0xC3, 0xF8, 0xFF, 0x3F, 0xE6, 0xFD,
    0xDF, 0xF3, 0xFC, 0x7F, 0x8F, 0xE1, 0xF8, 0x38, 0x18, 0xC0, 0x77, 0x01, 0xCC, 0x00, 0x00, 0x00,
    0x03, 0xC0, 0xFF, 0x07, 0xFC, 0x3F, 0xF0, 0xFF, 0xC7, 0xFF, 0x1F, 0xFC, 0xEF, 0xF7, 0xBF, 0xDC,
    0xFE, 0xE3, 0xFB, 0x8F, 0xFC, 0x3F, 0xE0, 0xFF, 0x83, 0xFC, 0x0F, 0x31, 0x87, 0x70, 0xC6, 0x00,
    0x00, 0x01, 0xC3, 0xF8, 0x7F, 0x1F, 0xE7, 0xFC, 0xDF, 0xBB, 0xFE, 0x7F, 0x8F, 0xF1, 0xFC, 0x3F,
    0x07, 0x0C, 0xC0, 0x73, 0x80, 0xCC, 0x00, 0x00, 0x00, 0x00, 0x3F, 0x83, 0xFF, 0x1F, 0x3E, 0x70,
    0x3B, 0xC0, 0xFE, 0x01, 0xF8, 0x07, 0xE0, 0x1F, 0x80, 0x7E, 0x01, 0xFC, 0x0F, 0x78, 0x39, 0xFF,
    0xE3, 0xFF, 0x03, 0xF0, 0x31, 0x87, 0x70, 0xCE, 0x00, 0x00, 0x40, 0x7F, 0x1F, 0xF7, 0x8E, 0xE0,
    0xFC, 0x1F, 0x83, 0xF0, 0x7E, 0x1E, 0xE3, 0x9F, 0xF1, 0xF8, 0x0F, 0xE0, 0xFF, 0xC7, 0xCF, 0x9C,
    0x0E, 0xF0, 0x3F, 0x80, 0x7F, 0xFF, 0xFF, 0xFF, 0xE0, 0x1F, 0x80, 0x7F, 0x03, 0xDE, 0x0E, 0x7F,
    0xF8, 0xFF, 0xC0, 0xFC, 0x00, 0x04, 0x07, 0xF1, 0xFF, 0x78, 0xEE, 0x0F, 0xF1, 0xFF, 0xFF, 0x07,
    0xE1, 0xEE, 0x39, 0xFF, 0x1F, 0x80, 0x0C, 0xC0, 0x73, 0x80, 0xCC, 0x00, 0x00, 0x00, 0x00, 0x3F,
    0x83, 0xFF, 0x1F, 0x3E, 0x70, 0x3B, 0xC0, 0xFE, 0x01, 0xFF, 0xFF, 0xFF, 0xFF, 0x80, 0x7E, 0x01,
    0xFC, 0x0F, 0x78, 0x39, 0xFF, 0xE3, 0xFF, 0x03, 0xF0, 0x31, 0x87, 0x70, 0xCE, 0x00, 0x00, 0x40,
    0x7F, 0x1F, 0xF7, 0x8E, 0xE0, 0xFF, 0x1F, 0xFF, 0xF0, 0x7E, 0x1E, 0xE3, 0x9F, 0xF1, 0xF8, 0x18,
    0xC0, 0xEE, 0x06, 0x70, 0x00, 0x00, 0x00, 0x0F, 0xE0, 0xFF, 0x8F, 0x3E, 0xF0, 0x7F, 0x01, 0xC0,
    0x0E, 0x0F, 0xF0, 0x7F, 0x83, 0xFC, 0x00, 0xFC, 0x07, 0xF0, 0x7B, 0xFF, 0x8F, 0xF8, 0x3F, 0x80,
    0x33, 0x1C, 0xE7, 0x30, 0x00, 0x08, 0x0F, 0xC7, 0xFB, 0x87, 0x61, 0xC3, 0xF0, 0xFC, 0x07, 0xE1,
    0xFC, 0xF7, 0xF8, 0xFC, 0x0F, 0xC0, 0x3F, 0x00, 0x00, 0x20, 0x00, 0x70, 0x3D, 0xE0, 0xE3, 0x87,
    0x8F, 0x1C, 0x1C, 0x70, 0x7B, 0x80, 0xEE, 0x03, 0xB8, 0x07, 0xC0, 0x1F, 0x00, 0x38, 0x00, 0xE0,
    0x1F, 0x00, 0x7C, 0x01, 0xE0, 0x00, 0x1F, 0x81, 0xF8, 0x00, 0x08, 0x00, 0x70, 0x77, 0x0F, 0x70,
    0xE3, 0x8E, 0x39, 0xC1, 0x9C, 0x1D, 0xC1, 0xF8, 0x0F, 0x80, 0xF0, 0x0F, 0x00, 0x70, 0x0E, 0x03,
    0xE0, 0x7C, 0x00, 0x0C, 0xE0, 0x7B, 0x80, 0xCE, 0x00, 0x00, 0x80, 0x01, 0xC0, 0xF7, 0x83, 0x8E,
    0x1E, 0x3C, 0x70, 0x71, 0xC1, 0xEE, 0x03, 0xB8, 0x0E, 0xE0, 0x1F, 0x00, 0x7C, 0x00, 0xE0, 0x03,
    0x80, 0x7C, 0x01, 0xF0, 0x07, 0x80, 0x18, 0xC1, 0xDC, 0x19, 0xC0, 0x00, 0x80, 0x07, 0x07, 0x70,
    0xF7, 0x0E, 0x38, 0xE3, 0x9C, 0x19, 0xC1, 0xDC, 0x1F, 0x80, 0xF8, 0x0F, 0x00, 0xF0, 0x07, 0x00,
    0xE0, 0x3E, 0x07, 0xC0, 0x06, 0x70, 0x3B, 0x80, 0xDC, 0x00, 0x00, 0x80, 0x01, 0xC0, 0xF7, 0x83,
    0x8E, 0x1E, 0x3C, 0x70, 0x71, 0xC1, 0xEE, 0x03, 0xB8, 0x0E, 0xE0, 0x1F, 0x00, 0x7C, 0x00, 0xE0,
    0x03, 0x80, 0x7C, 0x01, 0xF0, 0x07, 0x80, 0x0C, 0xE1, 0xDC, 0x1B, 0x80, 0x00, 0x80, 0x07, 0x07,
    0x70, 0xF7, 0x0E, 0x38, 0xE3, 0x9C, 0x19, 0xC1, 0xDC, 0x1F, 0x80, 0xF8, 0x0F, 0x00, 0xF0, 0x07,
    0x00, 0xE0, 0x3E, 0x07, 0xC0, 0x18, 0xC1, 0xDC, 0x19, 0xC0, 0x00, 0x00, 0x0E, 0x07, 0xE0, 0x7E,
    0x07, 0xE0, 0x7E, 0x07, 0xF0, 0x77, 0x07, 0x7F, 0xF3, 0xFF, 0x0E, 0x70, 0x07, 0x00, 0x70, 0x07,
    0x00, 0x70, 0x07, 0x33, 0x9E, 0xE3, 0x38, 0x00, 0x00, 0x38, 0x7E, 0x1F, 0x87, 0xE1, 0xFC, 0x77,
    0xFD, 0xFF, 0x1F, 0xC0, 0x70, 0x1C, 0x07, 0xFF, 0xFF, 0xFE, 0x03, 0x80, 0xE0, 0x38, 0x0E, 0x03,
    0x80, 0xE0, 0x38, 0x0E, 0x03, 0x80, 0xE0, 0x3E, 0x0F, 0x80, 0xE0, 0x38, 0x0E, 0x00, 0xFF, 0xFF,
    0xE0, 0xE0, 0xE0, 0xE0, 0xE0, 0xE0, 0xE0, 0xF8, 0xF8, 0x38, 0x38, 0x38, 0x06, 0x60, 0x07, 0x38,
    0x01, 0x9C, 0x00, 0x00, 0x00, 0x00, 0x07, 0x00, 0x1F, 0x80, 0x0F, 0xC0, 0x07, 0xE0, 0x03, 0xF0,
    0x01, 0xFF, 0xE0, 0xFF, 0xF8, 0x7F, 0xFE, 0x3F, 0x07, 0x9F, 0x81, 0xCF, 0xC0, 0xE7, 0xE0, 0xF3,
    0xFF, 0xF1, 0xFF, 0xF8, 0xFF, 0xF0, 0x70, 0x0C, 0x60, 0x1D, 0xC0, 0x33, 0x80, 0x00, 0x00, 0x00,
    0x1C, 0x03, 0xF8, 0x07, 0xF0, 0x0F, 0xFF, 0x1F, 0xFF, 0x3F, 0xFF, 0x7F, 0x0E, 0xFE, 0x1D, 0xFC,
    0x7B, 0xFF, 0xF7, 0xFF, 0x8F, 0x3F, 0xF3, 0xFF, 0x38, 0x03, 0x80, 0x38, 0x03, 0x80, 0xFF, 0x8F,
    0xF8, 0x38, 0x03, 0x80, 0x38, 0x03, 0x80, 0x38, 0x03, 0xE0, 0x3E, 0x00, 0xE0, 0x0E, 0x03, 0xE0,
    0x3C, 0x00, 0x7F, 0xBF, 0xDC, 0x0E, 0x07, 0x07, 0xF1, 0xC0, 0xE0, 0x70, 0x3E, 0x1F, 0x03, 0x81,
    0xC3, 0xE1, 0xE0, 0xF0, 0x78, 0xF0, 0xE0, 0xE3, 0xC1, 0xE7, 0x01, 0xDC, 0x01, 0xF8, 0x03, 0xE0,
    0x03, 0xC0, 0x0F, 0x80, 0x3F, 0x80, 0x77, 0x81, 0xE7, 0x07, 0x87, 0x0E, 0x0F, 0xF8, 0x0F, 0x80,
    0x07, 0x00, 0x0E, 0x00, 0x78, 0x01, 0xF0, 0x71, 0xE7, 0x38, 0xEE, 0x0F, 0xC1, 0xF0, 0x1E, 0x07,
    0xC1, 0xFC, 0x3B, 0x8E, 0x3B, 0xC3, 0x00, 0x70, 0x0E, 0x0F, 0x81, 0xF0, 0xF0, 0x79, 0xE1, 0xC3,
    0x8F, 0x0F, 0x38, 0x1D, 0xC0, 0x3F, 0x07, 0xFF, 0x9F, 0xFE, 0x0F, 0x80, 0x7F, 0x01, 0xDE, 0x0F,
    0x38, 0x78, 0x71, 0xC1, 0xEE, 0x03, 0xC0, 0x70, 0xE3, 0x9C, 0x3D, 0xC1, 0xF8, 0x0F, 0x07, 0xFE,
    0x1F, 0x81, 0xF8, 0x39, 0xC7, 0x9E, 0xF0, 0xF0, 0x07, 0xC0, 0x0F, 0x80, 0x1F, 0x80, 0x77, 0x00,
    0xEE, 0x01, 0xCE, 0x07, 0x9C, 0x0E, 0x38, 0x1C, 0x78, 0x7F, 0xF0, 0xFF, 0xE1, 0xC1, 0xE7, 0x81,
    0xCE, 0x03, 0xDC, 0x07, 0xC0, 0x00, 0x01, 0x80, 0x07, 0x00, 0x0E, 0x00, 0x08, 0x1F, 0xC7, 0xFB,
    0x87, 0x01, 0xC7, 0xF7, 0xFF, 0x87, 0xE1, 0xF8, 0xFF, 0xFD, 0xF7, 0x00, 0x03, 0x01, 0xE0, 0x30,
    0x03, 0x80, 0x07, 0x80, 0x06, 0x00, 0x00, 0x00, 0x00, 0x00, 0xF8, 0x01, 0xF0, 0x03, 0xF0, 0x0E,
    0xE0, 0x1D, 0xC0, 0x39, 0xC0, 0xF3, 0x81, 0xC7, 0x03, 0x8F, 0x0F, 0xFE, 0x1F, 0xFC, 0x38, 0x3C,
    0xF0, 0x39, 0xC0, 0x7F, 0x80, 0xF0, 0x1C, 0x07, 0x80, 0xC0, 0x00, 0x08, 0x1F, 0xC7, 0xFB, 0x87,
    0x01, 0xC7, 0xF7, 0xFF, 0x87, 0xE1, 0xF8, 0xFF, 0xFD, 0xF7, 0x00, 0x38, 0x00, 0x60, 0x01, 0x00,
    0x1C, 0x00, 0x7C, 0x01, 0xDC, 0x00, 0x04, 0x00, 0x00, 0x07, 0xC0, 0x0F, 0x80, 0x1F, 0x80, 0x77,
    0x00, 0xEE, 0x01, 0xCE, 0x07, 0x9C, 0x0E, 0x38, 0x1C, 0x78, 0x7F, 0xF0, 0xFF, 0xE1, 0xC1, 0xE7,
    0x81, 0xCE, 0x03, 0xFC, 0x07, 0x80, 0x01, 0xC0, 0x60, 0x00, 0x30, 0x1E, 0x0C, 0xC4, 0x08, 0x20,
    0x7F, 0x1F, 0xEE, 0x1C, 0x07, 0x1F, 0xDF, 0xFE, 0x1F, 0x87, 0xE3, 0xFF, 0xF7, 0xDC, 0x00, 0xE0,
    0x00, 0x60, 0x00, 0x00, 0x1C, 0x00, 0x7C, 0x01, 0xDC, 0x00, 0x04, 0x00, 0x00, 0x07, 0xC0, 0x0F,
    0x80, 0x1F, 0x80, 0x77, 0x00, 0xEE, 0x01, 0xCE, 0x07, 0x9C, 0x0E, 0x38, 0x1C, 0x78, 0x7F, 0xF0,
    0xFF, 0xE1, 0xC1, 0xE7, 0x81, 0xCE, 0x03, 0xFC, 0x07, 0x80, 0x03, 0x00, 0x60, 0x00, 0x30, 0x1E,
    0x0C, 0xC4, 0x08, 0x20, 0x7F, 0x1F, 0xEE, 0x1C, 0x07, 0x1F, 0xDF, 0xFE, 0x1F, 0x87, 0xE3, 0xFF,
    0xF7, 0xDC, 0x00, 0xF0, 0x00, 0x60, 0x01, 0x00, 0x1C, 0x00, 0x7C, 0x01, 0xDC, 0x00, 0x04, 0x00,
    0x00, 0x07, 0xC0, 0x0F, 0x80, 0x1F, 0x80, 0x77, 0x00, 0xEE, 0x01, 0xCE, 0x07, 0x9C, 0x0E, 0x38,
    0x1C, 0x78, 0x7F, 0xF0, 0xFF, 0xE1, 0xC1, 0xE7, 0x81, 0xCE, 0x03, 0xFC, 0x07, 0x80, 0x03, 0x80,
    0x60, 0x00, 0x30, 0x1E, 0x0C, 0xC4, 0x08, 0x20, 0x7F, 0x1F, 0xEE, 0x1C, 0x07, 0x1F, 0xDF, 0xFE,
    0x1F, 0x87, 0xE3, 0xFF, 0xF7, 0xDC, 0x07, 0x20, 0x1B, 0xC0, 0x00, 0x00, 0x1C, 0x00, 0x7C, 0x01,
    0xDC, 0x00, 0x04, 0x00, 0x00, 0x07, 0xC0, 0x0F, 0x80, 0x1F, 0x80, 0x77, 0x00, 0xEE, 0x01, 0xCE,
    0x07, 0x9C, 0x0E, 0x38, 0x1C, 0x78, 0x7F, 0xF0, 0xFF, 0xE1, 0xC1, 0xE7, 0x81, 0xCE, 0x03, 0xFC,
    0x07, 0x80, 0x39, 0x8F, 0xC4, 0x00, 0x30, 0x1E, 0x0C, 0xC4, 0x08, 0x20, 0x7F, 0x1F, 0xEE, 0x1C,
    0x07, 0x1F, 0xDF, 0xFE, 0x1F, 0x87, 0xE3, 0xFF, 0xF7, 0xDC, 0x03, 0x80, 0x0F, 0x80, 0x39, 0xC0,
    0x00, 0x00, 0x00, 0x00, 0xF8, 0x01, 0xF0, 0x03, 0xF0, 0x0E, 0xE0, 0x1D, 0xC0, 0x39, 0xC0, 0xF3,
    0x81, 0xC7, 0x03, 0x8F, 0x0F, 0xFE, 0x1F, 0xFC, 0x38, 0x3C, 0xF0, 0x39, 0xC0, 0x7B, 0x80, 0xF8,
    0x00, 0x00, 0x30, 0x00, 0xE0, 0x01, 0xC0, 0x1E, 0x0F, 0xC7, 0x38, 0x00, 0x08, 0x1F, 0xC7, 0xFB,
    0x87, 0x01, 0xC7, 0xF7, 0xFF, 0x87, 0xE1, 0xF8, 0xFF, 0xFD, 0xF7, 0x00, 0x03, 0x01, 0xE0, 0x30,
    0x00, 0xE0, 0x03, 0x00, 0x00, 0x00, 0x63, 0x00, 0xE6, 0x00, 0xF8, 0x00, 0x40, 0x00, 0x00, 0x07,
    0xC0, 0x0F, 0x80, 0x1F, 0x80, 0x77, 0x00, 0xEE, 0x01, 0xCE, 0x07, 0x9C, 0x0E, 0x38, 0x1C, 0x78,
    0x7F, 0xF0, 0xFF, 0xE1, 0xC1, 0xE7, 0x81, 0xCE, 0x03, 0xFC, 0x07, 0x80, 0x07, 0x01, 0x80, 0x80,
    0x86, 0x33, 0x0F, 0xC0, 0x40, 0x20, 0x7F, 0x1F, 0xEE, 0x1C, 0x07, 0x1F, 0xDF, 0xFE, 0x1F, 0x87,
    0xE3, 0xFF, 0xF7, 0xDC, 0x07, 0x00, 0x06, 0x00, 0x02, 0x00, 0x63, 0x00, 0xE6, 0x00, 0xF8, 0x00,
    0x40, 0x00, 0x00, 0x07, 0xC0, 0x0F, 0x80, 0x1F, 0x80, 0x77, 0x00, 0xEE, 0x01, 0xCE, 0x07, 0x9C,
    0x0E, 0x38, 0x1C, 0x78, 0x7F, 0xF0, 0xFF, 0xE1, 0xC1, 0xE7, 0x81, 0xCE, 0x03, 0xFC, 0x07, 0x80,
    0x38, 0x06, 0x00, 0x41, 0x84, 0x33, 0x0F, 0xC0, 0x80, 0x20, 0x7F, 0x1F, 0xEE, 0x1C, 0x07, 0x1F,
    0xDF, 0xFE, 0x1F, 0x87, 0xE3, 0xFF, 0xF7, 0xDC, 0x03, 0x80, 0x01, 0x00, 0x04, 0x00, 0x63, 0x00,
    0xE6, 0x00, 0xF8, 0x00, 0x40, 0x00, 0x00, 0x07, 0xC0, 0x0F, 0x80, 0x1F, 0x80, 0x77, 0x00, 0xEE,
    0x01, 0xCE, 0x07, 0x9C, 0x0E, 0x38, 0x1C, 0x78, 0x7F, 0xF0, 0xFF, 0xE1, 0xC1, 0xE7, 0x81, 0xCE,
    0x03, 0xFC, 0x07, 0x80, 0x1E, 0x01, 0x80, 0x80, 0x86, 0x33, 0x0F, 0xC0, 0x40, 0x20, 0x7F, 0x1F,
    0xEE, 0x1C, 0x07, 0x1F, 0xDF, 0xFE, 0x1F, 0x87, 0xE3, 0xFF, 0xF7, 0xDC, 0x07, 0x20, 0x1F, 0xC0,
    0x00, 0x00, 0x63, 0x00, 0x66, 0x00, 0xF8, 0x00, 0x00, 0x00, 0x00, 0x07, 0xC0, 0x0F, 0x80, 0x1F,
    0x80, 0x77, 0x00, 0xEE, 0x01, 0xCE, 0x07, 0x9C, 0x0E, 0x38, 0x1C, 0x78, 0x7F, 0xF0, 0xFF, 0xE1,
    0xC1, 0xE7, 0x81, 0xCE, 0x03, 0xFC, 0x07, 0x80, 0x39, 0x8F, 0xC0, 0x00, 0x84, 0x33, 0x0F, 0xC0,
    0x00, 0x20, 0x7F, 0x1F, 0xEE, 0x1C, 0x07, 0x1F, 0xDF, 0xFE, 0x1F, 0x87, 0xE3, 0xFF, 0xF7, 0xDC,
    0x0C, 0x60, 0x0D, 0xC0, 0x1F, 0x00, 0x00, 0x00, 0x00, 0x00, 0xF8, 0x01, 0xF0, 0x03, 0xF0, 0x0E,
    0xE0, 0x1D, 0xC0, 0x39, 0xC0, 0xF3, 0x81, 0xC7, 0x03, 0x8F, 0x0F, 0xFE, 0x1F, 0xFC, 0x38, 0x3C,
    0xF0, 0x39, 0xC0, 0x7B, 0x80, 0xF8, 0x00, 0x00, 0x30, 0x00, 0xE0, 0x01, 0xC0, 0x61, 0x8C, 0xC1,
    0xE0, 0x00, 0x08, 0x1F, 0xC7, 0xFB, 0x87, 0x01, 0xC7, 0xF7, 0xFF, 0x87, 0xE1, 0xF8, 0xFF, 0xFD,
    0xF7, 0x00, 0x03, 0x01, 0xE0, 0x30, 0xFF, 0xFF, 0xFF, 0x80, 0x70, 0x0E, 0x01, 0xC0, 0x3F, 0xF7,
    0xFE, 0xFF, 0xDC, 0x03, 0x80, 0x70, 0x0F, 0xFF, 0xFF, 0xFF, 0xF8, 0x00, 0x0E, 0x01, 0xC0, 0x38,
    0x00, 0x04, 0x07, 0xF1, 0xFF, 0x78, 0xEE, 0x0D, 0xFF, 0xFF, 0xFF, 0x00, 0xE0, 0x0E, 0x39, 0xFF,
    0x1F, 0xC0, 0x00, 0x18, 0x03, 0x80, 0x70, 0x1E, 0x03, 0xC0, 0x18, 0x04, 0x00, 0x01, 0xFF, 0xFF,
    0xFF, 0x00, 0xE0, 0x1C, 0x03, 0x80, 0x7F, 0xEF, 0xFD, 0xFF, 0xB8, 0x07, 0x00, 0xE0, 0x1F, 0xFF,
    0xFF, 0xFF, 0xF0, 0x1E, 0x03, 0xC0, 0x38, 0x00, 0x00, 0x40, 0x7F, 0x1F, 0xF7, 0x8E, 0xE0, 0xDF,
    0xFF, 0xFF, 0xF0, 0x0E, 0x00, 0xE3, 0x9F, 0xF1, 0xFC, 0x19, 0x87, 0xF0, 0xDC, 0x00, 0x00, 0x01,
    0xFF, 0xFF, 0xFF, 0x00, 0xE0, 0x1C, 0x03, 0x80, 0x7F, 0xEF, 0xFD, 0xFF, 0xB8, 0x07, 0x00, 0xE0,
    0x1F, 0xFF, 0xFF, 0xFF, 0xF0, 0x19, 0x87, 0xF0, 0x9C, 0x00, 0x00, 0x40, 0x7F, 0x1F, 0xF7, 0x8E,
    0xE0, 0xDF, 0xFF, 0xFF, 0xF0, 0x0E, 0x00, 0xE3, 0x9F, 0xF1, 0xFC, 0x00, 0xE0, 0x38, 0x00, 0x07,
    0x01, 0xF0, 0x77, 0x10, 0x10, 0x00, 0xFF, 0xFF, 0xFF, 0x80, 0x70, 0x0E, 0x01, 0xC0, 0x3F, 0xF7,
    0xFE, 0xFF, 0xDC, 0x03, 0x80, 0x70, 0x0F, 0xFF, 0xFF, 0xFF, 0xF8, 0x00, 0xE0, 0x30, 0x00, 0x07,
    0x01, 0xF0, 0x77, 0x10, 0x00, 0x20, 0x3F, 0x8F, 0xFB, 0xC7, 0x70, 0x6F, 0xFF, 0xFF, 0xF8, 0x07,
    0x00, 0x71, 0xCF, 0xF8, 0xFE, 0x00, 0x03, 0x80, 0x30, 0x01, 0x07, 0x01, 0xF0, 0x77, 0x10, 0x10,
    0x00, 0xFF, 0xFF, 0xFF, 0x80, 0x70, 0x0E, 0x01, 0xC0, 0x3F, 0xF7, 0xFE, 0xFF, 0xDC, 0x03, 0x80,
    0x70, 0x0F, 0xFF, 0xFF, 0xFF, 0xF8, 0x03, 0x80, 0x30, 0x01, 0x07, 0x01, 0xF0, 0x77, 0x10, 0x00,
    0x20, 0x3F, 0x8F, 0xFB, 0xC7, 0x70, 0x6F, 0xFF, 0xFF, 0xF8, 0x07, 0x00, 0x71, 0xCF, 0xF8, 0xFE,
    0x00, 0x03, 0x80, 0x10, 0x04, 0x07, 0x01, 0xF0, 0x77, 0x10, 0x10, 0x00, 0xFF, 0xFF, 0xFF, 0x80,
    0x70, 0x0E, 0x01, 0xC0, 0x3F, 0xF7, 0xFE, 0xFF, 0xDC, 0x03, 0x80, 0x70, 0x0F, 0xFF, 0xFF, 0xFF,
    0xF8, 0x03, 0x80, 0x30, 0x00, 0x07, 0x01, 0xF0, 0x77, 0x10, 0x00, 0x20, 0x3F, 0x8F, 0xFB, 0xC7,
    0x70, 0x6F, 0xFF, 0xFF, 0xF8, 0x07, 0x00, 0x71, 0xCF, 0xF8, 0xFE, 0x00, 0x1D, 0x86, 0xF0, 0x00,
    0x07, 0x01, 0xF0, 0x77, 0x10, 0x10, 0x00, 0xFF, 0xFF, 0xFF, 0x80, 0x70, 0x0E, 0x01, 0xC0, 0x3F,
    0xF7, 0xFE, 0xFF, 0xDC, 0x03, 0x80, 0x70, 0x0F, 0xFF, 0xFF, 0xFF, 0xF8, 0x3D, 0x87, 0xE0, 0x00,
    0x07, 0x01, 0xF0, 0x77, 0x10, 0x00, 0x20, 0x3F, 0x8F, 0xFB, 0xC7, 0x70, 0x6F, 0xFF, 0xFF, 0xF8,
    0x07, 0x00, 0x71, 0xCF, 0xF8, 0xFE, 0x00, 0x0E, 0x03, 0x60, 0xEE, 0x20, 0x20, 0x01, 0xFF, 0xFF,
    0xFF, 0x00, 0xE0, 0x1C, 0x03, 0x80, 0x7F, 0xEF, 0xFD, 0xFF, 0xB8, 0x07, 0x00, 0xE0, 0x1F, 0xFF,
    0xFF, 0xFF, 0xF0, 0x00, 0x1C, 0x03, 0x80, 0x70, 0x0E, 0x03, 0xE1, 0xCE, 0x00, 0x00, 0x40, 0x7F,
    0x1F, 0xF7, 0x8E, 0xE0, 0xDF, 0xFF, 0xFF, 0xF0, 0x0E, 0x00, 0xE3, 0x9F, 0xF1, 0xFC, 0x00, 0x01,
    0x80, 0x38, 0x07, 0x00, 0xEF, 0x60, 0x0E, 0xEE, 0xEE, 0xEE, 0xEE, 0xEE, 0xEE, 0xEE, 0xEF, 0x60,
    0x0E, 0xEE, 0xEE, 0xEE, 0xEE, 0xEE, 0xEE, 0xEE, 0xEE, 0xEE, 0xEE, 0xEE, 0xEE, 0xE0, 0x6F, 0x60,
    0x6F, 0xE0, 0x0E, 0xEE, 0xEE, 0xEE, 0xEE, 0xEE, 0x06, 0xF6, 0x0F, 0xE0, 0xFF, 0xC7, 0xCF, 0x9C,
    0x0E, 0xF0, 0x3F, 0x80, 0x7E, 0x01, 0xF8, 0x07, 0xE0, 0x1F, 0x80, 0x7F, 0x03, 0xDE, 0x0E, 0x7F,
    0xF8, 0xFF, 0xC0, 0xFC, 0x00, 0x00, 0x03, 0x00, 0x1E, 0x00, 0x30, 0x00, 0x04, 0x07, 0xF1, 0xFF,
    0x78, 0xEE, 0x0F, 0xC1, 0xF8, 0x3F, 0x07, 0xE1, 0xEE, 0x39, 0xFF, 0x1F, 0x80, 0x00, 0x1C, 0x03,
    0x80, 0x70, 0x07, 0x00, 0x1E, 0x00, 0x30, 0x00, 0x00, 0x00, 0x00, 0x3F, 0x83, 0xFF, 0x1F, 0x3E,
    0x70, 0x3B, 0xC0, 0xFE, 0x01, 0xF8, 0x07, 0xE0, 0x1F, 0x80, 0x7E, 0x01, 0xFC, 0x0F, 0x78, 0x39,
    0xFF, 0xE3, 0xFF, 0x03, 0xF0, 0x1E, 0x03, 0xC0, 0x18, 0x04, 0x00, 0x40, 0x7F, 0x1F, 0xF7, 0x8E,
    0xE0, 0xFC, 0x1F, 0x83, 0xF0, 0x7E, 0x1E, 0xE3, 0x9F, 0xF1, 0xF8, 0x00, 0x30, 0x01, 0x80, 0x00,
    0x00, 0xC0, 0x07, 0x80, 0x33, 0x01, 0x02, 0x00, 0x00, 0x0F, 0xE0, 0xFF, 0xC7, 0xCF, 0x9C, 0x0E,
    0xF0, 0x3F, 0x80, 0x7E, 0x01, 0xF8, 0x07, 0xE0, 0x1F, 0x80, 0x7F, 0x03, 0xDE, 0x0E, 0x7F, 0xF8,
    0xFF, 0xC0, 0xFC, 0x00, 0x00, 0xE0, 0x30, 0x00, 0x07, 0x01, 0xF0, 0x77, 0x10, 0x10, 0x20, 0x3F,
    0x8F, 0xFB, 0xC7, 0x70, 0x7E, 0x0F, 0xC1, 0xF8, 0x3F, 0x0F, 0x71, 0xCF, 0xF8, 0xFC, 0x00, 0x00,
    0xC0, 0x01, 0x80, 0x00, 0x00, 0xC0, 0x07, 0x80, 0x33, 0x01, 0x02, 0x00, 0x00, 0x0F, 0xE0, 0xFF,
    0xC7, 0xCF, 0x9C, 0x0E, 0xF0, 0x3F, 0x80, 0x7E, 0x01, 0xF8, 0x07, 0xE0, 0x1F, 0x80, 0x7F, 0x03,
    0xDE, 0x0E, 0x7F, 0xF8, 0xFF, 0xC0, 0xFC, 0x00, 0x03, 0x80, 0x30, 0x01, 0x07, 0x01, 0xF0, 0x77,
    0x10, 0x10, 0x20, 0x3F, 0x8F, 0xFB, 0xC7, 0x70, 0x7E, 0x0F, 0xC1, 0xF8, 0x3F, 0x0F, 0x71, 0xCF,
    0xF8, 0xFC, 0x00, 0x00, 0xE0, 0x01, 0x80, 0x00, 0x00, 0xC0, 0x07, 0x80, 0x33, 0x01, 0x02, 0x00,
    0x00, 0x0F, 0xE0, 0xFF, 0xC7, 0xCF, 0x9C, 0x0E, 0xF0, 0x3F, 0x80, 0x7E, 0x01, 0xF8, 0x07, 0xE0,
    0x1F, 0x80, 0x7F, 0x03, 0xDE, 0x0E, 0x7F, 0xF8, 0xFF, 0xC0, 0xFC, 0x00, 0x03, 0x80, 0x10, 0x04,
    0x07, 0x01, 0xF0, 0x77, 0x10, 0x10, 0x20, 0x3F, 0x8F, 0xFB, 0xC7, 0x70, 0x7E, 0x0F, 0xC1, 0xF8,
    0x3F, 0x0F, 0x71, 0xCF, 0xF8, 0xFC, 0x00, 0x0E, 0x60, 0x3F, 0x00, 0x00, 0x00, 0xC0, 0x07, 0x80,
    0x33, 0x01, 0x02, 0x00, 0x00, 0x0F, 0xE0, 0xFF, 0xC7, 0xCF, 0x9C, 0x0E, 0xF0, 0x3F, 0x80, 0x7E,
    0x01, 0xF8, 0x07, 0xE0, 0x1F, 0x80, 0x7F, 0x03, 0xDE, 0x0E, 0x7F, 0xF8, 0xFF, 0xC0, 0xFC, 0x00,
    0x1D, 0x87, 0xF0, 0x00, 0x07, 0x01, 0xF0, 0x77, 0x10, 0x10, 0x20, 0x3F, 0x8F, 0xFB, 0xC7, 0x70,
    0x7E, 0x0F, 0xC1, 0xF8, 0x3F, 0x0F, 0x71, 0xCF, 0xF8, 0xFC, 0x00, 0x07, 0x80, 0x3F, 0x01, 0xCE,
    0x00, 0x00, 0x00, 0x00, 0x3F, 0x83, 0xFF, 0x1F, 0x3E, 0x70, 0x3B, 0xC0, 0xFE, 0x01, 0xF8, 0x07,
    0xE0, 0x1F, 0x80, 0x7E, 0x01, 0xFC, 0x0F, 0x78, 0x39, 0xFF, 0xE3, 0xFF, 0x03, 0xF0, 0x00, 0x00,
    0x0C, 0x00, 0x78, 0x00, 0xC0, 0x0E, 0x03, 0xE1, 0xCE, 0x00, 0x20, 0x40, 0x7F, 0x1F, 0xF7, 0x8E,
    0xE0, 0xFC, 0x1F, 0x83, 0xF0, 0x7E, 0x1E, 0xE3, 0x9F, 0xF1, 0xF8, 0x00, 0x01, 0xC0, 0x38, 0x07,
    0x00, 0x01, 0xC0, 0x06, 0x00, 0x38, 0x00, 0x07, 0x00, 0x1C, 0x3F, 0xF3, 0xFF, 0x9F, 0x3E, 0x70,
    0x3B, 0xC0, 0xFE, 0x01, 0xF8, 0x07, 0xE0, 0x1F, 0x80, 0x7E, 0x01, 0xFC, 0x0F, 0x78, 0x39, 0xFF,
    0xE3, 0xFF, 0x03, 0xF0, 0x07, 0x80, 0x70, 0x0E, 0x70, 0x07, 0x04, 0x63, 0xFE, 0x7F, 0xCF, 0x1C,
    0xE0, 0xEE, 0x0E, 0xE0, 0xEE, 0x0E, 0xE1, 0xE7, 0x1C, 0x7F, 0xC3, 0xF0, 0x0E, 0x00, 0x18, 0x00,
    0x30, 0x00, 0x07, 0x00, 0x1C, 0x3F, 0xF3, 0xFF, 0x9F, 0x3E, 0x70, 0x3B, 0xC0, 0xFE, 0x01, 0xF8,
    0x07, 0xE0, 0x1F, 0x80, 0x7E, 0x01, 0xFC, 0x0F, 0x78, 0x39, 0xFF, 0xE3, 0xFF, 0x03, 0xF0, 0x38,
    0x01, 0xC0, 0x0C, 0x70, 0x07, 0x04, 0x63, 0xFE, 0x7F, 0xCF, 0x1C, 0xE0, 0xEE, 0x0E, 0xE0, 0xEE,
    0x0E, 0xE1, 0xE7, 0x1C, 0x7F, 0xC3, 0xF0, 0x07, 0x00, 0x1E, 0x00, 0x30, 0x00, 0x07, 0x00, 0x1C,
    0x3F, 0xF3, 0xFF, 0x9F, 0x3E, 0x70, 0x3B, 0xC0, 0xFE, 0x01, 0xF8, 0x07, 0xE0, 0x1F, 0x80, 0x7E,
    0x01, 0xFC, 0x0F, 0x78, 0x39, 0xFF, 0xE3, 0xFF, 0x03, 0xF0, 0x1E, 0x01, 0xE0, 0x06, 0x70, 0x87,
    0x04, 0x63, 0xFE, 0x7F, 0xCF, 0x1C, 0xE0, 0xEE, 0x0E, 0xE0, 0xEE, 0x0E, 0xE1, 0xE7, 0x1C, 0x7F,
    0xC3, 0xF0, 0x06, 0x60, 0x3F, 0x01, 0x9C, 0x00, 0x07, 0x00, 0x1C, 0x3F, 0xF3, 0xFF, 0x9F, 0x3E,
    0x70, 0x3B, 0xC0, 0xFE, 0x01, 0xF8, 0x07, 0xE0, 0x1F, 0x80, 0x7E, 0x01, 0xFC, 0x0F, 0x78, 0x39,
    0xFF, 0xE3, 0xFF, 0x03, 0xF0, 0x08, 0x01, 0xF0, 0x12, 0x70, 0x07, 0x04, 0x63, 0xFE, 0x7F, 0xCF,
    0x1C, 0xE0, 0xEE, 0x0E, 0xE0, 0xEE, 0x0E, 0xE1, 0xE7, 0x1C, 0x7F, 0xC3, 0xF0, 0x00, 0x1C, 0x00,
    0x70, 0xFF, 0xCF, 0xFE, 0x7C, 0xF9, 0xC0, 0xEF, 0x03, 0xF8, 0x07, 0xE0, 0x1F, 0x80, 0x7E, 0x01,
    0xF8, 0x07, 0xF0, 0x3D, 0xE0, 0xE7, 0xFF, 0x8F, 0xFC, 0x0F, 0xC0, 0x00, 0x00, 0x30, 0x01, 0xE0,
    0x03, 0x00, 0x00, 0x70, 0x07, 0x04, 0x63, 0xFE, 0x7F, 0xCF, 0x1C, 0xE0, 0xEE, 0x0E, 0xE0, 0xEE,
    0x0E, 0xE1, 0xE7, 0x1C, 0x7F, 0xC3, 0xF0, 0x00, 0x00, 0xE0, 0x0E, 0x00, 0xE0, 0xE0, 0x3F, 0x01,
    0xF8, 0x0F, 0xC0, 0x7E, 0x03, 0xF0, 0x1F, 0x80, 0xFC, 0x07, 0xE0, 0x3F, 0x01, 0xFC, 0x0E, 0xE0,
    0xF7, 0xFF, 0x1F, 0xF0, 0x7F, 0x00, 0x00, 0x07, 0x00, 0x38, 0x01, 0xC0, 0xE0, 0xFC, 0x1F, 0x83,
    0xF0, 0x7E, 0x0F, 0xC1, 0xF8, 0x3F, 0x8F, 0x7B, 0xEF, 0xDC, 0xF3, 0x80, 0x00, 0xE0, 0x1C, 0x03,
    0x80, 0x07, 0x00, 0x38, 0x00, 0xC0, 0x00, 0x00, 0x00, 0x70, 0x1F, 0x80, 0xFC, 0x07, 0xE0, 0x3F,
    0x01, 0xF8, 0x0F, 0xC0, 0x7E, 0x03, 0xF0, 0x1F, 0x80, 0xFE, 0x07, 0x70, 0x7B, 0xFF, 0x8F, 0xF8,
    0x3F, 0x80, 0x0E, 0x01, 0xC0, 0x18, 0x04, 0x00, 0x01, 0xC1, 0xF8, 0x3F, 0x07, 0xE0, 0xFC, 0x1F,
    0x83, 0xF0, 0x7F, 0x1E, 0xF7, 0xDF, 0xB9, 0xE7, 0x01, 0xC0, 0x07, 0x00, 0x0C, 0x00, 0x00, 0x70,
    0x00, 0xFC, 0x07, 0xF8, 0x0F, 0x70, 0x1C, 0xE0, 0x39, 0xC0, 0x73, 0x80, 0xE7, 0x01, 0xCE, 0x03,
    0x9C, 0x07, 0x38, 0x0E, 0x78, 0x1C, 0x70, 0x78, 0xFF, 0xE0, 0xFF, 0x80, 0xFE, 0x00, 0x03, 0x80,
    0x70, 0x06, 0x30, 0x83, 0x00, 0x3E, 0x0F, 0xE0, 0xEE, 0x0E, 0xE0, 0xEE, 0x0E, 0xE0, 0xEE, 0x0E,
    0xF1, 0xE7, 0xBE, 0x7E, 0xE3, 0xCE, 0x1E, 0x00, 0x1C, 0x00, 0x1C, 0x00, 0x00, 0x70, 0x00, 0xFC,
    0x07, 0xF8, 0x0F, 0x70, 0x1C, 0xE0, 0x39, 0xC0, 0x73, 0x80, 0xE7, 0x01, 0xCE, 0x03, 0x9C, 0x07,
    0x38, 0x0E, 0x78, 0x1C, 0x70, 0x78, 0xFF, 0xE0, 0xFF, 0x80, 0xFE, 0x00, 0x38, 0x01, 0xC0, 0x0C,
    0x30, 0x23, 0x00, 0x3E, 0x0F, 0xE0, 0xEE, 0x0E, 0xE0, 0xEE, 0x0E, 0xE0, 0xEE, 0x0E, 0xF1, 0xE7,
    0xBE, 0x7E, 0xE3, 0xCE, 0x07, 0x00, 0x0E, 0x00, 0x0C, 0x00, 0x00, 0x70, 0x00, 0xFC, 0x07, 0xF8,
    0x0F, 0x70, 0x1C, 0xE0, 0x39, 0xC0, 0x73, 0x80, 0xE7, 0x01, 0xCE, 0x03, 0x9C, 0x07, 0x38, 0x0E,
    0x78, 0x1C, 0x70, 0x78, 0xFF, 0xE0, 0xFF, 0x80, 0xFE, 0x00, 0x0E, 0x00, 0xE0, 0x06, 0x30, 0x83,
    0x00, 0x3E, 0x0F, 0xE0, 0xEE, 0x0E, 0xE0, 0xEE, 0x0E, 0xE0, 0xEE, 0x0E, 0xF1, 0xE7, 0xBE, 0x7E,
    0xE3, 0xCE, 0x0C, 0xC0, 0x3F, 0x80, 0x66, 0x00, 0x00, 0x70, 0x00, 0xFC, 0x07, 0xF8, 0x0F, 0x70,
    0x1C, 0xE0, 0x39, 0xC0, 0x73, 0x80, 0xE7, 0x01, 0xCE, 0x03, 0x9C, 0x07, 0x38, 0x0E, 0x78, 0x1C,
    0x70, 0x78, 0xFF, 0xE0, 0xFF, 0x80, 0xFE, 0x00, 0x19, 0x83, 0xF8, 0x37, 0x30, 0x03, 0x00, 0x3E,
    0x0F, 0xE0, 0xEE, 0x0E, 0xE0, 0xEE, 0x0E, 0xE0, 0xEE, 0x0E, 0xF1, 0xE7, 0xBE, 0x7E, 0xE3, 0xCE,
    0x00, 0x0E, 0x00, 0x1F, 0x80, 0xFF, 0x01, 0xEE, 0x03, 0x9C, 0x07, 0x38, 0x0E, 0x70, 0x1C, 0xE0,
    0x39, 0xC0, 0x73, 0x80, 0xE7, 0x01, 0xCF, 0x03, 0x8E, 0x0F, 0x1F, 0xFC, 0x1F, 0xF0, 0x1F, 0xC0,
    0x00, 0x00, 0x1C, 0x00, 0x38, 0x00, 0x70, 0x00, 0x00, 0x30, 0x03, 0x00, 0x3E, 0x0F, 0xE0, 0xEE,
    0x0E, 0xE0, 0xEE, 0x0E, 0xE0, 0xEE, 0x0E, 0xF1, 0xE7, 0xBE, 0x7E, 0xE3, 0xCE, 0x00, 0x00, 0xE0,
    0x0E, 0x00, 0xE0, 0x0F, 0x00, 0x0E, 0x00, 0x0E, 0x00, 0x00, 0x08, 0x00, 0x0E, 0x03, 0xDE, 0x0F,
    0x1E, 0x1C, 0x1C, 0x78, 0x3C, 0xE0, 0x3B, 0x80, 0x7F, 0x00, 0x7C, 0x00, 0x78, 0x00, 0xE0, 0x01,
    0xC0, 0x03, 0x80, 0x07, 0x00, 0x0E, 0x00, 0x1C, 0x00, 0x1C, 0x00, 0xE0, 0x06, 0x00, 0x00, 0x80,
    0x07, 0x07, 0x70, 0xF7, 0x0E, 0x38, 0xE3, 0x9C, 0x19, 0xC1, 0xDC, 0x1F, 0x80, 0xF8, 0x0F, 0x00,
    0xF0, 0x07, 0x00, 0xE0, 0x3E, 0x07, 0xC0, 0xF0, 0x1E, 0xF0, 0x78, 0xF0, 0xE0, 0xE3, 0xC1, 0xE7,
    0x01, 0xDC, 0x03, 0xF8, 0x03, 0xE0, 0x03, 0xC0, 0x07, 0x00, 0x0E, 0x00, 0x1C, 0x00, 0x38, 0x00,
    0x70, 0x00, 0xE0, 0x00, 0x00, 0x03, 0x80, 0x07, 0x00, 0x0E, 0x00, 0xF0, 0x77, 0x0F, 0x70, 0xE3,
    0x8E, 0x39, 0xC1, 0x9C, 0x1D, 0xC1, 0xF8, 0x0F, 0x80, 0xF0, 0x0F, 0x00, 0x70, 0x0E, 0xE3, 0xEE,
    0x7C, 0xE0, 0x03, 0x80, 0x07, 0x00, 0x06, 0x00, 0x00, 0x08, 0x00, 0x0E, 0x03, 0xDE, 0x0F, 0x1E,
    0x1C, 0x1C, 0x78, 0x3C, 0xE0, 0x3B, 0x80, 0x7F, 0x00, 0x7C, 0x00, 0x78, 0x00, 0xE0, 0x01, 0xC0,
    0x03, 0x80, 0x07, 0x00, 0x0E, 0x00, 0x1C, 0x00, 0x0F, 0x00, 0xF0, 0x03, 0x00, 0x40, 0x80, 0x07,
    0x07, 0x70, 0xF7, 0x0E, 0x38, 0xE3, 0x9C, 0x19, 0xC1, 0xDC, 0x1F, 0x80, 0xF8, 0x0F, 0x00, 0xF0,
    0x07, 0x00, 0xE0, 0x3E, 0x07, 0xC0, 0x06, 0x60, 0x1F, 0xC0, 0x33, 0x00, 0x00, 0x08, 0x00, 0x0E,
    0x03, 0xDE, 0x0F, 0x1E, 0x1C, 0x1C, 0x78, 0x3C, 0xE0, 0x3B, 0x80, 0x7F, 0x00, 0x7C, 0x00, 0x78,
    0x00, 0xE0, 0x01, 0xC0, 0x03, 0x80, 0x07, 0x00, 0x0E, 0x00, 0x1C, 0x00, 0x0C, 0xC1, 0xFC, 0x13,
    0x80, 0x00, 0x80, 0x07, 0x07, 0x70, 0xF7, 0x0E, 0x38, 0xE3, 0x9C, 0x19, 0xC1, 0xDC, 0x1F, 0x80,
    0xF8, 0x0F, 0x00, 0xF0, 0x07, 0x00, 0xE0, 0x3E, 0x07, 0xC0, 0x00, 0x00, 0x00, 0x00, 0x00, 0x00,
    0x00, 0x00, 0x00, 0x00, 0x00, 0x00, 0xFF, 0xFC, 0xFF, 0xFC, 0xFF, 0xFF, 0xFF, 0xFF, 0xFF, 0xF0,
    0xFF, 0xFF, 0xFF, 0xFF, 0xFF, 0xC0, 0xFF, 0xFF, 0xFF, 0xFF, 0xFF, 0xC0, 0xEF, 0xDF, 0xBF, 0x7E,
    0xFD, 0xFB, 0xF7, 0xEF, 0xDF, 0xBF, 0x7E, 0xFD, 0xFB, 0xF7, 0xEF, 0xDF, 0xBF, 0x7E, 0xFD, 0xFB,
    0xF7, 0xEE, 0xFF, 0xFF, 0xF0, 0x03, 0xFF, 0x76, 0x6E, 0xEE, 0xFE, 0xEE, 0xCC, 0x77, 0x66, 0xEC,
    0xEE, 0x66, 0x73, 0x73, 0x63, 0x63, 0xE7, 0xE7, 0xEF, 0xF7, 0xE7, 0xE6, 0xE6, 0xC6, 0xCE, 0x73,
    0xBB, 0x99, 0xCC, 0xEE, 0x66, 0x30, 0xEF, 0xE7, 0x67, 0x63, 0x73, 0x33, 0x18, 0x0C, 0x06, 0x1F,
    0xFF, 0xF8, 0xC0, 0x60, 0x30, 0x18, 0x0C, 0x06, 0x00, 0x18, 0x0C, 0x06, 0x1F, 0xFF, 0xF8, 0xC0,
    0x60, 0x30, 0xFF, 0xFF, 0xC6, 0x03, 0x01, 0x80, 0xC0, 0x60, 0x7B, 0xFF, 0xFF, 0xFD, 0xE0, 0x87,
    0x3F, 0xEC, 0x40, 0xFF, 0x80, 0xE1, 0xF8, 0x7E, 0x1C, 0xE1, 0xC3, 0xF0, 0xE1, 0xF8, 0x70, 0xE0,
    0xFF, 0x80, 0x00, 0x7C, 0x0E, 0x00, 0x76, 0x06, 0x00, 0x33, 0x06, 0x00, 0x19, 0xC6, 0x00, 0x0C,
    0xC7, 0x00, 0x07, 0xE3, 0x00, 0x01, 0xE3, 0x00, 0x00, 0x03, 0x80, 0x00, 0x01, 0x8F, 0x0F, 0x01,
    0x8F, 0xCF, 0xC1, 0x86, 0x6E, 0x60, 0xC3, 0x37, 0x30, 0xC1, 0x9B, 0x98, 0xC0, 0xFC, 0xFC, 0xE0,
    0x3C, 0x3C, 0x7C, 0x0E, 0x00, 0x00, 0x76, 0x06, 0x00, 0x00, 0x33, 0x06, 0x00, 0x00, 0x19, 0xC6,
    0x00, 0x00, 0x0C, 0xC7, 0x00, 0x00, 0x07, 0xE3, 0x00, 0x00, 0x01, 0xE3, 0x00, 0x00, 0x00, 0x03,
    0x80, 0x00, 0x00, 0x01, 0x8F, 0x0F, 0x1F, 0x01, 0x8F, 0xCF, 0xCF, 0x81, 0x86, 0x6E, 0x6C, 0x60,
    0xC3, 0x37, 0x36, 0x30, 0xC1, 0x9B, 0x9B, 0x18, 0xC0, 0xFC, 0xFC, 0xFC, 0xE0, 0x3C, 0x3C, 0x7C,
    0x76, 0xEE, 0xEC, 0x73, 0xB1, 0xF8, 0xFC, 0x6E, 0x36, 0x18, 0x73, 0x8E, 0xC7, 0x1F, 0x8E, 0x37,
    0x18, 0x6E, 0x30, 0xD8, 0x61, 0x80, 0xE6, 0x66, 0x67, 0xE3, 0xB1, 0xD8, 0xEC, 0x36, 0x1B, 0x8C,
    0xE3, 0x8C, 0xC7, 0x1D, 0x8E, 0x3B, 0x0C, 0x76, 0x18, 0x6E, 0x30, 0xC0, 0x1C, 0x0F, 0x0D, 0xCC,
    0x6E, 0x18, 0x0E, 0x38, 0xE3, 0x8E, 0x0E, 0x1E, 0x1E, 0x1C, 0x1C, 0xE0, 0xE0, 0xE0, 0xE0, 0xE3,
    0x8F, 0x3C, 0x71, 0xC0, 0x07, 0x00, 0xBA, 0x1E, 0xB8, 0x7B, 0xC1, 0xFC, 0x77, 0xDF, 0xBE, 0xE3,
    0xF8, 0x3D, 0xE3, 0xD7, 0x05, 0xD0, 0x0E, 0x00, 0xE1, 0xF8, 0x7E, 0x1F, 0x87, 0xE1, 0xF8, 0x7E,
    0x1F, 0x87, 0xE1, 0xF8, 0x70, 0x00, 0x00, 0xE1, 0xF8, 0x7E, 0x1C, 0x3F, 0x1F, 0xEE, 0x3B, 0x87,
    0x19, 0xC6, 0xE1, 0xF8, 0x78, 0x1C, 0x07, 0x00, 0x00, 0x00, 0x1C, 0x07, 0x01, 0xC0, 0xFF, 0xFF,
    0xF0, 0x80, 0x02, 0xF8, 0x1F, 0x7F, 0xFE, 0x0F, 0xF0, 0x07, 0xE0, 0x3F, 0xFC, 0xF8, 0x3F, 0xC0,
    0x03, 0x07, 0x07, 0x0E, 0x0C, 0x1C, 0x38, 0x38, 0x7C, 0x6E, 0xE7, 0x44, 0x1F, 0x80, 0xF0, 0x1F,
    0x80, 0xF0, 0x1F, 0x80, 0x00, 0x69, 0x6F, 0x9F, 0xFF, 0xF7, 0x0E, 0xF9, 0xF2, 0x04, 0xFF, 0xF0,
    0x00, 0x30, 0x06, 0x00, 0x60, 0x0C, 0x01, 0x80, 0x38, 0x03, 0x00, 0x60, 0x0E, 0x00, 0xC0, 0x18,
    0x03, 0x00, 0x30, 0x06, 0x00, 0xC0, 0x00, 0xFF, 0xF9, 0xCE, 0x73, 0x9C, 0xFF, 0xFF, 0xCE, 0x73,
    0x9C, 0xE7, 0xFE, 0xFF, 0xCE, 0x73, 0x9C, 0xE7, 0xFF, 0xFE, 0x73, 0x9C, 0xE7, 0x3F, 0xFE, 0x3F,
    0x07, 0xF3, 0xFC, 0x7F, 0xF8, 0xE3, 0x8F, 0xC3, 0xB8, 0x70, 0x3C, 0x03, 0x81, 0xC0, 0x3C, 0x3E,
    0x03, 0xC3, 0xC0, 0x3C, 0x1C, 0x01, 0xC0, 0xE0, 0x0C, 0x00, 0x00, 0x00, 0x00, 0x00, 0x01, 0xC0,
    0x3C, 0x0E, 0x01, 0xE0, 0x70, 0x06, 0x00, 0x3F, 0x07, 0x7F, 0x87, 0xE3, 0x87, 0xE1, 0xC7, 0x03,
    0xC7, 0x03, 0x87, 0x0F, 0x87, 0x1E, 0x07, 0x1C, 0x07, 0x1C, 0x07, 0x00, 0x00, 0x00, 0x00, 0x1C,
    0x07, 0x1C, 0x0F, 0x1C, 0x07, 0xE0, 0xFC, 0xE1, 0xFE, 0xE3, 0xCF, 0xE3, 0x87, 0xE0, 0x0F, 0xE0,
    0x0E, 0xE0, 0x3E, 0xE0, 0x78, 0xE0, 0x70, 0xE0, 0x70, 0x00, 0x00, 0x00, 0x00, 0xE0, 0x70, 0xE0,
    0x70, 0xE0, 0x70, 0xFF, 0xFF, 0x07, 0x07, 0x06, 0x06, 0x06, 0x06, 0x06, 0x0E, 0x0E, 0x0E, 0x0E,
    0x0E, 0x0C, 0xFF, 0x1F, 0xFB, 0x9F, 0x73, 0xFE, 0x7F, 0xCF, 0xF9, 0xF7, 0x3E, 0xE7, 0x9C, 0x03,
    0x80, 0x70, 0x0E, 0x01, 0xC0, 0x38, 0x00, 0x3F, 0xDF, 0x37, 0xCF, 0xF3, 0x7C, 0xDF, 0x37, 0xCC,
    0xFF, 0xFF, 0x67, 0xF3, 0xF9, 0xFC, 0xFE, 0x7F, 0x3F, 0xFE, 0x18, 0x9A, 0xFF, 0x7E, 0x7C, 0xFF,
    0xDA, 0x18, 0xEE, 0xE4, 0x00, 0x00, 0x0E, 0x66, 0x77, 0x30, 0x07, 0xF0, 0x1F, 0xFF, 0x3F, 0xCF,
    0xEC, 0x00, 0x20, 0x00, 0x00, 0x00, 0x00, 0x00, 0x00, 0x00, 0x00, 0x00, 0x00, 0x00, 0x00, 0x00,
    0x00, 0x00, 0x00, 0x00, 0x00, 0x00, 0x00, 0x00, 0x00, 0x00, 0x00, 0x00, 0x00, 0x00, 0x20, 0x00,
    0x9F, 0x03, 0xE7, 0xFF, 0xC0, 0x7F, 0x80, 0x18, 0x9A, 0xFF, 0x7E, 0x7C, 0xFF, 0xDA, 0x18, 0x00,
    0x00, 0x18, 0x9A, 0xFF, 0x7E, 0x3C, 0xFF, 0xDA, 0x18, 0x00, 0x1C, 0xC0, 0x33, 0xC0, 0xC7, 0x83,
    0x0F, 0x06, 0x00, 0x18, 0x00, 0x60, 0x01, 0xC0, 0x03, 0x00, 0x0C, 0x18, 0x30, 0x78, 0x60, 0xF1,
    0x81, 0xE6, 0x00, 0x1C, 0x00, 0x00, 0x7C, 0x03, 0xFC, 0x66, 0x7F, 0xC0, 0x7E, 0x0F, 0xE0, 0x3F,
    0xFC, 0xFE, 0xFF, 0xC0, 0x03, 0x0E, 0x05, 0xD1, 0xFF, 0x1F, 0xCF, 0xFF, 0xFF, 0xFF, 0xF9, 0xFC,
    0x7F, 0xC5, 0xD0, 0x38, 0x00, 0x73, 0x8E, 0x3B, 0x1C, 0x71, 0xB8, 0xE3, 0x0D, 0xC6, 0x18, 0xEE,
    0x30, 0xC7, 0x61, 0x86, 0x30, 0x00, 0x18, 0x7E, 0xE7, 0xE3, 0xC3, 0xE3, 0xE7, 0x7F, 0x3C, 0xEB,
    0xFF, 0xFF, 0xE0, 0x0E, 0x1E, 0x1E, 0x36, 0x76, 0xE6, 0xFF, 0xFF, 0x06, 0x7E, 0x7E, 0x60, 0x6C,
    0x7E, 0x27, 0xE3, 0x7F, 0x3C, 0x18, 0x7E, 0xFF, 0xEC, 0xDE, 0xE7, 0xE3, 0x7F, 0x3C, 0xFF, 0xFC,
    0x38, 0x61, 0xC3, 0x0C, 0x38, 0xE0, 0x18, 0x7E, 0xE7, 0x66, 0x3C, 0xFF, 0xC3, 0xFF, 0x7E, 0x18,
    0x7E, 0xE7, 0xC7, 0xFF, 0x7F, 0xE7, 0xFE, 0x3C, 0x18, 0x33, 0xFF, 0xF1, 0x83, 0x00, 0xFF, 0xF0,
    0xFC, 0x00, 0x3F, 0x37, 0x66, 0xEE, 0xE6, 0x63, 0xCE, 0x66, 0x77, 0x76, 0x6C, 0xCD, 0xBF, 0x9F,
    0x3E, 0x7C, 0xF9, 0x80, 0x18, 0x7E, 0xE7, 0xE3, 0xC3, 0xE3, 0xE7, 0x7F, 0x3C, 0x3B, 0xFF, 0x73,
    0x9C, 0xE7, 0x38, 0x18, 0x7E, 0xE6, 0x06, 0x0E, 0x1C, 0x70, 0xFF, 0xFF, 0x18, 0x7E, 0xE6, 0x06,
    0x1C, 0x07, 0xC7, 0xFF, 0x3C, 0x0E, 0x1E, 0x1E, 0x36, 0x76, 0xE6, 0xFF, 0xFF, 0x06, 0x7E, 0x7E,
    0x60, 0x6C, 0x7E, 0x27, 0xE3, 0x7F, 0x3C, 0x18, 0x7E, 0xFF, 0xEC, 0xDE, 0xE7, 0xE3, 0x7F, 0x3C,
    0xFF, 0xFC, 0x38, 0x61, 0xC3, 0x0C, 0x38, 0xE0, 0x18, 0x7E, 0xE7, 0x66, 0x3C, 0xFF, 0xC3, 0xFF,
    0x7E, 0x18, 0x7E, 0xE7, 0xC7, 0xFF, 0x7F, 0xE7, 0xFE, 0x3C, 0x18, 0x33, 0xFF, 0xF1, 0x83, 0x00,
    0xFF, 0xF0, 0xFC, 0x00, 0x3F, 0x37, 0x66, 0xEE, 0xE6, 0x63, 0xCE, 0x66, 0x77, 0x76, 0x6C, 0x31,
    0xF9, 0x3B, 0xFC, 0xFB, 0xFF, 0x80, 0x18, 0xFB, 0x1F, 0xFC, 0x1F, 0xDF, 0x00, 0x18, 0xFF, 0x9E,
    0x3C, 0x7F, 0xDF, 0x00, 0xC7, 0xDD, 0xB1, 0xC6, 0xCD, 0xF1, 0x80, 0x3C, 0xFE, 0x47, 0xFF, 0xFF,
    0xC3, 0x66, 0x7E, 0xC1, 0x83, 0x36, 0xFE, 0x7C, 0xF9, 0xF3, 0xE6, 0xE0, 0xE0, 0xE6, 0xEC, 0xFC,
    0xF8, 0xFC, 0xEC, 0xEF, 0xFF, 0xFF, 0xFF, 0xE0, 0xC8, 0xDB, 0xBF, 0xB9, 0xF3, 0x3E, 0x67, 0xCC,
    0xF9, 0x98, 0xCD, 0xBF, 0x9F, 0x3E, 0x7C, 0xF9, 0x80, 0xCC, 0xDE, 0xE7, 0xC7, 0xE7, 0xFE, 0xFC,
    0xE0, 0xE0, 0x39, 0xFB, 0x07, 0xE1, 0xFF, 0xDF, 0x00, 0x77, 0xFE, 0xE7, 0x39, 0xE7, 0x0E, 0x00,
    0xFE, 0x07, 0xFC, 0x38, 0x70, 0xE1, 0xC3, 0x9F, 0xFE, 0x7F, 0xF9, 0xFF, 0xE7, 0x01, 0xFF, 0xE3,
    0xFF, 0x87, 0xFE, 0x07, 0x00, 0x1C, 0x00, 0x7F, 0xC1, 0xFF, 0x00, 0x90, 0x02, 0x80, 0xFE, 0x0F,
    0xFC, 0x7D, 0xF9, 0xC9, 0xEF, 0x27, 0xF8, 0xA0, 0xE4, 0x83, 0x92, 0x0E, 0x50, 0x3A, 0x41, 0xF9,
    0x39, 0xE4, 0xE7, 0xFF, 0x0F, 0xFC, 0x1F, 0xC0, 0x50, 0x02, 0x40, 0x00, 0x1F, 0xC1, 0xFF, 0x9F,
    0x3C, 0xE0, 0xFF, 0x03, 0xF0, 0x03, 0x9D, 0xDC, 0xFE, 0xE7, 0xE7, 0x38, 0x3D, 0xCE, 0xEE, 0xF7,
    0xFF, 0x1F, 0xF0, 0x3F, 0x00, 0x3F, 0xF3, 0xFF, 0x38, 0x03, 0x80, 0x38, 0x03, 0x80, 0x38, 0x03,
    0xFE, 0x3F, 0xE3, 0x80, 0x38, 0x03, 0x80, 0xFE, 0x03, 0x80, 0x38, 0x00, 0x1F, 0x87, 0xF8, 0xE3,
    0xB8, 0x77, 0x00, 0xE0, 0x3F, 0xE1, 0x80, 0xFF, 0x9F, 0xF0, 0xC0, 0x18, 0x3F, 0xFF, 0xFF, 0xFF,
    0xF0, 0x00, 0x60, 0x02, 0x68, 0xEF, 0xFE, 0xFF, 0xFF, 0xF3, 0xC7, 0xE1, 0xC7, 0xE1, 0xC7, 0xE3,
    0xC7, 0xE3, 0xC7, 0xE7, 0xC7, 0xE7, 0xC7, 0xE7, 0xC7, 0xED, 0xC7, 0x1C, 0x00, 0x38, 0x0E, 0x78,
    0x1C, 0xF8, 0x39, 0xF0, 0x73, 0xF0, 0xFF, 0xFF, 0xFF, 0xFF, 0x9C, 0xE7, 0x39, 0xCF, 0xFF, 0xFC,
    0xE3, 0xB9, 0xC3, 0xF3, 0x83, 0xE7, 0x07, 0xCE, 0x07, 0x80, 0xFF, 0x80, 0x0F, 0xFE, 0x38, 0xE1,
    0xE3, 0x8E, 0x0F, 0x38, 0xE0, 0xF7, 0xEE, 0x0F, 0x7E, 0xE0, 0xF3, 0x8E, 0x3E, 0x38, 0xFF, 0xC3,
    0x8F, 0xF8, 0x38, 0xE0, 0x03, 0x8E, 0x00, 0x38, 0xE0, 0x03, 0xCE, 0x00, 0x1F, 0xE0, 0x01, 0xF0,
    0xFF, 0x80, 0x01, 0xFF, 0xC0, 0x03, 0x87, 0x80, 0x07, 0x07, 0x82, 0x0E, 0x0F, 0x3F, 0x9C, 0x1E,
    0xFF, 0xB8, 0x39, 0xC7, 0x7F, 0xF3, 0x80, 0xFF, 0xC7, 0xF1, 0xFF, 0x07, 0xFB, 0x8F, 0x01, 0xFF,
    0x0E, 0x08, 0x7E, 0x1E, 0x71, 0xFC, 0x1C, 0xFF, 0xB8, 0x1C, 0xFE, 0x00, 0xE0, 0xE0, 0x7E, 0x0F,
    0x06, 0xE0, 0xF0, 0xE7, 0x1F, 0x0E, 0xFF, 0xFF, 0xFF, 0xFF, 0xFF, 0x31, 0xB9, 0xCF, 0xFF, 0xFF,
    0xFF, 0xFF, 0xF3, 0xB9, 0xD8, 0x1F, 0x1F, 0x81, 0xF0, 0xF8, 0x1F, 0x0F, 0x81, 0xE0, 0xF0, 0x0E,
    0x07, 0x00, 0xFF, 0xE3, 0xFF, 0xF9, 0xFC, 0x1C, 0xFE, 0xEE, 0x7F, 0x77, 0x3F, 0xBB, 0x9F, 0xDD,
    0xCF, 0xEE, 0x07, 0xF7, 0x07, 0xFB, 0xFF, 0xBD, 0xFF, 0x80, 0x00, 0xE0, 0x7F, 0x00, 0xE0, 0x8E,
    0x3E, 0xE7, 0xFE, 0xF1, 0xEE, 0x0E, 0xE0, 0xEE, 0x0E, 0xE0, 0xEE, 0x1E, 0xF3, 0xE7, 0xFE, 0x3E,
    0xE0, 0x00, 0x00, 0x07, 0xFC, 0x7F, 0xC0, 0x07, 0xE0, 0xFF, 0x1E, 0x63, 0xC2, 0x38, 0x0F, 0xFC,
    0xFF, 0xC7, 0x80, 0xFF, 0x8F, 0xF0, 0x38, 0x03, 0xC2, 0x1F, 0xE0, 0xFF, 0x07, 0xE0, 0x38, 0x1E,
    0x70, 0x78, 0xE1, 0xE1, 0xC7, 0x83, 0x9E, 0x07, 0x78, 0x3F, 0xFF, 0x7F, 0xFE, 0x3F, 0xC0, 0x7B,
    0xC0, 0xE3, 0xC1, 0xC3, 0x83, 0x87, 0x87, 0x07, 0x8E, 0x07, 0x80, 0xFF, 0xFF, 0xFF, 0x0F, 0x00,
    0xF0, 0x0F, 0x40, 0xFC, 0x0F, 0x03, 0xF4, 0x2F, 0xC0, 0xF0, 0x3F, 0x02, 0xF0, 0x0F, 0x00, 0xF0,
    0x0F, 0x00, 0x0E, 0x00, 0x00, 0x00, 0x70, 0x00, 0x00, 0x0F, 0xFC, 0x00, 0x00, 0xFF, 0xF8, 0x00,
    0x03, 0xE1, 0xE0, 0x00, 0x07, 0x07, 0x00, 0x80, 0x38, 0x1C, 0x3F, 0x01, 0xC0, 0xE3, 0xFC, 0x0E,
    0x07, 0x3C, 0x70, 0x70, 0x39, 0xC3, 0x83, 0x81, 0xCE, 0x1E, 0xFC, 0x0E, 0x70, 0xFF, 0xE0, 0x73,
    0x87, 0xE7, 0x87, 0x9C, 0x3B, 0x3E, 0x78, 0xF3, 0xDF, 0xFF, 0x87, 0xFC, 0x78, 0xF8, 0x3B, 0xC0,
    0x00, 0x01, 0xC0, 0x00, 0x00, 0x0E, 0x00, 0x00, 0x00, 0x70, 0x00, 0x00, 0x03, 0x80, 0x00, 0x7F,
    0xC3, 0xFF, 0x1C, 0x78, 0xE0, 0xEF, 0xFF, 0xB8, 0x3B, 0xFF, 0xFF, 0xFF, 0x70, 0xF3, 0xFF, 0x1F,
    0xF0, 0xE0, 0x07, 0x00, 0x38, 0x01, 0xC0, 0x00, 0x01, 0x00, 0x04, 0x00, 0xFE, 0x0F, 0xFC, 0x7D,
    0xF9, 0xC4, 0xEF, 0x13, 0xB8, 0x40, 0xE1, 0x03, 0x87, 0xFE, 0x1F, 0xF8, 0x47, 0xF1, 0x39, 0xE4,
    0xE7, 0xFF, 0x8F, 0xFC, 0x0F, 0xC0, 0x04, 0x00, 0x10, 0x00, 0x07, 0xC0, 0x0F, 0x80, 0x1F, 0x80,
    0x77, 0x00, 0xEE, 0x01, 0xCE, 0x07, 0x9C, 0x3F, 0xFF, 0x1C, 0x78, 0x78, 0x71, 0xFF, 0xF9, 0xC1,
    0xE7, 0x81, 0xCE, 0x03, 0xFC, 0x07, 0x80, 0x3F, 0x87, 0xFC, 0x79, 0xE7, 0x0E, 0x01, 0xCF, 0xFF,
    0xFF, 0xF0, 0x00, 0xFF, 0xFF, 0xFF, 0x70, 0x07, 0x0E, 0x79, 0xE7, 0xFC, 0x3F, 0x80, 0x03, 0x00,
    0x0C, 0x00, 0xFE, 0x0F, 0xFC, 0x7F, 0xF9, 0xCC, 0xEF, 0x33, 0xF8, 0xC0, 0xE3, 0x03, 0x8C, 0x0E,
    0x30, 0x38, 0xC1, 0xF3, 0x39, 0xEC, 0xE7, 0xFF, 0x0F, 0xFC, 0x0F, 0xC0, 0x0C, 0x00, 0x30, 0x00,
    0xFF, 0xFF, 0xFF, 0x00, 0x00, 0x00, 0xFF, 0xFF, 0xFF, 0x0E, 0x00, 0xE0, 0x0E, 0x00, 0xE0, 0x0E,
    0x00, 0xE0, 0x0E, 0x00, 0xE0, 0x0E, 0x00, 0xFF, 0xFF, 0xF1, 0xF0, 0x1C, 0xFF, 0xFF, 0xF0, 0xF3,
    0xF8, 0xFC, 0x3C, 0x07, 0x80, 0xF0, 0x1E, 0x03, 0x80, 0x70, 0x38, 0x07, 0x40, 0xF8, 0x7E, 0x0F,
    0x90, 0x7C, 0x1F, 0x87, 0xC0, 0xB8, 0xE7, 0x1C, 0xE3, 0x9C, 0xF3, 0xBC, 0x7F, 0x0F, 0xC0, 0x07,
    0x00, 0x1C, 0x00, 0xF8, 0x07, 0xF8, 0x3F, 0xF1, 0xFD, 0xE7, 0x73, 0x99, 0xCE, 0xE7, 0x1F, 0x9C,
    0x7E, 0x71, 0xC0, 0x3F, 0xE0, 0xFF, 0xC3, 0x87, 0x8E, 0x0F, 0x38, 0x1C, 0xE0, 0xF3, 0x83, 0xBF,
    0xFE, 0xFF, 0xF0, 0xE0, 0x0F, 0xF8, 0x3F, 0xE0, 0xFF, 0x80, 0xE0, 0x03, 0x80, 0x00, 0x04, 0x80,
    0x3C, 0x07, 0xF8, 0x7F, 0xE7, 0xCF, 0xBA, 0x5D, 0xD2, 0xFC, 0x97, 0xE0, 0x03, 0x80, 0x1C, 0x00,
    0xF0, 0x03, 0xE0, 0x7F, 0xFF, 0xFF, 0xE0, 0x12, 0x01, 0x20, 0xFF, 0x8F, 0xFE, 0xE1, 0xEE, 0x0E,
    0xE0, 0xEE, 0x0E, 0xFF, 0xCF, 0xFC, 0xE1, 0xEE, 0x07, 0xE0, 0x7E, 0x07, 0xFF, 0xFF, 0xFE, 0xFF,
    0xC1, 0x20, 0x12, 0x00, 0x01, 0x00, 0x07, 0x00, 0x1C, 0x00, 0x70, 0x01, 0xC0, 0x07, 0x00, 0x1F,
    0xFF, 0xFF, 0xFF, 0x77, 0xFE, 0x70, 0x00, 0x78, 0x00, 0x78, 0x00, 0x78, 0x00, 0x70, 0x00, 0x40,
    0x00, 0x03, 0x00, 0x0F, 0x00, 0x3F, 0x00, 0xFF, 0x03, 0xFF, 0x0F, 0x77, 0x3C, 0xE7, 0xB1, 0xC6,
    0x43, 0x84, 0x07, 0x00, 0x0E, 0x00, 0x1C, 0x00, 0x38, 0x00, 0x70, 0x00, 0xE0, 0x00, 0x01, 0x00,
    0x07, 0x00, 0x07, 0x00, 0x07, 0x00, 0x07, 0x00, 0x07, 0x3F, 0xFF, 0x7F, 0xFF, 0xFF, 0xDC, 0x00,
    0x70, 0x03, 0xC0, 0x0F, 0x00, 0x3C, 0x00, 0x70, 0x00, 0x40, 0x00, 0x03, 0x80, 0x07, 0x00, 0x0E,
    0x00, 0x1C, 0x00, 0x38, 0x00, 0x70, 0x10, 0xE1, 0x71, 0xC7, 0x73, 0x9C, 0x77, 0x70, 0x7F, 0xC0,
    0x7F, 0x00, 0x7C, 0x00, 0x70, 0x00, 0x40, 0x00, 0x02, 0x00, 0x80, 0x03, 0x00, 0xC0, 0x07, 0x81,
    0xE0, 0x0E, 0x00, 0x70, 0x1C, 0x00, 0x38, 0x38, 0x00, 0x1C, 0x7F, 0xFF, 0xFE, 0xFF, 0xFF, 0xFF,
    0x77, 0xFF, 0xEE, 0x38, 0x00, 0x1C, 0x1E, 0x00, 0x78, 0x0F, 0x00, 0xF0, 0x07, 0x81, 0xE0, 0x03,
    0x00, 0xC0, 0x02, 0x00, 0x0C, 0x00, 0x78, 0x03, 0xF0, 0x1F, 0xE0, 0xED, 0xC7, 0x33, 0xB8, 0xC7,
    0x43, 0x08, 0x0C, 0x00, 0x30, 0x00, 0xC0, 0x03, 0x00, 0x0C, 0x00, 0x30, 0x00, 0xC0, 0x63, 0x1B,
    0xCC, 0xF7, 0x37, 0x8E, 0xDC, 0x1F, 0xE0, 0x3F, 0x00, 0x78, 0x00, 0xC0, 0xFF, 0xDF, 0xFB, 0xC0,
    0x7C, 0x0D, 0xC1, 0x9C, 0x31, 0xC6, 0x1C, 0xC1, 0xD8, 0x1C, 0x01, 0x00, 0x7F, 0xF7, 0xFF, 0x01,
    0xF0, 0x3B, 0x07, 0xF0, 0xF7, 0x1E, 0x73, 0xC7, 0x78, 0x7F, 0x07, 0x60, 0x00, 0x60, 0x0F, 0x07,
    0x38, 0x71, 0xC7, 0x0E, 0x70, 0x77, 0x03, 0xB0, 0x1F, 0x00, 0xF7, 0xFF, 0x7F, 0xF0, 0x00, 0xD8,
    0x3F, 0x0F, 0x63, 0xCC, 0xF1, 0xBC, 0x3F, 0x07, 0xC0, 0xF0, 0x1F, 0xFB, 0xFF, 0x00, 0x00, 0x03,
    0x00, 0x00, 0x3C, 0x01, 0x03, 0xE0, 0x38, 0x07, 0x07, 0x00, 0x30, 0xE0, 0x03, 0x1C, 0x00, 0x33,
    0x80, 0x07, 0x7F, 0xFF, 0xEF, 0xFF, 0xFC, 0x77, 0xFF, 0x03, 0x80, 0x00, 0x1E, 0x00, 0x00, 0xF0,
    0x00, 0x07, 0x80, 0x00, 0x38, 0x00, 0x01, 0x00, 0x00, 0x0C, 0x00, 0x03, 0xC0, 0x00, 0x7C, 0x08,
    0x0E, 0x01, 0xC0, 0xE0, 0x0E, 0x0C, 0x00, 0x70, 0xE0, 0x03, 0x8E, 0x00, 0x1C, 0x7F, 0xFF, 0xE3,
    0xFF, 0xFF, 0x0F, 0xFE, 0xE0, 0x00, 0x1C, 0x00, 0x03, 0x80, 0x00, 0x70, 0x00, 0x0E, 0x00, 0x01,
    0xC0, 0x00, 0x08, 0x00, 0x04, 0x00, 0x04, 0x00, 0x06, 0x00, 0x07, 0x00, 0x07, 0xFF, 0xFF, 0xFF,
    0xFD, 0xFF, 0xFE, 0x70, 0x03, 0x18, 0x01, 0x84, 0x00, 0xC0, 0x00, 0x60, 0x00, 0x30, 0x00, 0x18,
    0x00, 0x0C, 0x00, 0x06, 0x00, 0x03, 0x00, 0x08, 0x00, 0x04, 0x00, 0x03, 0x00, 0x01, 0xCF, 0xFF,
    0xF7, 0xFF, 0xFF, 0xFF, 0xFD, 0x80, 0x1C, 0xC0, 0x0C, 0x60, 0x04, 0x30, 0x00, 0x18, 0x00, 0x0C,
    0x00, 0x06, 0x00, 0x03, 0x00, 0x01, 0x80, 0x00, 0xC0, 0x00, 0x60, 0x00, 0x30, 0x00, 0x18, 0x01,
    0x0C, 0x00, 0x86, 0x00, 0x63, 0x00, 0x39, 0xFF, 0xFE, 0xFF, 0xFF, 0xFF, 0xFF, 0x80, 0x03, 0x80,
    0x01, 0x80, 0x00, 0x80, 0xFF, 0xE1, 0xFF, 0xC0, 0x03, 0x80, 0x07, 0x00, 0x0E, 0x00, 0x1C, 0x00,
    0x38, 0x00, 0x70, 0x00, 0xE0, 0x01, 0xC0, 0x1F, 0xF8, 0x1F, 0xC0, 0x1F, 0x00, 0x1C, 0x00, 0x10,
    0x00, 0x00, 0x01, 0x80, 0x00, 0xC0, 0x00, 0x60, 0x80, 0x30, 0x80, 0x18, 0xC0, 0x0C, 0xE0, 0x06,
    0xFF, 0xFF, 0xFF, 0xFF, 0xBF, 0xFF, 0xCE, 0x00, 0x03, 0x00, 0x00, 0x80, 0x00, 0x00, 0x80, 0x01,
    0x00, 0x03, 0x00, 0x07, 0x00, 0x0F, 0xE0, 0x1F, 0xF8, 0x07, 0x7C, 0x03, 0x1C, 0x01, 0x0E, 0x01,
    0x06, 0x00, 0x06, 0xE0, 0x07, 0xE0, 0x06, 0x60, 0x06, 0x70, 0x0E, 0x38, 0x1C, 0x3E, 0x7C, 0x1F,
    0xF0, 0x07, 0xE0, 0x01, 0x00, 0x00, 0x80, 0x00, 0xC0, 0x00, 0xE0, 0x07, 0xF0, 0x1F, 0xF8, 0x3C,
    0xE0, 0x78, 0xC0, 0x70, 0x80, 0x61, 0x00, 0xE0, 0x00, 0xE0, 0x07, 0xE0, 0x06, 0x60, 0x06, 0x70,
    0x0E, 0x38, 0x1C, 0x3E, 0x7C, 0x1F, 0xF0, 0x07, 0xE0, 0x01, 0x00, 0x07, 0x00, 0x1C, 0x00, 0x70,
    0x01, 0xFF, 0xE7, 0xFF, 0xDF, 0xFF, 0xF8, 0x00, 0x7F, 0xFE, 0x7F, 0xFC, 0x7F, 0xF8, 0x78, 0x00,
    0x78, 0x00, 0x70, 0x00, 0x40, 0x00, 0x01, 0x00, 0x07, 0x00, 0x07, 0x00, 0x07, 0x0F, 0xFF, 0x1F,
    0xFF, 0x3F, 0xFF, 0x00, 0x0F, 0xFF, 0xFD, 0xFF, 0xF3, 0xFF, 0xC0, 0x0F, 0x00, 0x3C, 0x00, 0x70,
    0x00, 0x40, 0x00, 0x01, 0x00, 0x80, 0x03, 0x81, 0xC0, 0x07, 0x00, 0xE0, 0x0E, 0x00, 0x70, 0x1F,
    0xFF, 0xF8, 0x3F, 0xFF, 0xFC, 0x7F, 0xFF, 0xFE, 0xF0, 0x00, 0x0F, 0x7F, 0xFF, 0xFE, 0x3F, 0xFF,
    0xFC, 0x1F, 0xFF, 0xF8, 0x0F, 0x00, 0xF0, 0x07, 0x81, 0xE0, 0x03, 0x81, 0xC0, 0x01, 0x00, 0x80,
    0x08, 0x07, 0x03, 0xE1, 0xFC, 0xFF, 0x87, 0x11, 0xC1, 0xFC, 0x7F, 0x07, 0x01, 0xC1, 0xFC, 0x7F,
    0x07, 0x01, 0xC0, 0x70, 0x1C, 0x07, 0x01, 0xC1, 0xFC, 0x7F, 0x07, 0x07, 0xF1, 0xFC, 0x7F, 0x07,
    0x0F, 0xFD, 0xFE, 0x3F, 0x07, 0x80, 0xC0, 0xC0, 0x80, 0x30, 0x20, 0x0C, 0x18, 0x03, 0x0E, 0x00,
    0xC7, 0xFF, 0xF3, 0xFF, 0xFC, 0x7F, 0xFF, 0x0E, 0x00, 0xC1, 0x80, 0x30, 0x20, 0x00, 0x00, 0x40,
    0xC0, 0x10, 0x30, 0x06, 0x0C, 0x01, 0xC3, 0xFF, 0xF8, 0xFF, 0xFF, 0x3F, 0xFF, 0x8C, 0x01, 0xC3,
    0x00, 0x60, 0xC0, 0x10, 0x30, 0x00, 0x40, 0x00, 0x1C, 0x00, 0x07, 0xC0, 0x01, 0xDC, 0x00, 0x71,
    0xC0, 0x1C, 0x1C, 0x07, 0x01, 0xC1, 0xC0, 0x1C, 0x7E, 0x0F, 0xD0, 0xC1, 0x84, 0x18, 0x30, 0x03,
    0x06, 0x00, 0x60, 0xC0, 0x0C, 0x18, 0x01, 0xFF, 0x00, 0x3F, 0xE0, 0x00, 0x40, 0x00, 0x1C, 0x00,
    0x07, 0xC0, 0x01, 0xDC, 0x00, 0x71, 0xC0, 0x1C, 0x1C, 0x07, 0x01, 0xC1, 0xC0, 0x1C, 0x7E, 0x0F,
    0xD0, 0xC1, 0x84, 0x18, 0x30, 0x03, 0x06, 0x00, 0x7F, 0xC0, 0x00, 0x00, 0x00, 0x00, 0x00, 0x3F,
    0xE0, 0x07, 0xFC, 0x00, 0xC1, 0x80, 0x1F, 0xF0, 0x03, 0xFE, 0x00, 0x7E, 0x1F, 0xE4, 0x38, 0x07,
    0x09, 0xDF, 0xBF, 0xFF, 0x87, 0xE1, 0xF8, 0x7E, 0x1F, 0x87, 0xF3, 0x9F, 0xE3, 0xF0, 0x02, 0x11,
    0xFB, 0x3F, 0xE7, 0x9E, 0x71, 0xFE, 0x37, 0xE6, 0x7E, 0xC7, 0x78, 0xF7, 0xFE, 0x7F, 0xCD, 0xF8,
    0x80, 0x00, 0x03, 0xC0, 0x0F, 0x80, 0x1F, 0x80, 0x7F, 0x00, 0xEE, 0x01, 0xCE, 0x07, 0x9C, 0x0E,
    0x38, 0x1C, 0x38, 0x78, 0x70, 0xE0, 0xE1, 0xC0, 0xE7, 0xFF, 0xCF, 0xFF, 0xBF, 0xFF, 0x80, 0xFF,
    0xFF, 0xFF, 0xE0, 0x7E, 0x07, 0xE0, 0x7E, 0x07, 0xE0, 0x7E, 0x07, 0xE0, 0x7E, 0x07, 0xE0, 0x7E,
    0x07, 0xE0, 0x7E, 0x07, 0xE0, 0x7E, 0x07, 0xE0, 0x7E, 0x07, 0xFF, 0xFF, 0xFF, 0xF0, 0x07, 0x80,
    0x3C, 0x01, 0xC0, 0x0E, 0x00, 0x70, 0x07, 0x80, 0x70, 0x0F, 0x01, 0xE0, 0x1C, 0x03, 0x80, 0x70,
    0x0F, 0xFF, 0xFF, 0xFF, 0xFF, 0xFF, 0xFF, 0xF0, 0x00, 0x70, 0x06, 0x00, 0x60, 0x0E, 0x00, 0xC0,
    0x0C, 0x01, 0xCF, 0x18, 0xF9, 0x8F, 0x98, 0x1B, 0x81, 0xF0, 0x0F, 0x00, 0xF0, 0x0E, 0x00, 0x3E,
    0x0F, 0x0F, 0xE7, 0xF3, 0xFF, 0xFF, 0x70, 0xF8, 0x6E, 0x0E, 0x0F, 0xC3, 0xE1, 0xBF, 0xFF, 0xF3,
    0xF9, 0xFC, 0x3E, 0x1F, 0x00, 0x07, 0x87, 0xC7, 0x03, 0x81, 0xC0, 0xE0, 0x70, 0x38, 0x1C, 0x0E,
    0x07, 0x03, 0x81, 0xC0, 0xE0, 0x70, 0x38, 0x1C, 0x0E, 0x1F, 0x0F, 0x0F, 0x00, 0xFF, 0x80, 0x00,
    0xFF, 0x80, 0x30, 0x1F, 0x1F, 0xFF, 0x63, 0xE0, 0x38, 0xE1, 0xFF, 0x37, 0xFE, 0xC7, 0xC0, 0x20,
    0x03, 0x80, 0xCF, 0xFF, 0xFF, 0xFF, 0xC3, 0x00, 0xC3, 0xFF, 0xFF, 0xFF, 0xF3, 0x00, 0xC0, 0x00,
    0xC1, 0xF7, 0xFF, 0xF0, 0xF8, 0x3F, 0xE0, 0xFC, 0x03, 0x00, 0x3F, 0xFF, 0xFC, 0xC0, 0x3E, 0x0F,
    0xF8, 0x3F, 0x07, 0xDF, 0xFF, 0xC3, 0x00, 0x00, 0x3F, 0xFF, 0xFC, 0x00, 0x0F, 0x80, 0x00, 0x07,
    0xFF, 0x80, 0x00, 0x7C, 0x1F, 0x00, 0x0F, 0x00, 0x1E, 0x00, 0xE0, 0x00, 0x78, 0x0E, 0x00, 0x00,
    0xE0, 0x60, 0x00, 0x03, 0x06, 0x00, 0x00, 0x1C, 0x30, 0x07, 0x00, 0x63, 0x00, 0x38, 0x01, 0x98,
    0x01, 0xC0, 0x0C, 0xC0, 0x0E, 0x00, 0x6C, 0x00, 0x70, 0x03, 0xE0, 0x7F, 0xFC, 0x0F, 0x03, 0xFF,
    0xE0, 0x78, 0x1F, 0xFF, 0x03, 0xC0, 0x07, 0x00, 0x3B, 0x00, 0x38, 0x01, 0x98, 0x01, 0xC0, 0x0C,
    0xC0, 0x0E, 0x00, 0x63, 0x00, 0x70, 0x06, 0x1C, 0x00, 0x00, 0x70, 0x60, 0x00, 0x03, 0x01, 0x80,
    0x00, 0x30, 0x0F, 0x00, 0x07, 0x80, 0x1C, 0x00, 0xF0, 0x00, 0x7E, 0x3F, 0x00, 0x00, 0xFF, 0xE0,
    0x00, 0x00, 0xF8, 0x00, 0x00, 0x00, 0x0F, 0x80, 0x00, 0x07, 0xFF, 0x80, 0x00, 0x7C, 0x1F, 0x00,
    0x0F, 0x00, 0x1E, 0x00, 0xE0, 0x00, 0x78, 0x0E, 0x00, 0x00, 0xE0, 0x60, 0x00, 0x03, 0x06, 0x00,
    0x00, 0x1C, 0x30, 0x00, 0x00, 0x63, 0x00, 0x00, 0x01, 0x98, 0x00, 0x00, 0x0C, 0xC0, 0x00, 0x00,
    0x6C, 0x00, 0x00, 0x03, 0xE0, 0x3F, 0xF8, 0x0F, 0x01, 0xFF, 0xC0, 0x78, 0x00, 0x00, 0x03, 0xC0,
    0x00, 0x00, 0x3B, 0x00, 0x00, 0x01, 0x98, 0x00, 0x00, 0x0C, 0xC0, 0x00, 0x00, 0x63, 0x00, 0x00,
    0x06, 0x1C, 0x00, 0x00, 0x70, 0x60, 0x00, 0x03, 0x01, 0x80, 0x00, 0x30, 0x0F, 0x00, 0x07, 0x80,
    0x1C, 0x00, 0xF0, 0x00, 0x7E, 0x3F, 0x00, 0x00, 0xFF, 0xE0, 0x00, 0x00, 0xF8, 0x00, 0x00, 0x00,
    0x0F, 0x80, 0x00, 0x07, 0xFF, 0x80, 0x00, 0x7C, 0x1F, 0x00, 0x0F, 0x00, 0x1E, 0x00, 0xE0, 0x00,
    0x78, 0x0E, 0x00, 0x00, 0xE0, 0x60, 0x00, 0x03, 0x06, 0x00, 0x00, 0x1C, 0x30, 0x00, 0x00, 0x63,
    0x01, 0x83, 0x01, 0x98, 0x1E, 0x3C, 0x0C, 0xC0, 0x7B, 0xC0, 0x6C, 0x01, 0xFC, 0x03, 0xE0, 0x07,
    0xC0, 0x0F, 0x00, 0x3E, 0x00, 0x78, 0x03, 0xF8, 0x03, 0xC0, 0x3D, 0xE0, 0x3B, 0x03, 0xC7, 0x81,
    0x98, 0x0C, 0x18, 0x0C, 0xC0, 0x00, 0x00, 0x63, 0x00, 0x00, 0x06, 0x1C, 0x00, 0x00, 0x70, 0x60,
    0x00, 0x03, 0x01, 0x80, 0x00, 0x30, 0x0F, 0x00, 0x07, 0x80, 0x1C, 0x00, 0xF0, 0x00, 0x7E, 0x3F,
    0x00, 0x00, 0xFF, 0xE0, 0x00, 0x00, 0xF8, 0x00, 0x00, 0x00, 0x0F, 0x80, 0x00, 0x07, 0xFF, 0x80,
    0x00, 0x7C, 0x1F, 0x00, 0x0F, 0x00, 0x1E, 0x00, 0xE0, 0x00, 0x78, 0x0E, 0x00, 0x00, 0xE0, 0x60,
    0x00, 0x03, 0x06, 0x00, 0x00, 0x1C, 0x30, 0x00, 0x20, 0x63, 0x00, 0x03, 0x81, 0x98, 0x00, 0x38,
    0x0C, 0xC0, 0x03, 0xC0, 0x6C, 0x00, 0x3C, 0x03, 0xE0, 0x01, 0xC0, 0x0F, 0x00, 0x1C, 0x00, 0x78,
    0x01, 0xC0, 0x03, 0xC0, 0x1C, 0x00, 0x3B, 0x01, 0xE0, 0x01, 0x98, 0x1E, 0x00, 0x0C, 0xC0, 0xE0,
    0x00, 0x63, 0x02, 0x00, 0x06, 0x1C, 0x00, 0x00, 0x70, 0x60, 0x00, 0x03, 0x01, 0x80, 0x00, 0x30,
    0x0F, 0x00, 0x07, 0x80, 0x1C, 0x00, 0xF0, 0x00, 0x7E, 0x3F, 0x00, 0x00, 0xFF, 0xE0, 0x00, 0x00,
    0xF8, 0x00, 0x00,
};

static const EpdGlyph inter_ui_10_boldGlyphs[] = {
    { 1, 1, 195, 0, 1, 1, 0 }, // U+0000
    { 1, 1, 79, 0, 1, 1, 1 }, // U+0020
    { 3, 15, 113, 2, 15, 6, 2 }, // !
    { 7, 6, 184, 2, 15, 6, 8 }, // "
    { 13, 15, 216, 0, 15, 25, 14 }, // #
    { 12, 19, 218, 1, 17, 29, 39 }, // $
    { 17, 15, 338, 2, 15, 32, 68 }, // %
    { 13, 15, 224, 1, 15, 25, 100 }, // &
    { 3, 6, 113, 2, 15, 3, 125 }, // '
    { 5, 19, 126, 2, 16, 12, 128 }, // (
    { 5, 19, 126, 1, 16, 12, 140 }, // )
    { 8, 8, 186, 2, 15, 8, 152 }, // *
    { 10, 10, 226, 2, 11, 13, 160 }, // +
    { 4, 6, 111, 1, 2, 3, 173 }, // ,
    { 7, 2, 156, 1, 7, 2, 176 }, // -
    { 3, 3, 111, 2, 3, 2, 178 }, // .
    { 8, 18, 129, 0, 16, 18, 180 }, // /
    { 12, 15, 225, 1, 15, 23, 198 }, // 0
    { 7, 15, 144, 1, 15, 14, 221 }, // 1
    { 11, 15, 210, 1, 15, 21, 235 }, // 2
    { 11, 15, 215, 1, 15, 21, 256 }, // 3
    { 12, 15, 225, 1, 15, 23, 277 }, // 4
    { 11, 15, 207, 1, 15, 21, 300 }, // 5
    { 12, 15, 216, 1, 15, 23, 321 }, // 6
    { 10, 15, 194, 1, 15, 19, 344 }, // 7
    { 12, 15, 217, 1, 15, 23, 363 }, // 8
    { 12, 15, 216, 1, 15, 23, 386 }, // 9
    { 3, 11, 111, 2, 11, 5, 409 }, // :
    { 4, 15, 114, 1, 11, 8, 414 }, // ;
    { 10, 12, 226, 2, 12, 15, 422 }, // <
    { 10, 8, 226, 2, 10, 10, 437 }, // =
    { 10, 12, 226, 2, 12, 15, 447 }, // >
    { 10, 15, 186, 1, 15, 19, 462 }, // ?
    { 19, 19, 339, 1, 15, 46, 481 }, // @
    { 15, 15, 249, 0, 15, 29, 527 }, // A
    { 12, 15, 220, 1, 15, 23, 556 }, // B
    { 14, 15, 247, 1, 15, 27, 579 }, // C
    { 13, 15, 241, 1, 15, 25, 606 }, // D
    { 11, 15, 202, 1, 15, 21, 631 }, // E
    { 10, 15, 196, 1, 15, 19, 652 }, // F
    { 14, 15, 250, 1, 15, 27, 671 }, // G
    { 13, 15, 249, 1, 15, 25, 698 }, // H
    { 3, 15, 94, 1, 15, 6, 723 }, // I
    { 10, 15, 195, 1, 15, 19, 729 }, // J
    { 13, 15, 240, 1, 15, 25, 748 }, // K
    { 10, 15, 188, 1, 15, 19, 773 }, // L
    { 17, 15, 310, 1, 15, 32, 792 }, // M
    { 14, 15, 254, 1, 15, 27, 824 }, // N
    { 14, 15, 257, 1, 15, 27, 851 }, // O
    { 12, 15, 216, 1, 15, 23, 878 }, // P
    { 14, 16, 259, 1, 15, 28, 901 }, // Q
    { 12, 15, 219, 1, 15, 23, 929 }, // R
    { 12, 15, 218, 1, 15, 23, 952 }, // S
    { 12, 15, 222, 1, 15, 23, 975 }, // T
    { 13, 15, 244, 1, 15, 25, 998 }, // U
    { 15, 15, 249, 0, 15, 29, 1023 }, // V
    { 21, 15, 346, 0, 15, 40, 1052 }, // W
    { 14, 15, 246, 1, 15, 27, 1092 }, // X
    { 15, 15, 244, 0, 15, 29, 1119 }, // Y
    { 12, 15, 221, 1, 15, 23, 1148 }, // Z
    { 5, 19, 126, 2, 16, 12, 1171 }, // [
    { 8, 18, 129, 0, 16, 18, 1183 }, // <backslash>
    { 5, 19, 126, 1, 16, 12, 1201 }, // ]
    { 8, 7, 162, 1, 15, 7, 1213 }, // ^
    { 10, 2, 159, 0, 0, 3, 1220 }, // _
    { 4, 3, 122, 2, 16, 2, 1223 }, // `
    { 10, 12, 193, 1, 12, 15, 1225 }, // a
    { 11, 15, 210, 1, 15, 21, 1240 }, // b
    { 10, 12, 196, 1, 12, 15, 1261 }, // c
    { 11, 15, 210, 1, 15, 21, 1276 }, // d
    { 11, 12, 199, 1, 12, 17, 1297 }, // e
    { 8, 16, 133, 0, 16, 16, 1314 }, // f
    { 11, 17, 211, 1, 12, 24, 1330 }, // g
    { 11, 15, 207, 1, 15, 21, 1354 }, // h
    { 4, 16, 90, 1, 16, 8, 1375 }, // i
    { 6, 20, 90, -1, 16, 15, 1383 }, // j
    { 11, 15, 193, 1, 15, 21, 1398 }, // k
    { 3, 15, 90, 1, 15, 6, 1419 }, // l
    { 17, 12, 304, 1, 12, 26, 1425 }, // m
    { 11, 12, 207, 1, 12, 17, 1451 }, // n
    { 11, 12, 204, 1, 12, 17, 1468 }, // o
    { 11, 16, 210, 1, 12, 22, 1485 }, // p
    { 11, 16, 210, 1, 12, 22, 1507 }, // q
    { 7, 12, 136, 1, 12, 11, 1529 }, // r
    { 10, 12, 187, 1, 12, 15, 1540 }, // s
    { 7, 14, 122, 0, 14, 13, 1555 }, // t
    { 11, 11, 207, 1, 11, 16, 1568 }, // u
    { 12, 11, 200, 0, 11, 17, 1584 }, // v
    { 17, 11, 283, 0, 11, 24, 1601 }, // w
    { 12, 11, 193, 0, 11, 17, 1625 }, // x
    { 12, 15, 201, 0, 11, 23, 1642 }, // y
    { 10, 11, 191, 1, 11, 14, 1665 }, // z
    { 8, 19, 156, 1, 16, 19, 1679 }, // {
    { 3, 25, 124, 2, 20, 10, 1698 }, // |
    { 7, 19, 156, 1, 16, 17, 1708 }, // }
    { 11, 4, 226, 2, 8, 6, 1725 }, // ~
    { 1, 1, 79, 0, 1, 1, 1731 }, // U+00A0
    { 3, 16, 113, 2, 12, 6, 1732 }, // U+00A1
    { 10, 15, 196, 1, 15, 19, 1738 }, // U+00A2
    { 11, 15, 213, 1, 15, 21, 1757 }, // U+00A3
    { 14, 13, 254, 1, 13, 23, 1778 }, // U+00A4
    { 12, 15, 190, 0, 15, 23, 1801 }, // U+00A5
    { 3, 18, 113, 2, 15, 7, 1824 }, // U+00A6
    { 10, 18, 189, 1, 15, 23, 1831 }, // U+00A7
    { 7, 3, 207, 3, 16, 3, 1854 }, // U+00A8
    { 15, 15, 305, 2, 15, 29, 1857 }, // U+00A9
    { 8, 8, 155, 1, 15, 8, 1886 }, // U+00AA
    { 12, 10, 220, 1, 11, 15, 1894 }, // U+00AB
    { 9, 5, 226, 2, 8, 6, 1909 }, // U+00AC
    { 12, 11, 221, 1, 15, 17, 1915 }, // U+00AE
    { 6, 2, 146, 2, 15, 2, 1932 }, // U+00AF
    { 7, 7, 153, 1, 15, 7, 1934 }, // U+00B0
    { 10, 11, 226, 2, 12, 14, 1941 }, // U+00B1
    { 8, 9, 153, 1, 18, 9, 1955 }, // U+00B2
    { 8, 9, 157, 1, 18, 9, 1964 }, // U+00B3
    { 4, 3, 122, 2, 16, 2, 1973 }, // U+00B4
    { 12, 15, 209, 1, 11, 23, 1975 }, // U+00B5
    { 10, 15, 199, 1, 15, 19, 1998 }, // U+00B6
    { 3, 3, 111, 2, 9, 2, 2017 }, // U+00B7
    { 4, 4, 121, 2, 0, 2, 2019 }, // U+00B8
    { 5, 9, 111, 1, 18, 6, 2021 }, // U+00B9
    { 9, 8, 163, 1, 15, 9, 2027 }, // U+00BA
    { 12, 10, 220, 1, 11, 15, 2036 }, // U+00BB
    { 16, 15, 282, 1, 15, 30, 2051 }, // U+00BC
    { 17, 15, 294, 1, 15, 32, 2081 }, // U+00BD
    { 17, 16, 307, 1, 16, 34, 2113 }, // U+00BE
    { 10, 16, 186, 1, 12, 20, 2147 }, // U+00BF
    { 15, 20, 249, 0, 20, 38, 2167 }, // U+00C0
    { 15, 20, 249, 0, 20, 38, 2205 }, // U+00C1
    { 15, 20, 249, 0, 20, 38, 2243 }, // U+00C2
    { 15, 20, 249, 0, 20, 38, 2281 }, // U+00C3
    { 15, 20, 249, 0, 20, 38, 2319 }, // U+00C4
    { 15, 21, 249, 0, 21, 40, 2357 }, // U+00C5
    { 20, 15, 341, 0, 15, 38, 2397 }, // U+00C6
    { 14, 19, 247, 1, 15, 34, 2435 }, // U+00C7
    { 11, 20, 202, 1, 20, 28, 2469 }, // U+00C8
    { 11, 20, 202, 1, 20, 28, 2497 }, // U+00C9
    { 11, 20, 202, 1, 20, 28, 2525 }, // U+00CA
    { 11, 20, 202, 1, 20, 28, 2553 }, // U+00CB
    { 4, 20, 94, 0, 20, 10, 2581 }, // U+00CC
    { 5, 20, 94, 1, 20, 13, 2591 }, // U+00CD
    { 8, 20, 94, -1, 20, 20, 2604 }, // U+00CE
    { 8, 20, 94, -1, 20, 20, 2624 }, // U+00CF
    { 15, 15, 253, 0, 15, 29, 2644 }, // U+00D0
    { 14, 20, 254, 1, 20, 35, 2673 }, // U+00D1
    { 14, 20, 257, 1, 20, 35, 2708 }, // U+00D2
    { 14, 20, 257, 1, 20, 35, 2743 }, // U+00D3
    { 14, 20, 257, 1, 20, 35, 2778 }, // U+00D4
    { 14, 20, 257, 1, 20, 35, 2813 }, // U+00D5
    { 14, 20, 257, 1, 20, 35, 2848 }, // U+00D6
    { 10, 10, 226, 2, 11, 13, 2883 }, // U+00D7
    { 14, 17, 257, 1, 16, 30, 2896 }, // U+00D8
    { 13, 20, 244, 1, 20, 33, 2926 }, // U+00D9
    { 13, 20, 244, 1, 20, 33, 2959 }, // U+00DA
    { 13, 20, 244, 1, 20, 33, 2992 }, // U+00DB
    { 13, 20, 244, 1, 20, 33, 3025 }, // U+00DC
    { 15, 20, 244, 0, 20, 38, 3058 }, // U+00DD
    { 11, 15, 223, 1, 15, 21, 3096 }, // U+00DE
    { 12, 15, 219, 1, 15, 23, 3117 }, // U+00DF
    { 10, 16, 193, 1, 16, 20, 3140 }, // U+00E0
    { 10, 16, 193, 1, 16, 20, 3160 }, // U+00E1
    { 10, 16, 193, 1, 16, 20, 3180 }, // U+00E2
    { 10, 16, 193, 1, 16, 20, 3200 }, // U+00E3
    { 10, 16, 193, 1, 16, 20, 3220 }, // U+00E4
    { 10, 17, 193, 1, 17, 22, 3240 }, // U+00E5
    { 17, 12, 303, 1, 12, 26, 3262 }, // U+00E6
    { 10, 16, 196, 1, 12, 20, 3288 }, // U+00E7
    { 11, 16, 199, 1, 16, 22, 3308 }, // U+00E8
    { 11, 16, 199, 1, 16, 22, 3330 }, // U+00E9
    { 11, 16, 199, 1, 16, 22, 3352 }, // U+00EA
    { 11, 16, 199, 1, 16, 22, 3374 }, // U+00EB
    { 4, 16, 90, 0, 16, 8, 3396 }, // U+00EC
    { 5, 16, 90, 1, 16, 10, 3404 }, // U+00ED
    { 8, 16, 90, -1, 16, 16, 3414 }, // U+00EE
    { 8, 16, 90, -1, 16, 16, 3430 }, // U+00EF
    { 11, 16, 200, 1, 16, 22, 3446 }, // U+00F0
    { 11, 16, 207, 1, 16, 22, 3468 }, // U+00F1
    { 11, 16, 204, 1, 16, 22, 3490 }, // U+00F2
    { 11, 16, 204, 1, 16, 22, 3512 }, // U+00F3
    { 11, 16, 204, 1, 16, 22, 3534 }, // U+00F4
    { 11, 16, 204, 1, 16, 22, 3556 }, // U+00F5
    { 11, 16, 204, 1, 16, 22, 3578 }, // U+00F6
    { 10, 12, 226, 2, 12, 15, 3600 }, // U+00F7
    { 11, 12, 204, 1, 12, 17, 3615 }, // U+00F8
    { 11, 16, 207, 1, 16, 22, 3632 }, // U+00F9
    { 11, 16, 207, 1, 16, 22, 3654 }, // U+00FA
    { 11, 16, 207, 1, 16, 22, 3676 }, // U+00FB
    { 11, 16, 207, 1, 16, 22, 3698 }, // U+00FC
    { 12, 20, 201, 0, 16, 30, 3720 }, // U+00FD
    { 11, 19, 210, 1, 15, 27, 3750 }, // U+00FE
    { 12, 20, 201, 0, 16, 30, 3777 }, // U+00FF
    { 15, 19, 249, 0, 19, 36, 3807 }, // U+0100
    { 10, 15, 193, 1, 15, 19, 3843 }, // U+0101
    { 15, 20, 249, 0, 20, 38, 3862 }, // U+0102
    { 10, 16, 193, 1, 16, 20, 3900 }, // U+0103
    { 16, 19, 249, 0, 15, 38, 3920 }, // U+0104
    { 10, 16, 193, 1, 12, 20, 3958 }, // U+0105
    { 14, 20, 247, 1, 20, 35, 3978 }, // U+0106
    { 10, 16, 196, 1, 16, 20, 4013 }, // U+0107
    { 14, 20, 247, 1, 20, 35, 4033 }, // U+0108
    { 10, 16, 196, 1, 16, 20, 4068 }, // U+0109
    { 14, 20, 247, 1, 20, 35, 4088 }, // U+010A
    { 10, 16, 196, 1, 16, 20, 4123 }, // U+010B
    { 14, 20, 247, 1, 20, 35, 4143 }, // U+010C
    { 10, 16, 196, 1, 16, 20, 4178 }, // U+010D
    { 13, 20, 241, 1, 20, 33, 4198 }, // U+010E
    { 14, 16, 251, 1, 16, 28, 4231 }, // U+010F
    { 15, 15, 253, 0, 15, 29, 4259 }, // U+0110
    { 12, 15, 210, 1, 15, 23, 4288 }, // U+0111
    { 11, 19, 202, 1, 19, 27, 4311 }, // U+0112
    { 11, 15, 199, 1, 15, 21, 4338 }, // U+0113
    { 11, 20, 202, 1, 20, 28, 4359 }, // U+0114
    { 11, 16, 199, 1, 16, 22, 4387 }, // U+0115
    { 11, 20, 202, 1, 20, 28, 4409 }, // U+0116
    { 11, 16, 199, 1, 16, 22, 4437 }, // U+0117
    { 11, 19, 202, 1, 15, 27, 4459 }, // U+0118
    { 11, 16, 199, 1, 12, 22, 4486 }, // U+0119
    { 11, 20, 202, 1, 20, 28, 4508 }, // U+011A
    { 11, 16, 199, 1, 16, 22, 4536 }, // U+011B
    { 14, 20, 250, 1, 20, 35, 4558 }, // U+011C
    { 11, 21, 211, 1, 16, 29, 4593 }, // U+011D
    { 14, 20, 250, 1, 20, 35, 4622 }, // U+011E
    { 11, 21, 211, 1, 16, 29, 4657 }, // U+011F
    { 14, 20, 250, 1, 20, 35, 4686 }, // U+0120
    { 11, 21, 211, 1, 16, 29, 4721 }, // U+0121
    { 14, 20, 250, 1, 15, 35, 4750 }, // U+0122
    { 11, 22, 211, 1, 17, 31, 4785 }, // U+0123
    { 13, 20, 249, 1, 20, 33, 4816 }, // U+0124
    { 13, 20, 207, -1, 20, 33, 4849 }, // U+0125
    { 15, 15, 269, 1, 15, 29, 4882 }, // U+0126
    { 12, 15, 207, 0, 15, 23, 4911 }, // U+0127
    { 7, 20, 94, -1, 20, 18, 4934 }, // U+0128
    { 7, 16, 90, -1, 16, 14, 4952 }, // U+0129
    { 6, 19, 94, 0, 19, 15, 4966 }, // U+012A
    { 6, 15, 90, 0, 15, 12, 4981 }, // U+012B
    { 7, 20, 94, -1, 20, 18, 4993 }, // U+012C
    { 7, 16, 90, -1, 16, 14, 5011 }, // U+012D
    { 5, 19, 94, 0, 15, 12, 5025 }, // U+012E
    { 5, 20, 90, 0, 16, 13, 5037 }, // U+012F
    { 4, 20, 94, 1, 20, 10, 5050 }, // U+0130
    { 3, 11, 90, 1, 11, 5, 5060 }, // U+0131
    { 16, 15, 288, 1, 15, 30, 5065 }, // U+0132
    { 9, 20, 181, 1, 16, 23, 5095 }, // U+0133
    { 12, 20, 195, 1, 20, 30, 5118 }, // U+0134
    { 8, 20, 90, -1, 16, 20, 5148 }, // U+0135
    { 13, 20, 240, 1, 15, 33, 5168 }, // U+0136
    { 11, 20, 193, 1, 15, 28, 5201 }, // U+0137
    { 11, 11, 195, 1, 11, 16, 5229 }, // U+0138
    { 10, 20, 188, 1, 20, 25, 5245 }, // U+0139
    { 5, 20, 90, 1, 20, 13, 5270 }, // U+013A
    { 10, 20, 188, 1, 15, 25, 5283 }, // U+013B
    { 4, 20, 90, 0, 15, 10, 5308 }, // U+013C
    { 10, 16, 188, 1, 16, 20, 5318 }, // U+013D
    { 7, 16, 132, 1, 16, 14, 5338 }, // U+013E
    { 10, 15, 192, 1, 15, 19, 5352 }, // U+013F
    { 8, 15, 150, 1, 15, 15, 5371 }, // U+0140
    { 12, 15, 202, 0, 15, 23, 5386 }, // U+0141
    { 6, 15, 90, 0, 15, 12, 5409 }, // U+0142
    { 14, 20, 254, 1, 20, 35, 5421 }, // U+0143
    { 11, 16, 207, 1, 16, 22, 5456 }, // U+0144
    { 14, 20, 254, 1, 15, 35, 5478 }, // U+0145
    { 11, 17, 207, 1, 12, 24, 5513 }, // U+0146
    { 14, 20, 254, 1, 20, 35, 5537 }, // U+0147
    { 11, 16, 207, 1, 16, 22, 5572 }, // U+0148
    { 14, 19, 254, 1, 15, 34, 5594 }, // U+014A
    { 11, 16, 207, 1, 12, 22, 5628 }, // U+014B
    { 14, 19, 257, 1, 19, 34, 5650 }, // U+014C
    { 11, 15, 204, 1, 15, 21, 5684 }, // U+014D
    { 14, 20, 257, 1, 20, 35, 5705 }, // U+014E
    { 11, 16, 204, 1, 16, 22, 5740 }, // U+014F
    { 14, 20, 257, 1, 20, 35, 5762 }, // U+0150
    { 11, 16, 204, 1, 16, 22, 5797 }, // U+0151
    { 19, 15, 339, 1, 15, 36, 5819 }, // U+0152
    { 19, 12, 329, 1, 12, 29, 5855 }, // U+0153
    { 12, 20, 219, 1, 20, 30, 5884 }, // U+0154
    { 7, 16, 136, 1, 16, 14, 5914 }, // U+0155
    { 12, 20, 219, 1, 15, 30, 5928 }, // U+0156
    { 7, 17, 136, 1, 12, 15, 5958 }, // U+0157
    { 12, 20, 219, 1, 20, 30, 5973 }, // U+0158
    { 8, 16, 136, 1, 16, 16, 6003 }, // U+0159
    { 12, 20, 218, 1, 20, 30, 6019 }, // U+015A
    { 10, 16, 187, 1, 16, 20, 6049 }, // U+015B
    { 12, 20, 218, 1, 20, 30, 6069 }, // U+015C
    { 10, 16, 187, 1, 16, 20, 6099 }, // U+015D
    { 12, 19, 218, 1, 15, 29, 6119 }, // U+015E
    { 10, 16, 187, 1, 12, 20, 6148 }, // U+015F
    { 12, 20, 218, 1, 20, 30, 6168 }, // U+0160
    { 10, 16, 187, 1, 16, 20, 6198 }, // U+0161
    { 12, 19, 222, 1, 15, 29, 6218 }, // U+0162
    { 7, 18, 122, 0, 14, 16, 6247 }, // U+0163
    { 12, 20, 222, 1, 20, 30, 6263 }, // U+0164
    { 8, 17, 147, 0, 17, 17, 6293 }, // U+0165
    { 12, 15, 222, 1, 15, 23, 6310 }, // U+0166
    { 7, 14, 122, 0, 14, 13, 6333 }, // U+0167
    { 13, 20, 244, 1, 20, 33, 6346 }, // U+0168
    { 11, 16, 207, 1, 16, 22, 6379 }, // U+0169
    { 13, 19, 244, 1, 19, 31, 6401 }, // U+016A
    { 11, 15, 207, 1, 15, 21, 6432 }, // U+016B
    { 13, 20, 244, 1, 20, 33, 6453 }, // U+016C
    { 11, 16, 207, 1, 16, 22, 6486 }, // U+016D
    { 13, 21, 244, 1, 21, 35, 6508 }, // U+016E
    { 11, 17, 207, 1, 17, 24, 6543 }, // U+016F
    { 13, 20, 244, 1, 20, 33, 6567 }, // U+0170
    { 11, 16, 207, 1, 16, 22, 6600 }, // U+0171
    { 13, 19, 244, 1, 15, 31, 6622 }, // U+0172
    { 11, 15, 207, 1, 11, 21, 6653 }, // U+0173
    { 21, 20, 346, 0, 20, 53, 6674 }, // U+0174
    { 17, 16, 283, 0, 16, 34, 6727 }, // U+0175
    { 15, 20, 244, 0, 20, 38, 6761 }, // U+0176
    { 12, 20, 201, 0, 16, 30, 6799 }, // U+0177
    { 15, 20, 244, 0, 20, 38, 6829 }, // U+0178
    { 12, 20, 221, 1, 20, 30, 6867 }, // U+0179
    { 10, 16, 191, 1, 16, 20, 6897 }, // U+017A
    { 12, 20, 221, 1, 20, 30, 6917 }, // U+017B
    { 10, 16, 191, 1, 16, 20, 6947 }, // U+017C
    { 12, 20, 221, 1, 20, 30, 6967 }, // U+017D
    { 10, 16, 191, 1, 16, 20, 6997 }, // U+017E
    { 6, 16, 115, 1, 16, 12, 7017 }, // U+017F
    { 14, 17, 260, 1, 17, 30, 7029 }, // U+01A0
    { 12, 14, 204, 1, 14, 21, 7059 }, // U+01A1
    { 15, 17, 243, 1, 17, 32, 7080 }, // U+01AF
    { 12, 14, 220, 1, 14, 21, 7112 }, // U+01B0
    { 25, 16, 432, 1, 16, 50, 7133 }, // U+01C5
    { 23, 16, 401, 1, 16, 46, 7183 }, // U+01C6
    { 22, 15, 383, 1, 15, 42, 7229 }, // U+01C7
    { 15, 20, 279, 1, 16, 38, 7271 }, // U+01C8
    { 9, 20, 181, 1, 16, 23, 7309 }, // U+01C9
    { 26, 15, 449, 1, 15, 49, 7332 }, // U+01CA
    { 19, 20, 344, 1, 16, 48, 7381 }, // U+01CB
    { 16, 20, 298, 1, 16, 40, 7429 }, // U+01CC
    { 15, 20, 249, 0, 20, 38, 7469 }, // U+01CD
    { 10, 16, 193, 1, 16, 20, 7507 }, // U+01CE
    { 8, 20, 94, -1, 20, 20, 7527 }, // U+01CF
    { 8, 16, 90, -1, 16, 16, 7547 }, // U+01D0
    { 14, 20, 257, 1, 20, 35, 7563 }, // U+01D1
    { 11, 16, 204, 1, 16, 22, 7598 }, // U+01D2
    { 13, 20, 244, 1, 20, 33, 7620 }, // U+01D3
    { 11, 16, 207, 1, 16, 22, 7653 }, // U+01D4
    { 13, 23, 244, 1, 23, 38, 7675 }, // U+01D5
    { 11, 19, 207, 1, 19, 27, 7713 }, // U+01D6
    { 13, 23, 244, 1, 23, 38, 7740 }, // U+01D7
    { 11, 19, 207, 1, 19, 27, 7778 }, // U+01D8
    { 13, 23, 244, 1, 23, 38, 7805 }, // U+01D9
    { 11, 19, 207, 1, 19, 27, 7843 }, // U+01DA
    { 13, 23, 244, 1, 23, 38, 7870 }, // U+01DB
    { 11, 19, 207, 1, 19, 27, 7908 }, // U+01DC
    { 11, 12, 199, 1, 12, 17, 7935 }, // U+01DD
    { 15, 23, 249, 0, 23, 44, 7952 }, // U+01DE
    { 10, 19, 193, 1, 19, 24, 7996 }, // U+01DF
    { 15, 23, 249, 0, 23, 44, 8020 }, // U+01E0
    { 10, 19, 193, 1, 19, 24, 8064 }, // U+01E1
    { 20, 19, 341, 0, 19, 48, 8088 }, // U+01E2
    { 17, 15, 303, 1, 15, 32, 8136 }, // U+01E3
    { 15, 15, 250, 1, 15, 29, 8168 }, // U+01E4
    { 13, 17, 230, 1, 12, 28, 8197 }, // U+01E5
    { 14, 20, 250, 1, 20, 35, 8225 }, // U+01E6
    { 11, 21, 211, 1, 16, 29, 8260 }, // U+01E7
    { 13, 20, 240, 1, 20, 33, 8289 }, // U+01E8
    { 13, 20, 193, -1, 20, 33, 8322 }, // U+01E9
    { 14, 19, 257, 1, 15, 34, 8355 }, // U+01EA
    { 11, 16, 204, 1, 12, 22, 8389 }, // U+01EB
    { 14, 23, 257, 1, 19, 41, 8411 }, // U+01EC
    { 11, 19, 204, 1, 15, 27, 8452 }, // U+01ED
    { 13, 24, 229, 1, 20, 39, 8479 }, // U+01EE
    { 12, 20, 215, 1, 16, 30, 8518 }, // U+01EF
    { 8, 20, 90, -1, 16, 20, 8548 }, // U+01F0
    { 27, 15, 462, 1, 15, 51, 8568 }, // U+01F1
    { 25, 15, 432, 1, 15, 47, 8619 }, // U+01F2
    { 23, 15, 401, 1, 15, 44, 8666 }, // U+01F3
    { 14, 20, 250, 1, 20, 35, 8710 }, // U+01F4
    { 11, 21, 211, 1, 16, 29, 8745 }, // U+01F5
    { 21, 15, 375, 1, 15, 40, 8774 }, // U+01F6
    { 12, 19, 246, 2, 15, 29, 8814 }, // U+01F7
    { 14, 20, 254, 1, 20, 35, 8843 }, // U+01F8
    { 11, 16, 207, 1, 16, 22, 8878 }, // U+01F9
    { 15, 23, 249, 0, 23, 44, 8900 }, // U+01FA
    { 10, 20, 193, 1, 20, 25, 8944 }, // U+01FB
    { 20, 20, 341, 0, 20, 50, 8969 }, // U+01FC
    { 17, 16, 303, 1, 16, 34, 9019 }, // U+01FD
    { 14, 21, 257, 1, 20, 37, 9053 }, // U+01FE
    { 11, 16, 204, 1, 16, 22, 9090 }, // U+01FF
    { 15, 20, 249, 0, 20, 38, 9112 }, // U+0200
    { 10, 16, 193, 1, 16, 20, 9150 }, // U+0201
    { 15, 20, 249, 0, 20, 38, 9170 }, // U+0202
    { 10, 16, 193, 1, 16, 20, 9208 }, // U+0203
    { 11, 20, 202, 1, 20, 28, 9228 }, // U+0204
    { 11, 16, 199, 1, 16, 22, 9256 }, // U+0205
    { 11, 20, 202, 1, 20, 28, 9278 }, // U+0206
    { 11, 16, 199, 1, 16, 22, 9306 }, // U+0207
    { 8, 20, 94, -2, 20, 20, 9328 }, // U+0208
    { 8, 16, 90, -2, 16, 16, 9348 }, // U+0209
    { 8, 20, 94, -1, 20, 20, 9364 }, // U+020A
    { 7, 16, 90, -1, 16, 14, 9384 }, // U+020B
    { 14, 20, 257, 1, 20, 35, 9398 }, // U+020C
    { 11, 16, 204, 1, 16, 22, 9433 }, // U+020D
    { 14, 20, 257, 1, 20, 35, 9455 }, // U+020E
    { 11, 16, 204, 1, 16, 22, 9490 }, // U+020F
    { 12, 20, 219, 1, 20, 30, 9512 }, // U+0210
    { 9, 16, 136, -1, 16, 18, 9542 }, // U+0211
    { 12, 20, 219, 1, 20, 30, 9560 }, // U+0212
    { 7, 16, 136, 1, 16, 14, 9590 }, // U+0213
    { 13, 20, 244, 1, 20, 33, 9604 }, // U+0214
    { 11, 16, 207, 1, 16, 22, 9637 }, // U+0215
    { 13, 20, 244, 1, 20, 33, 9659 }, // U+0216
    { 11, 16, 207, 1, 16, 22, 9692 }, // U+0217
    { 12, 20, 218, 1, 15, 30, 9714 }, // U+0218
    { 10, 17, 187, 1, 12, 22, 9744 }, // U+0219
    { 12, 20, 222, 1, 15, 30, 9766 }, // U+021A
    { 7, 19, 122, 0, 14, 17, 9796 }, // U+021B
    { 12, 19, 222, 1, 15, 29, 9813 }, // U+021C
    { 10, 16, 191, 1, 12, 20, 9842 }, // U+021D
    { 13, 20, 249, 1, 20, 33, 9862 }, // U+021E
    { 13, 20, 207, -1, 20, 33, 9895 }, // U+021F
    { 4, 3, 0, 2, 16, 2, 9928 }, // U+0300
    { 4, 3, 0, 2, 16, 2, 9930 }, // U+0301
    { 8, 3, 0, 1, 16, 3, 9932 }, // U+0302
    { 7, 3, 0, 2, 16, 3, 9935 }, // U+0303
    { 6, 2, 0, 2, 15, 2, 9938 }, // U+0304
    { 7, 3, 0, 1, 16, 3, 9940 }, // U+0306
    { 4, 3, 0, 1, 16, 2, 9943 }, // U+0307
    { 7, 3, 0, 3, 16, 3, 9945 }, // U+0308
    { 4, 3, 0, 1, 16, 2, 9948 }, // U+0309
    { 6, 5, 0, 1, 17, 4, 9950 }, // U+030A
    { 8, 3, 0, 1, 16, 3, 9954 }, // U+030C
    { 8, 3, 0, 2, 16, 3, 9957 }, // U+030F
    { 3, 6, 0, 5, 10, 3, 9960 }, // U+0313
    { 3, 6, 0, 5, 10, 3, 9963 }, // U+0315
    { 4, 5, 0, -5, 15, 3, 9966 }, // U+031B
    { 4, 3, 96, 1, -1, 2, 9969 }, // U+0323
    { 3, 5, 0, -8, -1, 2, 9971 }, // U+0326
    { 4, 4, 0, 2, 0, 2, 9973 }, // U+0327
    { 4, 4, 0, 1, 0, 2, 9975 }, // U+0328
    { 8, 3, 0, 1, -1, 3, 9977 }, // U+032C
    { 9, 13, 0, -11, 12, 15, 9980 }, // U+0337
    { 11, 17, 0, -12, 16, 24, 9995 }, // U+0338
    { 7, 3, 0, -10, 16, 3, 10019 }, // U+0342
    { 4, 4, 0, 0, 13, 2, 10022 }, // U+0343
    { 7, 4, 0, -10, 16, 4, 10024 }, // U+0346
    { 7, 4, 0, -10, -3, 4, 10028 }, // U+0347
    { 6, 4, 0, -9, -1, 3, 10032 }, // U+0348
    { 4, 4, 0, -8, -1, 2, 10035 }, // U+0349
    { 8, 4, 0, -11, 16, 4, 10037 }, // U+034A
    { 8, 9, 0, -11, 21, 9, 10041 }, // U+034B
    { 8, 5, 0, -11, 18, 5, 10050 }, // U+034C
    { 9, 5, 0, -11, -1, 6, 10055 }, // U+034D
    { 5, 5, 0, -9, -1, 4, 10061 }, // U+034E
    { 1, 1, 0, 0, 1, 1, 10065 }, // U+034F
    { 8, 8, 0, -10, 21, 8, 10066 }, // U+0350
    { 3, 4, 0, -8, 16, 2, 10074 }, // U+0351
    { 7, 6, 0, -10, 18, 6, 10076 }, // U+0352
    { 5, 4, 0, -9, -1, 3, 10082 }, // U+0353
    { 6, 5, 0, -9, -1, 4, 10085 }, // U+0354
    { 6, 5, 0, -9, -1, 4, 10089 }, // U+0355
    { 11, 5, 0, -11, -1, 7, 10093 }, // U+0356
    { 2, 5, 0, 1, 17, 2, 10100 }, // U+0357
    { 4, 3, 0, 1, 16, 2, 10102 }, // U+0358
    { 5, 5, 0, -9, -1, 4, 10104 }, // U+0359
    { 9, 4, 0, -11, -1, 5, 10108 }, // U+035A
    { 5, 5, 0, -9, 17, 4, 10113 }, // U+035B
    { 16, 3, 0, -9, -1, 6, 10117 }, // U+035C
    { 15, 3, 0, -8, 15, 6, 10123 }, // U+035D
    { 12, 2, 0, -12, 15, 3, 10129 }, // U+035E
    { 12, 2, 0, -12, -2, 3, 10132 }, // U+035F
    { 21, 4, 0, -11, 16, 11, 10135 }, // U+0360
    { 15, 4, 0, -8, 15, 8, 10146 }, // U+0361
    { 18, 5, 0, -9, -1, 12, 10154 }, // U+0362
    { 5, 6, 0, -9, 18, 4, 10166 }, // U+0363
    { 5, 6, 0, -9, 18, 4, 10170 }, // U+0364
    { 2, 8, 0, -7, 20, 2, 10174 }, // U+0365
    { 5, 6, 0, -9, 18, 4, 10176 }, // U+0366
    { 5, 6, 0, -9, 18, 4, 10180 }, // U+0367
    { 5, 6, 0, -9, 18, 4, 10184 }, // U+0368
    { 5, 8, 0, -9, 20, 5, 10188 }, // U+0369
    { 5, 8, 0, -9, 20, 5, 10193 }, // U+036A
    { 9, 6, 0, -11, 18, 7, 10198 }, // U+036B
    { 4, 6, 0, -8, 18, 3, 10205 }, // U+036C
    { 4, 7, 0, 0, 19, 4, 10208 }, // U+036D
    { 5, 6, 0, -9, 18, 4, 10212 }, // U+036E
    { 5, 6, 0, -9, 18, 4, 10216 }, // U+036F
    { 11, 20, 202, 1, 20, 28, 10220 }, // U+0400
    { 11, 20, 202, 1, 20, 28, 10248 }, // U+0401
    { 16, 16, 286, 1, 15, 32, 10276 }, // U+0402
    { 10, 20, 194, 1, 20, 25, 10308 }, // U+0403
    { 14, 15, 247, 1, 15, 27, 10333 }, // U+0404
    { 12, 15, 218, 1, 15, 23, 10360 }, // U+0405
    { 3, 15, 94, 1, 15, 6, 10383 }, // U+0406
    { 8, 20, 94, -1, 20, 20, 10389 }, // U+0407
    { 10, 15, 195, 1, 15, 19, 10409 }, // U+0408
    { 21, 15, 372, 1, 15, 40, 10428 }, // U+0409
    { 22, 15, 375, 1, 15, 42, 10468 }, // U+040A
    { 16, 15, 298, 1, 15, 30, 10510 }, // U+040B
    { 13, 20, 240, 1, 20, 33, 10540 }, // U+040C
    { 14, 20, 254, 1, 20, 35, 10573 }, // U+040D
    { 14, 20, 231, 0, 20, 35, 10608 }, // U+040E
    { 13, 18, 242, 1, 15, 30, 10643 }, // U+040F
    { 15, 15, 249, 0, 15, 29, 10673 }, // U+0410
    { 12, 15, 216, 1, 15, 23, 10702 }, // U+0411
    { 12, 15, 220, 1, 15, 23, 10725 }, // U+0412
    { 10, 15, 194, 1, 15, 19, 10748 }, // U+0413
    { 16, 18, 289, 1, 15, 36, 10767 }, // U+0414
    { 11, 15, 202, 1, 15, 21, 10803 }, // U+0415
    { 21, 15, 356, 1, 15, 40, 10824 }, // U+0416
    { 11, 15, 215, 1, 15, 21, 10864 }, // U+0417
    { 14, 15, 254, 1, 15, 27, 10885 }, // U+0418
    { 14, 20, 254, 1, 20, 35, 10912 }, // U+0419
    { 13, 15, 240, 1, 15, 25, 10947 }, // U+041A
    { 13, 15, 250, 1, 15, 25, 10972 }, // U+041B
    { 17, 15, 310, 1, 15, 32, 10997 }, // U+041C
    { 13, 15, 249, 1, 15, 25, 11029 }, // U+041D
    { 14, 15, 257, 1, 15, 27, 11054 }, // U+041E
    { 13, 15, 249, 1, 15, 25, 11081 }, // U+041F
    { 12, 15, 216, 1, 15, 23, 11106 }, // U+0420
    { 14, 15, 247, 1, 15, 27, 11129 }, // U+0421
    { 12, 15, 222, 1, 15, 23, 11156 }, // U+0422
    { 14, 15, 231, 0, 15, 27, 11179 }, // U+0423
    { 15, 17, 278, 1, 16, 32, 11206 }, // U+0424
    { 14, 15, 246, 1, 15, 27, 11238 }, // U+0425
    { 14, 18, 256, 1, 15, 32, 11265 }, // U+0426
    { 12, 15, 236, 1, 15, 23, 11297 }, // U+0427
    { 18, 15, 330, 1, 15, 34, 11320 }, // U+0428
    { 20, 18, 339, 1, 15, 45, 11354 }, // U+0429
    { 15, 15, 277, 1, 15, 29, 11399 }, // U+042A
    { 17, 15, 306, 1, 15, 32, 11428 }, // U+042B
    { 12, 15, 221, 1, 15, 23, 11460 }, // U+042C
    { 13, 15, 247, 1, 15, 25, 11483 }, // U+042D
    { 20, 15, 347, 1, 15, 38, 11508 }, // U+042E
    { 12, 15, 219, 0, 15, 23, 11546 }, // U+042F
    { 10, 12, 193, 1, 12, 15, 11569 }, // U+0430
    { 11, 15, 203, 1, 15, 21, 11584 }, // U+0431
    { 10, 11, 192, 1, 11, 14, 11605 }, // U+0432
    { 8, 11, 151, 1, 11, 11, 11619 }, // U+0433
    { 13, 14, 220, 0, 11, 23, 11630 }, // U+0434
    { 11, 12, 199, 1, 12, 17, 11653 }, // U+0435
    { 18, 11, 288, 0, 11, 25, 11670 }, // U+0436
    { 9, 12, 173, 1, 12, 14, 11695 }, // U+0437
    { 11, 11, 207, 1, 11, 16, 11709 }, // U+0438
    { 11, 16, 207, 1, 16, 22, 11725 }, // U+0439
    { 11, 11, 194, 1, 11, 16, 11747 }, // U+043A
    { 11, 11, 201, 0, 11, 16, 11763 }, // U+043B
    { 15, 11, 271, 1, 11, 21, 11779 }, // U+043C
    { 11, 11, 207, 1, 11, 16, 11800 }, // U+043D
    { 11, 12, 204, 1, 12, 17, 11816 }, // U+043E
    { 10, 11, 204, 1, 11, 14, 11833 }, // U+043F
    { 11, 16, 210, 1, 12, 22, 11847 }, // U+0440
    { 10, 12, 196, 1, 12, 15, 11869 }, // U+0441
    { 10, 11, 170, 0, 11, 14, 11884 }, // U+0442
    { 12, 15, 201, 0, 11, 23, 11898 }, // U+0443
    { 14, 19, 259, 1, 15, 34, 11921 }, // U+0444
    { 12, 11, 193, 0, 11, 17, 11955 }, // U+0445
    { 12, 14, 219, 1, 11, 21, 11972 }, // U+0446
    { 10, 11, 200, 1, 11, 14, 11993 }, // U+0447
    { 16, 11, 287, 1, 11, 22, 12007 }, // U+0448
    { 17, 14, 296, 1, 11, 30, 12029 }, // U+0449
    { 13, 11, 226, 0, 11, 18, 12059 }, // U+044A
    { 15, 11, 269, 1, 11, 21, 12077 }, // U+044B
    { 10, 11, 197, 1, 11, 14, 12098 }, // U+044C
    { 10, 12, 196, 1, 12, 15, 12112 }, // U+044D
    { 16, 12, 289, 1, 12, 24, 12127 }, // U+044E
    { 11, 11, 192, 0, 11, 16, 12151 }, // U+044F
    { 11, 16, 199, 1, 16, 22, 12167 }, // U+0450
    { 11, 16, 199, 1, 16, 22, 12189 }, // U+0451
    { 12, 19, 207, 0, 15, 29, 12211 }, // U+0452
    { 8, 16, 151, 1, 16, 16, 12240 }, // U+0453
    { 10, 12, 196, 1, 12, 15, 12256 }, // U+0454
    { 10, 12, 187, 1, 12, 15, 12271 }, // U+0455
    { 4, 16, 90, 1, 16, 8, 12286 }, // U+0456
    { 8, 16, 90, -1, 16, 16, 12294 }, // U+0457
    { 6, 20, 90, -1, 16, 15, 12310 }, // U+0458
    { 19, 11, 315, 0, 11, 27, 12325 }, // U+0459
    { 17, 11, 308, 1, 11, 24, 12352 }, // U+045A
    { 12, 15, 207, 0, 15, 23, 12376 }, // U+045B
    { 11, 16, 194, 1, 16, 22, 12399 }, // U+045C
    { 11, 16, 207, 1, 16, 22, 12421 }, // U+045D
    { 12, 20, 201, 0, 16, 30, 12443 }, // U+045E
    { 10, 14, 204, 1, 11, 18, 12473 }, // U+045F
    { 18, 15, 326, 1, 15, 34, 12491 }, // U+0460
    { 16, 11, 294, 1, 11, 22, 12525 }, // U+0461
    { 14, 15, 237, 0, 15, 27, 12547 }, // U+0462
    { 13, 15, 214, 0, 15, 25, 12574 }, // U+0463
    { 19, 15, 334, 1, 15, 36, 12599 }, // U+0464
    { 15, 12, 276, 1, 12, 23, 12635 }, // U+0465
    { 15, 15, 249, 0, 15, 29, 12658 }, // U+0466
    { 12, 11, 197, 0, 11, 17, 12687 }, // U+0467
    { 19, 15, 330, 1, 15, 36, 12704 }, // U+0468
    { 16, 11, 278, 1, 11, 22, 12740 }, // U+0469
    { 16, 15, 294, 1, 15, 30, 12762 }, // U+046A
    { 13, 11, 249, 1, 11, 18, 12792 }, // U+046B
    { 22, 15, 395, 1, 15, 42, 12810 }, // U+046C
    { 19, 11, 341, 1, 11, 27, 12852 }, // U+046D
    { 10, 24, 190, 1, 19, 30, 12879 }, // U+046E
    { 9, 20, 181, 1, 16, 23, 12909 }, // U+046F
    { 16, 15, 298, 1, 15, 30, 12932 }, // U+0470
    { 15, 18, 277, 1, 14, 34, 12962 }, // U+0471
    { 14, 15, 257, 1, 15, 27, 12996 }, // U+0472
    { 11, 12, 204, 1, 12, 17, 13023 }, // U+0473
    { 15, 15, 253, 0, 15, 29, 13040 }, // U+0474
    { 13, 11, 206, 0, 11, 18, 13069 }, // U+0475
    { 15, 20, 253, 0, 20, 38, 13087 }, // U+0476
    { 13, 16, 206, 0, 16, 26, 13125 }, // U+0477
    { 27, 19, 457, 1, 15, 65, 13151 }, // U+0478
    { 24, 16, 399, 1, 12, 48, 13216 }, // U+0479
    { 13, 15, 239, 1, 15, 25, 13264 }, // U+0480
    { 10, 16, 195, 1, 12, 20, 13289 }, // U+0481
    { 12, 14, 223, 1, 14, 21, 13309 }, // U+0482
    { 8, 4, 0, -10, 16, 4, 13330 }, // U+0483
    { 8, 3, 0, -10, 16, 3, 13334 }, // U+0484
    { 3, 4, 0, -7, 17, 2, 13337 }, // U+0485
    { 3, 4, 0, -7, 17, 2, 13339 }, // U+0486
    { 9, 3, 0, -11, 16, 4, 13341 }, // U+0487
    { 20, 18, 0, -16, 15, 45, 13345 }, // U+0488
    { 20, 19, 0, -16, 15, 48, 13390 }, // U+0489
    { 15, 23, 254, 1, 20, 44, 13438 }, // U+048A
    { 13, 19, 207, 1, 16, 31, 13482 }, // U+048B
    { 14, 15, 237, 0, 15, 27, 13513 }, // U+048C
    { 13, 14, 214, 0, 14, 23, 13540 }, // U+048D
    { 12, 15, 220, 1, 15, 23, 13563 }, // U+048E
    { 11, 16, 204, 1, 12, 22, 13586 }, // U+048F
    { 10, 18, 194, 1, 18, 23, 13608 }, // U+0490
    { 8, 14, 151, 1, 14, 14, 13631 }, // U+0491
    { 12, 15, 194, -1, 15, 23, 13645 }, // U+0492
    { 9, 11, 151, 0, 11, 13, 13668 }, // U+0493
    { 12, 16, 221, 1, 15, 24, 13681 }, // U+0494
    { 10, 15, 191, 1, 11, 19, 13705 }, // U+0495
    { 22, 18, 368, 1, 15, 50, 13724 }, // U+0496
    { 19, 14, 299, 0, 11, 34, 13774 }, // U+0497
    { 11, 19, 215, 1, 15, 27, 13808 }, // U+0498
    { 9, 16, 173, 1, 12, 18, 13835 }, // U+0499
    { 14, 18, 254, 1, 15, 32, 13853 }, // U+049A
    { 12, 14, 205, 1, 11, 21, 13885 }, // U+049B
    { 13, 15, 240, 1, 15, 25, 13906 }, // U+049C
    { 12, 11, 211, 1, 11, 17, 13931 }, // U+049D
    { 17, 15, 295, 1, 15, 32, 13948 }, // U+04A0
    { 14, 11, 224, 0, 11, 20, 13980 }, // U+04A1
    { 15, 18, 258, 1, 15, 34, 14000 }, // U+04A2
    { 12, 14, 216, 1, 11, 21, 14034 }, // U+04A3
    { 19, 15, 335, 1, 15, 36, 14055 }, // U+04A4
    { 14, 11, 236, 1, 11, 20, 14091 }, // U+04A5
    { 22, 16, 376, 1, 15, 44, 14111 }, // U+04A6
    { 18, 14, 313, 1, 11, 32, 14155 }, // U+04A7
    { 20, 15, 349, 1, 15, 38, 14187 }, // U+04A8
    { 16, 12, 280, 1, 12, 24, 14225 }, // U+04A9
    { 14, 19, 247, 1, 15, 34, 14249 }, // U+04AA
    { 10, 16, 196, 1, 12, 20, 14283 }, // U+04AB
    { 12, 18, 222, 1, 15, 27, 14303 }, // U+04AC
    { 10, 14, 170, 0, 11, 18, 14330 }, // U+04AD
    { 15, 15, 244, 0, 15, 29, 14348 }, // U+04AE
    { 12, 15, 200, 0, 11, 23, 14377 }, // U+04AF
    { 15, 15, 244, 0, 15, 29, 14400 }, // U+04B0
    { 12, 15, 200, 0, 11, 23, 14429 }, // U+04B1
    { 15, 18, 258, 1, 15, 34, 14452 }, // U+04B2
    { 13, 14, 204, 0, 11, 23, 14486 }, // U+04B3
    { 18, 18, 317, 1, 15, 41, 14509 }, // U+04B4
    { 14, 14, 237, 0, 11, 25, 14550 }, // U+04B5
    { 14, 18, 245, 1, 15, 32, 14575 }, // U+04B6
    { 12, 14, 210, 1, 11, 21, 14607 }, // U+04B7
    { 12, 15, 236, 1, 15, 23, 14628 }, // U+04B8
    { 10, 11, 200, 1, 11, 14, 14651 }, // U+04B9
    { 12, 15, 236, 1, 15, 23, 14665 }, // U+04BA
    { 11, 15, 207, 1, 15, 21, 14688 }, // U+04BB
    { 18, 15, 297, 0, 15, 34, 14709 }, // U+04BC
    { 15, 12, 251, 0, 12, 23, 14743 }, // U+04BD
    { 18, 18, 297, 0, 15, 41, 14766 }, // U+04BE
    { 15, 16, 251, 0, 12, 30, 14807 }, // U+04BF
    { 3, 15, 94, 1, 15, 6, 14837 }, // U+04C0
    { 21, 20, 356, 1, 20, 53, 14843 }, // U+04C1
    { 18, 16, 288, 0, 16, 36, 14896 }, // U+04C2
    { 13, 19, 231, 1, 15, 31, 14932 }, // U+04C3
    { 11, 14, 207, 1, 11, 20, 14963 }, // U+04C4
    { 15, 18, 250, 1, 15, 34, 14983 }, // U+04C5
    { 13, 14, 201, 0, 11, 23, 15017 }, // U+04C6
    { 13, 19, 249, 1, 15, 31, 15040 }, // U+04C7
    { 11, 15, 207, 1, 11, 21, 15071 }, // U+04C8
    { 15, 18, 249, 1, 15, 34, 15092 }, // U+04C9
    { 13, 14, 207, 1, 11, 23, 15126 }, // U+04CA
    { 14, 18, 245, 1, 15, 32, 15149 }, // U+04CB
    { 12, 14, 210, 1, 11, 21, 15181 }, // U+04CC
    { 19, 18, 310, 1, 15, 43, 15202 }, // U+04CD
    { 17, 14, 271, 1, 11, 30, 15245 }, // U+04CE
    { 3, 15, 90, 1, 15, 6, 15275 }, // U+04CF
    { 15, 20, 249, 0, 20, 38, 15281 }, // U+04D0
    { 10, 16, 193, 1, 16, 20, 15319 }, // U+04D1
    { 15, 20, 249, 0, 20, 38, 15339 }, // U+04D2
    { 10, 16, 193, 1, 16, 20, 15377 }, // U+04D3
    { 20, 15, 341, 0, 15, 38, 15397 }, // U+04D4
    { 17, 12, 303, 1, 12, 26, 15435 }, // U+04D5
    { 11, 20, 202, 1, 20, 28, 15461 }, // U+04D6
    { 11, 16, 199, 1, 16, 22, 15489 }, // U+04D7
    { 14, 15, 249, 1, 15, 27, 15511 }, // U+04D8
    { 11, 12, 199, 1, 12, 17, 15538 }, // U+04D9
    { 14, 20, 249, 1, 20, 35, 15555 }, // U+04DA
    { 11, 16, 199, 1, 16, 22, 15590 }, // U+04DB
    { 21, 20, 356, 1, 20, 53, 15612 }, // U+04DC
    { 18, 16, 288, 0, 16, 36, 15665 }, // U+04DD
    { 11, 20, 215, 1, 20, 28, 15701 }, // U+04DE
    { 9, 16, 173, 1, 16, 18, 15729 }, // U+04DF
    { 12, 15, 215, 1, 15, 23, 15747 }, // U+04E0
    { 12, 15, 215, 1, 11, 23, 15770 }, // U+04E1
    { 14, 19, 254, 1, 19, 34, 15793 }, // U+04E2
    { 11, 15, 207, 1, 15, 21, 15827 }, // U+04E3
    { 14, 20, 254, 1, 20, 35, 15848 }, // U+04E4
    { 11, 16, 207, 1, 16, 22, 15883 }, // U+04E5
    { 14, 20, 257, 1, 20, 35, 15905 }, // U+04E6
    { 11, 16, 204, 1, 16, 22, 15940 }, // U+04E7
    { 14, 15, 257, 1, 15, 27, 15962 }, // U+04E8
    { 11, 12, 204, 1, 12, 17, 15989 }, // U+04E9
    { 14, 20, 257, 1, 20, 35, 16006 }, // U+04EA
    { 11, 16, 204, 1, 16, 22, 16041 }, // U+04EB
    { 13, 20, 247, 1, 20, 33, 16063 }, // U+04EC
    { 10, 16, 196, 1, 16, 20, 16096 }, // U+04ED
    { 14, 19, 231, 0, 19, 34, 16116 }, // U+04EE
    { 12, 19, 201, 0, 15, 29, 16150 }, // U+04EF
    { 14, 20, 231, 0, 20, 35, 16179 }, // U+04F0
    { 12, 20, 201, 0, 16, 30, 16214 }, // U+04F1
    { 14, 20, 231, 0, 20, 35, 16244 }, // U+04F2
    { 12, 20, 201, 0, 16, 30, 16279 }, // U+04F3
    { 12, 20, 236, 1, 20, 30, 16309 }, // U+04F4
    { 10, 16, 200, 1, 16, 20, 16339 }, // U+04F5
    { 10, 18, 194, 1, 15, 23, 16359 }, // U+04F6
    { 8, 14, 151, 1, 11, 14, 16382 }, // U+04F7
    { 17, 20, 306, 1, 20, 43, 16396 }, // U+04F8
    { 15, 16, 269, 1, 16, 30, 16439 }, // U+04F9
    { 12, 19, 207, 0, 15, 29, 16469 }, // U+04FA
    { 9, 15, 151, 0, 11, 17, 16498 }, // U+04FB
    { 15, 19, 263, 1, 15, 36, 16515 }, // U+04FC
    { 11, 15, 180, 0, 11, 21, 16551 }, // U+04FD
    { 14, 15, 246, 1, 15, 27, 16572 }, // U+04FE
    { 12, 11, 193, 0, 11, 17, 16599 }, // U+04FF
    { 15, 19, 249, 0, 15, 36, 16616 }, // U+1EA0
    { 10, 16, 193, 1, 12, 20, 16652 }, // U+1EA1
    { 15, 20, 249, 0, 20, 38, 16672 }, // U+1EA2
    { 10, 16, 193, 1, 16, 20, 16710 }, // U+1EA3
    { 15, 23, 249, 0, 23, 44, 16730 }, // U+1EA4
    { 10, 19, 193, 1, 19, 24, 16774 }, // U+1EA5
    { 15, 23, 249, 0, 23, 44, 16798 }, // U+1EA6
    { 10, 19, 193, 1, 19, 24, 16842 }, // U+1EA7
    { 15, 23, 249, 0, 23, 44, 16866 }, // U+1EA8
    { 10, 19, 193, 1, 19, 24, 16910 }, // U+1EA9
    { 15, 23, 249, 0, 23, 44, 16934 }, // U+1EAA
    { 10, 19, 193, 1, 19, 24, 16978 }, // U+1EAB
    { 15, 24, 249, 0, 20, 45, 17002 }, // U+1EAC
    { 10, 20, 193, 1, 16, 25, 17047 }, // U+1EAD
    { 15, 23, 249, 0, 23, 44, 17072 }, // U+1EAE
    { 10, 19, 193, 1, 19, 24, 17116 }, // U+1EAF
    { 15, 23, 249, 0, 23, 44, 17140 }, // U+1EB0
    { 10, 19, 193, 1, 19, 24, 17184 }, // U+1EB1
    { 15, 23, 249, 0, 23, 44, 17208 }, // U+1EB2
    { 10, 19, 193, 1, 19, 24, 17252 }, // U+1EB3
    { 15, 23, 249, 0, 23, 44, 17276 }, // U+1EB4
    { 10, 19, 193, 1, 19, 24, 17320 }, // U+1EB5
    { 15, 24, 249, 0, 20, 45, 17344 }, // U+1EB6
    { 10, 20, 193, 1, 16, 25, 17389 }, // U+1EB7
    { 11, 19, 202, 1, 15, 27, 17414 }, // U+1EB8
    { 11, 16, 199, 1, 12, 22, 17441 }, // U+1EB9
    { 11, 20, 202, 1, 20, 28, 17463 }, // U+1EBA
    { 11, 16, 199, 1, 16, 22, 17491 }, // U+1EBB
    { 11, 20, 202, 1, 20, 28, 17513 }, // U+1EBC
    { 11, 16, 199, 1, 16, 22, 17541 }, // U+1EBD
    { 11, 23, 202, 1, 23, 32, 17563 }, // U+1EBE
    { 11, 19, 199, 1, 19, 27, 17595 }, // U+1EBF
    { 11, 23, 202, 1, 23, 32, 17622 }, // U+1EC0
    { 11, 19, 199, 1, 19, 27, 17654 }, // U+1EC1
    { 11, 23, 202, 1, 23, 32, 17681 }, // U+1EC2
    { 11, 19, 199, 1, 19, 27, 17713 }, // U+1EC3
    { 11, 23, 202, 1, 23, 32, 17740 }, // U+1EC4
    { 11, 19, 199, 1, 19, 27, 17772 }, // U+1EC5
    { 11, 24, 202, 1, 20, 33, 17799 }, // U+1EC6
    { 11, 20, 199, 1, 16, 28, 17832 }, // U+1EC7
    { 4, 20, 94, 1, 20, 10, 17860 }, // U+1EC8
    { 4, 16, 90, 1, 16, 8, 17870 }, // U+1EC9
    { 4, 19, 94, 1, 15, 10, 17878 }, // U+1ECA
    { 4, 20, 90, 1, 16, 10, 17888 }, // U+1ECB
    { 14, 19, 257, 1, 15, 34, 17898 }, // U+1ECC
    { 11, 16, 204, 1, 12, 22, 17932 }, // U+1ECD
    { 14, 20, 257, 1, 20, 35, 17954 }, // U+1ECE
    { 11, 16, 204, 1, 16, 22, 17989 }, // U+1ECF
    { 14, 23, 257, 1, 23, 41, 18011 }, // U+1ED0
    { 11, 19, 204, 1, 19, 27, 18052 }, // U+1ED1
    { 14, 23, 257, 1, 23, 41, 18079 }, // U+1ED2
    { 11, 19, 204, 1, 19, 27, 18120 }, // U+1ED3
    { 14, 23, 257, 1, 23, 41, 18147 }, // U+1ED4
    { 11, 19, 204, 1, 19, 27, 18188 }, // U+1ED5
    { 14, 23, 257, 1, 23, 41, 18215 }, // U+1ED6
    { 11, 19, 204, 1, 19, 27, 18256 }, // U+1ED7
    { 14, 24, 257, 1, 20, 42, 18283 }, // U+1ED8
    { 11, 20, 204, 1, 16, 28, 18325 }, // U+1ED9
    { 14, 20, 260, 1, 20, 35, 18353 }, // U+1EDA
    { 12, 16, 204, 1, 16, 24, 18388 }, // U+1EDB
    { 14, 20, 260, 1, 20, 35, 18412 }, // U+1EDC
    { 12, 16, 204, 1, 16, 24, 18447 }, // U+1EDD
    { 14, 20, 260, 1, 20, 35, 18471 }, // U+1EDE
    { 12, 16, 204, 1, 16, 24, 18506 }, // U+1EDF
    { 14, 20, 260, 1, 20, 35, 18530 }, // U+1EE0
    { 12, 16, 204, 1, 16, 24, 18565 }, // U+1EE1
    { 14, 21, 260, 1, 17, 37, 18589 }, // U+1EE2
    { 12, 18, 204, 1, 14, 27, 18626 }, // U+1EE3
    { 13, 19, 244, 1, 15, 31, 18653 }, // U+1EE4
    { 11, 15, 207, 1, 11, 21, 18684 }, // U+1EE5
    { 13, 20, 244, 1, 20, 33, 18705 }, // U+1EE6
    { 11, 16, 207, 1, 16, 22, 18738 }, // U+1EE7
    { 15, 20, 243, 1, 20, 38, 18760 }, // U+1EE8
    { 12, 16, 220, 1, 16, 24, 18798 }, // U+1EE9
    { 15, 20, 243, 1, 20, 38, 18822 }, // U+1EEA
    { 12, 16, 220, 1, 16, 24, 18860 }, // U+1EEB
    { 15, 20, 243, 1, 20, 38, 18884 }, // U+1EEC
    { 12, 16, 220, 1, 16, 24, 18922 }, // U+1EED
    { 15, 20, 243, 1, 20, 38, 18946 }, // U+1EEE
    { 12, 16, 220, 1, 16, 24, 18984 }, // U+1EEF
    { 15, 21, 243, 1, 17, 40, 19008 }, // U+1EF0
    { 12, 18, 220, 1, 14, 27, 19048 }, // U+1EF1
    { 15, 20, 244, 0, 20, 38, 19075 }, // U+1EF2
    { 12, 20, 201, 0, 16, 30, 19113 }, // U+1EF3
    { 15, 19, 244, 0, 15, 36, 19143 }, // U+1EF4
    { 12, 15, 201, 0, 11, 23, 19179 }, // U+1EF5
    { 15, 20, 244, 0, 20, 38, 19202 }, // U+1EF6
    { 12, 20, 201, 0, 16, 30, 19240 }, // U+1EF7
    { 15, 20, 244, 0, 20, 38, 19270 }, // U+1EF8
    { 12, 20, 201, 0, 16, 30, 19308 }, // U+1EF9
    { 1, 1, 189, 0, 1, 1, 19338 }, // U+2000
    { 1, 1, 376, 0, 1, 1, 19339 }, // U+2001
    { 1, 1, 167, 0, 1, 1, 19340 }, // U+2002
    { 1, 1, 333, 0, 1, 1, 19341 }, // U+2003
    { 1, 1, 111, 0, 1, 1, 19342 }, // U+2004
    { 1, 1, 83, 0, 1, 1, 19343 }, // U+2005
    { 1, 1, 55, 0, 1, 1, 19344 }, // U+2006
    { 1, 1, 215, 0, 1, 1, 19345 }, // U+2007
    { 1, 1, 111, 0, 1, 1, 19346 }, // U+2008
    { 1, 1, 52, 0, 1, 1, 19347 }, // U+2009
    { 1, 1, 26, 0, 1, 1, 19348 }, // U+200A
    { 1, 1, 0, 0, 1, 1, 19349 }, // U+200B
    { 7, 2, 151, 1, 7, 2, 19350 }, // U+2010
    { 7, 2, 151, 1, 7, 2, 19352 }, // U+2011
    { 12, 2, 215, 1, 8, 3, 19354 }, // U+2012
    { 10, 2, 167, 0, 7, 3, 19357 }, // U+2013
    { 21, 2, 333, 0, 7, 6, 19360 }, // U+2014
    { 21, 2, 333, 0, 7, 6, 19366 }, // U+2015
    { 7, 25, 188, 2, 20, 22, 19372 }, // U+2016
    { 10, 4, 159, 0, 0, 5, 19394 }, // U+2017
    { 4, 6, 103, 2, 15, 3, 19399 }, // U+2018
    { 4, 6, 103, 2, 15, 3, 19402 }, // U+2019
    { 4, 6, 96, 1, 2, 3, 19405 }, // U+201A
    { 4, 6, 103, 1, 15, 3, 19408 }, // U+201B
    { 8, 6, 180, 2, 15, 6, 19411 }, // U+201C
    { 8, 6, 177, 2, 15, 6, 19417 }, // U+201D
    { 9, 6, 170, 1, 2, 7, 19423 }, // U+201E
    { 8, 6, 177, 1, 15, 6, 19430 }, // U+201F
    { 9, 11, 194, 2, 15, 13, 19436 }, // U+2020
    { 9, 15, 194, 2, 15, 17, 19449 }, // U+2021
    { 6, 6, 158, 2, 9, 5, 19466 }, // U+2022
    { 5, 6, 158, 3, 9, 4, 19471 }, // U+2023
    { 3, 3, 111, 2, 3, 2, 19475 }, // U+2024
    { 10, 3, 223, 2, 3, 4, 19477 }, // U+2025
    { 17, 3, 334, 2, 3, 7, 19481 }, // U+2026
    { 3, 3, 111, 2, 9, 2, 19488 }, // U+2027
    { 1, 1, 52, 0, 1, 1, 19490 }, // U+202F
    { 25, 15, 463, 2, 15, 47, 19491 }, // U+2030
    { 33, 15, 588, 2, 15, 62, 19538 }, // U+2031
    { 4, 6, 91, 1, 15, 3, 19600 }, // U+2032
    { 9, 6, 182, 1, 15, 7, 19603 }, // U+2033
    { 15, 6, 273, 1, 15, 12, 19610 }, // U+2034
    { 4, 6, 91, 1, 15, 3, 19622 }, // U+2035
    { 9, 6, 182, 1, 15, 7, 19625 }, // U+2036
    { 15, 6, 273, 1, 15, 12, 19632 }, // U+2037
    { 9, 5, 183, 1, -1, 6, 19644 }, // U+2038
    { 7, 10, 144, 1, 11, 9, 19650 }, // U+2039
    { 7, 10, 144, 1, 11, 9, 19659 }, // U+203A
    { 13, 12, 270, 2, 13, 20, 19668 }, // U+203B
    { 10, 15, 225, 2, 15, 19, 19688 }, // U+203C
    { 10, 15, 186, 1, 15, 19, 19707 }, // U+203D
    { 10, 2, 166, 0, 18, 3, 19726 }, // U+203E
    { 16, 4, 283, 1, -1, 8, 19729 }, // U+203F
    { 16, 4, 283, 1, 16, 8, 19737 }, // U+2040
    { 8, 11, 159, 1, 6, 11, 19745 }, // U+2041
    { 12, 12, 254, 2, 13, 18, 19756 }, // U+2042
    { 6, 2, 158, 2, 7, 2, 19774 }, // U+2043
    { 12, 15, 70, -4, 15, 23, 19776 }, // U+2044
    { 5, 19, 126, 2, 16, 12, 19799 }, // U+2045
    { 5, 19, 126, 1, 16, 12, 19811 }, // U+2046
    { 21, 15, 373, 1, 15, 40, 19823 }, // U+2047
    { 16, 15, 299, 1, 15, 30, 19863 }, // U+2048
    { 16, 15, 299, 2, 15, 30, 19893 }, // U+2049
    { 8, 15, 156, 1, 11, 15, 19923 }, // U+204A
    { 11, 15, 199, 1, 15, 21, 19938 }, // U+204B
    { 10, 8, 203, 1, 10, 10, 19959 }, // U+204C
    { 9, 8, 203, 2, 10, 9, 19969 }, // U+204D
    { 8, 8, 186, 2, 7, 8, 19978 }, // U+204E
    { 4, 15, 114, 2, 11, 8, 19986 }, // U+204F
    { 17, 21, 283, 0, 16, 45, 19994 }, // U+2050
    { 8, 18, 192, 3, 15, 18, 20039 }, // U+2051
    { 15, 15, 274, 1, 15, 29, 20057 }, // U+2052
    { 14, 4, 254, 1, 9, 7, 20086 }, // U+2053
    { 16, 4, 283, 1, -1, 8, 20093 }, // U+2054
    { 11, 11, 239, 2, 11, 16, 20101 }, // U+2055
    { 21, 6, 364, 1, 15, 16, 20117 }, // U+2057
    { 1, 1, 98, 0, 1, 1, 20133 }, // U+205F
    { 8, 9, 165, 1, 18, 9, 20134 }, // U+2070
    { 3, 9, 75, 1, 18, 4, 20143 }, // U+2071
    { 8, 9, 162, 1, 18, 9, 20147 }, // U+2074
    { 8, 9, 158, 1, 18, 9, 20156 }, // U+2075
    { 8, 9, 158, 1, 18, 9, 20165 }, // U+2076
    { 7, 9, 141, 1, 18, 8, 20174 }, // U+2077
    { 8, 9, 160, 1, 18, 9, 20182 }, // U+2078
    { 8, 9, 158, 1, 18, 9, 20191 }, // U+2079
    { 7, 6, 157, 1, 16, 6, 20200 }, // U+207A
    { 6, 2, 157, 2, 14, 2, 20206 }, // U+207B
    { 6, 4, 157, 2, 15, 3, 20208 }, // U+207C
    { 4, 10, 97, 1, 18, 5, 20211 }, // U+207D
    { 4, 10, 97, 1, 18, 5, 20216 }, // U+207E
    { 7, 7, 154, 1, 16, 7, 20221 }, // U+207F
    { 8, 9, 165, 1, 6, 9, 20228 }, // U+2080
    { 5, 9, 111, 1, 6, 6, 20237 }, // U+2081
    { 8, 9, 153, 1, 6, 9, 20243 }, // U+2082
    { 8, 9, 157, 1, 6, 9, 20252 }, // U+2083
    { 8, 9, 162, 1, 6, 9, 20261 }, // U+2084
    { 8, 9, 158, 1, 6, 9, 20270 }, // U+2085
    { 8, 9, 158, 1, 6, 9, 20279 }, // U+2086
    { 7, 9, 141, 1, 6, 8, 20288 }, // U+2087
    { 8, 9, 160, 1, 6, 9, 20296 }, // U+2088
    { 8, 9, 158, 1, 6, 9, 20305 }, // U+2089
    { 7, 6, 157, 1, 4, 6, 20314 }, // U+208A
    { 6, 2, 157, 2, 2, 2, 20320 }, // U+208B
    { 6, 4, 157, 2, 3, 3, 20322 }, // U+208C
    { 4, 10, 97, 1, 6, 5, 20325 }, // U+208D
    { 4, 10, 97, 1, 6, 5, 20330 }, // U+208E
    { 7, 7, 141, 1, 4, 7, 20335 }, // U+2090
    { 7, 7, 145, 1, 4, 7, 20342 }, // U+2091
    { 7, 7, 148, 1, 4, 7, 20349 }, // U+2092
    { 7, 7, 145, 1, 4, 7, 20356 }, // U+2093
    { 8, 8, 160, 1, 4, 8, 20363 }, // U+2094
    { 7, 9, 154, 1, 6, 8, 20371 }, // U+2095
    { 8, 9, 142, 1, 6, 9, 20379 }, // U+2096
    { 3, 9, 75, 1, 6, 4, 20388 }, // U+2097
    { 11, 7, 217, 1, 4, 10, 20392 }, // U+2098
    { 7, 7, 154, 1, 4, 7, 20402 }, // U+2099
    { 8, 9, 153, 1, 4, 9, 20409 }, // U+209A
    { 7, 7, 139, 1, 4, 7, 20418 }, // U+209B
    { 5, 8, 92, 0, 5, 5, 20425 }, // U+209C
    { 14, 16, 254, 1, 16, 28, 20430 }, // U+20A0
    { 14, 19, 247, 1, 17, 34, 20458 }, // U+20A1
    { 13, 15, 242, 1, 15, 25, 20492 }, // U+20A2
    { 12, 15, 205, 0, 15, 23, 20517 }, // U+20A3
    { 11, 15, 213, 1, 15, 21, 20540 }, // U+20A4
    { 16, 14, 288, 1, 13, 28, 20561 }, // U+20A5
    { 15, 15, 252, 0, 15, 29, 20589 }, // U+20A6
    { 20, 15, 338, 1, 15, 38, 20618 }, // U+20A7
    { 23, 15, 391, 1, 15, 44, 20656 }, // U+20A8
    { 20, 15, 346, 1, 15, 38, 20700 }, // U+20A9
    { 17, 11, 307, 1, 11, 24, 20738 }, // U+20AA
    { 12, 19, 210, 1, 15, 29, 20762 }, // U+20AB
    { 12, 15, 228, 1, 15, 23, 20791 }, // U+20AC
    { 15, 15, 267, 1, 15, 29, 20814 }, // U+20AD
    { 12, 15, 222, 1, 15, 23, 20843 }, // U+20AE
    { 29, 21, 487, 1, 17, 77, 20866 }, // U+20AF
    { 13, 15, 238, 1, 15, 25, 20943 }, // U+20B1
    { 14, 19, 250, 1, 17, 34, 20968 }, // U+20B2
    { 15, 15, 249, 0, 15, 29, 21002 }, // U+20B3
    { 12, 15, 246, 2, 15, 23, 21031 }, // U+20B4
    { 14, 19, 247, 1, 17, 34, 21054 }, // U+20B5
    { 12, 15, 223, 1, 15, 23, 21088 }, // U+20B8
    { 10, 15, 190, 1, 15, 19, 21111 }, // U+20B9
    { 11, 15, 215, 1, 15, 21, 21130 }, // U+20BA
    { 14, 11, 254, 1, 11, 20, 21151 }, // U+20BC
    { 14, 15, 247, 1, 15, 27, 21171 }, // U+20BD
    { 13, 15, 254, 1, 15, 25, 21198 }, // U+20BE
    { 12, 19, 220, 1, 17, 29, 21223 }, // U+20BF
    { 15, 15, 318, 2, 14, 29, 21252 }, // U+2190
    { 15, 15, 302, 2, 15, 29, 21281 }, // U+2191
    { 15, 15, 318, 3, 14, 29, 21310 }, // U+2192
    { 15, 15, 302, 2, 15, 29, 21339 }, // U+2193
    { 24, 14, 447, 2, 14, 42, 21368 }, // U+2194
    { 14, 24, 286, 2, 19, 42, 21410 }, // U+2195
    { 11, 11, 261, 3, 11, 16, 21452 }, // U+2196
    { 12, 11, 261, 2, 11, 17, 21468 }, // U+2197
    { 12, 11, 261, 2, 11, 17, 21485 }, // U+2198
    { 11, 11, 261, 3, 11, 16, 21502 }, // U+2199
    { 20, 17, 386, 2, 16, 43, 21518 }, // U+21A9
    { 20, 17, 386, 2, 16, 43, 21561 }, // U+21AA
    { 17, 16, 337, 2, 16, 34, 21604 }, // U+21B0
    { 17, 16, 337, 2, 16, 34, 21638 }, // U+21B1
    { 17, 13, 337, 2, 15, 28, 21672 }, // U+21B3
    { 15, 15, 299, 2, 15, 29, 21700 }, // U+21B4
    { 17, 13, 337, 2, 15, 28, 21729 }, // U+21B5
    { 16, 19, 318, 2, 19, 38, 21757 }, // U+21BA
    { 16, 19, 318, 2, 19, 38, 21795 }, // U+21BB
    { 15, 15, 318, 2, 14, 29, 21833 }, // U+21D0
    { 15, 15, 318, 3, 14, 29, 21862 }, // U+21D2
    { 24, 15, 447, 2, 14, 45, 21891 }, // U+21D4
    { 10, 16, 212, 2, 16, 20, 21936 }, // U+21DE
    { 10, 15, 212, 2, 15, 19, 21956 }, // U+21DF
    { 18, 10, 350, 2, 13, 23, 21975 }, // U+21E4
    { 18, 10, 350, 2, 13, 23, 21998 }, // U+21E5
    { 19, 16, 367, 2, 16, 38, 22021 }, // U+21E7
    { 19, 20, 367, 2, 16, 48, 22059 }, // U+21EA
    { 10, 15, 223, 2, 15, 19, 22107 }, // U+2202
    { 12, 13, 230, 1, 12, 20, 22126 }, // U+2205
    { 15, 15, 247, 0, 15, 29, 22146 }, // U+2206
    { 12, 18, 255, 2, 15, 27, 22175 }, // U+220F
    { 12, 18, 246, 2, 15, 27, 22202 }, // U+2211
    { 10, 2, 226, 2, 7, 3, 22229 }, // U+2212
    { 12, 15, 223, 1, 15, 23, 22232 }, // U+221A
    { 19, 9, 327, 1, 11, 22, 22255 }, // U+221E
    { 9, 21, 130, -1, 16, 24, 22277 }, // U+222B
    { 3, 11, 111, 2, 13, 5, 22301 }, // U+2236
    { 11, 10, 226, 2, 11, 14, 22306 }, // U+2248
    { 10, 12, 226, 2, 12, 15, 22320 }, // U+2260
    { 10, 11, 226, 2, 12, 14, 22335 }, // U+2264
    { 10, 11, 226, 2, 12, 14, 22349 }, // U+2265
    { 29, 29, 463, 0, 22, 106, 22363 }, // U+2295
    { 29, 29, 463, 0, 22, 106, 22469 }, // U+2296
    { 29, 29, 463, 0, 22, 106, 22575 }, // U+2297
    { 29, 29, 463, 0, 22, 106, 22681 }, // U+2298
};

static const EpdUnicodeInterval inter_ui_10_boldIntervals[] = {
    { 0x0, 0x0, 0x0 },
    { 0x20, 0x7E, 0x1 },
    { 0xA0, 0xAC, 0x60 },
    { 0xAE, 0xFF, 0x6D },
    { 0x100, 0x148, 0xBF },
    { 0x14A, 0x17F, 0x108 },
    { 0x1A0, 0x1A1, 0x13E },
    { 0x1AF, 0x1B0, 0x140 },
    { 0x1C5, 0x21F, 0x142 },
    { 0x300, 0x304, 0x19D },
    { 0x306, 0x30A, 0x1A2 },
    { 0x30C, 0x30C, 0x1A7 },
    { 0x30F, 0x30F, 0x1A8 },
    { 0x313, 0x313, 0x1A9 },
    { 0x315, 0x315, 0x1AA },
    { 0x31B, 0x31B, 0x1AB },
    { 0x323, 0x323, 0x1AC },
    { 0x326, 0x328, 0x1AD },
    { 0x32C, 0x32C, 0x1B0 },
    { 0x337, 0x338, 0x1B1 },
    { 0x342, 0x343, 0x1B3 },
    { 0x346, 0x36F, 0x1B5 },
    { 0x400, 0x479, 0x1DF },
    { 0x480, 0x49D, 0x259 },
    { 0x4A0, 0x4FF, 0x277 },
    { 0x1EA0, 0x1EF9, 0x2D7 },
    { 0x2000, 0x200B, 0x331 },
    { 0x2010, 0x2027, 0x33D },
    { 0x202F, 0x2055, 0x355 },
    { 0x2057, 0x2057, 0x37C },
    { 0x205F, 0x205F, 0x37D },
    { 0x2070, 0x2071, 0x37E },
    { 0x2074, 0x208E, 0x380 },
    { 0x2090, 0x209C, 0x39B },
    { 0x20A0, 0x20AF, 0x3A8 },
    { 0x20B1, 0x20B5, 0x3B8 },
    { 0x20B8, 0x20BA, 0x3BD },
    { 0x20BC, 0x20BF, 0x3C0 },
    { 0x2190, 0x2199, 0x3C4 },
    { 0x21A9, 0x21AA, 0x3CE },
    { 0x21B0, 0x21B1, 0x3D0 },
    { 0x21B3, 0x21B5, 0x3D2 },
    { 0x21BA, 0x21BB, 0x3D5 },
    { 0x21D0, 0x21D0, 0x3D7 },
    { 0x21D2, 0x21D2, 0x3D8 },
    { 0x21D4, 0x21D4, 0x3D9 },
    { 0x21DE, 0x21DF, 0x3DA },
    { 0x21E4, 0x21E5, 0x3DC },
    { 0x21E7, 0x21E7, 0x3DE },
    { 0x21EA, 0x21EA, 0x3DF },
    { 0x2202, 0x2202, 0x3E0 },
    { 0x2205, 0x2206, 0x3E1 },
    { 0x220F, 0x220F, 0x3E3 },
    { 0x2211, 0x2212, 0x3E4 },
    { 0x221A, 0x221A, 0x3E6 },
    { 0x221E, 0x221E, 0x3E7 },
    { 0x222B, 0x222B, 0x3E8 },
    { 0x2236, 0x2236, 0x3E9 },
    { 0x2248, 0x2248, 0x3EA },
    { 0x2260, 0x2260, 0x3EB },
    { 0x2264, 0x2265, 0x3EC },
    { 0x2295, 0x2298, 0x3EE },
};

static const EpdKernClassEntry inter_ui_10_boldKernLeftClasses[] = {
    { 0x0022, 1 }, // "
    { 0x0024, 2 }, // $
    { 0x0025, 3 }, // %
    { 0x0026, 4 }, // &
    { 0x0027, 1 }, // '
    { 0x0028, 5 }, // (
    { 0x0029, 6 }, // )
    { 0x002A, 7 }, // *
    { 0x002B, 8 }, // +
    { 0x002C, 9 }, // ,
    { 0x002D, 8 }, // -
    { 0x002E, 9 }, // .
    { 0x002F, 10 }, // /
    { 0x0030, 11 }, // 0
    { 0x0031, 12 }, // 1
    { 0x0032, 13 }, // 2
    { 0x0033, 14 }, // 3
    { 0x0034, 15 }, // 4
    { 0x0035, 16 }, // 5
    { 0x0036, 17 }, // 6
    { 0x0037, 18 }, // 7
    { 0x0038, 14 }, // 8
    { 0x0039, 11 }, // 9
    { 0x003A, 19 }, // :
    { 0x003B, 19 }, // ;
    { 0x003D, 20 }, // =
    { 0x003E, 21 }, // >
    { 0x003F, 22 }, // ?
    { 0x0040, 23 }, // @
    { 0x0041, 24 }, // A
    { 0x0042, 25 }, // B
    { 0x0043, 26 }, // C
    { 0x0044, 23 }, // D
    { 0x0045, 27 }, // E
    { 0x0046, 28 }, // F
    { 0x0047, 29 }, // G
    { 0x0048, 12 }, // H
    { 0x0049, 12 }, // I
    { 0x004A, 30 }, // J
    { 0x004B, 31 }, // K
    { 0x004C, 32 }, // L
    { 0x004D, 12 }, // M
    { 0x004E, 12 }, // N
    { 0x004F, 23 }, // O
    { 0x0050, 33 }, // P
    { 0x0051, 23 }, // Q
    { 0x0052, 34 }, // R
    { 0x0053, 2 }, // S
    { 0x0054, 35 }, // T
    { 0x0055, 30 }, // U
    { 0x0056, 36 }, // V
    { 0x0057, 37 }, // W
    { 0x0058, 38 }, // X
    { 0x0059, 39 }, // Y
    { 0x005A, 40 }, // Z
    { 0x005B, 41 }, // [
    { 0x005C, 42 }, // <backslash>
    { 0x005D, 6 }, // ]
    { 0x005E, 7 }, // ^
    { 0x005F, 43 }, // _
    { 0x0061, 44 }, // a
    { 0x0062, 45 }, // b
    { 0x0063, 45 }, // c
    { 0x0064, 12 }, // d
    { 0x0065, 45 }, // e
    { 0x0066, 46 }, // f
    { 0x0067, 47 }, // g
    { 0x0068, 44 }, // h
    { 0x0069, 48 }, // i
    { 0x006A, 48 }, // j
    { 0x006B, 49 }, // k
    { 0x006C, 12 }, // l
    { 0x006D, 44 }, // m
    { 0x006E, 44 }, // n
    { 0x006F, 45 }, // o
    { 0x0070, 45 }, // p
    { 0x0071, 47 }, // q
    { 0x0072, 50 }, // r
    { 0x0073, 51 }, // s
    { 0x0074, 52 }, // t
    { 0x0075, 53 }, // u
    { 0x0076, 54 }, // v
    { 0x0077, 55 }, // w
    { 0x0078, 56 }, // x
    { 0x0079, 54 }, // y
    { 0x007A, 57 }, // z
    { 0x007B, 5 }, // {
    { 0x007C, 12 }, // |
    { 0x007D, 6 }, // }
    { 0x007E, 58 }, // ~
    { 0x00A1, 59 }, // U+00A1
    { 0x00A2, 45 }, // U+00A2
    { 0x00A5, 60 }, // U+00A5
    { 0x00A9, 23 }, // U+00A9
    { 0x00AA, 61 }, // U+00AA
    { 0x00AB, 62 }, // U+00AB
    { 0x00AC, 63 }, // U+00AC
    { 0x00AE, 64 }, // U+00AE
    { 0x00B0, 7 }, // U+00B0
    { 0x00B1, 20 }, // U+00B1
    { 0x00B2, 65 }, // U+00B2
    { 0x00B3, 66 }, // U+00B3
    { 0x00B5, 67 }, // U+00B5
    { 0x00B6, 12 }, // U+00B6
    { 0x00B7, 68 }, // U+00B7
    { 0x00B9, 69 }, // U+00B9
    { 0x00BA, 61 }, // U+00BA
    { 0x00BB, 70 }, // U+00BB
    { 0x00BF, 71 }, // U+00BF
    { 0x00C0, 24 }, // U+00C0
    { 0x00C1, 24 }, // U+00C1
    { 0x00C2, 24 }, // U+00C2
    { 0x00C3, 24 }, // U+00C3
    { 0x00C4, 24 }, // U+00C4
    { 0x00C5, 24 }, // U+00C5
    { 0x00C6, 27 }, // U+00C6
    { 0x00C7, 26 }, // U+00C7
    { 0x00C8, 27 }, // U+00C8
    { 0x00C9, 27 }, // U+00C9
    { 0x00CA, 27 }, // U+00CA
    { 0x00CB, 27 }, // U+00CB
    { 0x00CC, 12 }, // U+00CC
    { 0x00CD, 12 }, // U+00CD
    { 0x00CE, 72 }, // U+00CE
    { 0x00CF, 72 }, // U+00CF
    { 0x00D0, 23 }, // U+00D0
    { 0x00D1, 12 }, // U+00D1
    { 0x00D2, 23 }, // U+00D2
    { 0x00D3, 23 }, // U+00D3
    { 0x00D4, 23 }, // U+00D4
    { 0x00D5, 23 }, // U+00D5
    { 0x00D6, 23 }, // U+00D6
    { 0x00D7, 73 }, // U+00D7
    { 0x00D8, 23 }, // U+00D8
    { 0x00D9, 30 }, // U+00D9
    { 0x00DA, 30 }, // U+00DA
    { 0x00DB, 30 }, // U+00DB
    { 0x00DC, 30 }, // U+00DC
    { 0x00DD, 39 }, // U+00DD
    { 0x00DE, 74 }, // U+00DE
    { 0x00DF, 75 }, // U+00DF
    { 0x00E0, 44 }, // U+00E0
    { 0x00E1, 44 }, // U+00E1
    { 0x00E2, 44 }, // U+00E2
    { 0x00E3, 44 }, // U+00E3
    { 0x00E4, 44 }, // U+00E4
    { 0x00E5, 44 }, // U+00E5
    { 0x00E6, 76 }, // U+00E6
    { 0x00E7, 45 }, // U+00E7
    { 0x00E8, 45 }, // U+00E8
    { 0x00E9, 45 }, // U+00E9
    { 0x00EA, 45 }, // U+00EA
    { 0x00EB, 45 }, // U+00EB
    { 0x00EC, 48 }, // U+00EC
    { 0x00ED, 48 }, // U+00ED
    { 0x00EE, 77 }, // U+00EE
    { 0x00EF, 78 }, // U+00EF
    { 0x00F0, 45 }, // U+00F0
    { 0x00F1, 79 }, // U+00F1
    { 0x00F2, 45 }, // U+00F2
    { 0x00F3, 45 }, // U+00F3
    { 0x00F4, 45 }, // U+00F4
    { 0x00F5, 80 }, // U+00F5
    { 0x00F6, 80 }, // U+00F6
    { 0x00F7, 8 }, // U+00F7
    { 0x00F8, 45 }, // U+00F8
    { 0x00F9, 53 }, // U+00F9
    { 0x00FA, 53 }, // U+00FA
    { 0x00FB, 53 }, // U+00FB
    { 0x00FC, 53 }, // U+00FC
    { 0x00FD, 54 }, // U+00FD
    { 0x00FE, 45 }, // U+00FE
    { 0x00FF, 54 }, // U+00FF
    { 0x0100, 24 }, // U+0100
    { 0x0101, 81 }, // U+0101
    { 0x0102, 24 }, // U+0102
    { 0x0103, 44 }, // U+0103
    { 0x0104, 24 }, // U+0104
    { 0x0105, 44 }, // U+0105
    { 0x0106, 26 }, // U+0106
    { 0x0107, 45 }, // U+0107
    { 0x0108, 26 }, // U+0108
    { 0x0109, 45 }, // U+0109
    { 0x010A, 26 }, // U+010A
    { 0x010B, 45 }, // U+010B
    { 0x010C, 26 }, // U+010C
    { 0x010D, 45 }, // U+010D
    { 0x010E, 23 }, // U+010E
    { 0x010F, 82 }, // U+010F
    { 0x0111, 83 }, // U+0111
    { 0x0112, 27 }, // U+0112
    { 0x0113, 45 }, // U+0113
    { 0x0114, 27 }, // U+0114
    { 0x0115, 45 }, // U+0115
    { 0x0116, 27 }, // U+0116
    { 0x0117, 45 }, // U+0117
    { 0x0118, 27 }, // U+0118
    { 0x0119, 45 }, // U+0119
    { 0x011A, 27 }, // U+011A
    { 0x011B, 45 }, // U+011B
    { 0x011C, 29 }, // U+011C
    { 0x011D, 47 }, // U+011D
    { 0x011E, 29 }, // U+011E
    { 0x011F, 47 }, // U+011F
    { 0x0120, 29 }, // U+0120
    { 0x0121, 47 }, // U+0121
    { 0x0122, 29 }, // U+0122
    { 0x0123, 47 }, // U+0123
    { 0x0124, 12 }, // U+0124
    { 0x0125, 44 }, // U+0125
    { 0x0126, 12 }, // U+0126
    { 0x0127, 44 }, // U+0127
    { 0x0128, 72 }, // U+0128
    { 0x0129, 84 }, // U+0129
    { 0x012A, 72 }, // U+012A
    { 0x012B, 85 }, // U+012B
    { 0x012C, 72 }, // U+012C
    { 0x012D, 86 }, // U+012D
    { 0x012E, 12 }, // U+012E
    { 0x012F, 48 }, // U+012F
    { 0x0130, 12 }, // U+0130
    { 0x0131, 48 }, // U+0131
    { 0x0133, 48 }, // U+0133
    { 0x0134, 30 }, // U+0134
    { 0x0135, 87 }, // U+0135
    { 0x0136, 31 }, // U+0136
    { 0x0137, 49 }, // U+0137
    { 0x0138, 49 }, // U+0138
    { 0x0139, 88 }, // U+0139
    { 0x013A, 89 }, // U+013A
    { 0x013B, 32 }, // U+013B
    { 0x013C, 12 }, // U+013C
    { 0x013D, 90 }, // U+013D
    { 0x013E, 12 }, // U+013E
    { 0x013F, 91 }, // U+013F
    { 0x0140, 92 }, // U+0140
    { 0x0141, 93 }, // U+0141
    { 0x0142, 94 }, // U+0142
    { 0x0143, 12 }, // U+0143
    { 0x0144, 44 }, // U+0144
    { 0x0145, 12 }, // U+0145
    { 0x0146, 44 }, // U+0146
    { 0x0147, 12 }, // U+0147
    { 0x0148, 44 }, // U+0148
    { 0x014A, 12 }, // U+014A
    { 0x014C, 23 }, // U+014C
    { 0x014D, 45 }, // U+014D
    { 0x014E, 23 }, // U+014E
    { 0x014F, 45 }, // U+014F
    { 0x0150, 23 }, // U+0150
    { 0x0151, 45 }, // U+0151
    { 0x0152, 27 }, // U+0152
    { 0x0153, 45 }, // U+0153
    { 0x0154, 34 }, // U+0154
    { 0x0155, 50 }, // U+0155
    { 0x0156, 34 }, // U+0156
    { 0x0157, 50 }, // U+0157
    { 0x0158, 34 }, // U+0158
    { 0x0159, 50 }, // U+0159
    { 0x015A, 2 }, // U+015A
    { 0x015B, 51 }, // U+015B
    { 0x015C, 2 }, // U+015C
    { 0x015D, 51 }, // U+015D
    { 0x015E, 2 }, // U+015E
    { 0x015F, 51 }, // U+015F
    { 0x0160, 2 }, // U+0160
    { 0x0161, 51 }, // U+0161
    { 0x0162, 95 }, // U+0162
    { 0x0163, 52 }, // U+0163
    { 0x0164, 96 }, // U+0164
    { 0x0165, 52 }, // U+0165
    { 0x0166, 97 }, // U+0166
    { 0x0167, 52 }, // U+0167
    { 0x0168, 30 }, // U+0168
    { 0x0169, 53 }, // U+0169
    { 0x016A, 30 }, // U+016A
    { 0x016B, 53 }, // U+016B
    { 0x016C, 30 }, // U+016C
    { 0x016D, 53 }, // U+016D
    { 0x016E, 30 }, // U+016E
    { 0x016F, 53 }, // U+016F
    { 0x0170, 30 }, // U+0170
    { 0x0171, 53 }, // U+0171
    { 0x0172, 30 }, // U+0172
    { 0x0173, 53 }, // U+0173
    { 0x0174, 37 }, // U+0174
    { 0x0175, 55 }, // U+0175
    { 0x0176, 39 }, // U+0176
    { 0x0177, 54 }, // U+0177
    { 0x0178, 39 }, // U+0178
    { 0x0179, 40 }, // U+0179
    { 0x017A, 57 }, // U+017A
    { 0x017B, 40 }, // U+017B
    { 0x017C, 57 }, // U+017C
    { 0x017D, 40 }, // U+017D
    { 0x017E, 57 }, // U+017E
    { 0x017F, 98 }, // U+017F
    { 0x01A0, 99 }, // U+01A0
    { 0x01A1, 100 }, // U+01A1
    { 0x01AF, 101 }, // U+01AF
    { 0x01B0, 102 }, // U+01B0
    { 0x01C5, 103 }, // U+01C5
    { 0x01C6, 57 }, // U+01C6
    { 0x01C8, 48 }, // U+01C8
    { 0x01C9, 48 }, // U+01C9
    { 0x01CB, 48 }, // U+01CB
    { 0x01CC, 48 }, // U+01CC
    { 0x01CD, 24 }, // U+01CD
    { 0x01CE, 44 }, // U+01CE
    { 0x01CF, 89 }, // U+01CF
    { 0x01D0, 104 }, // U+01D0
    { 0x01D1, 23 }, // U+01D1
    { 0x01D2, 45 }, // U+01D2
    { 0x01D3, 30 }, // U+01D3
    { 0x01D4, 53 }, // U+01D4
    { 0x01D5, 30 }, // U+01D5
    { 0x01D6, 53 }, // U+01D6
    { 0x01D7, 30 }, // U+01D7
    { 0x01D8, 53 }, // U+01D8
    { 0x01D9, 30 }, // U+01D9
    { 0x01DA, 53 }, // U+01DA
    { 0x01DB, 30 }, // U+01DB
    { 0x01DC, 53 }, // U+01DC
    { 0x01DD, 105 }, // U+01DD
    { 0x01DE, 24 }, // U+01DE
    { 0x01DF, 44 }, // U+01DF
    { 0x01E0, 24 }, // U+01E0
    { 0x01E1, 44 }, // U+01E1
    { 0x01E2, 27 }, // U+01E2
    { 0x01E3, 76 }, // U+01E3
    { 0x01E4, 29 }, // U+01E4
    { 0x01E5, 47 }, // U+01E5
    { 0x01E6, 29 }, // U+01E6
    { 0x01E7, 47 }, // U+01E7
    { 0x01E8, 31 }, // U+01E8
    { 0x01E9, 49 }, // U+01E9
    { 0x01EA, 23 }, // U+01EA
    { 0x01EB, 45 }, // U+01EB
    { 0x01EC, 23 }, // U+01EC
    { 0x01ED, 45 }, // U+01ED
    { 0x01F0, 48 }, // U+01F0
    { 0x01F1, 106 }, // U+01F1
    { 0x01F2, 57 }, // U+01F2
    { 0x01F3, 57 }, // U+01F3
    { 0x01F4, 29 }, // U+01F4
    { 0x01F5, 47 }, // U+01F5
    { 0x01F6, 107 }, // U+01F6
    { 0x01F8, 12 }, // U+01F8
    { 0x01F9, 44 }, // U+01F9
    { 0x01FA, 24 }, // U+01FA
    { 0x01FB, 44 }, // U+01FB
    { 0x01FC, 27 }, // U+01FC
    { 0x01FD, 76 }, // U+01FD
    { 0x01FE, 23 }, // U+01FE
    { 0x01FF, 45 }, // U+01FF
    { 0x0200, 24 }, // U+0200
    { 0x0201, 44 }, // U+0201
    { 0x0202, 24 }, // U+0202
    { 0x0203, 44 }, // U+0203
    { 0x0204, 27 }, // U+0204
    { 0x0205, 45 }, // U+0205
    { 0x0206, 27 }, // U+0206
    { 0x0207, 45 }, // U+0207
    { 0x0208, 108 }, // U+0208
    { 0x0209, 109 }, // U+0209
    { 0x020A, 72 }, // U+020A
    { 0x020B, 110 }, // U+020B
    { 0x020C, 23 }, // U+020C
    { 0x020D, 45 }, // U+020D
    { 0x020E, 23 }, // U+020E
    { 0x020F, 45 }, // U+020F
    { 0x0210, 34 }, // U+0210
    { 0x0211, 50 }, // U+0211
    { 0x0212, 34 }, // U+0212
    { 0x0213, 50 }, // U+0213
    { 0x0214, 30 }, // U+0214
    { 0x0215, 53 }, // U+0215
    { 0x0216, 30 }, // U+0216
    { 0x0217, 53 }, // U+0217
    { 0x0218, 2 }, // U+0218
    { 0x0219, 51 }, // U+0219
    { 0x021A, 35 }, // U+021A
    { 0x021B, 52 }, // U+021B
    { 0x021E, 12 }, // U+021E
    { 0x021F, 44 }, // U+021F
    { 0x0400, 27 }, // U+0400
    { 0x0401, 27 }, // U+0401
    { 0x0402, 45 }, // U+0402
    { 0x0403, 35 }, // U+0403
    { 0x0404, 111 }, // U+0404
    { 0x0405, 2 }, // U+0405
    { 0x0406, 12 }, // U+0406
    { 0x0407, 72 }, // U+0407
    { 0x0408, 30 }, // U+0408
    { 0x0409, 45 }, // U+0409
    { 0x040A, 45 }, // U+040A
    { 0x040B, 44 }, // U+040B
    { 0x040C, 31 }, // U+040C
    { 0x040D, 12 }, // U+040D
    { 0x040F, 12 }, // U+040F
    { 0x0410, 24 }, // U+0410
    { 0x0411, 25 }, // U+0411
    { 0x0412, 25 }, // U+0412
    { 0x0413, 35 }, // U+0413
    { 0x0414, 112 }, // U+0414
    { 0x0415, 27 }, // U+0415
    { 0x0416, 113 }, // U+0416
    { 0x0417, 14 }, // U+0417
    { 0x0418, 12 }, // U+0418
    { 0x0419, 12 }, // U+0419
    { 0x041A, 31 }, // U+041A
    { 0x041B, 12 }, // U+041B
    { 0x041C, 12 }, // U+041C
    { 0x041D, 12 }, // U+041D
    { 0x041E, 23 }, // U+041E
    { 0x041F, 12 }, // U+041F
    { 0x0420, 33 }, // U+0420
    { 0x0421, 26 }, // U+0421
    { 0x0422, 35 }, // U+0422
    { 0x0423, 39 }, // U+0423
    { 0x0424, 114 }, // U+0424
    { 0x0425, 38 }, // U+0425
    { 0x0426, 112 }, // U+0426
    { 0x0427, 12 }, // U+0427
    { 0x0428, 12 }, // U+0428
    { 0x0429, 112 }, // U+0429
    { 0x042A, 45 }, // U+042A
    { 0x042B, 12 }, // U+042B
    { 0x042C, 45 }, // U+042C
    { 0x042D, 23 }, // U+042D
    { 0x042E, 115 }, // U+042E
    { 0x0430, 44 }, // U+0430
    { 0x0432, 51 }, // U+0432
    { 0x0433, 50 }, // U+0433
    { 0x0434, 116 }, // U+0434
    { 0x0435, 45 }, // U+0435
    { 0x0436, 56 }, // U+0436
    { 0x0437, 44 }, // U+0437
    { 0x0438, 44 }, // U+0438
    { 0x0439, 44 }, // U+0439
    { 0x043A, 49 }, // U+043A
    { 0x043B, 44 }, // U+043B
    { 0x043C, 44 }, // U+043C
    { 0x043D, 44 }, // U+043D
    { 0x043E, 45 }, // U+043E
    { 0x043F, 44 }, // U+043F
    { 0x0440, 45 }, // U+0440
    { 0x0441, 45 }, // U+0441
    { 0x0442, 117 }, // U+0442
    { 0x0443, 54 }, // U+0443
    { 0x0444, 45 }, // U+0444
    { 0x0445, 56 }, // U+0445
    { 0x0446, 116 }, // U+0446
    { 0x0447, 44 }, // U+0447
    { 0x0448, 44 }, // U+0448
    { 0x0449, 116 }, // U+0449
    { 0x044A, 118 }, // U+044A
    { 0x044B, 48 }, // U+044B
    { 0x044C, 118 }, // U+044C
    { 0x044D, 45 }, // U+044D
    { 0x044E, 45 }, // U+044E
    { 0x044F, 44 }, // U+044F
    { 0x0450, 45 }, // U+0450
    { 0x0451, 45 }, // U+0451
    { 0x0452, 44 }, // U+0452
    { 0x0453, 50 }, // U+0453
    { 0x0454, 45 }, // U+0454
    { 0x0455, 51 }, // U+0455
    { 0x0456, 48 }, // U+0456
    { 0x0457, 78 }, // U+0457
    { 0x0458, 48 }, // U+0458
    { 0x0459, 118 }, // U+0459
    { 0x045A, 118 }, // U+045A
    { 0x045B, 44 }, // U+045B
    { 0x045C, 49 }, // U+045C
    { 0x045D, 44 }, // U+045D
    { 0x045E, 54 }, // U+045E
    { 0x045F, 53 }, // U+045F
    { 0x0460, 12 }, // U+0460
    { 0x0462, 45 }, // U+0462
    { 0x0463, 45 }, // U+0463
    { 0x0464, 26 }, // U+0464
    { 0x0465, 45 }, // U+0465
    { 0x0466, 24 }, // U+0466
    { 0x0467, 24 }, // U+0467
    { 0x0468, 24 }, // U+0468
    { 0x046E, 25 }, // U+046E
    { 0x0472, 23 }, // U+0472
    { 0x0473, 45 }, // U+0473
    { 0x0474, 36 }, // U+0474
    { 0x0475, 54 }, // U+0475
    { 0x0476, 36 }, // U+0476
    { 0x0477, 54 }, // U+0477
    { 0x0479, 46 }, // U+0479
    { 0x0481, 45 }, // U+0481
    { 0x048A, 12 }, // U+048A
    { 0x048B, 52 }, // U+048B
    { 0x048C, 45 }, // U+048C
    { 0x048D, 45 }, // U+048D
    { 0x048E, 33 }, // U+048E
    { 0x048F, 45 }, // U+048F
    { 0x0490, 35 }, // U+0490
    { 0x0491, 50 }, // U+0491
    { 0x0492, 35 }, // U+0492
    { 0x0493, 50 }, // U+0493
    { 0x0497, 56 }, // U+0497
    { 0x0498, 14 }, // U+0498
    { 0x049A, 31 }, // U+049A
    { 0x049B, 49 }, // U+049B
    { 0x049C, 31 }, // U+049C
    { 0x049D, 49 }, // U+049D
    { 0x04A0, 31 }, // U+04A0
    { 0x04A1, 49 }, // U+04A1
    { 0x04A2, 52 }, // U+04A2
    { 0x04A3, 52 }, // U+04A3
    { 0x04A4, 35 }, // U+04A4
    { 0x04A5, 50 }, // U+04A5
    { 0x04A6, 45 }, // U+04A6
    { 0x04A7, 118 }, // U+04A7
    { 0x04A9, 76 }, // U+04A9
    { 0x04AA, 26 }, // U+04AA
    { 0x04AB, 45 }, // U+04AB
    { 0x04AC, 35 }, // U+04AC
    { 0x04AD, 50 }, // U+04AD
    { 0x04AE, 39 }, // U+04AE
    { 0x04AF, 54 }, // U+04AF
    { 0x04B0, 119 }, // U+04B0
    { 0x04B1, 54 }, // U+04B1
    { 0x04B3, 56 }, // U+04B3
    { 0x04B5, 116 }, // U+04B5
    { 0x04B7, 52 }, // U+04B7
    { 0x04B9, 44 }, // U+04B9
    { 0x04BA, 44 }, // U+04BA
    { 0x04BB, 44 }, // U+04BB
    { 0x04BD, 45 }, // U+04BD
    { 0x04BF, 76 }, // U+04BF
    { 0x04C0, 12 }, // U+04C0
    { 0x04C1, 38 }, // U+04C1
    { 0x04C3, 25 }, // U+04C3
    { 0x04C4, 44 }, // U+04C4
    { 0x04C6, 52 }, // U+04C6
    { 0x04C7, 12 }, // U+04C7
    { 0x04C8, 44 }, // U+04C8
    { 0x04C9, 52 }, // U+04C9
    { 0x04CA, 52 }, // U+04CA
    { 0x04CC, 44 }, // U+04CC
    { 0x04CD, 12 }, // U+04CD
    { 0x04CE, 52 }, // U+04CE
    { 0x04CF, 12 }, // U+04CF
    { 0x04D0, 24 }, // U+04D0
    { 0x04D1, 44 }, // U+04D1
    { 0x04D2, 24 }, // U+04D2
    { 0x04D3, 44 }, // U+04D3
    { 0x04D4, 27 }, // U+04D4
    { 0x04D5, 76 }, // U+04D5
    { 0x04D6, 27 }, // U+04D6
    { 0x04D7, 45 }, // U+04D7
    { 0x04D9, 45 }, // U+04D9
    { 0x04DA, 23 }, // U+04DA
    { 0x04DB, 45 }, // U+04DB
    { 0x04DC, 38 }, // U+04DC
    { 0x04E0, 14 }, // U+04E0
    { 0x04E2, 12 }, // U+04E2
    { 0x04E3, 44 }, // U+04E3
    { 0x04E4, 12 }, // U+04E4
    { 0x04E5, 44 }, // U+04E5
    { 0x04E6, 23 }, // U+04E6
    { 0x04E7, 45 }, // U+04E7
    { 0x04E8, 23 }, // U+04E8
    { 0x04E9, 45 }, // U+04E9
    { 0x04EA, 23 }, // U+04EA
    { 0x04EB, 45 }, // U+04EB
    { 0x04ED, 45 }, // U+04ED
    { 0x04EF, 54 }, // U+04EF
    { 0x04F1, 54 }, // U+04F1
    { 0x04F3, 54 }, // U+04F3
    { 0x04F5, 44 }, // U+04F5
    { 0x04F6, 35 }, // U+04F6
    { 0x04F7, 50 }, // U+04F7
    { 0x04F9, 44 }, // U+04F9
    { 0x04FA, 35 }, // U+04FA
    { 0x04FB, 50 }, // U+04FB
    { 0x04FC, 38 }, // U+04FC
    { 0x04FD, 56 }, // U+04FD
    { 0x04FE, 38 }, // U+04FE
    { 0x04FF, 56 }, // U+04FF
    { 0x1EA0, 24 }, // U+1EA0
    { 0x1EA1, 44 }, // U+1EA1
    { 0x1EA2, 24 }, // U+1EA2
    { 0x1EA3, 44 }, // U+1EA3
    { 0x1EA4, 24 }, // U+1EA4
    { 0x1EA5, 44 }, // U+1EA5
    { 0x1EA6, 24 }, // U+1EA6
    { 0x1EA7, 44 }, // U+1EA7
    { 0x1EA8, 24 }, // U+1EA8
    { 0x1EA9, 44 }, // U+1EA9
    { 0x1EAA, 24 }, // U+1EAA
    { 0x1EAB, 44 }, // U+1EAB
    { 0x1EAC, 24 }, // U+1EAC
    { 0x1EAD, 44 }, // U+1EAD
    { 0x1EAE, 24 }, // U+1EAE
    { 0x1EAF, 44 }, // U+1EAF
    { 0x1EB0, 24 }, // U+1EB0
    { 0x1EB1, 44 }, // U+1EB1
    { 0x1EB2, 24 }, // U+1EB2
    { 0x1EB3, 44 }, // U+1EB3
    { 0x1EB4, 24 }, // U+1EB4
    { 0x1EB5, 44 }, // U+1EB5
    { 0x1EB6, 24 }, // U+1EB6
    { 0x1EB7, 44 }, // U+1EB7
    { 0x1EB8, 27 }, // U+1EB8
    { 0x1EB9, 45 }, // U+1EB9
    { 0x1EBA, 27 }, // U+1EBA
    { 0x1EBB, 45 }, // U+1EBB
    { 0x1EBC, 27 }, // U+1EBC
    { 0x1EBD, 45 }, // U+1EBD
    { 0x1EBE, 27 }, // U+1EBE
    { 0x1EBF, 45 }, // U+1EBF
    { 0x1EC0, 27 }, // U+1EC0
    { 0x1EC1, 45 }, // U+1EC1
    { 0x1EC2, 27 }, // U+1EC2
    { 0x1EC3, 45 }, // U+1EC3
    { 0x1EC4, 27 }, // U+1EC4
    { 0x1EC5, 45 }, // U+1EC5
    { 0x1EC6, 27 }, // U+1EC6
    { 0x1EC7, 45 }, // U+1EC7
    { 0x1EC8, 12 }, // U+1EC8
    { 0x1EC9, 109 }, // U+1EC9
    { 0x1ECA, 12 }, // U+1ECA
    { 0x1ECB, 120 }, // U+1ECB
    { 0x1ECC, 23 }, // U+1ECC
    { 0x1ECD, 45 }, // U+1ECD
    { 0x1ECE, 23 }, // U+1ECE
    { 0x1ECF, 45 }, // U+1ECF
    { 0x1ED0, 23 }, // U+1ED0
    { 0x1ED1, 45 }, // U+1ED1
    { 0x1ED2, 23 }, // U+1ED2
    { 0x1ED3, 45 }, // U+1ED3
    { 0x1ED4, 23 }, // U+1ED4
    { 0x1ED5, 121 }, // U+1ED5
    { 0x1ED6, 23 }, // U+1ED6
    { 0x1ED7, 45 }, // U+1ED7
    { 0x1ED8, 23 }, // U+1ED8
    { 0x1ED9, 45 }, // U+1ED9
    { 0x1EDA, 23 }, // U+1EDA
    { 0x1EDB, 45 }, // U+1EDB
    { 0x1EDC, 23 }, // U+1EDC
    { 0x1EDD, 45 }, // U+1EDD
    { 0x1EDE, 23 }, // U+1EDE
    { 0x1EDF, 45 }, // U+1EDF
    { 0x1EE0, 23 }, // U+1EE0
    { 0x1EE1, 45 }, // U+1EE1
    { 0x1EE2, 23 }, // U+1EE2
    { 0x1EE3, 45 }, // U+1EE3
    { 0x1EE4, 30 }, // U+1EE4
    { 0x1EE5, 53 }, // U+1EE5
    { 0x1EE6, 30 }, // U+1EE6
    { 0x1EE7, 53 }, // U+1EE7
    { 0x1EE8, 122 }, // U+1EE8
    { 0x1EE9, 53 }, // U+1EE9
    { 0x1EEA, 122 }, // U+1EEA
    { 0x1EEB, 53 }, // U+1EEB
    { 0x1EEC, 122 }, // U+1EEC
    { 0x1EED, 102 }, // U+1EED
    { 0x1EEE, 122 }, // U+1EEE
    { 0x1EEF, 53 }, // U+1EEF
    { 0x1EF0, 122 }, // U+1EF0
    { 0x1EF1, 53 }, // U+1EF1
    { 0x1EF2, 39 }, // U+1EF2
    { 0x1EF3, 54 }, // U+1EF3
    { 0x1EF4, 123 }, // U+1EF4
    { 0x1EF5, 54 }, // U+1EF5
    { 0x1EF6, 123 }, // U+1EF6
    { 0x1EF7, 54 }, // U+1EF7
    { 0x1EF8, 123 }, // U+1EF8
    { 0x1EF9, 54 }, // U+1EF9
    { 0x2018, 124 }, // U+2018
    { 0x2019, 125 }, // U+2019
    { 0x201A, 126 }, // U+201A
    { 0x201C, 124 }, // U+201C
    { 0x201D, 125 }, // U+201D
    { 0x201E, 126 }, // U+201E
    { 0x2020, 61 }, // U+2020
    { 0x2021, 61 }, // U+2021
    { 0x2022, 127 }, // U+2022
    { 0x2023, 127 }, // U+2023
    { 0x2026, 128 }, // U+2026
    { 0x2034, 125 }, // U+2034
    { 0x2039, 62 }, // U+2039
    { 0x203A, 70 }, // U+203A
    { 0x203D, 22 }, // U+203D
    { 0x2043, 127 }, // U+2043
    { 0x204B, 33 }, // U+204B
    { 0x204C, 44 }, // U+204C
    { 0x204D, 127 }, // U+204D
    { 0x204F, 19 }, // U+204F
    { 0x2070, 66 }, // U+2070
    { 0x2071, 129 }, // U+2071
    { 0x2074, 130 }, // U+2074
    { 0x2075, 66 }, // U+2075
    { 0x2076, 66 }, // U+2076
    { 0x2077, 131 }, // U+2077
    { 0x2078, 66 }, // U+2078
    { 0x2079, 66 }, // U+2079
    { 0x207A, 132 }, // U+207A
    { 0x207B, 132 }, // U+207B
    { 0x207D, 133 }, // U+207D
    { 0x2080, 134 }, // U+2080
    { 0x2081, 134 }, // U+2081
    { 0x2082, 134 }, // U+2082
    { 0x2083, 134 }, // U+2083
    { 0x2084, 134 }, // U+2084
    { 0x2085, 135 }, // U+2085
    { 0x2086, 134 }, // U+2086
    { 0x2087, 136 }, // U+2087
    { 0x2088, 134 }, // U+2088
    { 0x2089, 134 }, // U+2089
    { 0x208A, 134 }, // U+208A
    { 0x208B, 134 }, // U+208B
    { 0x208C, 134 }, // U+208C
    { 0x208D, 134 }, // U+208D
    { 0x208E, 134 }, // U+208E
    { 0x2090, 134 }, // U+2090
    { 0x2091, 134 }, // U+2091
    { 0x2092, 134 }, // U+2092
    { 0x2093, 134 }, // U+2093
    { 0x2095, 134 }, // U+2095
    { 0x2096, 134 }, // U+2096
    { 0x2097, 134 }, // U+2097
    { 0x2098, 134 }, // U+2098
    { 0x2099, 134 }, // U+2099
    { 0x209A, 134 }, // U+209A
    { 0x209B, 134 }, // U+209B
    { 0x209C, 134 }, // U+209C
    { 0x20A1, 26 }, // U+20A1
    { 0x20A7, 52 }, // U+20A7
    { 0x20A8, 51 }, // U+20A8
    { 0x20A9, 137 }, // U+20A9
    { 0x20AF, 45 }, // U+20AF
    { 0x20B2, 29 }, // U+20B2
    { 0x20B5, 26 }, // U+20B5
    { 0x20BD, 138 }, // U+20BD
    { 0x20BF, 25 }, // U+20BF
    { 0x2190, 8 }, // U+2190
    { 0x21D0, 20 }, // U+21D0
    { 0x2206, 24 }, // U+2206
    { 0x2212, 8 }, // U+2212
    { 0x221E, 91 }, // U+221E
    { 0x2248, 20 }, // U+2248
    { 0x2260, 20 }, // U+2260
    { 0x2264, 20 }, // U+2264
    { 0x2265, 20 }, // U+2265
};

static const EpdKernClassEntry inter_ui_10_boldKernRightClasses[] = {
    { 0x0020, 1 }, // U+0020
    { 0x0021, 2 }, // !
    { 0x0022, 3 }, // "
    { 0x0023, 4 }, // #
    { 0x0024, 5 }, // $
    { 0x0026, 6 }, // &
    { 0x0027, 3 }, // '
    { 0x0028, 7 }, // (
    { 0x0029, 8 }, // )
    { 0x002A, 9 }, // *
    { 0x002B, 10 }, // +
    { 0x002C, 11 }, // ,
    { 0x002D, 12 }, // -
    { 0x002E, 13 }, // .
    { 0x002F, 14 }, // /
    { 0x0030, 15 }, // 0
    { 0x0031, 16 }, // 1
    { 0x0032, 17 }, // 2
    { 0x0033, 18 }, // 3
    { 0x0034, 19 }, // 4
    { 0x0035, 20 }, // 5
    { 0x0036, 15 }, // 6
    { 0x0037, 21 }, // 7
    { 0x0038, 22 }, // 8
    { 0x0039, 23 }, // 9
    { 0x003A, 24 }, // :
    { 0x003B, 24 }, // ;
    { 0x003C, 25 }, // <
    { 0x003D, 26 }, // =
    { 0x003F, 27 }, // ?
    { 0x0040, 28 }, // @
    { 0x0041, 29 }, // A
    { 0x0042, 30 }, // B
    { 0x0043, 31 }, // C
    { 0x0044, 30 }, // D
    { 0x0045, 30 }, // E
    { 0x0046, 30 }, // F
    { 0x0047, 31 }, // G
    { 0x0048, 30 }, // H
    { 0x0049, 30 }, // I
    { 0x004A, 32 }, // J
    { 0x004B, 30 }, // K
    { 0x004C, 30 }, // L
    { 0x004D, 30 }, // M
    { 0x004E, 30 }, // N
    { 0x004F, 31 }, // O
    { 0x0050, 30 }, // P
    { 0x0051, 31 }, // Q
    { 0x0052, 30 }, // R
    { 0x0053, 5 }, // S
    { 0x0054, 33 }, // T
    { 0x0055, 34 }, // U
    { 0x0056, 35 }, // V
    { 0x0057, 36 }, // W
    { 0x0058, 37 }, // X
    { 0x0059, 38 }, // Y
    { 0x005A, 39 }, // Z
    { 0x005B, 7 }, // [
    { 0x005C, 35 }, // <backslash>
    { 0x005D, 8 }, // ]
    { 0x005E, 40 }, // ^
    { 0x005F, 41 }, // _
    { 0x0061, 42 }, // a
    { 0x0062, 30 }, // b
    { 0x0063, 43 }, // c
    { 0x0064, 43 }, // d
    { 0x0065, 43 }, // e
    { 0x0066, 44 }, // f
    { 0x0067, 43 }, // g
    { 0x0068, 30 }, // h
    { 0x0069, 45 }, // i
    { 0x006A, 46 }, // j
    { 0x006B, 30 }, // k
    { 0x006C, 30 }, // l
    { 0x006D, 47 }, // m
    { 0x006E, 47 }, // n
    { 0x006F, 43 }, // o
    { 0x0070, 47 }, // p
    { 0x0071, 43 }, // q
    { 0x0072, 47 }, // r
    { 0x0073, 48 }, // s
    { 0x0074, 49 }, // t
    { 0x0075, 50 }, // u
    { 0x0076, 51 }, // v
    { 0x0077, 52 }, // w
    { 0x0078, 53 }, // x
    { 0x0079, 51 }, // y
    { 0x007A, 54 }, // z
    { 0x007B, 7 }, // {
    { 0x007C, 30 }, // |
    { 0x007D, 8 }, // }
    { 0x007E, 55 }, // ~
    { 0x00A2, 43 }, // U+00A2
    { 0x00A9, 31 }, // U+00A9
    { 0x00AA, 56 }, // U+00AA
    { 0x00AB, 57 }, // U+00AB
    { 0x00AC, 58 }, // U+00AC
    { 0x00AE, 59 }, // U+00AE
    { 0x00B0, 60 }, // U+00B0
    { 0x00B1, 26 }, // U+00B1
    { 0x00B2, 61 }, // U+00B2
    { 0x00B5, 62 }, // U+00B5
    { 0x00B6, 63 }, // U+00B6
    { 0x00B7, 64 }, // U+00B7
    { 0x00B9, 65 }, // U+00B9
    { 0x00BA, 56 }, // U+00BA
    { 0x00BB, 66 }, // U+00BB
    { 0x00BF, 67 }, // U+00BF
    { 0x00C0, 29 }, // U+00C0
    { 0x00C1, 29 }, // U+00C1
    { 0x00C2, 29 }, // U+00C2
    { 0x00C3, 29 }, // U+00C3
    { 0x00C4, 29 }, // U+00C4
    { 0x00C5, 29 }, // U+00C5
    { 0x00C6, 29 }, // U+00C6
    { 0x00C7, 31 }, // U+00C7
    { 0x00C8, 30 }, // U+00C8
    { 0x00C9, 30 }, // U+00C9
    { 0x00CA, 30 }, // U+00CA
    { 0x00CB, 30 }, // U+00CB
    { 0x00CC, 30 }, // U+00CC
    { 0x00CD, 30 }, // U+00CD
    { 0x00CE, 68 }, // U+00CE
    { 0x00CF, 68 }, // U+00CF
    { 0x00D0, 69 }, // U+00D0
    { 0x00D1, 30 }, // U+00D1
    { 0x00D2, 31 }, // U+00D2
    { 0x00D3, 31 }, // U+00D3
    { 0x00D4, 31 }, // U+00D4
    { 0x00D5, 31 }, // U+00D5
    { 0x00D6, 31 }, // U+00D6
    { 0x00D7, 70 }, // U+00D7
    { 0x00D8, 31 }, // U+00D8
    { 0x00D9, 34 }, // U+00D9
    { 0x00DA, 34 }, // U+00DA
    { 0x00DB, 34 }, // U+00DB
    { 0x00DC, 34 }, // U+00DC
    { 0x00DD, 38 }, // U+00DD
    { 0x00DE, 30 }, // U+00DE
    { 0x00DF, 30 }, // U+00DF
    { 0x00E0, 42 }, // U+00E0
    { 0x00E1, 42 }, // U+00E1
    { 0x00E2, 42 }, // U+00E2
    { 0x00E3, 71 }, // U+00E3
    { 0x00E4, 72 }, // U+00E4
    { 0x00E5, 42 }, // U+00E5
    { 0x00E6, 42 }, // U+00E6
    { 0x00E7, 43 }, // U+00E7
    { 0x00E8, 43 }, // U+00E8
    { 0x00E9, 43 }, // U+00E9
    { 0x00EA, 43 }, // U+00EA
    { 0x00EB, 73 }, // U+00EB
    { 0x00EC, 74 }, // U+00EC
    { 0x00ED, 75 }, // U+00ED
    { 0x00EE, 76 }, // U+00EE
    { 0x00EF, 77 }, // U+00EF
    { 0x00F0, 43 }, // U+00F0
    { 0x00F1, 47 }, // U+00F1
    { 0x00F2, 43 }, // U+00F2
    { 0x00F3, 43 }, // U+00F3
    { 0x00F4, 43 }, // U+00F4
    { 0x00F5, 78 }, // U+00F5
    { 0x00F6, 73 }, // U+00F6
    { 0x00F7, 10 }, // U+00F7
    { 0x00F8, 43 }, // U+00F8
    { 0x00F9, 50 }, // U+00F9
    { 0x00FA, 50 }, // U+00FA
    { 0x00FB, 50 }, // U+00FB
    { 0x00FC, 79 }, // U+00FC
    { 0x00FD, 51 }, // U+00FD
    { 0x00FE, 30 }, // U+00FE
    { 0x00FF, 80 }, // U+00FF
    { 0x0100, 29 }, // U+0100
    { 0x0101, 81 }, // U+0101
    { 0x0102, 29 }, // U+0102
    { 0x0103, 42 }, // U+0103
    { 0x0104, 29 }, // U+0104
    { 0x0105, 42 }, // U+0105
    { 0x0106, 31 }, // U+0106
    { 0x0107, 43 }, // U+0107
    { 0x0108, 31 }, // U+0108
    { 0x0109, 43 }, // U+0109
    { 0x010A, 31 }, // U+010A
    { 0x010B, 43 }, // U+010B
    { 0x010C, 31 }, // U+010C
    { 0x010D, 43 }, // U+010D
    { 0x010E, 30 }, // U+010E
    { 0x010F, 43 }, // U+010F
    { 0x0110, 82 }, // U+0110
    { 0x0111, 43 }, // U+0111
    { 0x0112, 30 }, // U+0112
    { 0x0113, 43 }, // U+0113
    { 0x0114, 30 }, // U+0114
    { 0x0115, 43 }, // U+0115
    { 0x0116, 30 }, // U+0116
    { 0x0117, 43 }, // U+0117
    { 0x0118, 30 }, // U+0118
    { 0x0119, 43 }, // U+0119
    { 0x011A, 30 }, // U+011A
    { 0x011B, 43 }, // U+011B
    { 0x011C, 31 }, // U+011C
    { 0x011D, 43 }, // U+011D
    { 0x011E, 31 }, // U+011E
    { 0x011F, 43 }, // U+011F
    { 0x0120, 31 }, // U+0120
    { 0x0121, 43 }, // U+0121
    { 0x0122, 31 }, // U+0122
    { 0x0123, 43 }, // U+0123
    { 0x0124, 30 }, // U+0124
    { 0x0125, 30 }, // U+0125
    { 0x0126, 30 }, // U+0126
    { 0x0127, 83 }, // U+0127
    { 0x0128, 68 }, // U+0128
    { 0x0129, 84 }, // U+0129
    { 0x012A, 68 }, // U+012A
    { 0x012B, 85 }, // U+012B
    { 0x012C, 68 }, // U+012C
    { 0x012D, 77 }, // U+012D
    { 0x012E, 30 }, // U+012E
    { 0x012F, 45 }, // U+012F
    { 0x0130, 30 }, // U+0130
    { 0x0131, 45 }, // U+0131
    { 0x0133, 45 }, // U+0133
    { 0x0134, 32 }, // U+0134
    { 0x0135, 86 }, // U+0135
    { 0x0136, 30 }, // U+0136
    { 0x0137, 30 }, // U+0137
    { 0x0138, 47 }, // U+0138
    { 0x0139, 30 }, // U+0139
    { 0x013A, 30 }, // U+013A
    { 0x013B, 30 }, // U+013B
    { 0x013C, 30 }, // U+013C
    { 0x013D, 30 }, // U+013D
    { 0x013E, 30 }, // U+013E
    { 0x0140, 30 }, // U+0140
    { 0x0141, 30 }, // U+0141
    { 0x0142, 30 }, // U+0142
    { 0x0143, 30 }, // U+0143
    { 0x0144, 47 }, // U+0144
    { 0x0145, 30 }, // U+0145
    { 0x0146, 47 }, // U+0146
    { 0x0147, 30 }, // U+0147
    { 0x0148, 47 }, // U+0148
    { 0x014A, 30 }, // U+014A
    { 0x014B, 47 }, // U+014B
    { 0x014C, 31 }, // U+014C
    { 0x014D, 87 }, // U+014D
    { 0x014E, 31 }, // U+014E
    { 0x014F, 43 }, // U+014F
    { 0x0150, 31 }, // U+0150
    { 0x0151, 43 }, // U+0151
    { 0x0152, 31 }, // U+0152
    { 0x0153, 43 }, // U+0153
    { 0x0154, 30 }, // U+0154
    { 0x0155, 47 }, // U+0155
    { 0x0156, 30 }, // U+0156
    { 0x0157, 47 }, // U+0157
    { 0x0158, 30 }, // U+0158
    { 0x0159, 47 }, // U+0159
    { 0x015A, 5 }, // U+015A
    { 0x015B, 48 }, // U+015B
    { 0x015C, 5 }, // U+015C
    { 0x015D, 48 }, // U+015D
    { 0x015E, 5 }, // U+015E
    { 0x015F, 48 }, // U+015F
    { 0x0160, 5 }, // U+0160
    { 0x0161, 48 }, // U+0161
    { 0x0162, 88 }, // U+0162
    { 0x0163, 49 }, // U+0163
    { 0x0164, 89 }, // U+0164
    { 0x0165, 49 }, // U+0165
    { 0x0166, 90 }, // U+0166
    { 0x0167, 49 }, // U+0167
    { 0x0168, 34 }, // U+0168
    { 0x0169, 91 }, // U+0169
    { 0x016A, 34 }, // U+016A
    { 0x016B, 50 }, // U+016B
    { 0x016C, 34 }, // U+016C
    { 0x016D, 50 }, // U+016D
    { 0x016E, 34 }, // U+016E
    { 0x016F, 50 }, // U+016F
    { 0x0170, 34 }, // U+0170
    { 0x0171, 50 }, // U+0171
    { 0x0172, 34 }, // U+0172
    { 0x0173, 50 }, // U+0173
    { 0x0174, 36 }, // U+0174
    { 0x0175, 52 }, // U+0175
    { 0x0176, 38 }, // U+0176
    { 0x0177, 51 }, // U+0177
    { 0x0178, 38 }, // U+0178
    { 0x0179, 39 }, // U+0179
    { 0x017A, 54 }, // U+017A
    { 0x017B, 39 }, // U+017B
    { 0x017C, 54 }, // U+017C
    { 0x017D, 39 }, // U+017D
    { 0x017E, 54 }, // U+017E
    { 0x017F, 30 }, // U+017F
    { 0x01A0, 31 }, // U+01A0
    { 0x01A1, 43 }, // U+01A1
    { 0x01AF, 34 }, // U+01AF
    { 0x01B0, 50 }, // U+01B0
    { 0x01C5, 92 }, // U+01C5
    { 0x01C6, 43 }, // U+01C6
    { 0x01C8, 30 }, // U+01C8
    { 0x01C9, 30 }, // U+01C9
    { 0x01CB, 30 }, // U+01CB
    { 0x01CC, 47 }, // U+01CC
    { 0x01CD, 29 }, // U+01CD
    { 0x01CE, 42 }, // U+01CE
    { 0x01CF, 30 }, // U+01CF
    { 0x01D0, 93 }, // U+01D0
    { 0x01D1, 31 }, // U+01D1
    { 0x01D2, 43 }, // U+01D2
    { 0x01D3, 34 }, // U+01D3
    { 0x01D4, 50 }, // U+01D4
    { 0x01D5, 34 }, // U+01D5
    { 0x01D6, 50 }, // U+01D6
    { 0x01D7, 34 }, // U+01D7
    { 0x01D8, 50 }, // U+01D8
    { 0x01D9, 34 }, // U+01D9
    { 0x01DA, 50 }, // U+01DA
    { 0x01DB, 34 }, // U+01DB
    { 0x01DC, 50 }, // U+01DC
    { 0x01DD, 87 }, // U+01DD
    { 0x01DE, 29 }, // U+01DE
    { 0x01DF, 42 }, // U+01DF
    { 0x01E0, 29 }, // U+01E0
    { 0x01E1, 42 }, // U+01E1
    { 0x01E2, 29 }, // U+01E2
    { 0x01E3, 42 }, // U+01E3
    { 0x01E4, 31 }, // U+01E4
    { 0x01E5, 43 }, // U+01E5
    { 0x01E6, 31 }, // U+01E6
    { 0x01E7, 43 }, // U+01E7
    { 0x01E8, 30 }, // U+01E8
    { 0x01E9, 30 }, // U+01E9
    { 0x01EA, 31 }, // U+01EA
    { 0x01EB, 43 }, // U+01EB
    { 0x01EC, 31 }, // U+01EC
    { 0x01ED, 43 }, // U+01ED
    { 0x01EF, 49 }, // U+01EF
    { 0x01F0, 46 }, // U+01F0
    { 0x01F2, 30 }, // U+01F2
    { 0x01F3, 87 }, // U+01F3
    { 0x01F4, 31 }, // U+01F4
    { 0x01F5, 43 }, // U+01F5
    { 0x01F6, 92 }, // U+01F6
    { 0x01F8, 30 }, // U+01F8
    { 0x01F9, 47 }, // U+01F9
    { 0x01FA, 29 }, // U+01FA
    { 0x01FB, 42 }, // U+01FB
    { 0x01FC, 29 }, // U+01FC
    { 0x01FD, 42 }, // U+01FD
    { 0x01FE, 31 }, // U+01FE
    { 0x01FF, 43 }, // U+01FF
    { 0x0200, 29 }, // U+0200
    { 0x0201, 42 }, // U+0201
    { 0x0202, 29 }, // U+0202
    { 0x0203, 42 }, // U+0203
    { 0x0204, 30 }, // U+0204
    { 0x0205, 43 }, // U+0205
    { 0x0206, 30 }, // U+0206
    { 0x0207, 43 }, // U+0207
    { 0x0208, 68 }, // U+0208
    { 0x0209, 94 }, // U+0209
    { 0x020A, 68 }, // U+020A
    { 0x020B, 95 }, // U+020B
    { 0x020C, 31 }, // U+020C
    { 0x020D, 43 }, // U+020D
    { 0x020E, 31 }, // U+020E
    { 0x020F, 43 }, // U+020F
    { 0x0210, 30 }, // U+0210
    { 0x0211, 47 }, // U+0211
    { 0x0212, 30 }, // U+0212
    { 0x0213, 47 }, // U+0213
    { 0x0214, 34 }, // U+0214
    { 0x0215, 50 }, // U+0215
    { 0x0216, 34 }, // U+0216
    { 0x0217, 50 }, // U+0217
    { 0x0218, 5 }, // U+0218
    { 0x0219, 48 }, // U+0219
    { 0x021A, 33 }, // U+021A
    { 0x021B, 49 }, // U+021B
    { 0x021E, 30 }, // U+021E
    { 0x021F, 30 }, // U+021F
    { 0x0400, 30 }, // U+0400
    { 0x0401, 30 }, // U+0401
    { 0x0402, 33 }, // U+0402
    { 0x0403, 30 }, // U+0403
    { 0x0404, 31 }, // U+0404
    { 0x0405, 5 }, // U+0405
    { 0x0406, 30 }, // U+0406
    { 0x0407, 68 }, // U+0407
    { 0x0408, 32 }, // U+0408
    { 0x0409, 96 }, // U+0409
    { 0x040A, 30 }, // U+040A
    { 0x040B, 33 }, // U+040B
    { 0x040C, 30 }, // U+040C
    { 0x040D, 30 }, // U+040D
    { 0x040F, 30 }, // U+040F
    { 0x0410, 29 }, // U+0410
    { 0x0411, 30 }, // U+0411
    { 0x0412, 30 }, // U+0412
    { 0x0413, 30 }, // U+0413
    { 0x0414, 97 }, // U+0414
    { 0x0415, 30 }, // U+0415
    { 0x0416, 98 }, // U+0416
    { 0x0417, 99 }, // U+0417
    { 0x0418, 92 }, // U+0418
    { 0x0419, 30 }, // U+0419
    { 0x041A, 30 }, // U+041A
    { 0x041B, 96 }, // U+041B
    { 0x041C, 30 }, // U+041C
    { 0x041D, 30 }, // U+041D
    { 0x041E, 31 }, // U+041E
    { 0x041F, 30 }, // U+041F
    { 0x0420, 30 }, // U+0420
    { 0x0421, 31 }, // U+0421
    { 0x0422, 33 }, // U+0422
    { 0x0423, 35 }, // U+0423
    { 0x0424, 100 }, // U+0424
    { 0x0425, 37 }, // U+0425
    { 0x0426, 30 }, // U+0426
    { 0x0427, 101 }, // U+0427
    { 0x0428, 30 }, // U+0428
    { 0x0429, 30 }, // U+0429
    { 0x042A, 102 }, // U+042A
    { 0x042B, 30 }, // U+042B
    { 0x042C, 30 }, // U+042C
    { 0x042D, 31 }, // U+042D
    { 0x042E, 30 }, // U+042E
    { 0x0430, 42 }, // U+0430
    { 0x0431, 15 }, // U+0431
    { 0x0432, 47 }, // U+0432
    { 0x0433, 47 }, // U+0433
    { 0x0434, 103 }, // U+0434
    { 0x0435, 43 }, // U+0435
    { 0x0436, 53 }, // U+0436
    { 0x0437, 43 }, // U+0437
    { 0x0438, 47 }, // U+0438
    { 0x0439, 47 }, // U+0439
    { 0x043A, 47 }, // U+043A
    { 0x043B, 104 }, // U+043B
    { 0x043C, 47 }, // U+043C
    { 0x043D, 47 }, // U+043D
    { 0x043E, 43 }, // U+043E
    { 0x043F, 47 }, // U+043F
    { 0x0440, 47 }, // U+0440
    { 0x0441, 43 }, // U+0441
    { 0x0442, 105 }, // U+0442
    { 0x0443, 51 }, // U+0443
    { 0x0444, 43 }, // U+0444
    { 0x0445, 53 }, // U+0445
    { 0x0446, 47 }, // U+0446
    { 0x0447, 106 }, // U+0447
    { 0x0448, 47 }, // U+0448
    { 0x0449, 47 }, // U+0449
    { 0x044A, 107 }, // U+044A
    { 0x044B, 45 }, // U+044B
    { 0x044C, 47 }, // U+044C
    { 0x044D, 43 }, // U+044D
    { 0x044E, 47 }, // U+044E
    { 0x044F, 108 }, // U+044F
    { 0x0450, 43 }, // U+0450
    { 0x0451, 43 }, // U+0451
    { 0x0452, 30 }, // U+0452
    { 0x0453, 47 }, // U+0453
    { 0x0454, 43 }, // U+0454
    { 0x0455, 48 }, // U+0455
    { 0x0456, 45 }, // U+0456
    { 0x0457, 77 }, // U+0457
    { 0x0458, 46 }, // U+0458
    { 0x0459, 104 }, // U+0459
    { 0x045A, 47 }, // U+045A
    { 0x045B, 30 }, // U+045B
    { 0x045C, 47 }, // U+045C
    { 0x045D, 47 }, // U+045D
    { 0x045E, 51 }, // U+045E
    { 0x045F, 50 }, // U+045F
    { 0x0460, 30 }, // U+0460
    { 0x0463, 49 }, // U+0463
    { 0x0464, 30 }, // U+0464
    { 0x0465, 47 }, // U+0465
    { 0x0466, 29 }, // U+0466
    { 0x0467, 29 }, // U+0467
    { 0x0468, 30 }, // U+0468
    { 0x046C, 30 }, // U+046C
    { 0x046E, 30 }, // U+046E
    { 0x0472, 31 }, // U+0472
    { 0x0473, 43 }, // U+0473
    { 0x0474, 35 }, // U+0474
    { 0x0475, 51 }, // U+0475
    { 0x0476, 35 }, // U+0476
    { 0x0477, 51 }, // U+0477
    { 0x0478, 31 }, // U+0478
    { 0x0479, 43 }, // U+0479
    { 0x0481, 43 }, // U+0481
    { 0x048A, 92 }, // U+048A
    { 0x048B, 47 }, // U+048B
    { 0x048D, 49 }, // U+048D
    { 0x048E, 30 }, // U+048E
    { 0x048F, 47 }, // U+048F
    { 0x0490, 30 }, // U+0490
    { 0x0491, 47 }, // U+0491
    { 0x0493, 49 }, // U+0493
    { 0x0494, 30 }, // U+0494
    { 0x0495, 47 }, // U+0495
    { 0x0497, 53 }, // U+0497
    { 0x049A, 30 }, // U+049A
    { 0x049B, 47 }, // U+049B
    { 0x049C, 30 }, // U+049C
    { 0x049D, 47 }, // U+049D
    { 0x04A0, 33 }, // U+04A0
    { 0x04A1, 49 }, // U+04A1
    { 0x04A2, 30 }, // U+04A2
    { 0x04A3, 47 }, // U+04A3
    { 0x04A4, 30 }, // U+04A4
    { 0x04A5, 47 }, // U+04A5
    { 0x04A6, 30 }, // U+04A6
    { 0x04A7, 47 }, // U+04A7
    { 0x04A9, 43 }, // U+04A9
    { 0x04AA, 31 }, // U+04AA
    { 0x04AB, 43 }, // U+04AB
    { 0x04AC, 33 }, // U+04AC
    { 0x04AD, 49 }, // U+04AD
    { 0x04AE, 38 }, // U+04AE
    { 0x04AF, 51 }, // U+04AF
    { 0x04B0, 109 }, // U+04B0
    { 0x04B1, 51 }, // U+04B1
    { 0x04B2, 37 }, // U+04B2
    { 0x04B3, 53 }, // U+04B3
    { 0x04B4, 33 }, // U+04B4
    { 0x04B5, 49 }, // U+04B5
    { 0x04B7, 42 }, // U+04B7
    { 0x04B9, 42 }, // U+04B9
    { 0x04BA, 30 }, // U+04BA
    { 0x04BB, 30 }, // U+04BB
    { 0x04BD, 49 }, // U+04BD
    { 0x04C0, 30 }, // U+04C0
    { 0x04C1, 37 }, // U+04C1
    { 0x04C3, 30 }, // U+04C3
    { 0x04C4, 47 }, // U+04C4
    { 0x04C6, 104 }, // U+04C6
    { 0x04C7, 92 }, // U+04C7
    { 0x04C8, 47 }, // U+04C8
    { 0x04C9, 30 }, // U+04C9
    { 0x04CA, 47 }, // U+04CA
    { 0x04CD, 30 }, // U+04CD
    { 0x04CE, 47 }, // U+04CE
    { 0x04CF, 30 }, // U+04CF
    { 0x04D0, 29 }, // U+04D0
    { 0x04D1, 42 }, // U+04D1
    { 0x04D2, 29 }, // U+04D2
    { 0x04D3, 42 }, // U+04D3
    { 0x04D4, 29 }, // U+04D4
    { 0x04D5, 42 }, // U+04D5
    { 0x04D6, 30 }, // U+04D6
    { 0x04D7, 43 }, // U+04D7
    { 0x04D9, 43 }, // U+04D9
    { 0x04DA, 31 }, // U+04DA
    { 0x04DB, 43 }, // U+04DB
    { 0x04DC, 37 }, // U+04DC
    { 0x04E1, 49 }, // U+04E1
    { 0x04E2, 30 }, // U+04E2
    { 0x04E3, 47 }, // U+04E3
    { 0x04E4, 30 }, // U+04E4
    { 0x04E5, 47 }, // U+04E5
    { 0x04E6, 31 }, // U+04E6
    { 0x04E7, 43 }, // U+04E7
    { 0x04E8, 31 }, // U+04E8
    { 0x04E9, 43 }, // U+04E9
    { 0x04EA, 31 }, // U+04EA
    { 0x04EB, 43 }, // U+04EB
    { 0x04ED, 43 }, // U+04ED
    { 0x04EF, 51 }, // U+04EF
    { 0x04F1, 51 }, // U+04F1
    { 0x04F3, 51 }, // U+04F3
    { 0x04F7, 47 }, // U+04F7
    { 0x04F9, 47 }, // U+04F9
    { 0x04FB, 49 }, // U+04FB
    { 0x04FC, 37 }, // U+04FC
    { 0x04FD, 53 }, // U+04FD
    { 0x04FE, 37 }, // U+04FE
    { 0x04FF, 53 }, // U+04FF
    { 0x1EA0, 29 }, // U+1EA0
    { 0x1EA1, 42 }, // U+1EA1
    { 0x1EA2, 29 }, // U+1EA2
    { 0x1EA3, 42 }, // U+1EA3
    { 0x1EA4, 29 }, // U+1EA4
    { 0x1EA5, 42 }, // U+1EA5
    { 0x1EA6, 29 }, // U+1EA6
    { 0x1EA7, 42 }, // U+1EA7
    { 0x1EA8, 29 }, // U+1EA8
    { 0x1EA9, 42 }, // U+1EA9
    { 0x1EAA, 29 }, // U+1EAA
    { 0x1EAB, 42 }, // U+1EAB
    { 0x1EAC, 29 }, // U+1EAC
    { 0x1EAD, 42 }, // U+1EAD
    { 0x1EAE, 29 }, // U+1EAE
    { 0x1EAF, 42 }, // U+1EAF
    { 0x1EB0, 29 }, // U+1EB0
    { 0x1EB1, 42 }, // U+1EB1
    { 0x1EB2, 29 }, // U+1EB2
    { 0x1EB3, 42 }, // U+1EB3
    { 0x1EB4, 29 }, // U+1EB4
    { 0x1EB5, 42 }, // U+1EB5
    { 0x1EB6, 29 }, // U+1EB6
    { 0x1EB7, 42 }, // U+1EB7
    { 0x1EB8, 30 }, // U+1EB8
    { 0x1EB9, 43 }, // U+1EB9
    { 0x1EBA, 30 }, // U+1EBA
    { 0x1EBB, 43 }, // U+1EBB
    { 0x1EBC, 30 }, // U+1EBC
    { 0x1EBD, 43 }, // U+1EBD
    { 0x1EBE, 30 }, // U+1EBE
    { 0x1EBF, 43 }, // U+1EBF
    { 0x1EC0, 30 }, // U+1EC0
    { 0x1EC1, 43 }, // U+1EC1
    { 0x1EC2, 30 }, // U+1EC2
    { 0x1EC3, 43 }, // U+1EC3
    { 0x1EC4, 30 }, // U+1EC4
    { 0x1EC5, 43 }, // U+1EC5
    { 0x1EC6, 30 }, // U+1EC6
    { 0x1EC7, 43 }, // U+1EC7
    { 0x1EC8, 30 }, // U+1EC8
    { 0x1EC9, 45 }, // U+1EC9
    { 0x1ECA, 30 }, // U+1ECA
    { 0x1ECB, 45 }, // U+1ECB
    { 0x1ECC, 31 }, // U+1ECC
    { 0x1ECD, 43 }, // U+1ECD
    { 0x1ECE, 31 }, // U+1ECE
    { 0x1ECF, 43 }, // U+1ECF
    { 0x1ED0, 31 }, // U+1ED0
    { 0x1ED1, 43 }, // U+1ED1
    { 0x1ED2, 31 }, // U+1ED2
    { 0x1ED3, 43 }, // U+1ED3
    { 0x1ED4, 31 }, // U+1ED4
    { 0x1ED5, 43 }, // U+1ED5
    { 0x1ED6, 31 }, // U+1ED6
    { 0x1ED7, 43 }, // U+1ED7
    { 0x1ED8, 31 }, // U+1ED8
    { 0x1ED9, 43 }, // U+1ED9
    { 0x1EDA, 31 }, // U+1EDA
    { 0x1EDB, 43 }, // U+1EDB
    { 0x1EDC, 31 }, // U+1EDC
    { 0x1EDD, 43 }, // U+1EDD
    { 0x1EDE, 31 }, // U+1EDE
    { 0x1EDF, 43 }, // U+1EDF
    { 0x1EE0, 31 }, // U+1EE0
    { 0x1EE1, 43 }, // U+1EE1
    { 0x1EE2, 31 }, // U+1EE2
    { 0x1EE3, 43 }, // U+1EE3
    { 0x1EE4, 34 }, // U+1EE4
    { 0x1EE5, 50 }, // U+1EE5
    { 0x1EE6, 34 }, // U+1EE6
    { 0x1EE7, 50 }, // U+1EE7
    { 0x1EE8, 34 }, // U+1EE8
    { 0x1EE9, 50 }, // U+1EE9
    { 0x1EEA, 34 }, // U+1EEA
    { 0x1EEB, 50 }, // U+1EEB
    { 0x1EEC, 34 }, // U+1EEC
    { 0x1EED, 50 }, // U+1EED
    { 0x1EEE, 34 }, // U+1EEE
    { 0x1EEF, 50 }, // U+1EEF
    { 0x1EF0, 34 }, // U+1EF0
    { 0x1EF1, 50 }, // U+1EF1
    { 0x1EF2, 38 }, // U+1EF2
    { 0x1EF3, 51 }, // U+1EF3
    { 0x1EF4, 110 }, // U+1EF4
    { 0x1EF5, 51 }, // U+1EF5
    { 0x1EF6, 110 }, // U+1EF6
    { 0x1EF7, 51 }, // U+1EF7
    { 0x1EF8, 110 }, // U+1EF8
    { 0x1EF9, 51 }, // U+1EF9
    { 0x2018, 111 }, // U+2018
    { 0x2019, 112 }, // U+2019
    { 0x201A, 113 }, // U+201A
    { 0x201B, 114 }, // U+201B
    { 0x201C, 111 }, // U+201C
    { 0x201D, 112 }, // U+201D
    { 0x201E, 113 }, // U+201E
    { 0x201F, 115 }, // U+201F
    { 0x2020, 56 }, // U+2020
    { 0x2021, 56 }, // U+2021
    { 0x2022, 116 }, // U+2022
    { 0x2023, 116 }, // U+2023
    { 0x2026, 117 }, // U+2026
    { 0x2034, 118 }, // U+2034
    { 0x2039, 57 }, // U+2039
    { 0x203A, 66 }, // U+203A
    { 0x203D, 27 }, // U+203D
    { 0x2043, 116 }, // U+2043
    { 0x2044, 119 }, // U+2044
    { 0x204A, 49 }, // U+204A
    { 0x204B, 30 }, // U+204B
    { 0x204C, 116 }, // U+204C
    { 0x204D, 47 }, // U+204D
    { 0x204F, 24 }, // U+204F
    { 0x2074, 120 }, // U+2074
    { 0x2077, 121 }, // U+2077
    { 0x2079, 122 }, // U+2079
    { 0x207E, 123 }, // U+207E
    { 0x207F, 124 }, // U+207F
    { 0x2080, 125 }, // U+2080
    { 0x2081, 125 }, // U+2081
    { 0x2082, 125 }, // U+2082
    { 0x2083, 125 }, // U+2083
    { 0x2084, 126 }, // U+2084
    { 0x2086, 125 }, // U+2086
    { 0x2087, 127 }, // U+2087
    { 0x2088, 125 }, // U+2088
    { 0x2089, 125 }, // U+2089
    { 0x208A, 125 }, // U+208A
    { 0x208B, 125 }, // U+208B
    { 0x208C, 125 }, // U+208C
    { 0x208D, 125 }, // U+208D
    { 0x208E, 125 }, // U+208E
    { 0x2091, 125 }, // U+2091
    { 0x2092, 125 }, // U+2092
    { 0x2093, 125 }, // U+2093
    { 0x2095, 125 }, // U+2095
    { 0x2096, 125 }, // U+2096
    { 0x2097, 125 }, // U+2097
    { 0x2098, 125 }, // U+2098
    { 0x2099, 125 }, // U+2099
    { 0x209A, 125 }, // U+209A
    { 0x209B, 125 }, // U+209B
    { 0x209C, 125 }, // U+209C
    { 0x20A1, 31 }, // U+20A1
    { 0x20A7, 30 }, // U+20A7
    { 0x20A8, 30 }, // U+20A8
    { 0x20AB, 43 }, // U+20AB
    { 0x20B2, 31 }, // U+20B2
    { 0x20B4, 128 }, // U+20B4
    { 0x20B5, 31 }, // U+20B5
    { 0x20B8, 129 }, // U+20B8
    { 0x20BF, 30 }, // U+20BF
    { 0x2192, 10 }, // U+2192
    { 0x21D2, 26 }, // U+21D2
    { 0x2206, 29 }, // U+2206
    { 0x2212, 10 }, // U+2212
    { 0x221E, 130 }, // U+221E
    { 0x222B, 46 }, // U+222B
    { 0x2236, 24 }, // U+2236
    { 0x2248, 26 }, // U+2248
    { 0x2260, 26 }, // U+2260
    { 0x2264, 26 }, // U+2264
    { 0x2265, 26 }, // U+2265
};

static const int8_t inter_ui_10_boldKernMatrix[] = {
       0,    0,    0,    0,    0,  -11,    0,    0,    0,    0,  -30,    0,  -30,    0,    0,    0,    0,    0,  -21,    0,    0,    0,    0,    0,    0,    0,    0,    0,  -26,    0,    0,  -55,    0,    0,    0,    0,    0,    0,    0,    0,    0,    0,   -7,    0,    0,    0,    0,   -3,    0,    0,    0,    0,    0,    0,    0,    0,    0,    0,    0,    0,    0,    0,    0,    0,    0,    0,    0,    0,    0,    0,    0,    0,   -7,    0,    0,    0,    0,   -7,    0,    0,    0,    0,    0,    0,    0,    0,   -7,    0,    0,    0,    0,    0,    0,    0,    0,  -15,  -15,    0,    0,    0,    0,    0,    0,    0,    0,    0,    0,   -3,    0,    0,    0,    0,    0,    0,    0,    0,  -30,    0,    0,    0,    0,    0,    0,    0,    0,    0,    0,    0,    0,    0,
       0,    0,    0,    0,    0,    0,    0,    0,    0,    0,    0,    0,    0,    0,    0,    0,    0,    0,    0,    0,    0,    0,    0,    0,    0,    0,    0,    0,   -5,    0,    0,    0,   -2,    0,    0,    0,   -4,    0,    0,    0,    0,    0,    0,    0,    0,    0,    0,    0,    0,    0,    0,    0,    0,    0,    0,    0,    0,    0,    0,    0,    0,    0,    0,    0,    0,    0,    0,    0,    0,    0,    0,    0,    0,    0,    0,    0,   15,    0,    0,    0,    0,    0,    0,   15,   15,    0,    0,   -2,   -2,   -2,    0,    0,    0,    0,   15,    0,    0,   -4,    0,    0,    0,   -2,    0,    0,    0,    0,    0,    0,    0,    0,    0,    0,    0,    0,    0,    0,    0,    0,    0,    0,    0,    0,    0,    0,    0,  -20,    0,    0,    0,    0,
       0,    0,    0,    0,    0,    0,    0,    0,    0,    0,    0,    0,    0,    0,    0,    0,    0,    0,    0,    0,    0,    0,    0,    0,    0,    0,    0,    0,    0,    0,    0,    0,    0,    0,    0,    0,    0,    0,    0,    0,    0,    0,    0,    0,    0,    0,    0,    0,    0,    0,    0,    0,    0,    0,    0,    0,    0,    0,    0,    0,    0,    0,    0,    0,    0,    0,    0,    0,    0,    0,    0,    0,    0,    0,    0,    0,    0,    0,    0,    0,    0,    0,    0,    0,    0,    0,    0,    0,    0,    0,    0,    0,    0,    0,    0,    0,    0,    0,    0,    0,    0,    0,    0,    0,    0,    0,    0,    0,    0,    0,  -21,  -23,    0,    0,    0,    0,    0,  -23,    0,    0,    0,    0,    0,    0,    0,    0,    0,    0,    0,    0,
       0,    0,  -11,    0,    0,    0,    0,    0,    0,    0,    0,    0,    0,    0,    0,    0,    0,    0,    0,    0,    0,    0,    0,    0,    0,    0,    0,    0,    0,    0,    0,    0,  -19,    0,  -21,  -13,    0,  -25,    0,    0,    0,    0,    0,    0,    0,    0,    0,    0,    0,    0,  -11,  -11,    0,    0,    0,  -13,    0,    0,   -7,    0,    0,    0,    0,    0,    0,    0,    0,    0,    0,    0,    0,    0,    0,    0,    0,    0,    0,    0,    0,  -11,    0,    0,    0,    0,    0,    0,    0,  -19,  -19,  -19,    0,    0,    0,    0,    0,    0,    0,    0,    0,    0,    0,  -19,    0,    0,    0,    0,    0,    0,  -25,  -25,  -30,    0,    0,    0,    0,    0,    0,    0,    0,    0,    0,    0,    0,    0,    0,    0,    0,    0,    0,    0,
       0,    0,    0,    0,    0,    0,    0,    0,    0,    0,    0,    0,    0,    0,    0,    0,    0,    0,    0,    0,    0,    0,    0,    0,    0,    0,    0,    0,    0,    6,    0,    0,    0,    0,    0,    0,    0,    0,    0,    0,    0,    0,   -2,    0,    0,    4,    6,    0,    0,    0,    0,    0,    0,    0,    0,    0,    0,    0,    0,    0,    0,    0,    0,    0,    0,    0,    0,    0,    0,    0,    0,    0,   -2,    0,    0,    0,    0,   -2,    0,    0,    0,    0,    6,    0,    0,    4,   -2,    0,    0,    0,    0,    6,    0,   37,    0,    0,    0,    0,    0,    0,    0,    0,    0,    0,    0,    0,    0,    0,    0,    0,    0,    0,    0,    0,    0,    0,    0,    0,    0,    0,    0,    0,    0,    0,    0,    0,    0,    0,    0,    0,
       0,    0,    0,    0,    0,    0,    0,    0,    0,    0,    0,    0,    0,    0,    0,    0,    0,    0,    0,    0,    0,    0,    0,    0,    0,    0,    0,    0,    0,    0,    0,    0,    0,    0,    0,    0,    0,    0,    0,    0,    0,    0,    0,    0,    0,    0,    0,    0,    0,    0,    0,    0,    0,    0,    0,    0,    0,    0,    0,    0,    0,    0,    0,    0,    0,    0,    0,    0,    0,    0,    0,    0,    0,    0,    0,    0,    0,    0,    0,    0,    0,    0,    0,    0,    0,    0,    0,    0,    0,    0,    0,    0,    0,    6,    0,    0,    0,    0,    0,    0,    0,    0,    0,    0,    0,    0,    0,    0,    0,    0,  -11,    0,    0,    0,    0,    0,    0,    0,    0,    0,    0,    0,    0,    0,    0,    0,    0,    0,    0,    0,
       0,    0,    0,    0,    0,  -11,    0,    0,    0,    0,  -45,    0,  -45,    0,    0,    0,    0,    0,  -15,    0,    0,    0,    0,    0,    0,    0,    0,   -6,  -32,    0,   -6,  -32,    0,    0,    0,    0,    0,    0,    0,    0,  -23,    0,    0,    0,    0,    0,    0,    0,    0,    0,    0,    0,    0,    0,    0,    0,    0,    0,    0,    0,    0,    0,    0,    0,    0,    0,    0,    0,    6,    0,    0,    0,    0,    0,    0,    0,    0,    0,    0,    0,    0,    0,    0,    0,    0,    0,    0,    0,    0,    0,    0,    0,    0,    0,    0,  -11,  -11,    0,    0,   -6,    0,    0,    0,    0,    0,    0,    0,    0,    0,    0,    0,    0,    0,    0,    0,    0,  -45,    0,    0,    0,    0,    0,    0,    0,    0,    0,    0,    0,    0,    0,
       0,    0,    0,    0,    0,    0,    0,    0,    0,    0,    0,    0,    0,    0,    0,    0,   -7,   -2,    0,    0,   -9,    0,    0,    0,    0,    0,    0,    0,  -11,    0,    0,  -15,  -26,    0,  -15,   -8,  -13,  -21,    0,    0,    0,    0,    0,    0,    0,    0,    0,    0,    0,    0,    0,    0,   -7,    0,    0,    0,    0,    0,    0,    0,    0,    0,   -3,    0,    0,    0,    0,    0,    0,    0,    0,    0,    0,    0,    0,    0,    0,    0,    0,    0,    0,    0,    0,    0,    0,    0,    0,  -45,  -45,  -26,    0,    0,    0,    0,    0,    0,    0,  -36,  -10,    0,    0,  -50,    0,    0,    0,    0,    0,    0,  -21,  -21,  -10,    0,    0,    0,    0,    0,    0,    0,    0,    0,    0,    0,    0,    0,    0,    0,    0,    0,    0,    0,
     -10,   -4,  -33,    0,    0,    0,    0,    0,    0,    0,    0,    0,    0,    0,  -10,  -30,    0,   -8,    0,   -2,   -8,   -9,   -4,    0,    0,    0,  -29,  -15,    0,    0,  -15,    0,  -11,    0,    0,    0,    0,  -21,    0,    0,    0,    0,    0,    0,    0,    0,    0,    0,    0,    0,    0,    0,    0,    0,    0,    0,    0,    0,    0,    0,    0,    0,  -17,    0,    0,    0,    0,    0,    0,    0,    0,    0,    0,    0,    0,    0,    0,    0,    0,    0,    0,    0,    0,    0,    0,    0,    0,  -11,  -11,  -11,    0,    0,    0,    0,    0,    0,    0,    0,   -8,  -15,    0,  -11,    0,    0,    0,  -11,    0,    0,  -21,  -33,    0,  -32,    0,  -45,  -45,    0,    0,  -32,    0,    0,    0,    0,    0,    0,    0,    0,    0,    0,    0,    0,
       0,    0,    0,    0,    0,    0,    0,    0,    0,    0,  -13,    0,  -13,    0,    0,    0,    0,    0,    0,    0,    0,    0,    0,    0,    0,    0,    0,    0,   -8,    0,    0,  -21,    0,    0,    3,    3,    0,    0,    0,    0,    0,    0,    0,    0,    0,    0,    0,    0,    0,    0,    0,    0,    0,    0,    0,    0,    0,    0,    0,    0,    0,    0,    0,    0,    0,    0,    0,    0,    0,    0,    0,    0,    0,    0,    0,    0,    0,    0,    0,    0,    0,    0,    0,    0,    0,    0,    0,    0,    0,    0,    0,    0,    0,   13,    0,    0,    0,    0,    0,    0,    0,    0,    0,    0,    0,    0,    0,    0,    0,    0,    0,    0,    0,    0,    0,    0,  -13,    0,    0,    0,    0,    0,    0,    0,    0,    0,    0,    0,    0,    0,
       0,    0,    0,    0,    0,    0,    0,    0,    0,    0,  -10,    0,  -10,    0,    0,    0,    0,    0,    0,    0,   -7,    0,    0,    0,    0,    0,    0,    0,    0,    0,    0,    0,    0,    0,   -8,    0,  -12,  -11,    0,    0,  -15,    0,    0,    0,    0,    0,    0,    0,    6,    0,    0,    0,    0,    0,    0,    0,    0,    0,    0,    0,    0,    0,    0,    0,    0,    0,    0,    0,    0,    0,    0,    0,    0,    0,    0,    0,    0,    0,    0,    0,    0,    0,    0,    0,    0,    0,    0,    0,    0,    0,    0,    0,    0,    0,    0,    0,    0,  -12,    0,    0,    0,    0,    0,    0,    6,    0,    6,    0,  -11,  -11,  -15,    0,  -17,    0,    0,    0,  -10,    0,    0,    0,    0,    0,    0,    0,    0,    0,    0,    0,    0,    0,
       0,    0,    0,    0,    0,    0,    0,    6,    0,    0,    0,    0,    0,    0,    0,    0,    0,    0,    0,    0,    0,    0,    0,    0,    0,    0,    0,    0,    0,    0,    0,    0,    0,    0,    0,    0,    0,    0,    0,    0,    6,    0,    0,    0,    0,    0,    0,    0,    5,    0,    3,    0,    0,    0,    0,    0,    0,    0,    0,    0,    0,    0,    0,    0,    0,    0,    0,    0,   11,    0,    0,    0,    0,    0,    0,    0,   21,    0,    0,    3,    0,   12,    0,   21,   21,    0,    0,    0,    0,    0,    0,    0,    0,   11,   21,    0,    0,    0,    0,    0,    0,    0,    0,    0,    5,    0,    5,    0,    0,    0,    0,    0,    0,    0,    0,    0,    0,    0,    0,    0,    0,    0,    0,    0,    0,    0,    0,    0,    0,    0,
       0,    0,    0,    0,    0,    0,    0,    0,    0,    0,    0,    0,    0,    0,    0,    0,    0,    0,   -5,    0,    0,    0,    0,    0,    0,    0,    0,    0,    0,    0,    0,    0,    0,    0,    0,    0,    0,    0,    0,    0,    0,    0,    0,    0,    0,    0,    0,    0,    0,    0,    0,    0,    0,    0,    0,    0,    0,    0,    0,    0,    0,    0,    0,    0,    0,    0,    0,    0,    0,    0,    0,    0,    0,    0,    0,    0,    0,    0,    0,    0,    0,    0,    0,    0,    0,    0,    0,    0,    0,    0,    0,    0,    0,    0,    0,    0,    0,    0,    0,    0,    0,    0,    0,    0,    0,    0,    0,    0,    0,    0,    0,    0,    0,    0,    0,    0,    0,    0,    0,    0,    0,    0,    0,    0,    0,    0,    0,    0,    0,    0,
       0,    0,    0,    0,    0,    0,    0,    0,   -2,    0,   -7,    0,   -7,    0,    0,    0,    0,    0,    0,    0,    0,    0,    0,    0,    0,    0,    0,    0,    0,    0,    0,    0,    0,    0,    0,    0,   -7,    0,    0,   -2,    0,    0,    0,    0,    0,    0,    0,    0,    0,    0,    0,    0,    0,    0,    0,    0,  -11,    0,    0,   -2,    0,    0,    0,    0,    0,    0,    0,    0,    0,    0,    0,    0,    0,    0,    0,    0,    0,    0,    0,    0,    0,    0,    0,    0,    0,    0,    0,    0,    0,    0,    0,    0,    0,    0,    0,    0,    0,   -7,    0,    0,    0,    0,    0,    0,    0,    0,    0,    0,    0,    0,    0,    0,  -17,    0,    0,    0,   -7,    0,    0,    0,    0,    0,    0,    0,    0,    0,    0,    0,    0,    0,
       0,    0,    0,    0,    0,    0,    0,    0,  -12,    0,  -11,    0,  -11,    0,    0,  -13,    0,    0,    0,    0,    0,    0,    0,    0,    0,    0,    0,    0,    0,    0,    0,    0,    0,    0,    0,    0,    0,    0,    0,  -12,    0,    0,    0,    0,    0,    0,    0,    0,    0,    0,    0,    0,    0,    0,    0,    0,    0,    0,   -2,  -12,    0,    0,  -15,    0,    0,    0,    0,    0,    0,    0,    0,    0,    0,    0,    0,    0,    0,    0,    0,    0,    0,    0,    0,    0,    0,    0,    0,    0,    0,    0,    0,    0,    0,    0,    0,    0,    0,    0,    0,    0,    0,    0,    0,    0,    0,    0,    0,    0,    0,    0,    0,    0,    0,    0,    0,    0,  -11,    0,    0,    0,    0,    0,    0,    0,    0,    0,    0,    0,    0,    0,
       0,    0,    0,    0,    0,    0,    0,    0,   -2,    0,   -8,    0,   -8,    0,    0,    0,    0,    0,    0,    0,    0,    0,    0,    0,    0,    0,    0,    0,    0,    0,    0,    0,    0,    0,    0,    0,    0,    0,    0,   -2,    0,    0,    0,    0,    0,    0,    0,    0,    0,    0,    0,    0,    0,    0,    0,    0,    0,    0,   -2,   -2,    0,    0,    0,    0,    0,    0,    0,    0,    0,    0,    0,    0,    0,    0,    0,    0,    0,    0,    0,    0,    0,    0,    0,    0,    0,    0,    0,    0,    0,    0,    0,    0,    0,    0,    0,    0,    0,    0,    0,    0,    0,    0,    0,    0,    0,    0,    0,    0,    0,    0,    0,    0,    0,    0,    0,    0,   -8,    0,    0,    0,    0,    0,    0,    0,    0,    0,    0,    0,    0,    0,
       0,    0,    0,    0,    0,    0,    0,    0,    0,    0,  -10,    0,  -10,    0,    0,    0,    0,    0,    0,    0,    0,    0,    0,    0,    0,    0,    0,    0,    0,    0,    0,    0,    0,    0,    0,    0,    0,    0,    0,    0,  -15,    0,    0,    0,    0,    0,    0,    0,    0,    0,    0,    0,    0,    0,    0,    0,    0,    0,    0,    0,    0,    0,    0,    0,    0,    0,    0,    0,    0,    0,    0,    0,    0,    0,    0,    0,    0,    0,    0,    0,    0,    0,    0,    0,    0,    0,    0,    0,    0,    0,    0,    0,    0,    0,    0,    0,    0,    0,    0,    0,    0,    0,    0,    0,    0,    0,    0,    0,    0,    0,    0,    0,  -15,    0,    0,    0,  -10,    0,    0,    0,    0,    0,    0,    0,    0,    0,    0,    0,    0,    0,
       0,    0,    0,  -19,    0,  -15,    0,    0,    0,    0,  -42,    0,  -42,    0,   -5,    0,    0,   -6,  -19,   -3,    7,   -5,   -3,  -11,  -30,    0,    0,    0,  -36,    0,    0,  -32,    0,    0,    0,    0,    0,    0,    0,    0,  -53,  -15,  -17,    0,    0,    0,  -17,  -13,    0,    0,    0,    0,    0,    0,    0,    0,  -21,    0,    0,    0,    0,    0,    0,    0,    0,    0,    0,    0,    0,    0,  -15,  -15,  -17,    0,    0,    0,   30,  -17,    0,    0,  -15,    0,    0,   30,   30,    0,  -17,    0,    0,    0,    0,    0,    0,    0,   30,  -36,  -36,    0,   -6,    0,    0,    0,    0,    0,    0,    0,    0,  -13,    0,    0,    0,    0,  -47,    0,    0,    0,  -42,    0,    0,    0,    0,    0,    0,    0,    0,  -14,    0,    0,    0,    0,
       0,    0,    0,    0,    0,    0,    0,    0,    0,    0,    0,    0,    0,    0,    0,    0,    0,    0,    0,    0,    0,    0,    0,    0,    0,    0,    0,    0,    0,    0,    0,    0,  -11,    0,  -21,    0,    0,    0,    0,    0,    0,    0,    0,    0,    0,    0,    0,    0,    0,    0,    0,    0,    0,    0,    0,    0,    0,    0,    0,    0,    0,    0,    0,    0,    0,    0,    0,    0,    0,    0,    0,    0,    0,    0,    0,    0,    0,    0,    0,    0,    0,    0,    0,    0,    0,    0,    0,  -11,  -11,  -11,    0,    0,    0,    0,    0,    0,    0,    0,    0,    0,    0,  -28,    0,    0,    0,    0,    0,    0,    0,    0,  -15,    0,    0,    0,    0,    0,    0,    0,    0,    0,    0,    0,    0,    0,    0,    0,    0,    0,    0,    0,
       0,    0,    0,    0,    0,    0,    0,    0,    0,    0,    0,    0,    0,    0,    0,    0,    0,    0,    0,    0,    0,    0,    0,    0,    0,    0,    0,    0,  -17,    0,    0,    0,  -15,    0,  -23,  -21,  -17,  -32,    0,    0,    0,    0,    0,    0,    0,    0,    0,    0,    0,    0,  -13,    0,  -11,    0,    0,    0,    0,    0,    0,    0,    0,    0,    0,    0,    0,    0,    0,    0,    0,    0,    0,    0,    0,    0,    0,    0,    0,    0,    0,  -13,    0,    0,    0,    0,    0,    0,    0,  -15,  -15,  -15,    0,    0,    0,    0,    0,    0,    0,  -17,    0,    0,    0,  -15,    0,    0,    0,    0,    0,    0,  -32,  -32,  -19,    0,    0,    0,    0,    0,    0,    0,    0,    0,    0,    0,    0,    0,    0,    0,    0,    0,  -13,    0,
       0,    0,    0,    0,    0,    0,    0,    0,    0,    0,    0,    0,    0,    0,    0,    0,    0,    0,    0,    0,  -25,    0,    0,    0,    0,    0,    0,    0,  -13,    0,    0,    0,  -26,    0,  -25,  -25,  -19,  -30,  -21,    0,    0,    0,    0,    0,    0,    0,    0,    0,    0,    0,    0,    0,    0,    0,    0,    0,    0,    0,    0,    0,    0,    0,    0,    0,    0,    0,    0,    0,    0,    0,    0,    0,    0,    0,    0,    0,    0,    0,    0,    0,    0,    0,    0,    0,    0,    0,    0,  -26,  -26,  -26,    0,    0,    0,    0,    0,  -11,  -11,  -17,    0,    0,    0,  -25,    0,    0,    0,    0,    0,    0,  -30,  -30,  -32,    0,    0,    0,    0,    0,    0,    0,    0,    0,    0,    0,    0,    0,    0,    0,    0,    0,  -25,    0,
       0,    0,    0,    0,    0,    0,    0,    0,    0,    0,    0,    0,    0,    0,    0,    0,    0,    0,    0,    0,    0,    0,    0,    0,    0,    0,    0,    0,  -21,    0,    0,    0,    0,    0,    0,    0,    0,    0,    0,    0,    0,    0,    0,    0,    0,    0,    0,    0,    0,    0,    0,    0,    0,    0,    0,    0,    0,    0,    0,    0,    0,    0,    0,    0,    0,    0,    0,    0,    0,    0,    0,    0,    0,    0,    0,    0,    0,    0,    0,    0,    0,    0,    0,    0,    0,    0,    0,    0,    0,    0,    0,    0,    0,    0,    0,    0,    0,    0,    0,    0,    0,    0,    0,    0,    0,    0,    0,    0,    0,    0,    0,    0,    0,    0,    0,    0,    0,    0,    0,    0,    0,    0,    0,    0,    0,    0,    0,    0,    0,    0,
       0,    0,    0,    0,    0,    0,    0,    0,    0,    0,  -15,    0,  -15,  -13,    0,    0,    0,    0,    0,    0,    0,    0,    0,    0,    0,    0,    0,    0,  -14,    0,    0,    0,  -11,    0,  -13,   -8,  -18,  -14,    0,    0,  -13,    0,    0,    0,    0,    0,    0,    0,    0,    0,    0,    0,    0,    0,    0,    0,    0,    0,   -2,    0,    0,    0,    0,    0,    0,    0,    0,    0,    0,    0,    0,    0,    0,    0,    0,    0,    0,    0,    0,    0,    0,    0,    0,    0,    0,    0,    0,  -11,  -11,  -11,    0,    0,    0,    8,    0,    0,    0,  -35,    0,    0,    0,  -22,    0,    0,    0,    0,    0,    0,  -14,  -14,  -11,    0,  -13,    0,    0,    0,  -15,    0,    0,    0,    0,    0,    0,    0,  -13,  -33,    0,    0,    0,    0,
       0,    0,  -26,    0,   -5,    0,    0,    0,  -32,  -11,    0,  -11,    0,    4,    0,  -17,    0,    0,    0,    0,    0,    0,    0,    0,  -13,  -17,  -21,  -14,    5,    0,  -14,    0,  -30,   -7,  -26,  -24,    0,  -26,    0,  -32,    0,    0,   -8,   -3,    1,    0,    0,   -4,   -9,    0,  -23,  -23,    0,    0,  -11,  -25,  -11,  -11,  -24,  -32,    0,    0,  -17,  -11,    0,  -11,    0,    0,    0,  -11,    0,    0,   -8,    1,    1,    1,    0,   -8,    0,  -23,    0,    0,    0,    0,    0,    0,   -8,  -30,  -30,  -49,    0,    0,    1,    0,    0,    0,    0,    0,    0,  -14,    0,  -30,    0,    0,   -9,  -22,   -9,   -4,  -26,  -26,  -43,  -34,    0,    0,    0,  -11,    0,  -34,   -4,    0,    0,    0,    0,    0,    0,    0,    0,    0,  -17,    0,
       0,    0,    0,    0,    0,    0,    0,    0,    0,    0,    0,    0,    0,    0,    0,    0,    0,    0,    0,    0,    0,    0,    0,    0,    0,    0,    0,    0,    0,    0,    0,    0,  -19,    0,    0,    0,    0,    0,    0,    0,    0,    0,    0,    0,    0,    0,    0,    0,    0,    0,    0,    0,    0,    0,    0,    0,    0,    0,    0,    0,    0,    0,    0,    0,    0,    0,    0,    0,    0,    0,    0,    0,    0,    0,    0,    0,   11,    0,    0,    0,    0,    0,    0,   11,   11,    0,    0,  -19,  -19,  -19,    0,    0,    0,    0,   11,    0,    0,    0,    0,    0,    0,  -19,    0,    0,    0,    0,    0,    0,    0,    0,  -21,    0,    0,    0,    0,    0,    0,    0,    0,    0,    0,    0,    0,    0,    0,    0,    0,    0,    0,    0,
       0,    0,    0,    0,    0,    0,    0,    0,    0,    0,    0,    0,    0,    0,    0,    0,    0,    0,    0,    0,    0,    0,    0,    0,    0,    0,    0,    0,   -9,    0,    0,    0,    0,    0,    0,    0,   -5,    0,    0,    0,  -13,    0,    0,    0,    0,    0,    0,    0,    0,    0,    2,    0,    0,    0,    0,    0,    0,    0,    0,    0,    0,    0,    0,    0,    0,    0,    0,    0,    0,    0,    0,    0,    0,    0,    0,    0,   11,    0,    0,    2,    0,    0,    0,   11,   11,    0,    0,    0,    0,    0,    0,    0,    0,    0,   11,    0,    0,   -5,    0,    0,    0,    0,    0,    0,    0,    0,    0,    0,    0,    0,    0,    0,    0,    0,    0,    0,    0,    0,    0,    0,    0,    0,    0,    0,    0,    0,    0,    0,    0,    0,
       0,    0,    0,    0,    0,    0,    0,    0,    0,    0,    0,    0,    0,    0,    0,    0,    0,    0,    0,    0,    0,    0,    0,    0,    0,    0,    0,    0,    0,    0,    0,    0,    0,    0,    0,    0,    0,    0,    0,    0,    0,    0,    0,    0,    0,    0,    0,    0,    0,    0,    0,    0,    0,    0,    0,    0,    0,    0,    0,    0,    0,    0,    0,    0,    0,    0,    0,    0,    0,    0,    0,    0,    0,    0,    0,    0,   25,    0,    0,    0,    0,    0,    0,   25,   25,    0,    0,    0,    0,    0,    0,    0,    0,   11,   25,    0,    0,    0,    0,    0,    0,    0,    0,    0,    0,    0,    0,    0,    0,    0,    0,    0,    0,    0,    0,    0,    0,    0,    0,    0,    0,    0,    0,    0,    0,    0,    0,    0,    0,    0,
       0,    0,    0,    0,    0,    0,    0,    0,    0,    0,  -13,    0,  -24,    0,    0,    0,    0,    0,    0,    0,    0,    0,    0,    0,    0,    0,    0,    0,  -30,    0,    0,  -23,    0,    0,    0,    0,    0,    0,    0,    0,  -11,   -6,  -10,    0,    0,    0,   -7,    0,    0,  -11,  -11,    0,    0,  -11,    0,    0,    0,    0,    0,    0,    0,  -11,    0,    0,    0,    0,    0,    0,    0,    0,   -6,   -6,  -10,    0,    0,    0,    0,  -10,  -11,  -11,   -6,    0,    0,    0,    0,    0,  -10,    0,    0,    0,  -11,    0,    0,   24,    0,    0,    0,    0,    0,    0,    0,    0,    0,    0,    0,    0,    0,    0,    0,    0,    0,    0,  -40,    0,    0,    0,  -42,    0,    0,    0,    0,    0,    0,    0,    0,   -9,    0,    0,    0,    0,
       0,    0,    0,    0,    0,    0,    0,    0,    0,    0,    0,    0,    0,    0,    0,    0,    0,    0,    0,    0,    0,    0,    0,    0,    0,    0,    0,    0,  -10,    0,    0,    0,  -10,    0,   -7,    0,   -5,   -9,    0,    0,    0,    0,    0,    0,    0,    0,    0,    0,    0,    0,    0,    0,    0,    0,    0,    0,    0,    0,    0,    0,    0,    0,    0,    0,    0,    0,    0,    0,    0,    0,    0,    0,    0,    0,    0,    0,   11,    0,    0,    0,    0,    0,    0,   11,   11,    0,    0,  -10,  -10,  -10,    0,    0,    0,    8,   11,    0,    0,   -5,    0,    0,    0,  -10,    0,    0,    0,    0,    0,    0,   -9,   -9,    0,    0,    0,    0,    0,    0,    0,    0,    0,    0,    0,    0,    0,    0,    0,    0,    0,    0,    0,    0,
       0,    0,    0,    0,    0,    0,    0,    0,    0,    0,  -11,    0,  -11,  -19,    0,    0,    0,    0,    0,    0,    0,    0,    0,    0,    0,    0,    0,    0,   -7,    0,    0,    0,    0,    0,    0,    0,    0,    0,    0,    0,  -17,    0,    0,    0,    0,    0,    0,    0,    0,    0,    0,    0,    0,    0,    0,    0,    0,    0,    0,    0,    0,    0,    0,    0,    0,    0,    0,    0,    0,    0,    0,    0,    0,    0,    0,    0,    0,    0,    0,    0,    0,    0,    0,    0,    0,    0,    0,    0,    0,    0,    0,    0,    0,   11,    0,    0,    0,    0,    0,    0,    0,    0,    0,    0,    0,    0,    0,    0,    0,    0,    0,    0,  -26,    0,    0,    0,  -11,    0,    0,    0,    0,    0,    0,    0,    0,    0,    0,    0,    0,    0,
       0,    0,    0,    0,   -3,    0,    0,    0,    0,  -26,    0,  -26,    0,    0,    0,    0,    0,    0,    0,    0,    0,    0,    0,    0,  -23,  -11,    0,  -13,    0,    0,  -13,    0,    0,    0,    0,    0,    0,    0,    0,    0,    0,    0,  -13,    0,    2,    0,    0,    0,    0,  -11,  -13,  -21,    0,    0,  -26,    0,  -17,  -43,   -5,    0,    0,  -11,    0,  -41,    0,    0,    0,    0,    0,  -11,    0,    0,  -13,    2,    2,    2,   28,  -13,  -11,  -13,    0,    0,    0,   28,   28,    0,  -13,    0,    0,    0,  -11,    0,    2,   28,   28,    0,    0,    0,    0,  -13,    0,    0,    0,    0,    0,  -35,    0,    0,    0,    0,    0,    0,    0,    0,    0,  -11,    0,    0,    0,    0,    0,    0,    0,    0,    0,    0,    0,    0,    0,  -11,
       0,    0,  -30,    0,    0,    0,    0,    0,  -57,  -22,    0,  -39,    0,    0,    0,  -15,    0,    0,    0,    0,    0,    0,    0,    0,    0,    0,    0,   -9,    0,    0,   -9,    0,  -30,    0,  -26,  -12,    0,  -29,    0,  -43,    0,    0,    0,    0,    0,    0,    0,    0,   -7,    0,  -23,    0,    0,    0,  -35,  -32,  -21,  -66,  -27,  -59,    0,    0,  -26,  -43,    0,    0,    0,    0,    0,  -11,    0,    0,    0,    0,    0,    0,    0,    0,    0,  -23,    0,    0,    0,    0,    0,    0,    0,  -30,  -30,  -30,    0,    0,    0,    0,    0,    0,    0,    0,    0,   -9,    0,  -30,    0,    0,   -7,  -41,   -7,    0,  -29,  -40,  -28,  -31,    0,  -15,  -15,  -11,    0,  -53,    0,    0,    0,    0,    0,    0,    0,    0,    0,    0,    0,    0,
       0,    0,    0,    0,    0,  -11,    0,    0,    0,   -7,  -13,   -7,  -24,    0,    0,    0,    0,    0,    0,    0,    0,    0,    0,    0,    0,    0,    0,    0,  -28,    0,    0,  -32,    0,    0,    0,    0,    0,    0,    0,    0,    0,   -4,   -3,    0,    0,    0,    0,    0,    0,    0,    0,    0,    0,    0,   -7,    0,    0,   -7,    0,    0,    0,    0,    0,   -7,    0,    0,    0,    0,    0,    0,   -4,   -4,   -3,    0,    0,    0,    0,   -3,    0,    0,   -4,    0,    0,    0,    0,    0,   -3,    0,    0,    0,    0,    0,    0,    0,    0,    0,    0,    0,    0,    0,    0,    0,    0,    0,    0,    0,    0,    0,    0,    0,    0,    0,  -47,    0,    0,    0,  -45,    0,    0,    0,    0,    0,    0,    0,    0,  -12,    0,    0,    0,    0,
       0,    0,    0,    0,    0,    0,    0,    0,    0,    0,    0,    0,    0,    0,    0,    0,    0,    0,    0,    0,    0,    0,    0,    0,    0,    0,    0,    0,    0,    0,    0,    0,    0,    0,   -7,    0,    0,  -10,    0,    0,    0,   -2,   -4,    0,    0,    0,    0,    0,    0,    0,    0,    0,    0,    0,    0,    0,    0,    0,    0,    0,    0,    0,    0,    0,    0,    0,    0,    0,    0,    0,   -2,   -2,   -4,    0,    0,    0,   15,   -4,    0,    0,   -2,    0,    0,   15,   15,    0,   -4,    0,    0,    0,    0,    0,    0,    0,   15,    0,    0,    0,    0,    0,    0,    0,    0,    0,    0,    0,    0,    0,  -10,  -10,    0,    0,    0,    0,    0,    0,    0,    0,    0,    0,    0,    0,    0,    0,    0,    0,    0,    0,    0,    0,
       0,    0,    0,    0,   -2,  -11,    0,    0,    0,  -17,  -11,  -17,  -11,  -43,  -11,    0,    0,    0,  -23,    0,  -26,    0,    0,  -11,  -26,  -11,    0,  -11,  -30,    0,  -11,  -30,    0,    0,    0,    0,    0,    3,    0,    0,  -19,  -24,  -26,    0,    0,    0,  -19,  -25,  -34,  -25,  -21,  -21,  -11,  -15,  -17,    0,  -43,  -17,    0,    0,    0,  -59,    0,  -44,    0,  -17,    0,    0,    0,  -11,  -38,  -38,  -43,    0,    0,    0,   30,  -43,  -42,  -32,  -24,    0,    0,   30,   30,    0,  -26,    0,    0,    0,  -38,    0,    0,   47,   30,  -46,  -46,    0,    0,  -11,    0,    0,    0,    0,  -34,  -18,  -34,  -25,    3,    3,    0,    0,  -40,    0,    0,  -11,  -40,    0,    0,    0,    0,    0,    0,    0,    0,  -19,    0,    0,    0,    0,
       0,    0,    0,    0,    0,  -17,    0,    0,    0,  -19,  -32,  -19,  -32,  -16,   -8,    0,    0,    0,  -11,    0,    0,    0,    0,  -21,  -25,  -21,    0,  -25,  -26,    0,  -13,  -32,    0,    0,    5,    0,    0,    0,    0,    0,  -26,  -20,  -20,    0,    0,    0,   -3,  -15,    0,    0,    0,    0,    0,    0,  -19,    0,  -19,  -40,    0,    0,    0,    0,    0,  -32,    0,    0,  -10,    0,    0,  -13,  -20,  -33,  -20,    0,    0,    0,   28,  -35,    0,    0,  -20,    0,    0,   28,   28,    0,  -20,    0,    0,    0,    0,    0,    0,   13,   28,  -41,  -41,    0,    0,  -13,    0,    0,    0,    0,    0,   -4,    0,  -15,    0,    0,    0,    0,  -38,    0,    0,  -13,  -32,    0,    0,    0,    0,    0,    0,    0,  -45,  -50,    0,    0,    0,    0,
       0,    0,    0,    0,   -2,  -17,    0,    0,    0,  -14,  -32,  -14,  -32,  -10,    0,    0,    0,    0,  -11,    0,    0,    0,    0,  -17,  -25,  -21,    0,   -8,  -24,    0,   -8,  -21,    0,    0,    3,    7,    0,    0,    0,    0,    0,  -19,  -17,    0,    0,    0,  -11,  -11,    0,    0,    0,    0,    0,    0,  -14,    0,  -19,  -14,    0,    0,    0,    0,    0,  -25,    0,    0,  -10,    0,    0,    0,  -19,  -19,  -17,    0,    0,    0,    0,  -17,    0,    0,  -19,    0,    0,    0,    0,    0,  -17,    0,    0,    0,    0,    0,    0,   28,    0,    0,    0,    0,    0,   -8,    0,    0,    0,    0,    0,  -11,    0,  -11,    0,    0,    0,    0,  -36,    0,    0,    0,  -32,    0,    0,    0,    0,    0,    0,    0,  -32,  -37,    0,    0,    0,    0,
       0,    0,    0,    0,   -4,    0,    0,    0,    0,  -13,    0,  -13,    0,    0,  -12,    0,    0,   -7,  -13,    0,    0,   -7,    0,    0,  -19,  -17,    0,  -18,    0,    0,  -18,    0,  -13,    0,    0,    0,    0,    0,    0,    0,    0,  -19,   -9,    0,    0,    0,    0,    0,    0,    0,    0,    0,    0,    0,  -25,    0,  -13,  -30,   -2,    0,    0,    0,    0,  -28,    0,    0,    0,    0,    0,  -15,  -19,  -19,   -9,    0,    0,    0,    0,   -9,    0,    0,  -19,    0,    0,    0,    0,    0,   -9,  -13,  -13,  -13,    0,    0,    0,   28,    0,    0,    0,    0,   -7,  -35,  -11,  -13,    0,    0,  -21,  -29,    0,    0,    0,    0,    0,    0,    0,    0,    0,  -15,    0,    0,    0,    0,    0,    0,    0,    0,    0,    0,    0,  -11,    0,    0,
       0,    0,    0,    0,    0,  -21,    0,    0,    0,  -21,  -21,  -21,  -21,    0,    0,    0,    0,    0,  -23,    0,    0,    0,    0,  -21,  -34,  -32,    0,  -14,  -26,    0,  -14,  -11,    3,    0,    0,    0,    0,    0,    0,    0,    0,  -34,  -36,    0,   -7,    0,  -13,  -23,    0,  -13,    0,    0,    0,    0,  -21,    0,  -30,  -38,   -3,    0,    0,  -13,    0,  -38,    0,  -21,    0,    0,    0,  -28,  -56,  -51,  -36,   -7,  -19,   -7,    0,  -36,  -13,    0,  -64,    0,    0,    0,    0,    0,  -55,    3,    3,    3,  -13,    0,   -7,   28,    0,    0,    0,    0,    0,  -14,    0,    3,    0,    0,    0,  -16,    0,  -23,    0,    0,    0,    0,  -36,    0,    0,  -13,  -54,    0,    0,    0,    0,    0,    0,    0,  -58,  -62,    0,    0,    0,  -11,
       0,    0,    0,    0,    0,    0,    0,    0,    0,  -12,    0,  -12,    0,    0,    0,    0,    0,    0,    0,    0,    0,    0,    0,    0,  -21,    0,    0,  -11,    0,    0,  -11,    0,    0,    0,    0,    0,    0,    0,    0,    0,    0,    0,    0,    0,    0,    0,    0,    0,    0,    0,    0,    0,    0,    0,  -12,    0,  -11,  -12,    0,    0,    0,    0,    0,  -23,    0,    0,    0,    0,    0,    0,    0,    0,    0,    0,    0,    0,   28,    0,    0,    0,    0,    0,    0,   28,   28,    0,    0,    0,    0,    0,    0,    0,    0,   11,   28,    0,    0,    0,    0,  -11,    0,    0,    0,    0,    0,   -7,    0,    0,    0,    0,    0,    0,    0,    0,    0,    0,    0,    0,    0,    0,    0,    0,    0,    0,    0,    0,    0,    0,    0,    0,
       0,    0,    0,    0,    0,    0,    0,    0,    0,    0,    0,    0,    0,    0,    0,    0,    0,    0,    0,    0,    0,    0,    0,    0,    0,    0,    0,    0,    0,    6,    0,    0,    0,    0,    0,    0,    0,    0,    0,    0,    0,    0,   -2,    0,    0,    4,    6,    0,    0,    0,    0,    0,    0,    0,    0,    0,    0,    0,    0,    0,    0,    0,    0,    0,    0,    0,    0,    0,    0,    0,    0,    0,   -2,    0,    0,    0,    0,   -2,    0,    0,    0,    0,    6,    0,    0,    4,   -2,    0,    0,    0,    0,    6,    0,   29,    0,    0,    0,    0,    0,    0,    0,    0,    0,    0,    0,    0,    0,    0,    0,    0,    0,    0,    0,    0,    0,    0,    0,    0,    0,    0,    0,    0,    0,    0,    0,    0,    0,    0,    0,    0,
       0,    0,  -26,    0,   -5,    0,    0,    0,  -32,  -11,    0,  -11,    0,    4,    0,  -17,    0,    0,    0,    0,    0,    0,    0,    0,  -13,  -17,  -21,  -14,    5,    0,  -14,    0,  -43,   -7,  -43,  -43,    0,  -26,    0,  -32,    0,    0,   -8,   -3,    1,    0,    0,   -4,   -9,    0,  -40,  -23,    0,    0,  -11,  -25,  -11,  -11,  -24,  -32,    0,    0,  -17,  -11,    0,  -11,    0,    0,    0,  -11,    0,    0,   -8,    1,    1,    1,    0,   -8,    0,  -40,    0,    0,    0,    0,    0,    0,   -8,  -43,  -43,  -43,    0,    0,    1,    0,    0,    0,    0,    0,    0,  -14,    0,  -43,    0,    0,   -9,  -22,   -9,   -4,  -26,  -26,  -58,  -53,    0,    0,    0,  -11,    0,  -53,   -4,    0,    0,    0,    0,    0,    0,    0,    0,    0,  -17,    0,
       0,    0,    0,    0,    0,    0,    0,    0,  -23,    0,    0,    0,    0,    0,  -15,  -36,    0,  -15,  -19,  -15,    0,  -15,  -15,    0,    0,    0,    0,  -13,    0,   11,  -13,    0,  -19,  -13,  -26,    0,    0,    0,    0,  -23,    0,    0,    0,    0,    5,   32,   11,    0,    0,    0,  -26,    0,    0,    0,    0,    0,    0,    0,    0,  -23,    0,    0,  -15,    0,    0,    0,    0,    0,    0,    0,    0,    0,    0,    5,    5,    5,    0,    0,    0,  -26,    0,    0,   11,    0,    0,   32,    0,  -19,  -19,  -19,    0,   11,    5,    0,    0,   19,   19,    0,  -15,  -13,  -36,  -17,   15,   15,    0,    0,    0,    0,    0,    0,  -13,    0,    0,    0,    0,    0,    0,    0,    0,    0,    0,    0,    0,    0,    0,    0,    0,    0,  -17,    0,
       0,    0,   -7,    0,    0,    0,    0,    0,    0,    0,    0,    0,    0,    0,    0,  -13,    0,    0,    0,    0,    0,    0,    0,    0,    0,    0,    0,    0,    0,    0,    0,    0,  -24,    0,  -17,  -17,    0,  -32,    0,    0,    0,    0,    0,    0,    0,    0,    0,    0,    0,    0,   -6,    0,    0,    0,    0,    0,    0,    0,   -3,    0,    0,    0,    0,    0,    0,    0,    0,    0,    0,    0,    0,    0,    0,    0,    0,    0,    0,    0,    0,   -6,    0,    0,    0,    0,    0,    0,    0,  -24,  -24,  -24,    0,    0,    0,    0,    0,    0,    0,    0,    0,    0,    0,  -24,    0,    0,    0,    0,    0,    0,  -32,  -32,  -15,   -8,    0,    0,    0,    0,    0,   -8,    0,    0,    0,    0,    0,    0,    0,    0,    0,    0,    0,    0,
       0,    0,   -7,    0,    0,    0,    0,   -4,    0,    0,    0,    0,    0,    0,    0,  -11,    0,    0,    0,    0,    0,    0,    0,    0,    0,    0,    0,    0,  -11,    0,    0,    0,  -26,    0,  -20,  -17,   -9,  -38,    0,    0,    0,    3,    0,    0,    0,    0,    0,    0,    0,    0,   -6,   -5,   -7,   -7,    0,  -11,    0,    0,   -4,    0,    0,    0,    0,    0,    0,    0,    0,    0,    0,    0,    3,    3,    0,    0,    0,    0,    0,    0,    0,   -6,    3,    0,    0,    0,    0,    0,    0,  -26,  -26,  -26,    0,    0,    0,   15,    0,    0,    0,   -9,    0,    0,    0,  -26,    0,    0,    0,   -4,    0,    0,  -76,  -38,  -21,   -7,    0,    0,    0,    0,    0,   -7,    0,    0,    0,    0,    0,    0,    0,    0,    0,    0,    0,    0,
       0,    0,    0,    0,    0,    0,    0,    0,    0,   -7,  -19,   -7,  -19,   -4,    0,    0,    0,    0,  -21,    0,    0,    0,    0,    0,    0,    0,    0,    0,  -11,    0,    0,  -21,    0,    0,    0,    0,    0,    1,    0,    0,   -5,   -7,   -7,  -14,    3,    2,    0,   -6,  -13,    0,    0,    7,    0,    0,   -7,    0,  -13,   -7,    0,    0,    0,    0,    0,   -7,    0,    0,    0,    0,    0,   -6,   -7,   -7,   -7,    3,    3,    3,   34,   -7,    0,    0,   -7,    0,    0,   34,   47,    2,   -7,    0,    0,    0,    0,    0,    3,   15,   45,  -27,  -27,    0,    0,    0,    0,    0,    0,    0,  -13,    0,  -13,   -6,    1,    1,    0,    0,  -30,    0,    0,   -6,  -19,    0,    0,    0,    0,    0,    0,    0,    0,   -6,    0,    0,    0,    0,
       0,    0,    0,    0,    0,    0,    0,    0,    0,    0,    0,    0,    0,    0,    0,    0,    0,    0,    0,    0,    0,    0,    0,    0,    0,    0,    0,    0,    0,    0,    0,    0,  -17,    0,    0,    0,    0,    0,    0,    0,    0,    0,    0,    0,    0,    3,    0,    0,    0,    0,    0,    0,    0,    0,    0,    0,    0,    0,    0,    0,    0,    0,    0,    0,    0,    0,    0,    0,    0,    0,    0,    0,    0,    0,    0,    0,    0,    0,    0,    0,    0,    0,    0,    0,    0,    3,    0,  -17,  -17,  -17,    0,    0,    0,    0,    0,    0,    0,    0,    0,    0,    0,  -17,    0,    0,    0,    0,    0,    0,    0,    0,    0,    0,    0,    0,    0,    0,    0,    0,    0,    0,    0,    0,    0,    0,    0,    0,    0,    0,    0,    0,
       0,    0,    0,    0,    0,    0,    0,    0,    0,    0,    0,    0,    0,    0,    0,    0,    0,    0,    0,    0,    0,    0,    0,    0,    0,    0,    0,    0,    0,    0,    0,    0,    0,    0,    0,    0,    0,    0,    0,    0,    0,    0,    0,    0,    0,    0,    0,    0,    0,    0,    0,    0,    0,    0,    0,    0,    0,    0,    0,    0,    0,    0,    0,    0,    0,    0,    0,    0,    0,    0,    0,    0,    0,    0,    0,    0,   20,    0,    0,    0,    0,    0,    0,   32,   20,    0,    0,    0,    0,    0,    0,    0,    0,   28,   32,    0,    0,    0,    0,    0,    0,    0,    0,    0,    0,    0,    0,    0,    0,    0,    0,    0,    0,    0,    0,    0,    0,    0,    0,    0,    0,    0,    0,    0,    0,    0,    0,    0,    0,    0,
       0,    0,    0,    0,    0,    0,    0,    0,    0,  -19,    0,  -19,    0,    0,    0,    0,    0,    0,  -15,    0,    0,    0,    0,    0,  -28,    0,    0,    0,    0,    0,    0,    0,  -19,    0,    0,    0,    0,    0,    0,    0,    0,    0,   -7,    0,    0,    0,    0,    0,    0,    0,    3,    0,    0,    0,  -19,    0,  -17,  -42,    0,    0,    0,    0,    0,  -19,    0,    0,    0,    0,    0,    0,    0,    0,   -7,    0,    0,    0,    0,   -7,    0,    3,    0,    0,    0,    0,    0,    0,   -7,  -19,  -19,  -19,    0,    0,    0,    0,    0,    0,    0,    0,    0,    0,    0,  -19,    0,    0,    0,    0,    0,    0,    0,    0,    0,    0,    0,    0,    0,    0,    0,    0,    0,    0,    0,    0,    0,    0,    0,    0,    0,    0,    0,    0,
       0,    0,    0,    0,    0,    0,    0,    0,    0,  -12,  -21,  -12,  -21,  -10,    0,    0,    0,    0,    0,    0,    0,    0,    0,    0,  -13,    0,    0,    0,  -13,    5,    0,  -19,  -19,    0,    0,    0,    0,    0,  -11,    0,    0,   -5,   -8,    7,    1,    5,    2,    0,    7,    0,    5,    3,    5,    0,  -12,    0,    0,  -23,    0,    0,    0,    0,    0,  -12,    0,    0,    0,    0,    0,    0,   -5,   -5,   -8,    1,    1,    1,    5,   -8,    0,    5,   -5,    0,    5,    5,    5,    5,   -8,  -19,  -19,  -19,    0,    5,    1,   15,    5,    0,    0,    0,    0,    0,    0,  -19,   -6,   -6,    7,    0,    7,    0,    0,    0,  -13,    5,  -26,    0,    0,    0,  -21,    5,    0,    0,    0,    0,    0,    0,    0,   -8,    0,    0,    0,    0,
       0,    0,   -3,    0,    0,    0,    0,    0,    0,    0,    0,    0,    0,    0,    0,    0,    0,    0,    0,    0,    0,    0,    0,    0,    0,    0,    0,    0,    0,    0,    0,    0,  -25,    0,  -15,  -11,    0,  -25,    0,    0,    0,    0,    0,    0,    0,    0,    0,    0,    0,    0,    0,    0,    0,    0,    0,    0,    0,    0,   -3,    0,    0,    0,    0,    0,    0,    0,    0,    0,    0,    0,    0,    0,    0,    0,    0,    0,    0,    0,    0,    0,    0,    0,    0,    0,    0,    0,    0,  -25,  -25,  -25,    0,    0,    0,    0,    0,    0,    0,    0,    0,    0,    0,  -25,    0,    0,    0,    0,    0,    0,  -25,  -25,  -17,    0,   -2,    0,    0,    0,    0,    0,    0,    0,    0,    0,    0,    0,    0,    0,    0,    0,    0,    0,
       0,    0,    0,    0,    0,    0,    0,    0,    0,   -6,    0,   -6,    0,    0,    0,    0,    0,    0,   -2,    0,    0,    0,    0,    0,   -9,    0,    0,    0,    0,    1,    0,    0,  -11,    0,   -1,   -1,    0,   -2,    0,    0,    0,    2,   -3,  -11,    0,    2,    0,   -2,   -4,    0,    7,    7,    0,    0,   -6,    0,    0,   -6,    0,    0,    0,    0,    0,   -6,    0,    0,    0,    0,    0,   -2,    2,    2,   -3,    0,    0,    0,    0,   -3,    0,    7,    2,    0,    1,    0,    0,    2,   -3,  -11,  -11,  -11,    0,    1,    0,   15,    0,    0,    0,    0,    0,    0,    0,  -11,    0,    0,   -4,    0,   -4,   -2,   -2,   -2,  -13,    4,    0,    0,    0,   -2,    0,    4,    0,    0,    0,    0,    0,    0,    0,    5,    0,    0,    0,    0,
       0,    0,    0,    0,    0,    0,    0,    0,    0,  -12,    0,  -12,    0,  -11,    0,    0,    0,    0,    0,    0,    0,    0,    0,    0,  -13,    0,    0,    0,    0,    0,    0,    0,  -17,    0,    0,    0,    0,  -19,    0,    0,  -11,    0,    0,    0,    0,    0,    0,    0,    0,    0,    0,    0,    0,    0,  -12,    0,    0,  -23,    0,    0,    0,    0,    0,  -12,    0,    0,    0,    0,    0,    0,    0,    0,    0,    0,    0,    0,    0,    0,    0,    0,    0,    6,    0,    0,    0,    0,    0,  -17,  -42,  -17,    0,    0,    0,    0,    0,    0,    0,    0,    0,    0,    0,  -17,    0,    0,    0,    0,    0,    0,  -19,  -19,  -13,    5,    0,    0,    0,    0,    0,    5,    0,    0,    0,    0,    0,    0,    0,  -10,    0,    0,    0,    0,
       0,    0,    0,    0,    0,    0,    0,    0,    0,  -13,  -13,  -13,  -13,  -19,    0,    0,    0,    0,    0,    0,    0,    0,    0,    0,  -11,  -13,    0,    0,  -23,    1,    0,  -21,  -11,    0,    0,    0,    0,  -11,    0,    0,  -26,   -3,   -6,    5,    0,    0,    0,    0,    6,    0,    0,    0,    0,    0,  -13,    0,  -13,  -13,    0,    0,    0,    0,    0,  -13,    0,    0,    0,    0,    0,    0,   -3,   -3,   -6,    0,    0,    0,    8,   -6,    0,    0,   -3,    0,    1,    8,    8,    0,   -6,  -11,  -32,  -11,    0,    1,    0,    0,    8,    0,    0,    0,    0,    0,    0,  -11,  -15,  -15,    6,    0,    6,    0,  -11,  -11,    0,    0,  -26,    0,    0,    0,  -37,    0,    0,    0,    0,    0,    0,    0,    0,   -8,    0,    0,    0,    0,
       0,    0,    0,    0,    0,  -11,    0,    0,    0,    0,  -25,    0,  -25,    0,    0,    0,    0,    0,    0,    0,    0,    0,    0,    0,    0,    0,    0,    0,  -23,    0,    0,  -19,  -17,    0,    0,    0,    0,    0,  -11,    0,    0,   -1,   -5,    0,    0,    0,    0,    0,    0,    0,    0,    0,    0,    0,    0,    0,  -11,    0,    0,    0,    0,    0,    0,    0,    0,    0,    0,    0,    0,    0,   -1,   -1,   -5,    0,    0,    0,    0,   -5,    0,    0,   -1,    0,    0,    0,    0,    0,   -5,  -17,  -17,  -17,    0,    0,    0,    0,    0,    0,    0,    0,    0,    0,    0,  -17,    0,    0,    0,    0,    0,    0,    0,    0,    0,    0,  -26,    0,    0,    0,  -25,    0,    0,    0,    0,    0,    0,    0,    0,    0,    0,    0,    0,    0,
       0,    0,    0,    0,    0,    0,    0,    0,    0,   -7,    0,   -7,    0,    0,    0,    0,    0,    0,    0,    0,    0,    0,    0,    0,    0,  -11,    0,    0,    0,    0,    0,    0,  -11,    0,    0,    0,    0,    0,    0,    0,    0,   -1,   -7,    5,    0,    0,    0,    0,    5,    0,    0,    0,    0,    0,   -7,    0,  -11,   -7,    0,    0,    0,    0,    0,   -7,    0,    0,    0,    0,    0,    0,   -1,   -1,   -7,    0,    0,    0,    0,   -7,    0,    0,   -1,    0,    0,    0,    0,    0,   -7,  -11,  -11,  -11,    0,    0,    0,    0,    0,    0,    0,    0,    0,    0,    0,  -11,    0,    0,    5,    0,    5,    0,    0,    0,    0,    0,    0,    0,    0,    0,    0,    0,    0,    0,    0,    0,    0,    0,    0,    0,    0,    0,    0,    0,
       0,    0,    0,    0,    0,    0,    0,    0,    0,    0,    0,    0,    0,    0,    0,    0,    0,    0,    0,    0,    0,    0,    0,    0,    0,    0,    0,    0,    0,    0,    0,    0,  -11,    0,    0,    0,    0,    0,    0,    0,    0,    0,   -7,    0,    0,    0,    0,    0,    0,    0,    0,    0,    0,    0,    0,    0,    0,    0,    0,    0,    0,    0,    0,    0,    0,    0,    0,    0,    0,    0,    0,    0,   -7,    0,    0,    0,    0,   -7,    0,    0,    0,    0,    0,    0,    0,    0,   -7,  -11,  -11,  -11,    0,    0,    0,    0,    0,    0,    0,    0,    0,    0,    0,  -11,    0,    0,    0,    0,    0,    0,    0,    0,    0,    0,    0,    0,    0,    0,    0,    0,    0,    0,    0,    0,    0,    0,    0,    0,    0,    0,    0,    0,
       0,    0,    0,    0,    0,    0,    0,    0,    0,    0,    0,    0,    0,    0,    0,    0,   -7,   -2,    0,    0,   -9,    0,    0,    0,    0,    0,    0,    0,  -11,    0,    0,  -15,  -26,    0,  -15,   -8,  -27,  -21,    0,    0,    0,    0,    0,    0,    0,    0,    0,    0,    0,    0,    0,    0,   -7,    0,    0,    0,    0,    0,    0,    0,    0,    0,   -3,    0,    0,    0,    0,    0,    0,    0,    0,    0,    0,    0,    0,    0,    0,    0,    0,    0,    0,    0,    0,    0,    0,    0,    0,  -45,  -45,  -26,    0,    0,    0,    0,    0,    0,    0,  -27,  -10,    0,    0,  -50,    0,    0,    0,    0,    0,    0,  -21,  -21,  -10,    0,    0,    0,    0,    0,    0,    0,    0,    0,    0,    0,    0,    0,    0,    0,    0,    0,    0,    0,
       0,    0,    0,    0,    0,    0,    0,    0,    0,    0,    0,    0,    0,    0,    0,    0,    0,    0,    0,    0,    0,    0,    0,    0,    0,    0,    0,    0,    0,    0,    0,    0,  -23,    0,  -11,    0,    0,  -23,    0,    0,    0,    0,    0,    0,    0,    0,    0,    0,    0,    0,    0,    0,    0,    0,    0,    0,    0,    0,    0,    0,    0,    0,    0,    0,    0,    0,    0,    0,    0,    0,    0,    0,    0,    0,    0,    0,    0,    0,    0,    0,    0,    0,    0,    0,    0,    0,    0,  -23,  -23,  -23,    0,    0,    0,    0,    0,    0,    0,    0,    0,    0,    0,  -23,    0,    0,    0,    0,    0,    0,  -23,  -23,  -11,    0,    0,    0,    0,    0,    0,    0,    0,    0,    0,    0,    0,    0,    0,    0,    0,    0,    0,    0,
       0,    0,    0,    0,    0,    0,    0,    0,    0,    0,    0,    0,    0,    0,    0,    0,    0,    0,    0,    0,    0,    0,    0,    0,    0,    0,    0,    0,    0,    0,    0,    0,    0,    0,    0,    0,    0,    0,    0,    0,    0,    0,    0,    0,   11,    0,    0,    0,    0,    0,    0,    0,    0,    0,    0,    0,    0,    0,    0,    0,    0,    0,    0,    0,    0,    0,    0,    0,    0,    0,    0,    0,    0,   11,   11,   11,    0,    0,    0,    0,    0,    0,    0,    0,    0,    0,    0,    0,    0,    0,    0,    0,   11,   15,    0,    0,    0,    0,    0,    0,    0,    0,    0,    0,    0,    0,    0,    0,    0,    0,    0,    0,    0,    0,    0,    0,    0,    0,    0,    0,    0,    0,    0,    0,    0,    0,    0,    0,    0,    0,
       0,    0,    0,    0,    0,  -13,    0,    0,    0,    0,    0,    0,    0,    0,    0,    0,    0,    0,    0,    0,    0,    0,    0,    0,    0,    0,    0,    0,  -25,    0,    0,  -25,    0,    0,    0,    0,    0,    0,    0,    0,    0,    0,  -11,    0,    0,    0,    0,    0,    0,    0,    0,    0,    0,    0,    0,    0,    0,    0,    0,    0,    0,    0,    0,    0,    0,    0,    0,    0,    0,    0,    0,    0,  -11,    0,    0,    0,    0,  -11,    0,    0,    0,    0,    0,    0,    0,    0,  -11,    0,    0,    0,    0,    0,    0,    0,    0,    0,    0,    0,    0,    0,    0,    0,    0,    0,    0,    0,    0,    0,    0,    0,    0,    0,    0,    0,    0,    0,    0,    0,    0,    0,    0,    0,    0,    0,    0,    0,    0,    0,    0,    0,
       0,    0,    0,    0,    0,    0,    0,    0,    0,    0,    0,    0,    0,    0,    0,    0,    0,    0,    0,    0,    0,    0,    0,    0,    0,    0,    0,    0,  -11,    0,    0,    0,  -17,    0,    0,    0,    0,  -21,    0,    0,    0,    0,    0,    0,    0,    0,    0,    0,    0,    0,    0,    0,    0,    0,    0,    0,    0,    0,    0,    0,    0,    0,    0,    0,    0,    0,    0,    0,    0,    0,    0,    0,    0,    0,    0,    0,    0,    0,    0,    0,    0,    0,    0,    0,    0,    0,    0,  -17,  -17,  -17,    0,    0,    0,    0,    0,    0,    0,    0,    0,    0,    0,  -40,    0,    0,    0,    0,    0,    0,  -21,  -21,    0,    0,    0,    0,    0,    0,    0,    0,    0,    0,    0,    0,    0,    0,    0,    0,    0,    0,    0,    0,
       0,    0,    0,    0,    0,    0,    0,    0,    0,    0,    0,    0,    0,    0,    0,    0,    0,    0,    0,    0,    0,    0,    0,    0,    0,    0,    0,    0,    0,    0,    0,    0,  -17,    0,    0,    0,    0,    0,    0,    0,    0,    0,    0,    0,    0,    0,    0,    0,    0,    0,    0,    0,    0,    0,    0,    0,    0,    0,    0,    0,    0,    0,    0,    0,    0,    0,    0,    0,    0,    0,    0,    0,    0,    0,    0,    0,    0,    0,    0,    0,    0,    0,    0,    0,    0,    0,    0,  -17,  -17,  -17,    0,    0,    0,    0,    0,    0,    0,    0,    0,    0,    0,  -17,    0,    0,    0,    0,    0,    0,    0,    0,    0,    0,    0,    0,    0,    0,    0,    0,    0,    0,    0,    0,    0,    0,    0,    0,    0,    0,    0,    0,
       0,    0,    0,    0,    0,  -11,    0,    0,    0,    0,    0,    0,    0,    0,    0,    0,    0,    0,  -16,    0,    0,    0,    0,    0,    0,    0,    0,   -2,  -24,    0,   -2,  -24,    0,    0,    0,    0,   -2,   -3,    0,    0,    0,   -4,   -9,    0,    0,    0,    0,   -4,    0,    0,    0,    0,    0,    0,    0,    0,    0,    0,    0,    0,    0,    0,    0,    0,    0,    0,    0,    0,    0,    0,   -4,   -4,   -9,    0,    0,    0,    0,   -9,    0,    0,   -4,    0,    0,    0,    0,    0,   -9,    0,    0,    0,    0,    0,    0,    0,    0,    0,    0,   -2,    0,   -2,    0,    0,    0,    0,    0,    0,    0,   -4,   -3,   -3,    0,    0,    0,    0,    0,    0,    0,    0,    0,    0,    0,    0,    0,    0,    0,    0,    0,    0,    0,    0,
       0,    0,    0,    0,    0,    0,    0,    0,    0,    0,    0,    0,    0,    0,    0,    0,    0,    0,    0,    0,    0,    0,    0,    0,    0,    0,    0,    0,    0,    0,    0,    0,    0,    0,    0,    0,    0,    0,    0,    0,    0,    0,    0,    0,    0,    0,    0,    0,    0,    0,    0,    0,    0,    0,    0,    0,    0,    0,    0,    0,    0,    0,    0,    0,    0,    0,    0,    0,    0,    0,    0,    0,    0,    0,    0,    0,    0,    0,    0,    0,    0,    0,    0,    0,    0,    0,    0,    0,    0,    0,    0,    0,    0,    0,    0,    0,    0,    0,    0,    0,    0,    0,    0,    0,    0,    0,    0,    0,    0,    0,    0,    0,    0,    0,    0,    0,    0,    0,    0,   -3,    0,    0,    0,    0,    0,    0,    0,    0,    0,    0,
       0,    0,    0,    0,    0,    0,    0,    0,    0,    0,    0,    0,    0,    0,    0,    0,    0,    0,    0,    0,    0,    0,    0,    0,    0,    0,    0,    0,    0,    0,    0,    0,    0,    0,    0,    0,    0,    0,    0,    0,    0,    0,    0,    0,    0,    0,    0,    0,    0,    0,    0,    0,    0,    0,    0,    0,    0,    0,    0,    0,    0,    0,    0,    0,    0,    0,    0,    0,    0,    0,    0,    0,    0,    0,    0,    0,    0,    0,    0,    0,    0,    0,    0,    0,    0,    0,    0,    0,    0,    0,    0,    0,    0,    0,    0,    0,    0,    0,    0,    0,    0,    0,    0,    0,    0,    0,    0,    0,    0,    0,    0,    0,    0,    0,    0,    0,    0,    0,    0,    0,   -1,    0,    0,    0,    0,    0,    0,    0,    0,    0,
       0,    0,    0,    0,    0,    0,    0,    0,    0,  -12,    0,  -12,    0,  -11,    0,    0,    0,    0,    0,    0,    0,    0,    0,    0,  -13,    0,    0,    0,    0,    0,    0,    0,  -17,    0,    0,    0,    0,  -19,    0,    0,  -11,    0,    0,    0,    0,    0,    0,    0,    0,    0,    0,    0,    0,    0,  -12,    0,    0,  -23,    0,    0,    0,    0,    0,  -12,    0,    0,    0,    0,    0,    0,    0,    0,    0,    0,    0,    0,    0,    0,    0,    0,    0,    6,    0,    0,    0,    0,    0,  -17,  -42,  -17,    0,    0,    0,    0,    0,    0,    0,    0,    0,    0,    0,  -17,    0,    0,    0,    0,    0,    0,  -19,  -19,  -30,    5,    0,    0,    0,    0,    0,    5,    0,    0,    0,    0,    0,    0,    0,  -10,    0,    0,    0,    0,
       0,    0,    0,    0,    0,    0,    0,    0,    0,    0,    0,    0,    0,    0,    0,    0,   -7,   -2,    0,    0,   -9,    0,    0,    0,    0,    0,    0,    0,  -11,    0,    0,  -15,  -52,    0,  -28,   -8,  -28,  -38,    0,    0,    0,    0,    0,    0,    0,    0,    0,    0,    0,    0,    0,    0,   -7,    0,    0,    0,    0,    0,    0,    0,    0,    0,   -3,    0,    0,    0,    0,    0,    0,    0,    0,    0,    0,    0,    0,    0,    0,    0,    0,    0,    0,    0,    0,    0,    0,    0,    0,  -52,  -52,  -52,    0,    0,    0,    0,    0,    0,    0,  -28,  -10,    0,    0,  -52,    0,    0,    0,    0,    0,    0,  -38,  -38,  -10,    0,    0,    0,    0,    0,    0,    0,    0,    0,    0,    0,    0,    0,    0,    0,    0,    0,    0,    0,
       0,    0,    0,    0,    0,    0,    0,    0,    0,    0,    0,    0,    0,    0,    0,    0,    0,    0,    0,    0,    0,    0,    0,    0,    0,    0,    0,    0,    0,    0,    0,    0,    0,    0,    0,    0,    0,    0,    0,    0,    0,    0,    0,    0,    0,    0,    0,    0,    0,    0,    0,    0,    0,    0,    0,    0,    0,    0,    0,    0,    0,    0,    0,    0,    0,    0,    0,    0,    0,    0,    0,    0,    0,    0,    0,    0,    0,    0,    0,    0,    0,    0,    0,    0,    0,    0,    0,    0,    0,    0,    0,    0,    0,    0,    0,    0,    0,    0,    0,    0,    0,    0,    0,    0,    0,    0,    0,    0,    0,    0,    0,    0,    0,    0,    0,    0,    0,    0,    0,    0,    0,    0,    4,    0,    0,    0,    0,    0,    0,    0,
       0,    0,    0,    0,    0,    0,    0,    0,    0,    0,    0,    0,    0,    0,    0,  -13,  -17,  -15,    0,    0,  -17,  -11,    0,    0,    0,    0,    0,    0,  -11,    0,    0,    0,  -43,    0,  -21,  -19,  -13,  -30,  -11,    0,    0,    0,    0,    0,    0,    0,    0,    0,    0,    0,  -11,  -11,  -11,    0,    0,    0,    0,    0,    0,    0,    0,    0,    0,    0,    0,    0,    0,    0,    0,    0,    0,    0,    0,    0,    0,    0,    0,    0,    0,  -11,    0,    0,    0,    0,    0,    0,    0,  -43,  -43,  -43,    0,    0,    0,    0,    0,  -11,  -11,  -30,  -15,    0,    0,  -66,    0,    0,    0,    0,    0,    0,  -30,  -30,  -28,    0,    0,    0,    0,    0,    0,    0,    0,    0,    0,    0,    0,    0,    0,    0,    0,    0,    0,    0,
       0,    0,    0,    0,    0,    0,    0,    0,    0,    0,    0,    0,    0,    0,    0,    0,    0,    0,    0,    0,    0,    0,    0,    0,    0,    0,    0,    0,    0,    0,    0,    0,  -23,    0,  -39,  -32,    0,    0,    0,    0,    0,    0,    0,    0,    0,    0,    0,    0,    0,    0,    0,    0,    0,    0,    0,    0,    0,    0,    0,    0,    0,    0,    0,    0,    0,    0,    0,    0,    0,    0,    0,    0,    0,    0,    0,    0,    0,    0,    0,    0,    0,    0,    0,    0,    0,    0,    0,  -23,  -23,  -23,    0,    0,    0,    0,    0,    0,    0,    0,    0,    0,    0,  -23,    0,    0,    0,    0,    0,    0,    0,    0,  -21,  -11,    0,    0,    0,    0,    0,  -11,    0,    0,    0,    0,    0,    0,    0,    0,    0,    0,    0,    0,
       0,    0,    0,    0,    0,    0,    0,    0,    0,    0,    0,    0,    0,    0,    0,    0,    0,    0,    0,    0,    0,    0,    0,    0,    0,    0,    0,    0,    0,    0,    0,    0,    0,    0,    0,    0,    0,    0,    0,    0,    0,    0,    0,    0,    0,    0,    0,    0,    0,    0,    0,    0,    0,    0,    0,    0,    0,    0,    0,    0,    0,    0,    0,    0,    0,    0,    0,    0,    0,    0,    0,    0,    0,    0,    0,    0,   13,    0,    0,    0,    0,    0,    0,   13,   13,    0,    0,    0,    0,    0,    0,    0,    0,   13,   13,    0,    0,    0,    0,    0,    0,    0,    0,    0,    0,    0,    0,    0,    0,    0,    0,    0,    0,    0,    0,    0,    0,    0,    0,    0,    0,    0,    0,    0,    0,    0,    0,    0,    0,    0,
       0,    0,    0,    0,    0,    0,    0,    0,    0,    0,    0,    0,    0,    0,    0,    0,    0,    0,    0,    0,    0,    0,    0,    0,    0,    0,    0,    0,  -11,    0,    0,    0,  -30,    0,  -13,    0,  -15,  -15,    0,    0,    0,    0,    0,    0,    0,    0,    0,    0,    0,    0,    0,    0,    0,    0,    0,    0,    0,    0,    0,    0,    0,    0,    0,    0,    0,    0,    0,    0,    0,    0,    0,    0,    0,    0,    0,    0,    0,    0,    0,    0,    0,    0,    0,    0,    0,    0,    0,  -30,  -30,  -30,    0,    0,    0,    0,    0,    0,    0,  -15,    0,    0,    0,  -30,    0,    0,    0,    0,    0,    0,  -15,  -15,    0,    0,    0,    0,    0,    0,    0,    0,    0,    0,    0,    0,    0,    0,    0,    0,    0,    0,  -11,    0,
       0,    0,    0,    0,    0,    0,    0,    0,    0,    0,  -34,    0,  -34,    0,    0,    0,    0,    0,    0,    0,    0,    0,    0,    0,    0,    0,    0,    0,  -13,    0,    0,  -13,  -19,    0,  -17,    0,    0,    0,  -13,    0,    0,    0,    0,    0,    0,    0,    0,    0,    0,    0,    0,    0,    0,    0,    0,    0,    0,    0,    0,    0,    0,    0,    0,    0,    0,    0,    0,    0,    0,    0,    0,    0,    0,    0,    0,    0,    0,    0,    0,    0,    0,    0,    0,    0,    0,    0,    0,  -19,  -19,  -19,    0,    0,    0,    0,    0,    0,    0,    0,    0,    0,    0,  -19,    0,    0,    0,    0,    0,    0,    0,    0,  -19,    0,  -42,    0,    0,    0,  -34,    0,    0,    0,    0,    0,    0,    0,    0,    0,    0,    0,    0,    0,
       0,    0,    0,    0,    0,    0,    0,    0,    0,    0,    0,    0,    0,    0,    0,    0,    0,    0,    0,    0,    0,    0,    0,    0,    0,    0,    0,    0,    0,    0,    0,    0,  -19,    0,    0,    0,    0,    0,    0,    0,    0,    0,    0,    0,    0,    0,    0,    0,    0,    0,    0,    0,    0,    0,    0,    0,    0,    0,    0,    0,    0,    0,    0,    0,    0,    0,    0,    0,    0,    0,    0,    0,    0,    0,    0,    0,   11,    0,    0,    0,    0,    0,    0,   11,   11,    0,    0,  -19,  -19,  -19,    0,    0,    0,    0,   11,    0,    0,    0,    0,    0,    0,  -19,    0,    0,    0,    0,    0,    0,    0,    0,  -43,    0,    0,    0,    0,    0,    0,    0,    0,    0,    0,    0,    0,    0,    0,    0,    0,    0,    0,    0,
       0,    0,    0,    0,    0,    0,    0,    0,    0,    0,    0,    0,    0,    0,    0,    0,    0,    0,    0,    0,    0,    0,    0,    0,    0,    0,    0,    0,    0,    0,    0,    0,  -26,    0,    0,    0,    0,    0,    0,    0,    0,    0,    0,    0,    0,    0,    0,    0,    0,    0,    0,    0,    0,    0,    0,    0,    0,    0,    0,    0,    0,    0,    0,    0,    0,    0,    0,    0,    0,    0,    0,    0,    0,    0,    0,    0,    0,    0,    0,    0,    0,    0,    0,    0,    0,    0,    0,  -26,  -26,  -26,    0,    0,    0,    0,    0,    0,    0,    0,    0,    0,    0,  -26,    0,    0,    0,    0,    0,    0,    0,    0,    0,    0,    0,    0,    0,    0,    0,    0,    0,    0,    0,    0,    0,    0,    0,    0,    0,    0,    0,    0,
       0,    0,    0,    0,    0,    0,    0,    0,    0,    0,    0,    0,    0,    0,    0,    0,    0,    0,    0,    0,    0,    0,    0,    0,    0,    0,    0,    0,    0,    0,    0,    0,    0,    0,    0,    0,    0,    0,    0,    0,    0,    0,    0,    0,    0,    0,    0,    0,    0,    0,    0,    0,    0,    0,    0,    0,    0,    0,    0,    0,    0,    0,    0,    0,    0,    0,    0,    0,    0,    0,    0,    0,    0,    0,    0,    0,   32,    0,    0,    0,    0,    0,    0,   34,   32,    0,    0,    0,    0,    0,    0,    0,    0,   24,   32,    0,    0,    0,    0,    0,    0,    0,    0,    0,    0,    0,    0,    0,    0,    0,    0,    0,    0,    0,    0,    0,    0,    0,    0,    0,    0,    0,    0,    0,    0,    0,    0,    0,    0,    0,
       0,    0,    0,    0,    0,    0,    0,    0,    0,    0,    0,    0,    0,    0,    0,   15,    0,    0,    0,    0,   30,    0,    0,    0,    0,    0,    0,    0,    0,   21,    0,    0,   30,    0,   28,    0,    0,    0,   30,    0,    0,    0,    0,   13,   20,   20,    5,    0,   17,    0,    0,    0,    0,    0,    0,    0,    0,    0,    0,    0,    0,    0,    0,    0,    0,    0,    0,   13,    0,    0,    0,    0,    0,   32,   20,   32,   53,    0,    0,    0,    0,    0,   21,   53,   53,   32,    0,   30,   30,   30,    0,   46,   32,   17,   53,    0,    0,    0,    0,    0,    0,   30,    0,    0,   17,    0,   17,    0,    0,    0,    0,    0,    0,    0,    0,    0,    0,    0,    0,    0,    0,    0,    0,    0,    0,    0,    0,    0,    0,    0,
       0,    0,   -7,    0,    0,    0,    0,    0,    0,    0,    0,    0,    0,    0,    0,  -13,    0,    0,    0,    0,    0,    0,    0,    0,    0,    0,    0,    0,    0,    0,    0,    0,  -41,    0,  -17,  -17,    0,  -32,    0,    0,    0,    0,    0,    0,    0,    0,    0,    0,    0,    0,   -6,    0,    0,    0,    0,    0,    0,    0,   -3,    0,    0,    0,    0,    0,    0,    0,    0,    0,    0,    0,    0,    0,    0,    0,    0,    0,    0,    0,    0,   -6,    0,    0,    0,    0,    0,    0,    0,  -41,  -41,  -41,    0,    0,    0,    0,    0,    0,    0,    0,    0,    0,    0,  -41,    0,    0,    0,    0,    0,    0,  -32,  -32,  -15,   -8,    0,    0,    0,    0,    0,   -8,    0,    0,    0,    0,    0,    0,    0,    0,    0,    0,    0,    0,
       0,    0,   -7,    0,    0,    0,    0,   -4,    0,    0,    0,    0,    0,    0,    0,  -11,    0,    0,    0,    0,    0,    0,    0,    0,    0,    0,    0,    0,  -11,    0,    0,    0,  -43,    0,  -20,  -17,   -9,  -38,    0,    0,    0,    3,    0,    0,    0,    0,    0,    0,    0,    0,   -6,   -5,   -7,   -7,    0,  -11,    0,    0,   -4,    0,    0,    0,    0,    0,    0,    0,    0,    0,    0,    0,    3,    3,    0,    0,    0,    0,    0,    0,    0,   -6,    3,    0,    0,    0,    0,    0,    0,  -43,  -43,  -43,    0,    0,    0,   15,    0,    0,    0,   -9,    0,    0,    0,  -43,    0,    0,    0,   -4,    0,    0,  -76,  -38,  -21,   -7,    0,    0,    0,    0,    0,   -7,    0,    0,    0,    0,    0,    0,    0,    0,    0,    0,    0,    0,
       0,    0,   -7,    0,    0,    0,    0,    0,    0,    0,    0,    0,    0,    0,    0,  -13,    0,    0,    0,    0,    0,    0,    0,    0,    0,    0,    0,    0,    0,    0,    0,    0,  -48,    0,  -17,  -17,    0,  -32,    0,    0,    0,    0,    0,    0,    0,    0,    0,    0,    0,    0,   -6,    0,    0,    0,    0,    0,    0,    0,   -3,    0,    0,    0,    0,    0,    0,    0,    0,    0,    0,    0,    0,    0,    0,    0,    0,    0,    0,    0,    0,   -6,    0,    0,    0,    0,    0,    0,    0,  -48,  -48,  -48,    0,    0,    0,    0,    0,    0,    0,    0,    0,    0,    0,  -48,    0,    0,    0,    0,    0,    0,  -32,  -32,  -15,   -8,    0,    0,    0,    0,    0,   -8,    0,    0,    0,    0,    0,    0,    0,    0,    0,    0,    0,    0,
       0,    0,   11,    0,    0,    0,    3,   44,   19,    0,    0,    0,    0,    0,    0,   15,    0,    0,    0,    0,   15,    0,    0,    0,    0,    0,    0,    0,    0,   11,    0,    0,   13,    0,    0,    0,    0,    0,    0,   19,    0,    0,    0,    0,   13,   11,   11,    0,    0,    0,    0,    0,    0,    0,    0,   13,    0,    0,    6,   19,    0,    0,    0,    0,    0,    0,    0,    0,    0,    0,    0,    0,    0,   13,   13,   24,   11,    0,    0,    0,    0,    0,   11,   11,   11,   11,    0,   13,   13,   13,    0,   11,   24,   15,   11,    0,    0,    0,    0,    0,    0,   13,    0,    0,    0,    0,    0,    0,    0,    0,   11,    0,    0,    0,    0,    0,    0,    0,    0,    0,    0,    0,    0,    0,    0,   -6,    0,    0,    0,    0,
       0,    0,    0,    0,    0,    0,    0,    0,    0,    0,    0,    0,    0,    0,    0,    0,    0,    0,    0,    0,    0,    0,    0,    0,    0,    0,    0,    0,    0,   11,    0,    0,   11,    0,    0,    0,    0,    0,    0,    0,    0,    0,    0,    0,   11,   13,    0,    0,    0,    0,    0,    0,    0,    0,    0,    0,    0,    0,    0,    0,    0,    0,    0,    0,    0,    0,    0,    0,    0,    0,    0,    0,    0,   11,   11,   13,   13,    0,    0,    0,    0,    0,   13,   13,   13,   13,    0,   11,   11,   11,    0,   11,   11,   13,   13,    0,    0,    0,    0,    0,    0,   11,    0,    0,    0,    0,    0,    0,    0,    0,    0,    0,    0,    0,    0,    0,    0,    0,    0,    0,    0,    0,    0,    0,    0,    0,    0,    0,    0,    0,
       0,    0,    0,    0,    0,    0,    0,    0,    0,    0,    0,    0,    0,    0,    0,   15,    0,    0,    0,    0,   30,    0,    0,    0,    0,    0,    0,    0,    0,   21,    0,    0,   30,    0,   28,    0,    0,    0,   30,    0,    0,    0,    0,   13,   34,   32,    5,    0,   17,    0,    0,    0,    0,    0,    0,    0,    0,    0,    0,    0,    0,    0,    0,    0,    0,    0,    0,   13,    0,    0,    0,    0,    0,   34,   34,   34,   53,    0,    0,    0,    0,    0,   21,   53,   53,   32,    0,   30,   30,   30,    0,   46,   34,   36,   53,    0,    0,    0,    0,    0,    0,   30,    0,    0,   17,    0,   17,    0,    0,    0,    0,    0,    0,    0,    0,    0,    0,    0,    0,    0,    0,    0,    0,    0,    0,    0,    0,    0,    0,    0,
       0,    0,    0,    0,    0,    0,    0,    0,    0,    0,    0,    0,    0,    0,    0,   15,    0,    0,    0,    0,   30,    0,    0,    0,    0,    0,    0,    0,    0,   21,    0,    0,   30,    0,   28,    0,    0,    0,   30,    0,    0,    0,    0,   13,   34,   34,    5,    0,   17,    0,    0,    0,    0,    0,    0,    0,    0,    0,    0,    0,    0,    0,    0,    0,    0,    0,    0,   13,    0,    0,    0,    0,    0,   34,   34,   34,   53,    0,    0,    0,    0,    0,   21,   53,   53,   34,    0,   30,   30,   30,    0,   46,   34,   17,   53,    0,    0,    0,    0,    0,    0,   30,    0,    0,   17,    0,   17,    0,    0,    0,    0,    0,    0,    0,    0,    0,    0,    0,    0,    0,    0,    0,    0,    0,    0,    0,    0,    0,    0,    0,
       0,    0,    0,    0,    0,    0,    0,    0,    0,    0,    0,    0,    0,    0,    0,   15,    0,    0,    0,    0,   30,    0,    0,    0,    0,    0,    0,    0,    0,   21,    0,    0,   30,    0,   28,    0,    0,    0,   30,    0,    0,    0,    0,   13,   34,   20,    5,    0,   17,    0,    0,    0,    0,    0,    0,    0,    0,    0,    0,    0,    0,    0,    0,    0,    0,    0,    0,   13,    0,    0,    0,    0,    0,   34,   34,   34,   53,    0,    0,    0,    0,    0,   21,   53,   53,   32,    0,   30,   30,   30,    0,   46,   34,   17,   53,    0,    0,    0,    0,    0,    0,   30,    0,    0,   17,    0,   17,    0,    0,    0,    0,    0,    0,    0,    0,    0,    0,    0,    0,    0,    0,    0,    0,    0,    0,    0,    0,    0,    0,    0,
       0,    0,    0,    0,    0,    0,    0,    0,    0,    0,    0,    0,    0,    0,    0,    0,    0,    0,    0,    0,    0,    0,    0,    0,    0,    0,    0,    0,    0,    0,    0,    0,    0,    0,    0,    0,    0,    0,    0,    0,    0,    0,    0,    0,    0,    0,    0,    0,    0,    0,    0,    0,    0,    0,    0,    0,    0,    0,    0,    0,    0,    0,    0,    0,    0,    0,    0,    0,    0,    0,    0,    0,    0,    0,    0,    0,   32,    0,    0,    0,    0,    0,    0,   34,   32,    0,    0,    0,    0,    0,    0,    0,    0,   24,   34,    0,    0,    0,    0,    0,    0,    0,    0,    0,    0,    0,    0,    0,    0,    0,    0,    0,    0,    0,    0,    0,    0,    0,    0,    0,    0,    0,    0,    0,    0,    0,    0,    0,    0,    0,
       0,    0,  -30,    0,    0,    0,    0,    0,  -59,  -38,    0,  -38,    0,    0,    0,  -15,    0,    0,    0,    0,    0,    0,    0,    0,    0,    0,    0,   -9,    0,    0,   -9,    0,  -30,    0,  -26,  -12,    0,  -29,    0,  -59,    0,    0,    0,    0,    0,    0,    0,    0,   -7,    0,  -23,    0,    0,    0,  -37,  -32,  -21,  -38,  -27,  -59,    0,    0,  -26,  -38,    0,    0,    0,    0,    0,  -11,    0,    0,    0,    0,    0,    0,    0,    0,    0,  -23,    0,    0,    0,    0,    0,    0,    0,  -30,  -30,  -30,    0,    0,    0,    0,    0,    0,    0,    0,    0,   -9,    0,  -30,    0,    0,   -7,  -41,   -7,    0,  -29,  -40,  -28,  -31,    0,  -15,  -15,  -11,    0,  -53,    0,    0,    0,    0,    0,    0,    0,    0,    0,    0,    0,    0,
       0,    0,    0,    0,    0,    0,    0,    6,    0,    0,    0,    0,    0,    0,    0,    0,    0,    0,    0,    0,    0,    0,    0,    0,    0,    0,    0,    0,    0,    0,    0,    0,    0,    0,    0,    0,    0,    0,    0,    0,    6,    0,    0,    0,    0,    0,    0,    0,    5,    0,    3,    0,    0,    0,    0,    0,    0,    0,    0,    0,    0,    0,    0,    0,    0,    0,    0,    0,   11,    0,    0,    0,    0,    0,    0,    0,   21,    0,    0,    3,    0,   12,    0,   21,   21,    0,    0,    0,    0,    0,    0,    0,    0,   24,   21,    0,    0,    0,    0,    0,    0,    0,    0,    0,    5,    0,    5,    0,    0,    0,    0,    0,    0,    0,    0,    0,    0,    0,    0,    0,    0,    0,    0,    0,    0,    0,    0,    0,    0,    0,
       0,    0,  -30,    0,    0,    0,    0,    0,  -57,  -34,    0,  -34,    0,    0,    0,  -15,    0,    0,    0,    0,    0,    0,    0,    0,    0,    0,    0,   -9,    0,    0,   -9,    0,  -30,    0,  -26,  -12,    0,  -29,    0,  -43,    0,    0,    0,    0,    0,    0,    0,    0,   -7,    0,  -23,    0,    0,    0,  -33,  -32,  -21,  -34,  -27,  -59,    0,    0,  -26,  -34,    0,    0,    0,    0,    0,  -11,    0,    0,    0,    0,    0,    0,    0,    0,    0,  -23,    0,    0,    0,    0,    0,    0,    0,  -30,  -30,  -30,    0,    0,    0,    0,    0,    0,    0,    0,    0,   -9,    0,  -30,    0,    0,   -7,  -41,   -7,    0,  -29,  -40,  -28,  -31,    0,  -15,  -15,  -11,    0,  -53,    0,    0,    0,    0,    0,    0,    0,    0,    0,    0,    0,    0,
       0,    0,    0,    0,    0,    0,    0,    0,    0,    0,    0,    0,    0,    0,    0,    0,    0,    0,    0,    0,    0,    0,    0,    0,    0,    0,    0,    0,    0,    0,    0,    0,    0,    0,    0,    0,    0,  -11,    0,    0,    0,    0,    0,    0,    0,    0,    0,    0,    0,    0,    0,    0,    0,    0,    0,    0,    0,    0,    0,    0,    0,    0,    0,    0,    0,    0,    0,    0,    0,    0,    0,    0,    0,    0,    0,    0,    0,    0,    0,    0,    0,    0,    0,    0,    0,    0,    0,    0,    0,    0,    0,    0,    0,    0,    0,    0,    0,    0,    0,    0,    0,    0,    0,    0,    0,    0,    0,    0,  -11,  -11,    0,    0,    0,    0,    0,    0,    0,    0,    0,    0,    0,    0,    0,    0,    0,    0,    0,    0,    0,    0,
       0,    0,    0,    0,    0,    0,    0,    6,    0,    0,    0,    0,    0,    0,    0,    0,    0,    0,    0,    0,    0,    0,    0,    0,    0,    0,    0,    0,    0,    0,    0,    0,    0,    0,    0,    0,    0,    0,    0,    0,    6,    0,    0,    0,    0,    0,    0,    0,    5,    0,    3,    0,    0,    0,    0,    0,    0,    0,    0,    0,    0,    0,    0,    0,    0,    0,    0,    0,   22,    0,    0,    0,    0,    0,    0,    0,   21,    0,    0,    3,    0,   11,    0,   21,   21,    0,    0,    0,    0,    0,    0,    0,    0,   11,   21,    0,    0,    0,    0,    0,    0,    0,    0,    0,    5,    0,    5,    0,    0,    0,    0,    0,    0,    0,    0,    0,    0,    0,    0,    0,    0,    0,    0,    0,    0,    0,    0,    0,    0,    0,
       0,    0,  -30,    0,    0,    0,    0,    0,  -55,  -22,    0,  -39,    0,    0,    0,  -15,    0,    0,    0,    0,    0,    0,    0,    0,    0,    0,    0,   -9,    0,    0,   -9,    0,  -30,    0,  -26,  -12,    0,  -40,    0,  -55,    0,    0,    0,    0,    0,    0,    0,    0,   -7,    0,  -23,    0,    0,    0,  -35,  -32,  -21,  -66,  -27,  -55,    0,    0,  -26,  -43,    0,    0,    0,    0,    0,  -11,    0,    0,    0,    0,    0,    0,    0,    0,    0,  -23,    0,    0,    0,    0,    0,    0,    0,  -30,  -30,  -30,    0,    0,    0,    0,    0,    0,    0,    0,    0,   -9,    0,  -30,    0,    0,   -7,  -41,   -7,    0,  -40,  -40,  -28,  -42,    0,  -15,  -15,  -11,    0,  -42,    0,    0,    0,    0,    0,    0,    0,    0,    0,    0,    0,    0,
       0,    0,    0,    0,    0,    0,    0,    6,    0,    0,    0,    0,    0,    0,    0,    0,    0,    0,    0,    0,    0,    0,    0,    0,    0,    0,    0,    0,    0,    0,    0,    0,    0,    0,    0,    0,    0,    0,    0,    0,    6,    0,    0,    0,    0,    0,    0,    0,   10,    0,    3,    0,    0,    0,    0,    0,    0,    0,    0,    0,    0,    0,    0,    0,    0,    0,    0,    0,   22,    0,    0,    0,    0,    0,    0,    0,   21,    0,    0,    3,    0,   11,    0,   21,   21,    0,    0,    0,    0,    0,    0,    0,    0,   11,   21,    0,    0,    0,    0,    0,    0,    0,    0,    0,   10,    0,   10,    0,    0,    0,    0,    0,    0,    0,    0,    0,    0,    0,    0,    0,    0,    0,    0,    0,    0,    0,    0,    0,    0,    0,
       0,    0,    0,    0,   -2,  -11,    0,    0,    0,  -29,  -11,  -29,  -11,  -43,  -11,    0,    0,    0,  -23,    0,  -26,    0,    0,  -11,  -26,  -11,    0,  -11,  -30,    0,  -11,  -30,    0,    0,    0,    0,    0,    3,    0,    0,  -19,  -24,  -26,    0,    0,    0,  -19,  -25,  -34,  -43,  -21,  -21,  -26,  -28,  -29,    0,  -43,  -29,    0,    0,    0,  -43,    0,  -29,    0,  -17,    0,    0,    0,  -11,  -38,  -38,  -43,    0,    0,    0,   30,  -43,  -43,  -32,  -24,    0,    0,   30,   30,    0,  -26,    0,    0,    0,  -43,    0,    0,   47,   30,  -46,  -46,    0,    0,  -11,    0,    0,    0,    0,  -34,  -18,  -34,  -25,    3,    3,    0,    0,  -40,    0,    0,  -11,  -40,    0,    0,    0,    0,    0,    0,    0,    0,  -19,    0,    0,    0,    0,
       0,    0,    0,    0,   -2,  -11,    0,    0,    0,  -29,  -11,  -29,  -11,  -43,  -11,    0,    0,    0,  -23,    0,  -26,    0,    0,  -11,  -26,  -11,    0,  -11,  -30,    0,  -11,  -30,    0,    0,    0,    0,    0,    3,    0,    0,  -19,  -24,  -26,    0,    0,    0,  -19,  -25,  -34,  -25,  -21,  -21,  -11,  -15,  -29,    0,  -43,  -29,    0,    0,    0,  -59,    0,  -29,    0,  -17,    0,    0,    0,  -11,  -38,  -38,  -43,    0,    0,    0,   30,  -43,  -42,  -32,  -24,    0,    0,   30,   30,    0,  -26,    0,    0,    0,  -38,    0,    0,   47,   30,  -46,  -46,    0,    0,  -11,    0,    0,    0,    0,  -34,  -18,  -34,  -25,    3,    3,    0,    0,  -40,    0,    0,  -11,  -40,    0,    0,    0,    0,    0,    0,    0,    0,  -19,    0,    0,    0,    0,
       0,    0,    0,    0,   -2,  -11,    0,    0,    0,  -17,  -11,  -17,  -11,  -43,  -11,    0,    0,    0,  -23,    0,  -26,    0,    0,  -11,  -26,  -11,    0,  -11,  -49,    0,  -11,  -70,    0,    0,    0,    0,    0,    3,    0,    0,  -19,  -24,  -26,    0,    0,    0,  -19,  -25,  -34,  -25,  -21,  -21,  -11,  -15,  -17,    0,  -43,  -17,    0,    0,    0,  -59,    0,  -44,    0,  -17,    0,    0,    0,  -11,  -38,  -38,  -43,    0,    0,    0,   30,  -43,  -42,  -32,  -24,    0,    0,   30,   30,    0,  -26,    0,    0,    0,  -38,    0,    0,   47,   30,  -46,  -46,    0,    0,  -11,    0,    0,    0,    0,  -34,  -18,  -34,  -25,    3,    3,    0,    0,  -40,    0,    0,  -11,  -40,    0,    0,    0,    0,    0,    0,    0,    0,  -30,    0,    0,    0,    0,
       0,    0,    0,    0,    0,    0,    0,    0,    0,    0,    0,    0,    0,    0,    0,    0,    0,    0,    0,    0,    0,    0,    0,    0,    0,    0,    0,    0,    0,    0,    0,    0,    0,    0,    0,    0,    0,    0,    0,    0,    0,  -21,  -22,  -13,    0,    0,  -21,  -21,  -13,  -21,  -20,  -20,  -20,  -21,    0,    0,    0,    0,    0,    0,    0,  -21,    0,    0,    0,    0,    0,    0,    0,    0,  -21,  -21,  -22,    0,    0,    0,    0,  -22,  -21,  -20,  -21,    0,    0,    0,    0,    0,  -22,    0,    0,    0,  -21,    0,    0,    0,    0,    0,    0,    0,    0,    0,    0,    0,    0,    0,  -13,    0,  -13,  -21,    0,    0,    0,    0,    0,    0,    0,    0,    0,    0,    0,    0,    0,    0,    0,    0,    0,    0,    0,    0,    0,    0,
       0,    0,    0,    0,    0,    0,    0,    0,    0,    0,  -15,    0,  -15,    0,    0,    0,    0,    0,    0,    0,    0,    0,    0,    0,    0,    0,    0,    0,  -12,    0,    0,    0,    0,    0,    0,    0,    0,    0,    0,    0,    0,    0,    0,    0,    0,    0,    0,    0,    0,    0,    0,    0,    0,    0,    0,    0,    0,    0,    0,    0,    0,    0,    0,    0,    0,    0,    0,    0,    0,    0,    0,    0,    0,    0,    0,    0,    0,    0,    0,    0,    0,    0,    0,    0,    0,    0,    0,    0,    0,    0,    0,    0,    0,    0,    0,    0,    0,    0,    0,    0,    0,    0,    0,    0,    0,    0,    0,    0,    0,    0,    0,    0,    0,    0,    0,    0,  -15,    0,    0,    0,    0,    0,    0,    0,    0,    0,    0,    0,    0,    0,
       0,    0,    0,    0,    0,    0,    3,    8,    0,    0,  -15,    0,  -15,    0,    0,    0,    0,    0,    0,    0,    0,    0,    0,    0,    0,    0,    0,    0,    0,    0,    0,    0,    0,    0,    0,    0,    0,    0,    0,    0,    0,    0,    0,    0,    0,    0,    0,    0,    0,    0,    0,    0,    0,    0,    0,    0,    0,    0,    0,    0,    0,    0,    0,    0,    0,    0,    0,    0,    0,    0,    0,    0,    0,    0,    0,    0,    0,    0,    0,    0,    0,    0,    0,    0,    0,    0,    0,    0,    0,    0,    0,    0,    0,    0,    0,    0,    0,    0,    0,    0,    0,    0,    0,    0,    0,    0,    0,    0,    0,    0,    0,    0,    0,    0,    0,    0,  -15,    0,    0,    0,    0,    0,    0,    0,    0,    0,    0,    0,    0,    0,
       0,    0,    0,    0,    0,    0,    0,    0,    0,    0,    0,    0,    0,    0,    0,    0,    0,    0,    0,    0,    0,    0,    0,    0,    0,    0,    0,    0,    0,    0,    0,    0,   17,    0,    0,    0,    0,    0,    0,    0,    0,    0,    0,    0,    0,    0,    0,    0,    0,    0,    0,    0,    0,    0,    0,    0,    0,    0,    0,    0,    0,    0,    0,    0,    0,    0,    0,    0,    0,    0,    0,    0,    0,    0,    0,    0,    0,    0,    0,    0,    0,    0,    0,    0,    0,    0,    0,   17,   17,   17,    0,    0,    0,    0,    0,    0,    0,    0,    0,    0,    0,   17,    0,    0,    0,    0,    0,    0,    0,    0,    0,    0,    0,    0,    0,    0,    0,    0,    0,    0,    0,    0,    0,    0,    0,    0,    0,    0,    0,    0,
       0,    0,    0,    0,    0,    0,    0,    0,    0,    0,    0,    0,    0,    0,    0,    0,    0,    0,    0,    0,    0,    0,    0,    0,    0,    0,    0,    0,    0,    0,    0,    0,    0,    0,    0,    0,    0,    0,    0,    0,    0,    0,  -18,    0,    0,    0,    0,    0,   10,    0,    6,    0,    0,    0,    0,    0,    0,    0,    0,    0,    0,    0,    0,    0,    0,    0,    0,    0,    0,    0,    0,    0,  -18,    0,    0,    0,    0,  -18,    0,    6,    0,    0,    0,    0,    0,    0,  -18,    0,    0,    0,    0,    0,    0,    0,    0,    0,    0,    0,    0,    0,    0,    0,    0,    0,   10,    0,   10,    0,    0,    0,    0,    0,    0,    0,    0,    0,    0,    0,    0,    0,    0,    0,    0,    0,    0,    0,    0,    0,    0,    0,
       0,    0,    0,    0,    0,    0,    0,    0,    0,    0,    0,    0,    0,    0,    0,    0,    0,    0,    0,    0,    0,    0,    0,    0,    0,    0,    0,    0,    0,    0,    0,    0,  -24,    0,    0,    0,    0,    0,    0,    0,    0,    0,   -7,    0,    0,    0,    0,    0,    0,    0,    0,    0,    0,    0,    0,    0,    0,    0,    0,    0,    0,    0,    0,    0,    0,    0,    0,    0,    0,    0,    0,    0,   -7,    0,    0,    0,    0,   -7,    0,    0,    0,    0,    0,    0,    0,    0,   -7,  -24,  -24,  -24,    0,    0,    0,    0,    0,    0,    0,    0,    0,    0,    0,  -24,    0,    0,    0,    0,    0,    0,    0,    0,    0,    0,    0,    0,    0,    0,    0,    0,    0,    0,    0,    0,    0,    0,    0,    0,    0,    0,    0,    0,
       0,    0,    0,    0,    0,    0,    0,    0,    0,    0,    0,    0,    0,    0,    0,    0,    0,    0,    0,    0,    0,    0,    0,    0,    0,    0,    0,    0,    0,    0,    0,    0,    0,    0,    0,    0,    0,    0,    0,    0,    0,    0,    0,    0,    0,    0,    0,    0,    0,    0,    0,    0,    0,    0,    0,    0,    0,    0,    0,    0,    0,    0,    0,    0,    0,    0,    0,    0,    0,    0,    0,    0,    0,    0,    0,    0,   32,    0,    0,    0,    0,    0,    0,   32,   32,    0,    0,    0,    0,    0,    0,    0,    0,   30,   32,    0,    0,    0,    0,    0,    0,    0,    0,    0,    0,    0,    0,    0,    0,    0,    0,    0,    0,    0,    0,    0,    0,    0,    0,    0,    0,    0,    0,    0,    0,    0,    0,    0,    0,    0,
       0,    0,   -7,    0,    0,    0,    0,   -4,    0,    0,    0,    0,    0,    0,    0,  -11,    0,    0,    0,    0,    0,    0,    0,    0,    0,    0,    0,    0,  -11,    0,    0,    0,  -52,    0,  -20,  -17,   -9,  -38,    0,    0,    0,    3,    0,    0,    0,    0,    0,    0,    0,    0,   -6,   -5,   -7,   -7,    0,  -11,    0,    0,   -4,    0,    0,    0,    0,    0,    0,    0,    0,    0,    0,    0,    3,    3,    0,    0,    0,    0,    0,    0,    0,   -6,    3,    0,    0,    0,    0,    0,    0,  -52,  -52,  -52,    0,    0,    0,   15,    0,    0,    0,   -9,    0,    0,    0,  -52,    0,    0,    0,   -4,    0,    0,  -76,  -38,  -21,   -7,    0,    0,    0,    0,    0,   -7,    0,    0,    0,    0,    0,    0,    0,    0,    0,    0,    0,    0,
       0,    0,    0,    0,    0,    0,    0,    0,    0,    0,    0,    0,    0,    0,    0,    0,    0,    0,    0,    0,    0,    0,    0,    0,    0,    0,    0,    0,    0,    0,    0,    0,    0,    0,    0,    0,    0,    0,    0,    0,    0,    0,    0,    0,    0,    0,    0,    0,    0,    0,    0,    0,    0,    0,    0,    0,    0,    0,    0,    0,    0,    0,    0,    0,    0,    0,    0,    0,    0,    0,    0,    0,    0,    0,    0,    0,    0,    0,    0,    0,    0,    0,    0,    0,    0,    0,    0,    0,    0,    0,    0,    0,    0,   11,    0,    0,    0,    0,    0,    0,    0,    0,    0,    0,    0,    0,    0,    0,    0,    0,    0,    0,    0,    0,    0,    0,    0,    0,    0,    0,    0,    0,    0,    0,    0,    0,    0,    0,    0,    0,
       0,    0,    0,    0,    0,    0,    0,    0,    0,  -12,    0,  -12,    0,  -11,    0,    0,    0,    0,    0,    0,    0,    0,    0,    0,  -13,    0,    0,    0,    0,    0,    0,    0,  -32,    0,    0,    0,    0,  -19,    0,    0,  -11,    0,    0,    0,    0,    0,    0,    0,    0,    0,    0,    0,    0,    0,  -12,    0,    0,  -23,    0,    0,    0,    0,    0,  -12,    0,    0,    0,    0,    0,    0,    0,    0,    0,    0,    0,    0,    0,    0,    0,    0,    0,    6,    0,    0,    0,    0,    0,  -32,  -32,  -32,    0,    0,    0,    0,    0,    0,    0,    0,    0,    0,    0,  -32,    0,    0,    0,    0,    0,    0,  -19,  -19,  -13,    5,    0,    0,    0,    0,    0,    5,    0,    0,    0,    0,    0,    0,    0,  -10,    0,    0,    0,    0,
       0,    0,    0,    0,    0,    0,    0,    0,    0,    0,    0,    0,    0,    0,    0,    0,    0,    0,    0,    0,    0,    0,    0,    0,    0,    0,    0,    0,    0,    0,    0,    0,    0,    0,    0,    0,    0,    0,    0,    0,    0,    0,    0,    0,    0,    0,    0,    0,    0,    0,    0,    0,    0,    0,    0,    0,    0,    0,    0,    0,    0,    0,    0,    0,    0,    0,    0,    0,    0,    0,    0,    0,    0,    0,    0,    0,   13,    0,    0,    0,    0,    0,    0,   13,   13,    0,    0,    0,    0,    0,    0,    0,    0,   24,   13,    0,    0,    0,    0,    0,    0,    0,    0,    0,    0,    0,    0,    0,    0,    0,    0,    0,    0,    0,    0,    0,    0,    0,    0,    0,    0,    0,    0,    0,    0,    0,    0,    0,    0,    0,
       0,    0,    0,    0,    0,    0,    0,    0,    0,    0,    0,    0,    0,    0,    0,    0,    0,    0,    0,    0,    0,    0,    0,    0,    0,    0,    0,    0,    0,    0,    0,    0,    0,    0,    0,    0,    0,    0,    0,    0,    0,    0,    0,    0,    0,    0,    0,    0,    0,    0,    0,    0,    0,    0,    0,    0,    0,    0,    0,    0,    0,    0,    0,    0,    0,    0,    0,    0,    0,    0,    0,    0,    0,    0,    0,    0,   32,    0,    0,    0,    0,    0,    0,   32,   32,    0,    0,    0,    0,    0,    0,    0,    0,   28,   32,    0,    0,    0,    0,    0,    0,    0,    0,    0,    0,    0,    0,    0,    0,    0,    0,    0,    0,    0,    0,    0,    0,    0,    0,    0,    0,    0,    0,    0,    0,    0,    0,    0,    0,    0,
       0,    0,    0,    0,    0,    0,    0,    0,    0,    0,    0,    0,    0,    0,    0,   15,    0,    0,    0,    0,   30,    0,    0,    0,    0,    0,    0,    0,    0,   21,    0,    0,   30,    0,   28,    0,    0,    0,   30,    0,    0,    0,    0,   13,   32,   34,    5,    0,   17,    0,    0,    0,    0,    0,    0,    0,    0,    0,    0,    0,    0,    0,    0,    0,    0,    0,    0,   13,    0,    0,    0,    0,    0,   32,   32,   32,   53,    0,    0,    0,    0,    0,   21,   53,   53,   34,    0,   30,   30,   30,    0,   46,   32,   32,   66,    0,    0,    0,    0,    0,    0,   30,    0,    0,   17,    0,   17,    0,    0,    0,    0,    0,    0,    0,    0,    0,    0,    0,    0,    0,    0,    0,    0,    0,    0,    0,    0,    0,    0,    0,
       0,    0,    0,    0,    0,    0,    0,    0,    0,    0,  -15,    0,  -15,    0,    0,    0,    0,    0,    0,    0,    0,    0,    0,    0,    0,    0,    0,    0,    0,    0,    0,    0,    0,    0,    0,    0,    0,    0,    0,    0,    0,    0,    0,    0,    0,    0,    0,    0,    0,    0,    0,    0,    0,    0,    0,    0,    0,    0,    0,    0,    0,    0,    0,    0,    0,    0,    0,    0,    0,    0,    0,    0,    0,    0,    0,    0,    0,    0,    0,    0,    0,    0,    0,    0,    0,    0,    0,    0,    0,    0,    0,    0,    0,    0,    0,    0,    0,    0,    0,    0,    0,    0,    0,    0,    0,    0,    0,    0,    0,    0,    0,    0,    0,    0,    0,    0,  -15,    0,    0,    0,    0,    0,    0,    0,    0,    0,    0,    0,    0,    0,
       0,    0,    0,    0,    0,    0,    0,    0,    0,    0,    0,    0,    0,    0,    0,    0,    0,    0,    0,    0,    0,    0,    0,    0,    0,    0,    0,    0,    0,    0,    0,    0,  -20,    0,    0,    0,    0,    0,    0,    0,   21,    0,    0,    0,    0,    0,    0,    0,    0,    0,    0,    0,    0,    0,    0,    0,    0,    0,    0,    0,    0,    0,    0,    0,    0,    0,    0,    0,    0,    0,    0,    0,    0,    0,    0,    0,    0,    0,    0,    0,    0,    0,    0,    0,    0,    0,    0,  -20,  -20,  -20,    0,    0,    0,    0,    0,    6,    6,    0,    0,    0,    0,  -20,    0,    0,    0,    0,    0,    0,    0,    0,    0,    0,    0,    0,    0,    0,    0,    0,    0,    0,    0,    0,    0,    0,    0,    0,    0,    0,    0,    0,
       0,    0,    0,    0,   -4,    0,    0,    0,    0,  -38,    0,  -38,    0,    0,  -12,    0,    0,   -7,  -13,    0,    0,   -7,    0,    0,  -17,  -17,    0,  -18,    0,    0,  -18,    0,  -13,    0,    0,    0,    0,    0,    0,    0,    0,  -19,   -9,    0,    0,    0,    0,    0,    0,    0,    0,    0,    0,    0,  -38,    0,  -30,  -38,   -2,    0,    0,    0,    0,  -38,    0,    0,    0,    0,    0,  -15,  -19,  -19,   -9,    0,    0,    0,    0,   -9,    0,    0,  -19,    0,    0,    0,    0,    0,   -9,  -13,  -13,  -13,    0,    0,    0,   28,    0,    0,    0,    0,   -7,  -35,  -11,  -13,    0,    0,  -21,  -29,    0,    0,    0,    0,    0,    0,    0,    0,    0,  -15,    0,    0,    0,    0,    0,    0,    0,    0,    0,    0,    0,  -11,    0,    0,
       0,    0,    0,    0,    0,    0,    0,    0,    0,    0,  -15,    0,  -15,  -13,    0,    0,    0,    0,    0,    0,    0,    0,    0,    0,    0,    0,    0,    0,  -14,    0,    0,    0,  -11,    0,  -13,   -8,  -18,  -14,    0,    0,  -13,    0,    0,    0,    0,    0,    0,    0,    0,    0,    0,    0,    0,    0,    0,    0,    0,    0,   -2,    0,    0,    0,    0,    0,    0,    0,    0,    0,    0,    0,    0,    0,    0,    0,    0,    0,    0,    0,    0,    0,    0,    0,    0,    0,    0,    0,    0,  -11,  -11,  -11,    0,    0,    0,    8,    0,    0,    0,  -35,    0,    0,    0,  -22,    0,    0,    0,    0,    0,    0,  -14,  -14,  -11,    0,  -30,    0,    0,    0,  -15,    0,    0,    0,    0,    0,    0,    0,  -13,  -33,    0,    0,    0,    0,
       0,    0,    0,    0,    0,    0,    0,    0,    0,    0,  -15,    0,  -15,    0,    0,    0,    0,    0,    0,    0,    0,    0,    0,    0,    0,    0,    0,    0,    0,    0,    0,    0,    0,    0,    0,    0,    0,    0,    0,    0,  -13,    0,    0,    0,    0,    0,    0,    0,    0,    0,    0,    0,    0,    0,    0,    0,    0,    0,    0,    0,    0,    0,    0,    0,    0,    0,    0,    0,    0,    0,    0,    0,    0,    0,    0,    0,    0,    0,    0,    0,    0,    0,    0,    0,    0,    0,    0,    0,    0,    0,    0,    0,    0,    0,    0,    0,    0,    0,    0,    0,    0,    0,    0,    0,    0,    0,    0,    0,    0,    0,    0,    0,  -11,    0,    0,    0,  -15,    0,    0,    0,    0,    0,    0,    0,    0,    0,    0,    0,    0,    0,
       0,    0,  -12,    0,    0,    0,    0,    0,  -12,  -12,    7,  -12,    7,    0,   -6,    0,    0,    0,   -4,    0,    0,   -3,    0,    0,    0,    0,    0,    0,    0,    0,    0,    0,    0,    0,    0,    0,    0,    0,    0,  -12,    0,    0,   -7,  -11,    0,    0,    0,    0,  -11,    0,  -10,  -11,    0,    0,  -12,    0,    0,  -12,    0,  -12,    0,    0,  -11,  -12,    0,    0,    0,    0,    0,    0,    0,    0,   -7,    0,    0,    0,    0,   -7,    0,  -10,    0,    0,    0,    0,    0,    0,   -7,    0,    0,    0,    0,    0,    0,    0,    0,    0,    0,    0,    0,    0,    0,    0,    0,    0,  -11,  -14,  -11,    0,    0,    0,    0,  -12,    0,    0,    0,    0,    7,  -12,    0,    0,    0,    0,    0,    0,    0,    0,    0,    0,    0,    0,
       0,    0,    0,    0,    0,    0,    0,    0,    0,  -12,  -42,  -12,  -42,  -10,    0,    0,    0,    0,    0,    0,    0,    0,    0,    0,  -13,    0,    0,    0,  -13,    5,    0,  -19,  -19,    0,    0,    0,    0,    0,  -11,    0,    0,   -5,   -8,    7,    1,    5,    2,    0,    7,    0,    5,    3,    5,    0,  -12,    0,    0,  -23,    0,    0,    0,    0,    0,  -12,    0,    0,    0,    0,    0,    0,   -5,   -5,   -8,    1,    1,    1,    5,   -8,    0,    5,   -5,    0,    5,    5,    5,    5,   -8,  -19,  -19,  -19,    0,    5,    1,   15,    5,    0,    0,    0,    0,    0,    0,  -19,   -6,   -6,    7,    0,    7,    0,    0,    0,  -13,    5,  -51,    0,    0,    0,  -42,    5,    0,    0,    0,    0,    0,    0,    0,   -8,    0,    0,    0,    0,
       0,    0,    0,    0,    0,    0,    0,   -9,    0,    0,    0,    0,    0,    0,    0,    0,    0,    0,    0,    0,    0,    0,    0,    0,    0,    0,    0,    0,    0,    0,    0,    0,  -36,    0,  -36,    0,   -9,  -57,    0,    0,    0,    0,    0,    0,    0,    0,    0,    0,   -8,    0,  -12,   -9,   -6,    0,    0,  -16,    0,    0,    0,    0,    0,    0,    0,    0,    0,    0,    0,    0,    0,    0,    0,    0,    0,    0,    0,    0,    0,    0,    0,  -12,    0,    0,    0,    0,    0,    0,    0,  -36,  -36,  -36,    0,    0,    0,    0,    0,    0,    0,   -9,    0,    0,    0,  -36,    0,    0,   -8,    0,  -36,    0,  -57,  -57,  -24,    0,    0,    0,    0,    0,    0,    0,    0,    0,    0,    0,    0,    0,    0,    0,    0,    0,    0,    0,
       0,    0,    0,    0,    0,  -21,    0,    0,    0,  -21,  -21,  -21,  -21,    0,    0,    0,    0,    0,  -23,    0,    0,    0,    0,  -21,  -34,  -32,    0,  -14,  -26,    0,  -14,  -11,    3,    0,    0,    0,    0,    0,    0,    0,    0,  -34,  -73,    0,   -7,    0,  -13,  -23,    0,  -13,    0,    0,    0,    0,  -21,    0,  -30,  -38,   -3,    0,    0,  -13,    0,  -38,    0,  -21,    0,    0,    0,  -28,  -56,  -51,  -73,   -7,  -19,   -7,    0,  -73,  -13,    0,  -64,    0,    0,    0,    0,    0,  -73,    3,    3,    3,  -13,    0,   -7,   28,    0,    0,    0,    0,    0,  -14,    0,    3,    0,    0,    0,  -16,    0,  -23,    0,    0,    0,    0,  -36,    0,    0,  -13,  -54,    0,    0,    0,    0,    0,    0,    0,  -58,  -62,    0,    0,    0,  -11,
       0,    0,    0,    0,    0,    0,    0,    0,    0,    0,    0,    0,    0,    0,    0,    0,    0,    0,    0,    0,    0,    0,    0,    0,    0,    0,    0,    0,    0,    0,    0,    0,    0,    0,    0,    0,    0,    0,    0,    0,    0,    0,    0,    0,    0,    0,    0,    0,    0,    0,    0,    0,    0,    0,    0,    0,    0,    0,    0,    0,    0,    0,    0,    0,    0,    0,    0,    0,    0,    0,    0,    0,    0,    0,    0,    0,   20,    0,    0,    0,    0,    0,    0,   32,   20,    0,    0,    0,    0,    0,    0,    0,    0,   24,   32,    0,    0,    0,    0,    0,    0,    0,    0,    0,    0,    0,    0,    0,    0,    0,    0,    0,    0,    0,    0,    0,    0,    0,    0,    0,    0,    0,    0,    0,    0,    0,    0,    0,    0,    0,
       0,    0,   -7,    0,    0,    0,    0,   -4,    0,    0,    0,    0,    0,    0,    0,  -11,    0,    0,    0,    0,    0,    0,    0,    0,    0,    0,    0,    0,  -11,    0,    0,    0,  -26,    0,  -20,  -17,   -9,  -38,    0,    0,    0,    3,    0,    0,    0,    0,    0,    0,    0,    0,   -6,   -5,   -7,   -7,    0,  -11,    0,    0,   -4,    0,    0,    0,    0,    0,    0,    0,    0,    0,    0,    0,    3,    3,    0,    0,    0,    0,    0,    0,    0,   -6,    3,    0,    0,    0,    0,    0,    0,  -26,  -26,  -26,    0,    0,    0,   30,    0,    0,    0,   -9,    0,    0,    0,  -26,    0,    0,    0,   -4,    0,    0,  -76,  -38,  -21,   -7,    0,    0,    0,    0,    0,   -7,    0,    0,    0,    0,    0,    0,    0,    0,    0,    0,    0,    0,
       0,    0,    0,    0,    0,    0,    0,    0,    0,    0,  -11,    0,  -11,    0,    0,    0,    0,    0,    0,    0,    0,    0,    0,    0,    0,    0,    0,    0,    0,    0,    0,    0,    0,    0,    0,    0,    0,    0,    0,    0,    0,    0,    0,    0,    0,    0,    0,    0,    0,    0,    0,    0,    0,    0,    0,    0,    0,    0,    0,    0,    0,    0,    0,    0,    0,    0,    0,    0,    0,    0,    0,    0,    0,    0,    0,    0,    0,    0,    0,    0,    0,    0,    0,    0,    0,    0,    0,    0,    0,    0,    0,    0,    0,   13,    0,    0,    0,    0,    0,    0,    0,    0,    0,    0,    0,    0,    0,    0,    0,    0,    0,    0,    0,    0,    0,    0,  -11,    0,    0,    0,    0,    0,    0,    0,    0,    0,    0,    0,    0,    0,
       0,    0,    0,    0,    0,  -21,    0,    0,    0,  -21,  -33,  -21,  -33,    0,    0,    0,    0,    0,  -23,    0,    0,    0,    0,  -21,  -34,  -32,    0,  -14,  -26,    0,  -14,  -11,    3,    0,    0,    0,    0,    0,    0,    0,    0,  -34,  -36,    0,   -7,    0,  -13,  -23,    0,  -13,    0,    0,    0,    0,  -21,    0,  -30,  -38,   -3,    0,    0,  -13,    0,  -38,    0,  -21,    0,    0,    0,  -28,  -56,  -51,  -36,   -7,  -19,   -7,    0,  -36,  -13,    0,  -64,    0,    0,    0,    0,    0,  -55,    3,    3,    3,  -13,    0,   -7,   28,    0,    0,    0,    0,    0,  -14,    0,    3,    0,    0,    0,  -16,    0,  -23,    0,    0,    0,    0,  -36,    0,    0,  -13,  -33,    0,    0,    0,    0,    0,    0,    0,  -58,  -62,    0,    0,    0,  -11,
       0,    0,    0,    0,    0,  -21,    0,    0,    0,    0,  -35,    0,  -35,  -32,    0,    0,    0,    0,  -21,    0,    0,    0,    0,    0,    0,    0,    0,    0,  -32,    0,    0,  -49,    0,    0,    0,    0,    0,    0,    0,    0,    0,    0,  -13,    0,    0,    0,    0,   -6,    0,    0,    0,    0,    0,    0,    0,    0,    0,    0,    0,    0,    0,    0,    0,    0,    0,    0,  -21,    0,    0,    0,    0,    0,  -13,    0,    0,    0,    0,  -13,    0,    0,    0,    0,    0,    0,    0,    0,  -13,    0,    0,    0,    0,    0,    0,    0,    0,  -21,  -38,    0,    0,    0,    0,    0,  -47,  -28,    0,    0,    0,   -6,    0,    0,    0,    0,  -32,    0,    0,    0,  -35,    0,    0,    0,    0,    0,    0,    0,    0,    0,    0,    0,    0,    0,
       0,    0,    0,  -42,    0,  -23,    0,    0,    0,  -18,  -43,  -18,  -43,  -47,  -15,    0,    0,    0,  -32,    0,  -21,  -13,    0,  -19,  -32,  -19,    0,  -19,  -46,    0,  -19,  -42,    0,    0,    0,    0,    0,    0,    0,    0,  -13,  -19,  -21,    0,    0,    0,   -9,  -23,    2,  -13,    2,    0,    0,    0,  -33,    0,  -28,  -18,    0,    0,    0,  -28,   -4,  -18,    0,    0,  -23,    0,    0,    0,  -19,  -19,  -21,    0,    0,    0,    0,  -21,  -13,    2,  -19,    0,    0,    0,    0,    0,  -21,    0,    0,    0,  -13,    0,    0,    0,    0,  -17,  -30,    0,    0,  -19,    0,    0,  -40,  -21,    2,    0,    2,  -34,    0,    0,    0,    0,    0,    0,    0,    0,  -43,    0,    0,    0,    0,    0,    0,    0,    0,    0,    0,    0,    0,    0,
       0,    0,    0,    0,    0,    0,    0,    0,    0,    0,    0,    0,    0,    0,    0,  -23,    0,    0,    0,    0,    0,    0,    0,    0,    0,    0,    0,    0,    0,    0,    0,    0,  -32,    0,  -30,  -21,    0,  -36,    0,    0,    0,  -11,    0,    0,    0,    0,    0,    0,    0,    0,  -17,    0,    0,    0,    0,    0,    0,    0,    0,    0,    0,    0,    0,    0,    0,    0,    0,    0,    0,    0,  -11,  -11,    0,    0,    0,    0,    0,    0,    0,  -17,  -11,    0,    0,    0,    0,    0,    0,  -32,  -32,  -32,    0,    0,    0,    0,    0,   17,   17,    0,    0,    0,  -21,  -49,   21,   21,  -17,    0,    0,    0,  -36,  -36,  -42,  -32,    0,    0,    0,    0,    0,  -32,    0,    0,    0,    0,    0,    0,    0,    0,    0,    0,    0,    0,
       0,    0,    0,    0,    0,    0,    0,    0,    0,    0,    0,    0,    0,    0,    0,    0,    0,    0,    0,    0,    0,    0,    0,    0,    0,    0,    0,    0,  -11,    0,    0,    0,  -11,    0,  -13,    0,  -15,  -15,    0,    0,    0,    0,    0,    0,    0,    0,    0,    0,    0,    0,    0,    0,    0,    0,    0,    0,    0,    0,    0,    0,    0,    0,    0,    0,    0,    0,    0,    0,    0,    0,    0,    0,    0,    0,    0,    0,    0,    0,    0,    0,    0,    0,    0,    0,    0,    0,    0,  -11,  -11,  -11,    0,    0,    0,    0,    0,    0,    0,  -15,    0,    0,    0,  -36,    0,    0,    0,    0,    0,    0,  -15,  -15,    0,    0,    0,    0,    0,    0,    0,    0,    0,    0,    0,    0,    0,    0,    0,    0,    0,    0,  -11,    0,
     -10,   -4,  -33,    0,    0,    0,    0,    0,    0,    0,    0,    0,    0,    0,  -10,  -30,    0,   -8,    0,   -2,   -8,   -9,   -4,    0,    0,    0,  -29,  -15,    0,    0,  -15,    0,  -11,    0,    0,    0,    0,  -21,    0,    0,    0,    0,    0,    0,    0,    0,    0,    0,    0,    0,    0,    0,    0,    0,    0,    0,    0,    0,    0,    0,    0,    0,  -17,    0,    0,    0,    0,    0,    0,    0,    0,    0,    0,    0,    0,    0,    0,    0,    0,    0,    0,    0,    0,    0,    0,    0,    0,  -11,  -11,  -11,    0,    0,    0,    0,    0,    0,    0,    0,   -8,  -15,    0,  -11,    0,    0,    0,  -11,    0,    0,  -21,  -33,    0,  -32,    0,  -45,  -61,    0,    0,  -32,    0,    0,    0,    0,    0,    0,    0,    0,    0,    0,    0,    0,
       0,    0,    0,    0,    0,    0,    0,    0,    0,    0,    0,    0,    0,    0,    0,    0,    0,    0,    0,    0,    0,    0,    0,    0,    0,    0,    0,    0,    0,    0,    0,    0,    0,    0,    0,    0,    0,    0,    0,    0,    0,    0,    0,    0,    0,    0,    0,    0,    0,    0,    0,    0,    0,    0,    0,    0,    0,    0,    0,    0,    0,    0,    0,    0,    0,    0,    0,    0,    0,    0,    0,    0,    0,    0,    0,    0,    0,    0,    0,    0,    0,    0,    0,    0,    0,    0,    0,    0,    0,    0,    0,    0,    0,    0,    0,    0,    0,    0,    0,    0,    0,    0,    0,    0,    0,    0,    0,    0,    0,    0,    0,    0,    0,    0,    0,    0,    0,    0,    0,    0,    0,    0,    7,    0,    0,    0,    0,    0,    0,    0,
       0,    0,    0,    0,    0,    0,    0,    0,    0,    0,    0,    0,    0,    0,    0,    0,    0,    0,    0,    0,    0,    0,    0,    0,    0,    0,    0,    0,    0,    0,    0,    0,    0,    0,    0,    0,    0,    0,    0,    0,    0,    0,    0,    0,    0,    0,    0,    0,    0,    0,    0,    0,    0,    0,    0,    0,    0,    0,    0,    0,    0,    0,    0,    0,   -2,    0,    0,    0,    0,    0,    0,    0,    0,    0,    0,    0,    0,    0,    0,    0,    0,    0,    0,    0,    0,    0,    0,    0,    0,    0,    0,    0,    0,    0,    0,    0,    0,    0,    0,    0,    0,    0,    0,    0,    0,    0,    0,    0,    0,    0,    0,    0,    0,    0,    0,    0,    0,    0,    0,    0,   -5,    0,    0,    0,    0,    0,    0,    0,    0,    0,
       0,    0,    0,    0,    0,    0,    0,    0,    0,    0,    0,    0,    0,    0,    0,    0,    0,    0,    0,    0,    0,    0,    0,    0,    0,    0,    0,    0,    0,    0,    0,    0,    0,    0,    0,    0,    0,    0,    0,    0,    0,    0,    0,    0,    0,    0,    0,    0,    0,    0,    0,    0,    0,    0,    0,    0,    0,    0,    0,    0,    0,    0,    0,    0,    0,    0,    0,    0,    0,    0,    0,    0,    0,    0,    0,    0,    0,    0,    0,    0,    0,    0,    0,    0,    0,    0,    0,    0,    0,    0,    0,    0,    0,    0,    0,    0,    0,    0,    0,    0,    0,    0,    0,    0,    0,    0,    0,    0,    0,    0,    0,    0,    0,    0,    0,    0,    0,    0,    0,  -16,    4,   -2,    0,  -11,    0,    0,    0,    0,    0,    0,
       0,    0,    0,    0,    0,    0,    0,    0,    0,    0,    0,    0,    0,    0,    0,    0,    0,    0,    0,    0,    0,    0,    0,    0,    0,    0,    0,    0,    0,    0,    0,    0,    0,    0,    0,    0,    0,    0,    0,    0,    0,    0,    0,    0,    0,    0,    0,    0,    0,    0,    0,    0,    0,    0,    0,    0,    0,    0,    0,    0,   -5,    0,    0,    0,    0,    0,    0,    0,    0,    0,    0,    0,    0,    0,    0,    0,    0,    0,    0,    0,    0,    0,    0,    0,    0,    0,    0,    0,    0,    0,    0,    0,    0,    0,    0,    0,    0,    0,    0,    0,    0,    0,    0,    0,    0,    0,    0,    0,    0,    0,    0,    0,    0,    0,    0,    0,    0,    0,    0,    0,   -6,    0,    0,    0,    0,    0,    0,    0,    0,    0,
       0,    0,    0,    0,    0,    0,    0,    0,    0,    0,    0,    0,    0,    0,    0,    0,    0,    0,    0,    0,    0,    0,    0,    0,    0,    0,    0,    0,    0,    0,    0,    0,    0,    0,    0,    0,    0,    0,    0,    0,    0,    0,    0,    0,    0,    0,    0,    0,    0,    0,    0,    0,    0,    0,    0,    0,    0,    0,    0,    0,    0,    0,    0,    0,    0,    0,    0,    0,    0,    0,    0,    0,    0,    0,    0,    0,    0,    0,    0,    0,    0,    0,    0,    0,    0,    0,    0,    0,    0,    0,    0,    0,    0,    0,    0,    0,    0,    0,    0,    0,    0,    0,    0,    0,    0,    0,    0,    0,    0,    0,    0,    0,    0,    0,    0,    0,    0,    0,    0,    0,    0,    0,    0,    4,    0,    0,    0,    0,    0,    0,
       0,    0,    0,    0,    0,    0,    0,    0,    0,    0,    0,    0,    0,    0,    0,  -14,    0,    0,    0,    0,    0,    0,    0,    0,    0,    0,    0,  -13,    0,    0,  -13,    0,  -19,    0,  -45,  -32,    0,  -58,    0,    0,    0,    0,    0,    0,    0,    0,    0,    0,    0,    0,   -8,    0,    0,    0,    0,    0,    0,    0,    0,    0,    0,    0,    0,    0,    0,    0,    0,    0,    0,    0,    0,    0,    0,    0,    0,    0,    0,    0,    0,   -8,    0,    0,    0,    0,    0,    0,    0,  -19,  -19,  -30,    0,    0,    0,    0,    0,    0,    0,    0,    0,  -13,   -6,  -24,    0,    0,    0,    0,    0,    0,  -58,  -58,    0,    0,    0,    0,    0,    0,    0,    0,    0,    0,    0,    0,    0,    0,    0,   -9,   -5,    0,    0,    0,
       0,    0,    0,    0,    0,    0,    0,    0,    0,    0,    0,    0,    0,    0,    0,    0,    0,    0,    0,    0,    0,    0,    0,    0,    0,    0,    0,    0,    0,    0,    0,    0,    0,    0,    0,    0,    0,    0,    0,    0,    0,    0,    0,    0,    0,    0,    0,    0,    0,    0,    0,    0,    0,    0,    0,    0,    0,    0,    0,    0,    0,    0,    0,    0,    0,    0,    0,    0,    0,    0,    0,    0,    0,    0,    0,    0,    0,    0,    0,    0,    0,    0,    0,    0,    0,    0,    0,    0,    0,    0,    0,    0,    0,    0,    0,    0,    0,    0,    0,    0,    0,    0,    0,    0,    0,    0,    0,    0,    0,    0,    0,    0,    0,    0,    0,    0,    0,    0,    0,    0,    0,    0,    0,    0,   -5,    0,    0,    0,    0,    0,
       0,    0,    0,    0,    0,    0,    0,    0,    0,    0,    0,    0,    0,    0,    0,    0,    0,    0,    0,    0,    0,    0,    0,    0,    0,    0,    0,    0,    0,    0,    0,    0,    0,    0,    0,    0,    0,    0,    0,    0,    0,    0,    0,    0,    0,    0,    0,    0,    0,    0,    0,    0,    0,    0,    0,    0,    0,    0,    0,    0,    0,    0,    0,    0,    0,    0,    0,    0,    0,    0,    0,    0,    0,    0,    0,    0,    0,    0,    0,    0,    0,    0,    0,    0,    0,    0,    0,    0,    0,    0,    0,    0,    0,    0,    0,    0,    0,    0,    0,    0,    0,    0,    0,    0,    0,    0,    0,    0,    0,    0,    0,    0,    0,    0,    0,    0,    0,    0,    0,    0,    0,    0,    0,    0,    0,  -14,    0,    0,    0,    0,
       0,    0,    0,    0,    0,    0,    0,    0,    0,    0,    0,    0,    0,    0,    0,    0,    0,    0,    0,    0,    0,    0,    0,    0,    0,    0,    0,    0,    0,    0,    0,    0,    0,    0,    0,    0,    0,    0,    0,    0,    0,    0,    0,    0,    0,    0,    0,    0,    0,    0,    0,    0,    0,    0,    0,    0,    0,    0,    0,    0,    0,    0,    0,    0,    0,    0,    0,    0,    0,    0,    0,    0,    0,    0,    0,    0,    0,    0,    0,    0,    0,    0,    0,    0,    0,    0,    0,    0,    0,    0,    0,    0,    0,   13,    0,    0,    0,    0,    0,    0,    0,    0,    0,    0,    0,    0,    0,    0,    0,    0,    0,    0,    0,    0,    0,    0,    0,    0,    0,    0,    0,    0,    0,    0,    0,    0,    0,    0,    0,    0,
       0,    0,    0,    0,    0,    0,    0,    0,    0,    0,  -23,    0,  -23,  -13,    0,    0,    0,    0,    0,    0,    0,    0,    0,    0,    0,    0,    0,    0,    0,    0,    0,    0,    0,    0,    0,    0,    0,    0,    0,    0,  -17,    0,    0,    0,    0,    0,    0,    0,    0,    0,    0,    0,    0,    0,    0,    0,    0,    0,    0,    0,    0,    0,    0,    0,    0,    0,    0,    0,    0,    0,    0,    0,    0,    0,    0,    0,    0,    0,    0,    0,    0,    0,    0,    0,    0,    0,    0,    0,    0,    0,    0,    0,    0,    0,    0,    0,    0,    0,    0,    0,    0,    0,    0,    0,    0,    0,    0,    0,    0,    0,    0,    0,    0,    0,    0,    0,  -23,    0,    0,    0,    0,    0,    0,    0,    0,    0,    0,    0,    0,    0,
};

static const EpdFontData inter_ui_10_bold = {
    inter_ui_10_boldBitmaps,
    inter_ui_10_boldGlyphs,
    inter_ui_10_boldIntervals,
    62,
    25,
    21,
    -6,
    false,
    nullptr,
    0,
    nullptr,
    inter_ui_10_boldKernLeftClasses,
    inter_ui_10_boldKernRightClasses,
    inter_ui_10_boldKernMatrix,
    752,
    748,
    138,
    130,
    nullptr,
    0,
};
